,allando_v_sin_a2_f1_v10,allando_v_sin_a2_f1_v100,allando_v_sin_a2_f1_v105,allando_v_sin_a2_f1_v110,allando_v_sin_a2_f1_v115,allando_v_sin_a2_f1_v120,allando_v_sin_a2_f1_v125,allando_v_sin_a2_f1_v130,allando_v_sin_a2_f1_v135,allando_v_sin_a2_f1_v140,allando_v_sin_a2_f1_v15,allando_v_sin_a2_f1_v20,allando_v_sin_a2_f1_v25,allando_v_sin_a2_f1_v30,allando_v_sin_a2_f1_v35,allando_v_sin_a2_f1_v40,allando_v_sin_a2_f1_v45,allando_v_sin_a2_f1_v5,allando_v_sin_a2_f1_v50,allando_v_sin_a2_f1_v55,allando_v_sin_a2_f1_v60,allando_v_sin_a2_f1_v65,allando_v_sin_a2_f1_v70,allando_v_sin_a2_f1_v75,allando_v_sin_a2_f1_v80,allando_v_sin_a2_f1_v85,allando_v_sin_a2_f1_v90,allando_v_sin_a2_f1_v95,allando_v_sin_a2_f3_v10,allando_v_sin_a2_f3_v100,allando_v_sin_a2_f3_v105,allando_v_sin_a2_f3_v110,allando_v_sin_a2_f3_v115,allando_v_sin_a2_f3_v120,allando_v_sin_a2_f3_v125,allando_v_sin_a2_f3_v130,allando_v_sin_a2_f3_v135,allando_v_sin_a2_f3_v140,allando_v_sin_a2_f3_v15,allando_v_sin_a2_f3_v20,allando_v_sin_a2_f3_v25,allando_v_sin_a2_f3_v30,allando_v_sin_a2_f3_v35,allando_v_sin_a2_f3_v40,allando_v_sin_a2_f3_v45,allando_v_sin_a2_f3_v5,allando_v_sin_a2_f3_v50,allando_v_sin_a2_f3_v55,allando_v_sin_a2_f3_v60,allando_v_sin_a2_f3_v65,allando_v_sin_a2_f3_v70,allando_v_sin_a2_f3_v75,allando_v_sin_a2_f3_v80,allando_v_sin_a2_f3_v85,allando_v_sin_a2_f3_v90,allando_v_sin_a2_f3_v95,allando_v_sin_a2_f5_v10,allando_v_sin_a2_f5_v100,allando_v_sin_a2_f5_v105,allando_v_sin_a2_f5_v110,allando_v_sin_a2_f5_v115,allando_v_sin_a2_f5_v120,allando_v_sin_a2_f5_v125,allando_v_sin_a2_f5_v130,allando_v_sin_a2_f5_v135,allando_v_sin_a2_f5_v140,allando_v_sin_a2_f5_v15,allando_v_sin_a2_f5_v20,allando_v_sin_a2_f5_v25,allando_v_sin_a2_f5_v30,allando_v_sin_a2_f5_v35,allando_v_sin_a2_f5_v40,allando_v_sin_a2_f5_v45,allando_v_sin_a2_f5_v5,allando_v_sin_a2_f5_v50,allando_v_sin_a2_f5_v55,allando_v_sin_a2_f5_v60,allando_v_sin_a2_f5_v65,allando_v_sin_a2_f5_v70,allando_v_sin_a2_f5_v75,allando_v_sin_a2_f5_v80,allando_v_sin_a2_f5_v85,allando_v_sin_a2_f5_v90,allando_v_sin_a2_f5_v95,allando_v_sin_a2_f7_v10,allando_v_sin_a2_f7_v100,allando_v_sin_a2_f7_v105,allando_v_sin_a2_f7_v110,allando_v_sin_a2_f7_v115,allando_v_sin_a2_f7_v120,allando_v_sin_a2_f7_v125,allando_v_sin_a2_f7_v130,allando_v_sin_a2_f7_v135,allando_v_sin_a2_f7_v140,allando_v_sin_a2_f7_v15,allando_v_sin_a2_f7_v20,allando_v_sin_a2_f7_v25,allando_v_sin_a2_f7_v30,allando_v_sin_a2_f7_v35,allando_v_sin_a2_f7_v40,allando_v_sin_a2_f7_v45,allando_v_sin_a2_f7_v5,allando_v_sin_a2_f7_v50,allando_v_sin_a2_f7_v55,allando_v_sin_a2_f7_v60,allando_v_sin_a2_f7_v65,allando_v_sin_a2_f7_v70,allando_v_sin_a2_f7_v75,allando_v_sin_a2_f7_v80,allando_v_sin_a2_f7_v85,allando_v_sin_a2_f7_v90,allando_v_sin_a2_f7_v95,allando_v_sin_a8_f1_v10,allando_v_sin_a8_f1_v100,allando_v_sin_a8_f1_v105,allando_v_sin_a8_f1_v110,allando_v_sin_a8_f1_v115,allando_v_sin_a8_f1_v120,allando_v_sin_a8_f1_v125,allando_v_sin_a8_f1_v130,allando_v_sin_a8_f1_v135,allando_v_sin_a8_f1_v140,allando_v_sin_a8_f1_v15,allando_v_sin_a8_f1_v20,allando_v_sin_a8_f1_v25,allando_v_sin_a8_f1_v30,allando_v_sin_a8_f1_v35,allando_v_sin_a8_f1_v40,allando_v_sin_a8_f1_v45,allando_v_sin_a8_f1_v5,allando_v_sin_a8_f1_v50,allando_v_sin_a8_f1_v55,allando_v_sin_a8_f1_v60,allando_v_sin_a8_f1_v65,allando_v_sin_a8_f1_v70,allando_v_sin_a8_f1_v75,allando_v_sin_a8_f1_v80,allando_v_sin_a8_f1_v85,allando_v_sin_a8_f1_v90,allando_v_sin_a8_f1_v95,allando_v_sin_a8_f3_v10,allando_v_sin_a8_f3_v100,allando_v_sin_a8_f3_v105,allando_v_sin_a8_f3_v110,allando_v_sin_a8_f3_v115,allando_v_sin_a8_f3_v120,allando_v_sin_a8_f3_v125,allando_v_sin_a8_f3_v130,allando_v_sin_a8_f3_v135,allando_v_sin_a8_f3_v140,allando_v_sin_a8_f3_v15,allando_v_sin_a8_f3_v20,allando_v_sin_a8_f3_v25,allando_v_sin_a8_f3_v30,allando_v_sin_a8_f3_v35,allando_v_sin_a8_f3_v40,allando_v_sin_a8_f3_v45,allando_v_sin_a8_f3_v5,allando_v_sin_a8_f3_v50,allando_v_sin_a8_f3_v55,allando_v_sin_a8_f3_v60,allando_v_sin_a8_f3_v65,allando_v_sin_a8_f3_v70,allando_v_sin_a8_f3_v75,allando_v_sin_a8_f3_v80,allando_v_sin_a8_f3_v85,allando_v_sin_a8_f3_v90,allando_v_sin_a8_f3_v95,allando_v_sin_a8_f5_v10,allando_v_sin_a8_f5_v100,allando_v_sin_a8_f5_v105,allando_v_sin_a8_f5_v110,allando_v_sin_a8_f5_v115,allando_v_sin_a8_f5_v120,allando_v_sin_a8_f5_v125,allando_v_sin_a8_f5_v130,allando_v_sin_a8_f5_v135,allando_v_sin_a8_f5_v140,allando_v_sin_a8_f5_v15,allando_v_sin_a8_f5_v20,allando_v_sin_a8_f5_v25,allando_v_sin_a8_f5_v30,allando_v_sin_a8_f5_v35,allando_v_sin_a8_f5_v40,allando_v_sin_a8_f5_v45,allando_v_sin_a8_f5_v5,allando_v_sin_a8_f5_v50,allando_v_sin_a8_f5_v55,allando_v_sin_a8_f5_v60,allando_v_sin_a8_f5_v65,allando_v_sin_a8_f5_v70,allando_v_sin_a8_f5_v75,allando_v_sin_a8_f5_v80,allando_v_sin_a8_f5_v85,allando_v_sin_a8_f5_v90,allando_v_sin_a8_f5_v95,allando_v_sin_a8_f7_v10,allando_v_sin_a8_f7_v100,allando_v_sin_a8_f7_v105,allando_v_sin_a8_f7_v110,allando_v_sin_a8_f7_v115,allando_v_sin_a8_f7_v120,allando_v_sin_a8_f7_v125,allando_v_sin_a8_f7_v130,allando_v_sin_a8_f7_v135,allando_v_sin_a8_f7_v140,allando_v_sin_a8_f7_v15,allando_v_sin_a8_f7_v20,allando_v_sin_a8_f7_v25,allando_v_sin_a8_f7_v30,allando_v_sin_a8_f7_v35,allando_v_sin_a8_f7_v40,allando_v_sin_a8_f7_v45,allando_v_sin_a8_f7_v5,allando_v_sin_a8_f7_v50,allando_v_sin_a8_f7_v55,allando_v_sin_a8_f7_v60,allando_v_sin_a8_f7_v65,allando_v_sin_a8_f7_v70,allando_v_sin_a8_f7_v75,allando_v_sin_a8_f7_v80,allando_v_sin_a8_f7_v85,allando_v_sin_a8_f7_v90,allando_v_sin_a8_f7_v95
allando_v_sin_a2_f1_v10,1.000000,0.923153,0.923481,0.921638,0.921060,0.920580,0.919967,0.919687,0.919419,0.919248,0.982963,0.974992,0.973846,0.971136,0.961184,0.961791,0.957150,0.956781,0.950676,0.948034,0.936421,0.938252,0.938617,0.934062,0.928234,0.925830,0.924270,0.923474,0.997836,0.922992,0.925095,0.926933,0.926706,0.926672,0.926917,0.926304,0.925991,0.925049,0.975763,0.970778,0.968108,0.965234,0.956946,0.955579,0.951437,0.957471,0.946854,0.944586,0.935514,0.934539,0.934441,0.933548,0.931836,0.930698,0.927939,0.923757,0.990234,0.920782,0.920826,0.917366,0.919190,0.920312,0.920562,0.920149,0.918618,0.918787,0.969813,0.966537,0.961972,0.959928,0.955730,0.953217,0.951864,0.968289,0.945643,0.944778,0.934667,0.933280,0.937159,0.937315,0.940513,0.933743,0.924537,0.926416,0.985939,0.924752,0.924340,0.927169,0.930303,0.920048,0.921009,0.917323,0.920545,0.916114,0.967873,0.961044,0.959195,0.955964,0.953655,0.950616,0.945984,0.967911,0.944794,0.937293,0.933629,0.933325,0.933576,0.940747,0.937099,0.938243,0.930077,0.929272,0.968326,0.910300,0.910216,0.908814,0.908515,0.907841,0.907060,0.907028,0.907237,0.907242,0.952256,0.941125,0.937772,0.931022,0.927412,0.923823,0.917581,0.943288,0.916370,0.913575,0.908112,0.906361,0.906107,0.907992,0.909940,0.911280,0.911655,0.911041,0.960846,0.906485,0.906461,0.906279,0.905124,0.904762,0.903753,0.905009,0.904284,0.903674,0.948789,0.935365,0.930806,0.928653,0.922469,0.924129,0.921064,0.942968,0.919836,0.916438,0.912942,0.910433,0.908355,0.906972,0.908024,0.907568,0.908238,0.906145,0.954651,0.902921,0.899649,0.901626,0.898775,0.897802,0.900808,0.901864,0.899064,0.896722,0.947330,0.933901,0.929375,0.927928,0.928811,0.925977,0.922430,0.946447,0.921919,0.920944,0.917542,0.914915,0.913965,0.913032,0.906985,0.907430,0.913182,0.913973,0.950798,0.902211,0.905770,0.901531,0.902291,0.901773,0.900371,0.901253,0.896520,0.894993,0.942794,0.933311,0.928093,0.920896,0.923085,0.920585,0.920787,0.945831,0.920940,0.920049,0.917626,0.916002,0.917161,0.915461,0.911644,0.912655,0.915630,0.918352
allando_v_sin_a2_f1_v100,0.923153,1.000000,0.999949,0.999789,0.999804,0.999791,0.999763,0.999706,0.999645,0.999592,0.936804,0.943295,0.948411,0.952308,0.957843,0.962832,0.968763,0.880755,0.969590,0.971227,0.970549,0.977782,0.980696,0.990455,0.998781,0.999747,0.999728,0.999942,0.922001,0.999756,0.999468,0.998898,0.998804,0.998696,0.998487,0.998569,0.998567,0.998590,0.940558,0.948594,0.952526,0.955883,0.960618,0.964192,0.969344,0.881690,0.970471,0.970835,0.971961,0.978490,0.980484,0.983323,0.980674,0.991960,0.999361,0.999782,0.930763,0.988835,0.990718,0.990098,0.996553,0.998730,0.999041,0.999108,0.999118,0.999093,0.947920,0.950495,0.954087,0.957272,0.962095,0.964406,0.969961,0.896016,0.970033,0.970181,0.970461,0.972149,0.978855,0.982451,0.982676,0.981273,0.983077,0.985897,0.940888,0.984660,0.986125,0.986838,0.987576,0.984827,0.985880,0.985254,0.986392,0.986440,0.949486,0.953089,0.960737,0.960588,0.964622,0.968292,0.969268,0.902283,0.969374,0.965448,0.967350,0.967915,0.973641,0.979626,0.973918,0.978446,0.980415,0.982095,0.968315,0.994705,0.994809,0.994861,0.994508,0.994449,0.994639,0.994561,0.994488,0.994489,0.972705,0.975021,0.982837,0.984079,0.986321,0.986648,0.988414,0.926316,0.989810,0.990259,0.989641,0.990275,0.990765,0.992506,0.993556,0.994237,0.994356,0.994451,0.975771,0.995730,0.995793,0.995786,0.995580,0.995448,0.995179,0.995487,0.995469,0.995522,0.978694,0.981173,0.984164,0.986599,0.985665,0.987465,0.987498,0.934652,0.988834,0.990961,0.991144,0.991129,0.994034,0.994369,0.995349,0.995363,0.995448,0.995723,0.977915,0.986574,0.985989,0.988567,0.988945,0.988442,0.990741,0.990689,0.990605,0.989211,0.983003,0.984616,0.984892,0.986824,0.988465,0.987417,0.986478,0.944780,0.988648,0.989752,0.989748,0.989505,0.991479,0.991776,0.988672,0.990098,0.987899,0.988917,0.977286,0.980050,0.984849,0.984133,0.987170,0.987110,0.986928,0.987815,0.984110,0.984572,0.982269,0.986349,0.987131,0.984445,0.987074,0.986329,0.987984,0.949035,0.988306,0.988639,0.988671,0.988166,0.989666,0.988739,0.988723,0.989532,0.986718,0.987476
allando_v_sin_a2_f1_v105,0.923481,0.999949,1.000000,0.999837,0.999905,0.999874,0.999821,0.999753,0.999699,0.999657,0.937155,0.943260,0.948410,0.952162,0.957606,0.962547,0.968517,0.881547,0.969308,0.970901,0.970213,0.977213,0.980140,0.990041,0.998831,0.999741,0.999770,0.999907,0.922237,0.999739,0.999567,0.999050,0.998973,0.998882,0.998691,0.998785,0.998798,0.998833,0.940771,0.948493,0.952456,0.955676,0.960322,0.963888,0.969043,0.882482,0.970158,0.970433,0.971603,0.977883,0.979920,0.982743,0.980070,0.991590,0.999352,0.999780,0.930745,0.988274,0.990304,0.989921,0.996421,0.998735,0.999153,0.999198,0.999215,0.999173,0.948116,0.950335,0.953985,0.957017,0.961776,0.964115,0.969679,0.896556,0.969656,0.969800,0.970100,0.971573,0.978305,0.981871,0.982147,0.980970,0.982462,0.985296,0.940835,0.983985,0.985543,0.986501,0.987340,0.984926,0.985969,0.985232,0.986368,0.986009,0.949604,0.952906,0.960554,0.960367,0.964278,0.967906,0.968917,0.902768,0.968850,0.965030,0.966979,0.967342,0.973073,0.979027,0.973393,0.977809,0.979708,0.981494,0.968272,0.994552,0.994669,0.994748,0.994348,0.994304,0.994559,0.994451,0.994367,0.994368,0.972961,0.974725,0.982491,0.983715,0.985976,0.986242,0.988117,0.926857,0.989529,0.989974,0.989332,0.989994,0.990496,0.992253,0.993317,0.994004,0.994120,0.994219,0.975650,0.995663,0.995767,0.995720,0.995510,0.995391,0.995123,0.995471,0.995452,0.995473,0.978778,0.980840,0.983866,0.986321,0.985308,0.987117,0.987147,0.935018,0.988494,0.990664,0.990862,0.990890,0.993906,0.994292,0.995307,0.995337,0.995443,0.995598,0.977726,0.986173,0.985499,0.988134,0.988568,0.988129,0.990574,0.990644,0.990680,0.989318,0.982788,0.984458,0.984576,0.986561,0.988251,0.987166,0.986194,0.945091,0.988388,0.989489,0.989452,0.989328,0.991272,0.991555,0.988363,0.989851,0.987612,0.988648,0.977159,0.979530,0.984321,0.983643,0.986797,0.986909,0.986919,0.987735,0.984344,0.984758,0.981908,0.986053,0.986766,0.984086,0.986775,0.986029,0.987623,0.949321,0.988015,0.988320,0.988328,0.987953,0.989410,0.988464,0.988367,0.989267,0.986421,0.987247
allando_v_sin_a2_f1_v110,0.921638,0.999789,0.999837,1.000000,0.999891,0.999905,0.999923,0.999910,0.999890,0.999872,0.935132,0.942119,0.946818,0.950296,0.955647,0.960453,0.966558,0.879112,0.967203,0.969194,0.968613,0.975190,0.978149,0.988561,0.998264,0.999522,0.999432,0.999653,0.920532,0.999649,0.999499,0.999086,0.999049,0.999011,0.998863,0.998966,0.998996,0.999062,0.938709,0.947196,0.950700,0.953819,0.958323,0.961876,0.967124,0.880058,0.968074,0.968727,0.970031,0.975869,0.977962,0.981068,0.978503,0.990502,0.998895,0.999671,0.929070,0.986862,0.988940,0.989042,0.995828,0.998389,0.998959,0.999070,0.999096,0.999117,0.945898,0.948861,0.952195,0.955132,0.959839,0.962125,0.967694,0.894236,0.967523,0.968042,0.968486,0.969386,0.976352,0.979918,0.980607,0.979611,0.981249,0.983998,0.938964,0.982329,0.984031,0.985320,0.986251,0.983385,0.984618,0.983851,0.985064,0.985262,0.947322,0.951494,0.958707,0.958427,0.962399,0.965935,0.966840,0.900603,0.967040,0.963267,0.965366,0.965123,0.971204,0.977029,0.971601,0.976007,0.978180,0.980064,0.966628,0.994129,0.994284,0.994430,0.994110,0.994083,0.994319,0.994305,0.994261,0.994249,0.971151,0.973688,0.981278,0.982621,0.985003,0.985201,0.987138,0.924609,0.988554,0.988991,0.988371,0.989190,0.989752,0.991577,0.992718,0.993514,0.993709,0.993853,0.974055,0.995471,0.995553,0.995708,0.995483,0.995354,0.995109,0.995500,0.995465,0.995478,0.977134,0.979921,0.982654,0.985175,0.984251,0.986053,0.986054,0.932768,0.987566,0.989689,0.989973,0.990044,0.993361,0.993771,0.994943,0.995060,0.995110,0.995418,0.976148,0.985517,0.984890,0.987374,0.987719,0.987317,0.990021,0.990156,0.990134,0.988742,0.981276,0.982835,0.983715,0.985498,0.987125,0.986109,0.985154,0.942934,0.987311,0.988437,0.988447,0.988519,0.990531,0.991021,0.987486,0.989098,0.986890,0.987840,0.975835,0.978732,0.983650,0.982479,0.985795,0.986061,0.986195,0.986910,0.983409,0.983857,0.980429,0.984622,0.985413,0.983328,0.985773,0.985032,0.986493,0.947250,0.986917,0.987266,0.987223,0.987040,0.988458,0.987753,0.987318,0.988322,0.985589,0.986243
allando_v_sin_a2_f1_v115,0.921060,0.999804,0.999905,0.999891,1.000000,0.999983,0.999936,0.999879,0.999839,0.999806,0.934980,0.941123,0.946225,0.949808,0.955223,0.960144,0.966401,0.878302,0.967037,0.969003,0.968542,0.975344,0.978330,0.988836,0.998479,0.999488,0.999607,0.999726,0.919844,0.999610,0.999407,0.998870,0.998824,0.998763,0.998597,0.998700,0.998728,0.998806,0.938577,0.946299,0.950184,0.953378,0.957944,0.961517,0.966955,0.879256,0.967909,0.968556,0.969957,0.976071,0.978189,0.981311,0.978921,0.990796,0.999045,0.999638,0.928421,0.987264,0.989340,0.989314,0.996045,0.998541,0.999080,0.999124,0.999192,0.999148,0.945925,0.948028,0.951721,0.954720,0.959479,0.961740,0.967574,0.893354,0.967381,0.967853,0.968378,0.969583,0.976488,0.980185,0.980856,0.980098,0.981555,0.984299,0.938525,0.982665,0.984422,0.985490,0.986492,0.984312,0.985429,0.984603,0.985651,0.985239,0.947360,0.950704,0.958354,0.957970,0.961994,0.965590,0.966838,0.899666,0.966787,0.962956,0.965164,0.965225,0.971322,0.977155,0.971967,0.976491,0.978439,0.980364,0.966558,0.994457,0.994592,0.994723,0.994295,0.994278,0.994605,0.994475,0.994391,0.994398,0.971719,0.973193,0.981215,0.982681,0.985061,0.985349,0.987442,0.924273,0.988926,0.989453,0.988858,0.989642,0.990193,0.991958,0.993046,0.993775,0.993927,0.994037,0.974018,0.995690,0.995827,0.995811,0.995612,0.995475,0.995229,0.995610,0.995586,0.995631,0.977555,0.979499,0.982662,0.985363,0.984418,0.986269,0.986294,0.932346,0.987710,0.990017,0.990358,0.990404,0.993722,0.994194,0.995289,0.995380,0.995452,0.995617,0.976015,0.986136,0.985403,0.987960,0.988365,0.987969,0.990522,0.990672,0.990904,0.989600,0.981339,0.983246,0.983459,0.985513,0.987287,0.986174,0.985266,0.942494,0.987499,0.988706,0.988777,0.988822,0.990819,0.991251,0.987912,0.989493,0.987454,0.988426,0.975569,0.979328,0.984077,0.983163,0.986410,0.986685,0.986813,0.987617,0.984532,0.984991,0.980655,0.984868,0.985650,0.983066,0.985912,0.985163,0.986695,0.946807,0.987113,0.987523,0.987552,0.987342,0.988744,0.988029,0.987761,0.988751,0.986153,0.986822
allando_v_sin_a2_f1_v120,0.920580,0.999791,0.999874,0.999905,0.999983,1.000000,0.999975,0.999932,0.999897,0.999866,0.934545,0.940901,0.945788,0.949321,0.954737,0.959621,0.965941,0.877736,0.966593,0.968680,0.968274,0.975148,0.978079,0.988636,0.998316,0.999429,0.999529,0.999687,0.919360,0.999593,0.999355,0.998832,0.998791,0.998740,0.998579,0.998675,0.998708,0.998786,0.938111,0.946010,0.949671,0.952880,0.957429,0.960989,0.966480,0.878690,0.967444,0.968215,0.969656,0.975900,0.977908,0.981122,0.978676,0.990663,0.998930,0.999594,0.927947,0.987237,0.989280,0.989258,0.995964,0.998489,0.999021,0.999081,0.999161,0.999119,0.945381,0.947680,0.951198,0.954209,0.958958,0.961197,0.967077,0.892775,0.966918,0.967473,0.968041,0.969309,0.976210,0.979971,0.980590,0.979862,0.981417,0.984189,0.937988,0.982531,0.984385,0.985301,0.986326,0.984025,0.985198,0.984404,0.985529,0.985278,0.946753,0.950374,0.957912,0.957484,0.961476,0.965038,0.966332,0.899099,0.966351,0.962596,0.964833,0.964880,0.971079,0.976923,0.971576,0.976327,0.978256,0.980207,0.966301,0.994407,0.994539,0.994689,0.994299,0.994287,0.994589,0.994478,0.994415,0.994416,0.971422,0.973211,0.981117,0.982542,0.984960,0.985209,0.987246,0.923938,0.988744,0.989334,0.988748,0.989589,0.990141,0.991903,0.992997,0.993741,0.993901,0.994009,0.973744,0.995714,0.995836,0.995877,0.995680,0.995531,0.995275,0.995660,0.995629,0.995701,0.977271,0.979554,0.982611,0.985228,0.984259,0.986143,0.986106,0.931951,0.987521,0.989895,0.990182,0.990310,0.993670,0.994136,0.995274,0.995364,0.995418,0.995661,0.975743,0.986241,0.985548,0.988122,0.988506,0.988147,0.990631,0.990785,0.990974,0.989682,0.981139,0.983067,0.983517,0.985465,0.987118,0.986006,0.985054,0.942071,0.987274,0.988559,0.988593,0.988736,0.990782,0.991230,0.987870,0.989450,0.987406,0.988399,0.975320,0.979436,0.984181,0.983264,0.986527,0.986815,0.986813,0.987753,0.984485,0.985031,0.980480,0.984706,0.985559,0.983095,0.985750,0.984971,0.986554,0.946374,0.986890,0.987342,0.987323,0.987235,0.988672,0.987995,0.987703,0.988676,0.986091,0.986798
allando_v_sin_a2_f1_v125,0.919967,0.999763,0.999821,0.999923,0.999936,0.999975,1.000000,0.999982,0.999959,0.999931,0.934020,0.940649,0.945340,0.948816,0.954295,0.959109,0.965505,0.877127,0.966133,0.968324,0.967952,0.974808,0.977755,0.988374,0.998095,0.999375,0.999401,0.999632,0.918802,0.999581,0.999321,0.998834,0.998799,0.998764,0.998622,0.998710,0.998739,0.998810,0.937598,0.945741,0.949204,0.952388,0.956979,0.960518,0.966074,0.878074,0.966995,0.967858,0.969319,0.975521,0.977595,0.980853,0.978388,0.990469,0.998802,0.999557,0.927440,0.987077,0.989120,0.989198,0.995911,0.998451,0.998981,0.999069,0.999150,0.999121,0.944883,0.947398,0.950733,0.953712,0.958508,0.960732,0.966628,0.892207,0.966452,0.967078,0.967691,0.968922,0.975878,0.979603,0.980266,0.979572,0.981301,0.984041,0.937454,0.982314,0.984194,0.985114,0.986109,0.983588,0.984791,0.984217,0.985373,0.985343,0.946247,0.950116,0.957433,0.957014,0.961062,0.964609,0.965896,0.898555,0.966012,0.962234,0.964488,0.964512,0.970751,0.976518,0.971150,0.975948,0.978076,0.980002,0.965833,0.994333,0.994476,0.994658,0.994320,0.994313,0.994594,0.994521,0.994459,0.994456,0.970845,0.973078,0.980912,0.982350,0.984787,0.985050,0.987067,0.923400,0.988560,0.989169,0.988610,0.989487,0.990056,0.991827,0.992929,0.993689,0.993860,0.993981,0.973316,0.995705,0.995813,0.995935,0.995755,0.995581,0.995324,0.995722,0.995679,0.995780,0.976725,0.979535,0.982434,0.985003,0.984043,0.985953,0.985914,0.931423,0.987350,0.989730,0.990029,0.990167,0.993566,0.994023,0.995203,0.995286,0.995330,0.995674,0.975353,0.986283,0.985632,0.988134,0.988478,0.988129,0.990635,0.990760,0.990868,0.989539,0.980780,0.982773,0.983486,0.985299,0.986873,0.985772,0.984851,0.941596,0.987062,0.988347,0.988386,0.988558,0.990675,0.991127,0.987741,0.989337,0.987239,0.988238,0.974987,0.979508,0.984243,0.983194,0.986463,0.986752,0.986751,0.987630,0.984209,0.984772,0.980177,0.984395,0.985357,0.983021,0.985538,0.984765,0.986356,0.945928,0.986689,0.987153,0.987119,0.987042,0.988518,0.987840,0.987537,0.988513,0.985911,0.986603
allando_v_sin_a2_f1_v130,0.919687,0.999706,0.999753,0.999910,0.999879,0.999932,0.999982,1.000000,0.999991,0.999970,0.933513,0.940510,0.945148,0.948659,0.954083,0.958857,0.965276,0.876830,0.965827,0.968028,0.967650,0.974464,0.977441,0.988105,0.997938,0.999299,0.999291,0.999539,0.918521,0.999522,0.999261,0.998837,0.998817,0.998806,0.998694,0.998764,0.998782,0.998833,0.937077,0.945616,0.949001,0.952237,0.956757,0.960255,0.965859,0.877769,0.966687,0.967564,0.969019,0.975180,0.977285,0.980568,0.978188,0.990315,0.998684,0.999482,0.927169,0.986889,0.988897,0.989029,0.995797,0.998375,0.998929,0.999040,0.999119,0.999104,0.944399,0.947272,0.950533,0.953558,0.958289,0.960462,0.966400,0.891874,0.966162,0.966775,0.967389,0.968537,0.975543,0.979302,0.980089,0.979327,0.981117,0.983825,0.937209,0.982108,0.983997,0.984924,0.985969,0.983302,0.984575,0.983879,0.985019,0.985221,0.945754,0.949997,0.957232,0.956773,0.960846,0.964328,0.965651,0.898217,0.965783,0.961905,0.964180,0.964119,0.970415,0.976210,0.970995,0.975722,0.977869,0.979758,0.965523,0.994279,0.994435,0.994650,0.994351,0.994345,0.994619,0.994571,0.994501,0.994498,0.970444,0.972952,0.980793,0.982263,0.984700,0.984934,0.986931,0.923112,0.988429,0.989058,0.988514,0.989404,0.989982,0.991758,0.992869,0.993637,0.993825,0.993956,0.972987,0.995664,0.995763,0.995976,0.995829,0.995618,0.995359,0.995777,0.995714,0.995839,0.976382,0.979535,0.982304,0.984872,0.983944,0.985843,0.985779,0.931105,0.987230,0.989601,0.989924,0.990044,0.993493,0.993924,0.995113,0.995219,0.995248,0.995651,0.974994,0.986208,0.985568,0.988037,0.988402,0.988049,0.990577,0.990687,0.990784,0.989451,0.980482,0.982410,0.983467,0.985170,0.986738,0.985658,0.984726,0.941284,0.986950,0.988225,0.988289,0.988454,0.990553,0.990996,0.987562,0.989175,0.987179,0.988185,0.974693,0.979399,0.984155,0.983064,0.986375,0.986653,0.986711,0.987506,0.984118,0.984643,0.979920,0.984117,0.985066,0.982890,0.985429,0.984680,0.986227,0.945620,0.986559,0.987019,0.987016,0.986915,0.988362,0.987689,0.987335,0.988324,0.985853,0.986510
allando_v_sin_a2_f1_v135,0.919419,0.999645,0.999699,0.999890,0.999839,0.999897,0.999959,0.999991,1.000000,0.999990,0.933127,0.940271,0.944942,0.948456,0.953859,0.958602,0.964993,0.876534,0.965574,0.967757,0.967441,0.974258,0.977240,0.987940,0.997850,0.999244,0.999231,0.999470,0.918238,0.999462,0.999207,0.998812,0.998802,0.998808,0.998721,0.998793,0.998816,0.998867,0.936645,0.945382,0.948796,0.952042,0.956533,0.960015,0.965580,0.877472,0.966439,0.967303,0.968807,0.974964,0.977086,0.980410,0.978029,0.990186,0.998596,0.999413,0.926834,0.986762,0.988762,0.988920,0.995723,0.998333,0.998896,0.999020,0.999098,0.999090,0.943996,0.947058,0.950334,0.953356,0.958074,0.960212,0.966116,0.891556,0.965916,0.966511,0.967171,0.968313,0.975340,0.979116,0.979899,0.979193,0.980993,0.983690,0.936891,0.981956,0.983875,0.984812,0.985839,0.983105,0.984425,0.983696,0.984856,0.985036,0.945380,0.949791,0.957042,0.956573,0.960625,0.964095,0.965358,0.897876,0.965547,0.961638,0.963965,0.963886,0.970227,0.976006,0.970784,0.975566,0.977708,0.979602,0.965264,0.994219,0.994382,0.994614,0.994345,0.994342,0.994604,0.994587,0.994507,0.994501,0.970135,0.972827,0.980683,0.982178,0.984630,0.984857,0.986834,0.922861,0.988313,0.988933,0.988400,0.989311,0.989887,0.991675,0.992794,0.993572,0.993770,0.993912,0.972743,0.995624,0.995723,0.995970,0.995844,0.995634,0.995379,0.995807,0.995740,0.995860,0.976109,0.979457,0.982210,0.984768,0.983842,0.985751,0.985671,0.930851,0.987118,0.989495,0.989807,0.989949,0.993423,0.993853,0.995050,0.995171,0.995201,0.995617,0.974744,0.986166,0.985530,0.987992,0.988352,0.988014,0.990553,0.990660,0.990747,0.989409,0.980254,0.982125,0.983425,0.985077,0.986622,0.985562,0.984642,0.941039,0.986840,0.988113,0.988160,0.988355,0.990450,0.990894,0.987478,0.989112,0.987098,0.988113,0.974443,0.979369,0.984110,0.983010,0.986316,0.986614,0.986671,0.987471,0.984043,0.984598,0.979711,0.983907,0.984793,0.982775,0.985340,0.984586,0.986134,0.945375,0.986449,0.986909,0.986875,0.986813,0.988237,0.987563,0.987237,0.988239,0.985751,0.986434
allando_v_sin_a2_f1_v140,0.919248,0.999592,0.999657,0.999872,0.999806,0.999866,0.999931,0.999970,0.999990,1.000000,0.932914,0.940300,0.944902,0.948388,0.953799,0.958509,0.964891,0.876390,0.965437,0.967677,0.967429,0.974108,0.977045,0.987769,0.997778,0.999192,0.999187,0.999415,0.918082,0.999411,0.999168,0.998781,0.998777,0.998791,0.998718,0.998810,0.998845,0.998922,0.936432,0.945412,0.948752,0.951981,0.956486,0.959931,0.965492,0.877324,0.966303,0.967205,0.968790,0.974837,0.976894,0.980234,0.977873,0.990077,0.998522,0.999358,0.926682,0.986694,0.988671,0.988867,0.995687,0.998313,0.998874,0.999018,0.999096,0.999095,0.943807,0.947082,0.950293,0.953289,0.958023,0.960137,0.966009,0.891411,0.965806,0.966399,0.967149,0.968117,0.975142,0.978948,0.979734,0.979044,0.980889,0.983573,0.936749,0.981875,0.983806,0.984743,0.985757,0.983003,0.984370,0.983580,0.984732,0.984910,0.945183,0.949815,0.956999,0.956485,0.960582,0.964001,0.965235,0.897717,0.965476,0.961544,0.963952,0.963647,0.970030,0.975844,0.970626,0.975421,0.977581,0.979498,0.965139,0.994218,0.994382,0.994626,0.994389,0.994393,0.994627,0.994655,0.994573,0.994563,0.970022,0.972924,0.980676,0.982152,0.984612,0.984847,0.986824,0.922804,0.988285,0.988887,0.988356,0.989294,0.989865,0.991661,0.992779,0.993565,0.993774,0.993923,0.972589,0.995633,0.995734,0.995986,0.995865,0.995690,0.995447,0.995869,0.995813,0.995902,0.976009,0.979487,0.982228,0.984736,0.983815,0.985710,0.985635,0.930780,0.987099,0.989468,0.989761,0.989911,0.993412,0.993848,0.995049,0.995178,0.995210,0.995619,0.974612,0.986126,0.985519,0.987985,0.988358,0.988031,0.990566,0.990664,0.990762,0.989433,0.980168,0.981962,0.983481,0.985107,0.986594,0.985535,0.984645,0.940964,0.986829,0.988099,0.988120,0.988339,0.990452,0.990873,0.987358,0.989026,0.987011,0.988047,0.974398,0.979325,0.984114,0.983006,0.986340,0.986652,0.986670,0.987490,0.984038,0.984626,0.979598,0.983806,0.984628,0.982834,0.985320,0.984568,0.986126,0.945292,0.986431,0.986881,0.986832,0.986789,0.988224,0.987548,0.987121,0.988156,0.985684,0.986362
allando_v_sin_a2_f1_v15,0.982963,0.936804,0.937155,0.935132,0.934980,0.934545,0.934020,0.933513,0.933127,0.932914,1.000000,0.986719,0.983362,0.974770,0.971674,0.969429,0.967647,0.947759,0.962074,0.961485,0.950037,0.950862,0.949561,0.945348,0.941800,0.939981,0.937777,0.937624,0.982967,0.936165,0.938378,0.939309,0.938959,0.938707,0.938760,0.938431,0.938250,0.937657,0.996357,0.982142,0.977252,0.969299,0.967353,0.964909,0.962875,0.948569,0.958480,0.956374,0.949027,0.946349,0.945771,0.944024,0.935028,0.936054,0.939285,0.937122,0.981654,0.934611,0.936110,0.936309,0.935034,0.935435,0.935379,0.934676,0.933562,0.933401,0.990826,0.976647,0.971651,0.963745,0.964470,0.963437,0.962826,0.963354,0.957257,0.954673,0.947795,0.944727,0.947195,0.945420,0.941190,0.934881,0.935638,0.935873,0.978823,0.937962,0.936321,0.941859,0.939119,0.941635,0.937010,0.943901,0.945604,0.936243,0.986790,0.972368,0.969261,0.965837,0.963532,0.960842,0.957268,0.966068,0.956060,0.952063,0.947742,0.944644,0.943542,0.947707,0.936576,0.938576,0.938373,0.940106,0.967646,0.926330,0.925936,0.924802,0.924538,0.924100,0.923400,0.923284,0.923711,0.923645,0.970002,0.956479,0.951255,0.944524,0.940361,0.937006,0.932871,0.944364,0.931362,0.929519,0.925375,0.923854,0.923898,0.925100,0.926208,0.927152,0.927347,0.926559,0.962483,0.923404,0.923764,0.922309,0.921257,0.921350,0.920306,0.921266,0.920686,0.920197,0.960934,0.950518,0.945574,0.942445,0.937321,0.936703,0.934509,0.944691,0.933864,0.931310,0.928698,0.926673,0.925077,0.924339,0.925365,0.924163,0.925331,0.922617,0.960609,0.914568,0.914379,0.916909,0.914977,0.914853,0.918822,0.919094,0.918265,0.916400,0.957520,0.953695,0.944766,0.943148,0.942998,0.940923,0.936703,0.948801,0.935765,0.935138,0.931315,0.929360,0.931061,0.926782,0.922191,0.920466,0.916704,0.918422,0.958630,0.913482,0.919649,0.916834,0.918443,0.919427,0.918194,0.919639,0.916417,0.915549,0.946674,0.944436,0.945104,0.937475,0.936769,0.935667,0.934829,0.949815,0.934340,0.933334,0.931164,0.929604,0.933244,0.927193,0.925655,0.925269,0.921323,0.922058
allando_v_sin_a2_f1_v20,0.974992,0.943295,0.943260,0.942119,0.941123,0.940901,0.940649,0.940510,0.940271,0.940300,0.986719,1.000000,0.984776,0.979361,0.975656,0.973211,0.973977,0.938002,0.965338,0.968849,0.958797,0.954753,0.952696,0.949691,0.946669,0.945569,0.943476,0.943563,0.976459,0.942527,0.944268,0.945400,0.945111,0.944951,0.945049,0.944835,0.944595,0.944300,0.987276,0.997234,0.979879,0.975188,0.972468,0.968625,0.970683,0.938680,0.962380,0.963937,0.958086,0.952272,0.949518,0.948843,0.942679,0.944506,0.945298,0.943304,0.980769,0.942708,0.942121,0.944980,0.942928,0.942721,0.942045,0.941950,0.940770,0.940871,0.983932,0.991811,0.975363,0.970260,0.970567,0.966824,0.969482,0.955961,0.962243,0.962202,0.957240,0.946800,0.950237,0.949794,0.950395,0.943751,0.942553,0.942915,0.980434,0.945390,0.944645,0.948337,0.949656,0.946892,0.946539,0.946093,0.946895,0.947193,0.980444,0.988884,0.975253,0.967929,0.970308,0.964868,0.964679,0.960400,0.964674,0.959042,0.956931,0.945828,0.946744,0.952958,0.945750,0.947007,0.945475,0.947816,0.967310,0.933911,0.933576,0.932654,0.933702,0.933312,0.931439,0.932264,0.932971,0.933335,0.969061,0.967702,0.959956,0.951539,0.947588,0.944970,0.940410,0.942606,0.939302,0.937453,0.933446,0.932515,0.932617,0.933640,0.934557,0.935459,0.935996,0.935312,0.962811,0.931332,0.931277,0.931044,0.930134,0.930574,0.929980,0.930268,0.929836,0.929196,0.964605,0.960892,0.955656,0.950242,0.944821,0.944773,0.942302,0.945034,0.942182,0.939659,0.937047,0.934592,0.933249,0.931831,0.932645,0.932020,0.932516,0.930946,0.961887,0.922642,0.922290,0.924620,0.922660,0.922846,0.926903,0.927353,0.926366,0.924865,0.961942,0.955430,0.955071,0.954116,0.950123,0.946788,0.943645,0.951235,0.943583,0.943236,0.939696,0.937971,0.938998,0.934948,0.924904,0.924930,0.925986,0.926769,0.963904,0.920035,0.927481,0.923119,0.926070,0.926969,0.925642,0.926842,0.924199,0.923249,0.952324,0.950317,0.950393,0.949030,0.944714,0.942881,0.942485,0.952869,0.942349,0.941519,0.939606,0.938089,0.940921,0.936826,0.928559,0.929665,0.930859,0.928637
allando_v_sin_a2_f1_v25,0.973846,0.948411,0.948410,0.946818,0.946225,0.945788,0.945340,0.945148,0.944942,0.944902,0.983362,0.984776,1.000000,0.993267,0.987120,0.983044,0.981347,0.936640,0.976200,0.972529,0.962174,0.961969,0.960266,0.956336,0.953043,0.950885,0.948948,0.948809,0.975501,0.948201,0.950252,0.951446,0.951164,0.950990,0.951158,0.950793,0.950512,0.949638,0.985020,0.985609,0.997619,0.990372,0.983865,0.979723,0.978322,0.937141,0.974034,0.969604,0.962810,0.959160,0.958635,0.957190,0.951086,0.949560,0.951285,0.948931,0.979488,0.949331,0.948512,0.947548,0.947669,0.947523,0.947470,0.947016,0.945736,0.946011,0.985694,0.984667,0.994340,0.986498,0.981749,0.977821,0.978758,0.955688,0.973829,0.967721,0.961857,0.955948,0.959090,0.959272,0.956451,0.951358,0.952130,0.950651,0.982925,0.953245,0.952278,0.957687,0.953286,0.952283,0.948709,0.951483,0.950783,0.946582,0.985336,0.981402,0.990471,0.985830,0.980983,0.976435,0.973592,0.959771,0.973747,0.964769,0.962125,0.954876,0.956026,0.961805,0.955600,0.954756,0.954077,0.956559,0.970615,0.942579,0.942365,0.941311,0.941663,0.941192,0.940046,0.940229,0.940436,0.940630,0.971109,0.964128,0.969307,0.966465,0.960882,0.955429,0.949526,0.945420,0.947647,0.945814,0.942475,0.940940,0.940881,0.941737,0.942597,0.943422,0.944035,0.943389,0.968179,0.939079,0.938948,0.938158,0.937726,0.937900,0.937244,0.937698,0.937273,0.936357,0.966353,0.959648,0.961127,0.962490,0.959181,0.956287,0.951053,0.949696,0.949666,0.948070,0.946601,0.943589,0.941612,0.940095,0.940058,0.939714,0.940698,0.937949,0.967358,0.928426,0.928018,0.930197,0.929374,0.928726,0.932537,0.931191,0.930252,0.928290,0.966541,0.958015,0.954306,0.957359,0.962351,0.960648,0.953888,0.956421,0.952970,0.952281,0.948894,0.946505,0.946251,0.938800,0.933774,0.933632,0.931624,0.933695,0.967676,0.928644,0.933707,0.931370,0.933163,0.933945,0.932803,0.932711,0.928806,0.928141,0.957904,0.954485,0.951932,0.947928,0.958504,0.958500,0.954061,0.958505,0.952237,0.951191,0.949155,0.947406,0.949168,0.940274,0.938067,0.939375,0.936571,0.936534
allando_v_sin_a2_f1_v30,0.971136,0.952308,0.952162,0.950296,0.949808,0.949321,0.948816,0.948659,0.948456,0.948388,0.974770,0.979361,0.993267,1.000000,0.991892,0.989669,0.983727,0.928900,0.978820,0.975970,0.963477,0.965442,0.964910,0.961418,0.956710,0.954380,0.952859,0.952699,0.972242,0.952079,0.953928,0.954757,0.954471,0.954207,0.954264,0.953945,0.953580,0.952691,0.977964,0.982989,0.994745,0.998923,0.990286,0.986641,0.980974,0.929364,0.977528,0.974605,0.964508,0.964421,0.962797,0.962745,0.959929,0.957084,0.956104,0.952934,0.977485,0.954396,0.953363,0.951222,0.951803,0.951634,0.951217,0.950851,0.949583,0.949821,0.981321,0.985371,0.993454,0.996572,0.989831,0.984327,0.982919,0.948633,0.977451,0.973938,0.963917,0.960579,0.963613,0.965812,0.966430,0.959971,0.955229,0.956691,0.983594,0.959095,0.957893,0.962217,0.961506,0.954586,0.954531,0.953492,0.954143,0.951348,0.983757,0.983272,0.992889,0.991088,0.988218,0.983158,0.977154,0.952826,0.977231,0.968238,0.963759,0.959948,0.960478,0.968500,0.962963,0.964001,0.960329,0.960231,0.974289,0.949092,0.948970,0.947840,0.948165,0.947621,0.946506,0.946817,0.946824,0.947053,0.971708,0.968450,0.974284,0.971259,0.968271,0.964540,0.957813,0.945748,0.955870,0.952860,0.948232,0.946981,0.946611,0.947803,0.948927,0.949855,0.950622,0.950111,0.972223,0.945071,0.944711,0.944150,0.943670,0.943830,0.943379,0.943718,0.943179,0.942173,0.969577,0.964758,0.967189,0.967630,0.965421,0.965411,0.960742,0.952288,0.958059,0.955212,0.952319,0.949683,0.947839,0.946067,0.945682,0.945108,0.946569,0.943902,0.970985,0.934889,0.932951,0.935649,0.934715,0.934009,0.937900,0.936990,0.935304,0.933006,0.970317,0.962865,0.960013,0.963382,0.967488,0.967420,0.963761,0.959433,0.961326,0.959708,0.956075,0.953142,0.952359,0.946053,0.939907,0.940228,0.942665,0.943460,0.970609,0.933960,0.937582,0.937273,0.937965,0.938596,0.936720,0.938142,0.933242,0.932552,0.964357,0.960188,0.957561,0.952747,0.964326,0.964642,0.962435,0.960860,0.960779,0.958812,0.956286,0.954183,0.955416,0.948870,0.944470,0.945686,0.946490,0.946160
allando_v_sin_a2_f1_v35,0.961184,0.957843,0.957606,0.955647,0.955223,0.954737,0.954295,0.954083,0.953859,0.953799,0.971674,0.975656,0.987120,0.991892,1.000000,0.995224,0.989095,0.923769,0.985258,0.981599,0.968014,0.971351,0.971599,0.967303,0.962961,0.960310,0.958740,0.958456,0.962806,0.957801,0.959225,0.959573,0.959336,0.958983,0.958921,0.958724,0.958381,0.957677,0.975838,0.979573,0.989754,0.991813,0.998762,0.993398,0.987328,0.924085,0.984122,0.979594,0.968996,0.969477,0.970197,0.968683,0.961585,0.960476,0.961146,0.958643,0.968135,0.961241,0.961079,0.958932,0.958738,0.958098,0.957439,0.957077,0.955929,0.956150,0.980230,0.982881,0.989704,0.989857,0.995553,0.991650,0.989070,0.944400,0.983962,0.977519,0.968542,0.966198,0.970554,0.969738,0.967448,0.960792,0.962687,0.962751,0.975420,0.966070,0.963014,0.966620,0.963576,0.962856,0.960237,0.960471,0.960197,0.958924,0.983234,0.982047,0.990180,0.989435,0.994551,0.990646,0.984222,0.948153,0.982668,0.974354,0.968760,0.966040,0.966926,0.971561,0.962586,0.965177,0.967266,0.967657,0.973984,0.957259,0.956903,0.955744,0.955758,0.955250,0.954383,0.954776,0.954679,0.954764,0.975683,0.974828,0.977050,0.972870,0.969795,0.970950,0.968251,0.943685,0.965331,0.962261,0.957147,0.955529,0.955452,0.956573,0.957592,0.958308,0.958626,0.958150,0.973590,0.952698,0.952525,0.951731,0.951327,0.951624,0.951143,0.951305,0.950796,0.949892,0.974356,0.971748,0.973474,0.970337,0.967379,0.968613,0.970517,0.950996,0.967898,0.964460,0.960784,0.957449,0.956133,0.954553,0.953595,0.953280,0.954407,0.951941,0.975246,0.943818,0.943194,0.945097,0.943340,0.942089,0.945429,0.944020,0.943824,0.941642,0.975386,0.969955,0.967050,0.970003,0.971151,0.970339,0.972676,0.959077,0.971158,0.968853,0.964697,0.960245,0.959705,0.952190,0.947857,0.947691,0.945567,0.946806,0.975145,0.943495,0.946756,0.944681,0.945420,0.945265,0.945492,0.946357,0.942866,0.942277,0.968503,0.966430,0.964975,0.961138,0.966560,0.966760,0.969015,0.961130,0.970256,0.968158,0.965064,0.961285,0.962411,0.953023,0.952092,0.952824,0.950054,0.949435
allando_v_sin_a2_f1_v40,0.961791,0.962832,0.962547,0.960453,0.960144,0.959621,0.959109,0.958857,0.958602,0.958509,0.969429,0.973211,0.983044,0.989669,0.995224,1.000000,0.991838,0.923788,0.989551,0.983553,0.972067,0.976795,0.977674,0.973382,0.967759,0.965013,0.963697,0.963366,0.962801,0.962533,0.963637,0.963704,0.963426,0.963053,0.962841,0.962643,0.962344,0.961592,0.972960,0.977795,0.985753,0.989878,0.995834,0.998756,0.990019,0.924278,0.988428,0.982491,0.972802,0.974935,0.975928,0.974187,0.967953,0.967942,0.966376,0.963393,0.968358,0.966010,0.966892,0.963045,0.963906,0.962929,0.961981,0.961721,0.960504,0.960768,0.978054,0.980691,0.985335,0.989286,0.994816,0.997279,0.991494,0.943446,0.989117,0.981067,0.972370,0.972726,0.976218,0.975756,0.974425,0.967035,0.965100,0.967076,0.976273,0.970784,0.968084,0.970063,0.969383,0.965150,0.964561,0.963525,0.964326,0.962850,0.980474,0.979502,0.987545,0.989256,0.994009,0.995897,0.987323,0.947378,0.987258,0.976910,0.972064,0.972200,0.973198,0.977473,0.970264,0.971569,0.971435,0.970928,0.977328,0.962128,0.961926,0.960610,0.960500,0.959918,0.959148,0.959464,0.959416,0.959445,0.975960,0.976372,0.977959,0.974111,0.972172,0.973560,0.971189,0.945327,0.970625,0.968042,0.963422,0.961451,0.961259,0.962411,0.963434,0.963930,0.963752,0.963290,0.977750,0.957684,0.957626,0.956837,0.956336,0.956676,0.956085,0.956231,0.955897,0.955129,0.976535,0.973946,0.975425,0.972067,0.969786,0.971599,0.973047,0.953140,0.973631,0.969728,0.966586,0.963670,0.961332,0.959895,0.958799,0.958531,0.959388,0.957333,0.978725,0.949241,0.947993,0.950499,0.949688,0.947994,0.950439,0.949799,0.948596,0.946549,0.978397,0.973102,0.969783,0.972753,0.973232,0.972987,0.975714,0.961057,0.975969,0.973940,0.970838,0.966246,0.963442,0.958835,0.954264,0.954569,0.953221,0.954969,0.977943,0.947695,0.951540,0.950630,0.951704,0.950522,0.951711,0.951003,0.947312,0.945757,0.972385,0.970666,0.968622,0.964616,0.968697,0.969545,0.972002,0.963259,0.974538,0.973162,0.971133,0.967107,0.966350,0.960223,0.958520,0.959449,0.956657,0.957690
allando_v_sin_a2_f1_v45,0.957150,0.968763,0.968517,0.966558,0.966401,0.965941,0.965505,0.965276,0.964993,0.964891,0.967647,0.973977,0.981347,0.983727,0.989095,0.991838,1.000000,0.923032,0.992542,0.988090,0.977416,0.979555,0.980086,0.976952,0.973081,0.970714,0.969423,0.969212,0.958802,0.967994,0.968969,0.968991,0.968697,0.968356,0.968207,0.967967,0.967561,0.967036,0.972245,0.979008,0.983378,0.984241,0.989928,0.990134,0.999381,0.923334,0.991805,0.985172,0.978161,0.978069,0.979373,0.975655,0.968491,0.972056,0.971614,0.968826,0.965280,0.971246,0.970935,0.970484,0.970564,0.969022,0.968048,0.967901,0.966828,0.966947,0.978203,0.980705,0.983187,0.983505,0.989215,0.989127,0.998461,0.941036,0.991973,0.983582,0.977903,0.974077,0.979120,0.977605,0.976426,0.970081,0.970076,0.970298,0.974201,0.973136,0.971730,0.974134,0.974178,0.973523,0.972296,0.970572,0.968930,0.969670,0.978013,0.981004,0.986768,0.985299,0.991085,0.989150,0.997507,0.946275,0.991199,0.980460,0.976966,0.973650,0.975095,0.979072,0.975987,0.973194,0.973560,0.974797,0.975138,0.966789,0.966363,0.965308,0.965338,0.964936,0.964096,0.964338,0.964341,0.964379,0.977936,0.978187,0.980783,0.976416,0.973681,0.973301,0.972345,0.943051,0.972667,0.973501,0.970973,0.968030,0.969122,0.969089,0.969501,0.969325,0.968593,0.967840,0.977620,0.962933,0.963027,0.962098,0.961955,0.962216,0.961374,0.961508,0.961433,0.961077,0.979463,0.977857,0.978124,0.976103,0.973197,0.973406,0.973717,0.950338,0.974946,0.974195,0.973279,0.970312,0.967208,0.965856,0.964799,0.964686,0.964450,0.962945,0.979339,0.955550,0.953978,0.955486,0.955719,0.953750,0.956675,0.956584,0.956577,0.955340,0.980783,0.976470,0.974449,0.976194,0.977139,0.974903,0.973982,0.959696,0.978080,0.977265,0.975914,0.972315,0.969353,0.963944,0.959029,0.958315,0.959469,0.959500,0.981091,0.951935,0.956753,0.953662,0.957791,0.955588,0.961182,0.956158,0.957101,0.953991,0.975022,0.975229,0.973962,0.970813,0.973038,0.973179,0.973447,0.963322,0.976654,0.976298,0.976475,0.973099,0.971630,0.965056,0.962414,0.962260,0.964941,0.960210
allando_v_sin_a2_f1_v5,0.956781,0.880755,0.881547,0.879112,0.878302,0.877736,0.877127,0.876830,0.876534,0.876390,0.947759,0.938002,0.936640,0.928900,0.923769,0.923788,0.923032,1.000000,0.915095,0.907459,0.894692,0.894507,0.894632,0.886847,0.886234,0.884564,0.881971,0.881332,0.951090,0.881816,0.886387,0.889904,0.889603,0.889513,0.889734,0.889217,0.888767,0.887689,0.939650,0.932201,0.929372,0.920685,0.918196,0.917167,0.917073,0.999898,0.909783,0.901494,0.893490,0.890297,0.890897,0.885891,0.878790,0.877930,0.884879,0.882272,0.941306,0.873307,0.873335,0.872178,0.875267,0.878089,0.879994,0.879657,0.877642,0.877762,0.932540,0.928209,0.923180,0.916478,0.916763,0.916618,0.918333,0.992378,0.910389,0.900413,0.893438,0.887474,0.892731,0.889308,0.887260,0.879513,0.877994,0.877537,0.935268,0.876865,0.875198,0.879218,0.878805,0.876286,0.873314,0.872345,0.874455,0.870527,0.928460,0.922835,0.921199,0.917706,0.915560,0.912295,0.912349,0.987493,0.907772,0.897445,0.893446,0.887573,0.888264,0.892845,0.887853,0.886264,0.882179,0.883252,0.926620,0.868798,0.868606,0.867815,0.867793,0.867260,0.866187,0.866370,0.866820,0.866917,0.916952,0.904983,0.899245,0.892078,0.885934,0.882134,0.876364,0.962857,0.875020,0.874324,0.870713,0.867435,0.867551,0.868841,0.869733,0.870340,0.869990,0.868946,0.916662,0.866137,0.866384,0.865815,0.864428,0.864503,0.863534,0.864896,0.864356,0.862800,0.910665,0.898284,0.892468,0.887765,0.882233,0.881501,0.878664,0.950056,0.878269,0.876922,0.874308,0.871810,0.868721,0.867309,0.868010,0.867082,0.868064,0.864644,0.913770,0.858543,0.856552,0.859003,0.857175,0.855275,0.858149,0.858762,0.857259,0.854890,0.908543,0.897397,0.890758,0.890118,0.889965,0.886484,0.882649,0.948064,0.883618,0.882874,0.879390,0.877052,0.873097,0.868822,0.860955,0.861688,0.861122,0.863307,0.912491,0.858192,0.860812,0.858130,0.859965,0.859826,0.864745,0.861750,0.858514,0.856778,0.897897,0.893165,0.890659,0.884021,0.883846,0.882464,0.881802,0.944092,0.882396,0.881053,0.879870,0.877962,0.876722,0.870728,0.865498,0.867649,0.866274,0.865926
allando_v_sin_a2_f1_v50,0.950676,0.969590,0.969308,0.967203,0.967037,0.966593,0.966133,0.965827,0.965574,0.965437,0.962074,0.965338,0.976200,0.978820,0.985258,0.989551,0.992542,0.915095,1.000000,0.986993,0.978308,0.984666,0.985799,0.980776,0.974945,0.972035,0.970645,0.970133,0.952067,0.968658,0.969513,0.969311,0.968937,0.968595,0.968266,0.968140,0.967987,0.967258,0.965166,0.970786,0.978906,0.979392,0.985826,0.988945,0.991880,0.915454,0.999485,0.985836,0.978783,0.981655,0.984387,0.979169,0.968863,0.972991,0.972000,0.969487,0.956694,0.970956,0.973606,0.969237,0.970796,0.969099,0.968099,0.967800,0.966826,0.967005,0.971504,0.973373,0.978870,0.979873,0.984492,0.989189,0.991221,0.933560,0.997898,0.985394,0.978392,0.981372,0.985815,0.981586,0.975758,0.968410,0.968131,0.970412,0.966011,0.973611,0.971859,0.976373,0.973277,0.971907,0.970293,0.969831,0.971130,0.968582,0.972169,0.972613,0.981491,0.987373,0.986810,0.989527,0.990393,0.938486,0.990232,0.983719,0.977853,0.981304,0.980383,0.983190,0.974153,0.971130,0.972410,0.973448,0.973169,0.968425,0.968154,0.967067,0.966979,0.966506,0.965906,0.965913,0.966064,0.966015,0.973203,0.976064,0.980395,0.977198,0.975616,0.974069,0.973316,0.939236,0.973991,0.973897,0.973375,0.970973,0.971049,0.971211,0.971467,0.970960,0.969958,0.969474,0.977487,0.964541,0.964445,0.963536,0.963471,0.963935,0.963067,0.962994,0.963171,0.962809,0.975196,0.975281,0.977865,0.976341,0.974886,0.974265,0.974466,0.947907,0.976811,0.975338,0.974656,0.974862,0.969331,0.968059,0.966608,0.966421,0.966047,0.964771,0.980020,0.954009,0.953524,0.956106,0.956738,0.954861,0.958005,0.958340,0.956586,0.955420,0.978738,0.974980,0.972722,0.975662,0.977626,0.978567,0.975434,0.956705,0.978711,0.977510,0.976800,0.973960,0.970804,0.966337,0.965962,0.964896,0.958243,0.960566,0.978703,0.951128,0.956623,0.954801,0.959049,0.957637,0.961824,0.956838,0.955677,0.952816,0.972859,0.974959,0.973301,0.970181,0.974114,0.975183,0.974516,0.961086,0.977389,0.976976,0.977557,0.974699,0.973597,0.966099,0.968557,0.967896,0.960475,0.962872
allando_v_sin_a2_f1_v55,0.948034,0.971227,0.970901,0.969194,0.969003,0.968680,0.968324,0.968028,0.967757,0.967677,0.961485,0.968849,0.972529,0.975970,0.981599,0.983553,0.988090,0.907459,0.986993,1.000000,0.990162,0.987131,0.981958,0.981025,0.975738,0.973004,0.972182,0.971701,0.950574,0.970114,0.970731,0.970107,0.969780,0.969479,0.969318,0.969323,0.968994,0.968553,0.967555,0.971150,0.974303,0.977368,0.983183,0.982696,0.988551,0.907898,0.987192,0.998748,0.990257,0.987806,0.980346,0.979112,0.972448,0.975699,0.973635,0.970969,0.959308,0.974258,0.975363,0.973523,0.973511,0.971425,0.970222,0.969633,0.968862,0.968912,0.970628,0.970525,0.975318,0.977172,0.982694,0.983503,0.987249,0.926750,0.987736,0.997671,0.989404,0.982144,0.980793,0.980698,0.978798,0.972469,0.971088,0.972160,0.966200,0.975975,0.975251,0.977613,0.976519,0.974565,0.973448,0.971744,0.972349,0.971230,0.970314,0.971601,0.978764,0.978701,0.986274,0.984723,0.986560,0.933951,0.989297,0.996911,0.988662,0.978626,0.976641,0.983342,0.971199,0.974757,0.973470,0.975325,0.971086,0.969290,0.969065,0.968173,0.967934,0.967543,0.967051,0.967050,0.966910,0.967027,0.972763,0.973311,0.979673,0.975634,0.976074,0.975797,0.974797,0.936523,0.974862,0.973225,0.971597,0.971701,0.971066,0.971118,0.971202,0.971122,0.970776,0.970339,0.974888,0.965410,0.965306,0.964592,0.964403,0.965245,0.964078,0.964084,0.964065,0.964237,0.975653,0.974269,0.977917,0.976690,0.975516,0.975130,0.976252,0.945798,0.978464,0.974845,0.972843,0.973380,0.970506,0.969043,0.967958,0.967441,0.966874,0.966396,0.978831,0.956959,0.956363,0.958907,0.957724,0.957692,0.960744,0.960289,0.959543,0.958298,0.979371,0.975262,0.974012,0.975998,0.977062,0.977711,0.976308,0.954995,0.977197,0.976331,0.974400,0.974752,0.977930,0.973217,0.964078,0.963576,0.962205,0.962202,0.984095,0.953283,0.961851,0.957908,0.962957,0.961979,0.958125,0.959299,0.955737,0.955092,0.974571,0.976248,0.974777,0.970297,0.973958,0.974942,0.975661,0.958551,0.976887,0.976191,0.975427,0.975548,0.979822,0.974183,0.967291,0.966324,0.965644,0.964083
allando_v_sin_a2_f1_v60,0.936421,0.970549,0.970213,0.968613,0.968542,0.968274,0.967952,0.967650,0.967441,0.967429,0.950037,0.958797,0.962174,0.963477,0.968014,0.972067,0.977416,0.894692,0.978308,0.990162,1.000000,0.989826,0.983559,0.982714,0.974907,0.972110,0.971652,0.971058,0.938582,0.969228,0.969292,0.968389,0.968089,0.967801,0.967536,0.967719,0.967485,0.967086,0.956593,0.962004,0.964647,0.965711,0.970591,0.972411,0.978441,0.895260,0.978868,0.989982,0.999404,0.990663,0.982490,0.981157,0.972424,0.976789,0.972896,0.969825,0.948998,0.973561,0.975341,0.972703,0.973057,0.971120,0.969621,0.969146,0.968539,0.968574,0.960913,0.960866,0.965518,0.966298,0.970743,0.973803,0.976992,0.914900,0.980229,0.989646,0.998794,0.985129,0.982059,0.981048,0.979101,0.976334,0.972481,0.973359,0.957029,0.975600,0.975337,0.976511,0.976068,0.976132,0.975046,0.973095,0.973714,0.972546,0.960847,0.961703,0.968110,0.968572,0.975047,0.976270,0.977102,0.922745,0.983928,0.989435,0.998330,0.980048,0.978205,0.983533,0.972180,0.976023,0.974923,0.978218,0.965751,0.968176,0.967923,0.967091,0.967065,0.966757,0.966072,0.966266,0.966061,0.966071,0.968547,0.969862,0.974833,0.972363,0.973069,0.971827,0.971073,0.931960,0.971954,0.970393,0.970934,0.970933,0.969984,0.970121,0.970113,0.970159,0.969826,0.969328,0.970740,0.965160,0.965072,0.964594,0.964340,0.965293,0.964049,0.964068,0.964233,0.964495,0.971963,0.972031,0.973893,0.974361,0.972544,0.972230,0.972137,0.942439,0.975131,0.972295,0.971271,0.971856,0.969050,0.967963,0.967427,0.966945,0.966480,0.966778,0.974499,0.958928,0.958877,0.960559,0.958653,0.958560,0.960656,0.960673,0.961348,0.960794,0.975156,0.973148,0.973383,0.972875,0.974221,0.973780,0.970939,0.951498,0.972504,0.972470,0.970775,0.971369,0.976328,0.974458,0.964409,0.966169,0.961921,0.963257,0.979374,0.955014,0.965073,0.957058,0.962529,0.962256,0.956840,0.958826,0.957006,0.956661,0.973561,0.974516,0.973383,0.969539,0.970625,0.971253,0.972066,0.955490,0.973113,0.972624,0.972077,0.971909,0.978758,0.976239,0.967981,0.969122,0.964371,0.965187
allando_v_sin_a2_f1_v65,0.938252,0.977782,0.977213,0.975190,0.975344,0.975148,0.974808,0.974464,0.974258,0.974108,0.950862,0.954753,0.961969,0.965442,0.971351,0.976795,0.979555,0.894507,0.984666,0.987131,0.989826,1.000000,0.996104,0.992978,0.982502,0.979498,0.979164,0.978413,0.938972,0.976700,0.976229,0.975164,0.974748,0.974364,0.974049,0.973978,0.973830,0.973229,0.954799,0.959674,0.965602,0.967696,0.974022,0.977745,0.979450,0.895289,0.985197,0.987482,0.989325,0.998424,0.994246,0.992151,0.980606,0.984294,0.979844,0.977030,0.947452,0.983327,0.985577,0.980143,0.980186,0.978088,0.976361,0.975793,0.975102,0.975178,0.960531,0.961089,0.966027,0.968955,0.974056,0.978496,0.979406,0.914565,0.985208,0.987659,0.988635,0.997760,0.993934,0.993955,0.985630,0.980493,0.980673,0.982706,0.956868,0.985341,0.984838,0.985421,0.982419,0.979788,0.979482,0.979296,0.981875,0.978545,0.962539,0.961935,0.971089,0.974171,0.976993,0.981653,0.979870,0.920863,0.983280,0.986421,0.988193,0.994746,0.989949,0.994525,0.978757,0.984346,0.983945,0.984343,0.972505,0.974781,0.974432,0.973590,0.973568,0.973201,0.972483,0.972341,0.972527,0.972460,0.971140,0.973965,0.980747,0.977993,0.978898,0.978561,0.977314,0.934052,0.977469,0.977113,0.977068,0.976143,0.975745,0.976315,0.976714,0.976716,0.976220,0.975668,0.979088,0.972180,0.972102,0.971593,0.971367,0.971898,0.970813,0.970716,0.970845,0.971219,0.975272,0.976006,0.979571,0.979756,0.977617,0.978388,0.978494,0.945017,0.979761,0.978953,0.977099,0.978032,0.975035,0.974332,0.973937,0.973516,0.973316,0.973664,0.981815,0.967782,0.967567,0.970486,0.969043,0.968643,0.969992,0.969910,0.968138,0.966903,0.980180,0.978361,0.976957,0.978354,0.979610,0.979663,0.977670,0.953710,0.978336,0.978719,0.977004,0.975829,0.979060,0.978201,0.978865,0.977085,0.970513,0.971630,0.978605,0.965027,0.970460,0.968749,0.970649,0.970273,0.964944,0.967993,0.962201,0.962891,0.979086,0.980588,0.978238,0.974252,0.976849,0.976095,0.978475,0.957581,0.978374,0.978271,0.977694,0.976221,0.981214,0.978932,0.981716,0.979225,0.971185,0.974486
allando_v_sin_a2_f1_v70,0.938617,0.980696,0.980140,0.978149,0.978330,0.978079,0.977755,0.977441,0.977240,0.977045,0.949561,0.952696,0.960266,0.964910,0.971599,0.977674,0.980086,0.894632,0.985799,0.981958,0.983559,0.996104,1.000000,0.995278,0.985290,0.982293,0.982068,0.981380,0.938479,0.979799,0.979066,0.977953,0.977550,0.977172,0.976788,0.976691,0.976573,0.975997,0.952720,0.958593,0.964473,0.967204,0.973826,0.978845,0.979595,0.895429,0.985911,0.982463,0.983490,0.993123,0.999007,0.994233,0.983123,0.987551,0.983101,0.980172,0.946039,0.983919,0.987135,0.981842,0.983012,0.980997,0.979231,0.978893,0.978199,0.978260,0.959451,0.961249,0.964741,0.968355,0.973818,0.978843,0.980019,0.913648,0.984726,0.982637,0.982848,0.993962,0.998494,0.994630,0.988566,0.982734,0.983106,0.985753,0.956267,0.985776,0.985032,0.986345,0.984562,0.981476,0.981581,0.980689,0.983649,0.980667,0.961858,0.961993,0.969863,0.974172,0.976115,0.982102,0.980046,0.919275,0.981749,0.980014,0.981959,0.993367,0.993870,0.994337,0.982401,0.985023,0.987215,0.986219,0.974848,0.977806,0.977510,0.976571,0.976531,0.976124,0.975500,0.975365,0.975592,0.975513,0.973007,0.976481,0.981899,0.979794,0.980299,0.980276,0.979840,0.933478,0.980487,0.980470,0.980023,0.978561,0.978681,0.979343,0.979911,0.979818,0.979182,0.978635,0.982033,0.975611,0.975549,0.975055,0.974831,0.975147,0.974237,0.974202,0.974286,0.974566,0.977663,0.978773,0.981176,0.981415,0.978914,0.980734,0.980838,0.943996,0.981900,0.981747,0.980594,0.980924,0.978052,0.977489,0.977112,0.976876,0.976647,0.976926,0.983522,0.972817,0.972263,0.973928,0.972441,0.971261,0.973226,0.973755,0.971914,0.970611,0.981914,0.981083,0.979228,0.980454,0.981770,0.981125,0.979300,0.952960,0.981479,0.981567,0.980713,0.978513,0.979274,0.979477,0.982986,0.981691,0.975018,0.976754,0.977939,0.970200,0.973734,0.969693,0.971925,0.971181,0.971110,0.969698,0.967106,0.966113,0.981988,0.982769,0.981036,0.977047,0.978461,0.977549,0.979737,0.957058,0.981337,0.981247,0.981049,0.978741,0.981251,0.979595,0.985424,0.983812,0.975236,0.978676
allando_v_sin_a2_f1_v75,0.934062,0.990455,0.990041,0.988561,0.988836,0.988636,0.988374,0.988105,0.987940,0.987769,0.945348,0.949691,0.956336,0.961418,0.967303,0.973382,0.976952,0.886847,0.980776,0.981025,0.982714,0.992978,0.995278,1.000000,0.993650,0.991383,0.991560,0.990991,0.933459,0.989815,0.988790,0.987452,0.987117,0.986791,0.986469,0.986397,0.986296,0.985885,0.948971,0.955295,0.960612,0.964679,0.970000,0.974565,0.976858,0.887866,0.981569,0.981580,0.983057,0.992086,0.994278,0.996671,0.987806,0.995038,0.992518,0.990021,0.942270,0.991034,0.993567,0.989761,0.992134,0.990979,0.989505,0.989102,0.988744,0.988588,0.955822,0.957497,0.961764,0.966009,0.970823,0.974088,0.977070,0.905509,0.980296,0.981415,0.981787,0.989523,0.993207,0.995175,0.991182,0.988913,0.988338,0.991739,0.952339,0.989866,0.990946,0.990942,0.991036,0.987301,0.988432,0.986993,0.989193,0.986588,0.958326,0.959450,0.967422,0.970011,0.973231,0.978707,0.977461,0.911557,0.978993,0.977269,0.979604,0.987213,0.988652,0.993632,0.983011,0.988845,0.989166,0.989774,0.974213,0.987193,0.987025,0.986331,0.986158,0.985833,0.985513,0.985196,0.985242,0.985213,0.974988,0.977394,0.984949,0.984475,0.986167,0.986789,0.987222,0.929688,0.988096,0.987696,0.986738,0.986337,0.986334,0.987416,0.988090,0.988258,0.987945,0.987708,0.982645,0.985657,0.985590,0.985229,0.985061,0.985192,0.984609,0.984570,0.984593,0.984889,0.981245,0.982064,0.985391,0.987137,0.985364,0.987648,0.987527,0.940166,0.988198,0.988790,0.987726,0.987889,0.987134,0.986801,0.986680,0.986520,0.986432,0.986750,0.984140,0.982511,0.981490,0.983665,0.982220,0.981806,0.983521,0.983738,0.982494,0.981009,0.985560,0.985658,0.984466,0.985987,0.987485,0.986494,0.985085,0.950478,0.986867,0.987386,0.986513,0.985365,0.987074,0.988066,0.988956,0.989732,0.985130,0.986023,0.980066,0.978492,0.982307,0.979271,0.981333,0.981016,0.978601,0.979742,0.976155,0.976623,0.986572,0.988479,0.987286,0.983207,0.985382,0.984253,0.986541,0.955008,0.987345,0.987477,0.986539,0.985471,0.987695,0.987338,0.990706,0.990800,0.984243,0.987062
allando_v_sin_a2_f1_v80,0.928234,0.998781,0.998831,0.998264,0.998479,0.998316,0.998095,0.997938,0.997850,0.997778,0.941800,0.946669,0.953043,0.956710,0.962961,0.967759,0.973081,0.886234,0.974945,0.975738,0.974907,0.982502,0.985290,0.993650,1.000000,0.999273,0.999414,0.998988,0.927112,0.998565,0.998348,0.997623,0.997496,0.997345,0.997138,0.997202,0.997175,0.997084,0.945358,0.952013,0.957170,0.960127,0.965651,0.969125,0.973522,0.887187,0.975864,0.975429,0.976102,0.982837,0.985038,0.987091,0.982329,0.993210,0.999087,0.998732,0.935288,0.989851,0.992239,0.990844,0.996638,0.998170,0.998347,0.998102,0.997962,0.997920,0.952613,0.954057,0.958784,0.961437,0.966729,0.969312,0.974091,0.901965,0.975170,0.974827,0.974738,0.977663,0.983668,0.986360,0.984712,0.983260,0.985363,0.988210,0.945395,0.986335,0.987527,0.988681,0.988675,0.987875,0.988470,0.986710,0.988007,0.986404,0.954462,0.956551,0.964931,0.965642,0.969108,0.973162,0.973594,0.907933,0.973687,0.970622,0.971915,0.974020,0.978556,0.983764,0.976078,0.980958,0.983200,0.984794,0.970705,0.993958,0.993989,0.993858,0.993423,0.993310,0.993479,0.993188,0.993146,0.993148,0.975664,0.976159,0.984357,0.985292,0.987258,0.987727,0.989711,0.929079,0.990783,0.990865,0.990093,0.990401,0.990766,0.992336,0.993223,0.993677,0.993622,0.993671,0.978678,0.994048,0.994157,0.993909,0.993710,0.993753,0.993456,0.993663,0.993675,0.993641,0.981519,0.981831,0.985559,0.987762,0.986810,0.988477,0.988757,0.937895,0.989956,0.991631,0.991550,0.991654,0.993677,0.993825,0.994287,0.994439,0.994417,0.994227,0.981075,0.985795,0.985253,0.987686,0.987377,0.986956,0.989231,0.989330,0.989554,0.988234,0.984910,0.985889,0.985347,0.987880,0.989737,0.988996,0.987798,0.948134,0.989779,0.990610,0.990298,0.989886,0.991700,0.991841,0.989904,0.990966,0.987152,0.988185,0.979550,0.980396,0.984852,0.983186,0.986013,0.985920,0.985612,0.986548,0.984028,0.984549,0.984059,0.987934,0.987956,0.985080,0.988265,0.987514,0.989161,0.952543,0.989638,0.989829,0.989586,0.988992,0.990470,0.988975,0.990364,0.990794,0.986178,0.987779
allando_v_sin_a2_f1_v85,0.925830,0.999747,0.999741,0.999522,0.999488,0.999429,0.999375,0.999299,0.999244,0.999192,0.939981,0.945569,0.950885,0.954380,0.960310,0.965013,0.970714,0.884564,0.972035,0.973004,0.972110,0.979498,0.982293,0.991383,0.999273,1.000000,0.999755,0.999805,0.924703,0.999510,0.999404,0.998910,0.998826,0.998725,0.998553,0.998628,0.998619,0.998591,0.943536,0.950802,0.954931,0.957795,0.962965,0.966485,0.971235,0.885488,0.972941,0.972532,0.973424,0.979896,0.982018,0.984331,0.980127,0.991647,0.999260,0.999622,0.932907,0.988306,0.990521,0.989836,0.996193,0.998434,0.998813,0.998829,0.998758,0.998765,0.950707,0.952747,0.956478,0.959117,0.964269,0.966845,0.971891,0.899816,0.972317,0.971971,0.972070,0.974261,0.980616,0.983559,0.982574,0.981112,0.983354,0.986098,0.942782,0.984452,0.985703,0.987174,0.987301,0.985287,0.985946,0.985613,0.986868,0.986072,0.952312,0.955273,0.962730,0.963160,0.966741,0.970571,0.971145,0.905921,0.971066,0.967693,0.969191,0.970496,0.975398,0.980871,0.973773,0.978382,0.980885,0.982565,0.969496,0.994138,0.994218,0.994230,0.993894,0.993818,0.993966,0.993892,0.993846,0.993833,0.973910,0.975910,0.983333,0.984406,0.986498,0.986732,0.988513,0.928506,0.989690,0.989986,0.989331,0.989799,0.990311,0.992063,0.993100,0.993751,0.993819,0.993929,0.977057,0.994981,0.995058,0.994998,0.994798,0.994697,0.994415,0.994727,0.994696,0.994682,0.979507,0.981779,0.984669,0.986769,0.985803,0.987477,0.987666,0.937036,0.988986,0.990853,0.990924,0.991030,0.993562,0.993851,0.994750,0.994724,0.994852,0.994982,0.979454,0.985549,0.985050,0.987431,0.987496,0.986968,0.989554,0.989610,0.989568,0.988109,0.983628,0.985195,0.985284,0.987304,0.988866,0.988041,0.986936,0.947040,0.988939,0.989877,0.989670,0.989400,0.991367,0.991552,0.989096,0.990207,0.986698,0.987692,0.978396,0.979416,0.984123,0.982797,0.985812,0.985932,0.985983,0.986716,0.983259,0.983731,0.982520,0.986650,0.987394,0.984900,0.987375,0.986692,0.988224,0.951315,0.988670,0.988881,0.988748,0.988219,0.989761,0.988447,0.989229,0.989793,0.985685,0.986777
allando_v_sin_a2_f1_v90,0.924270,0.999728,0.999770,0.999432,0.999607,0.999529,0.999401,0.999291,0.999231,0.999187,0.937777,0.943476,0.948948,0.952859,0.958740,0.963697,0.969423,0.881971,0.970645,0.972182,0.971652,0.979164,0.982068,0.991560,0.999414,0.999755,1.000000,0.999819,0.923023,0.999474,0.999173,0.998501,0.998410,0.998293,0.998104,0.998199,0.998210,0.998241,0.941404,0.948791,0.953179,0.956461,0.961514,0.965135,0.969958,0.882915,0.971591,0.971905,0.972975,0.979795,0.981874,0.984665,0.980977,0.992383,0.999433,0.999541,0.931521,0.988958,0.991059,0.990216,0.996592,0.998676,0.998947,0.998914,0.998898,0.998834,0.948690,0.950775,0.954838,0.957801,0.963033,0.965358,0.970636,0.897325,0.970975,0.971324,0.971562,0.973806,0.980336,0.983689,0.983167,0.982044,0.983991,0.986881,0.941629,0.984809,0.986340,0.987240,0.987831,0.985890,0.986830,0.985452,0.986706,0.985648,0.950367,0.953414,0.961387,0.961517,0.965451,0.969280,0.970014,0.903465,0.970035,0.966703,0.968474,0.969791,0.975090,0.980847,0.974170,0.979280,0.981393,0.983082,0.969248,0.994729,0.994795,0.994767,0.994342,0.994271,0.994470,0.994314,0.994246,0.994243,0.973889,0.975267,0.983254,0.984381,0.986659,0.987161,0.989073,0.927427,0.990298,0.990614,0.989935,0.990464,0.990937,0.992635,0.993632,0.994245,0.994303,0.994387,0.976892,0.995437,0.995544,0.995373,0.995192,0.995142,0.994871,0.995142,0.995140,0.995134,0.979952,0.981229,0.984652,0.987042,0.985961,0.987909,0.988073,0.935962,0.989222,0.991323,0.991343,0.991508,0.994195,0.994528,0.995328,0.995391,0.995456,0.995492,0.979082,0.986906,0.986284,0.988687,0.988622,0.988155,0.990471,0.990582,0.990791,0.989423,0.983737,0.985048,0.985040,0.987266,0.988936,0.987914,0.987000,0.946024,0.989005,0.990102,0.989904,0.989763,0.991759,0.992100,0.989521,0.990830,0.988084,0.989009,0.977961,0.980779,0.985179,0.983850,0.986737,0.986856,0.986646,0.987767,0.984493,0.985160,0.983212,0.987182,0.987398,0.984784,0.987505,0.986593,0.988425,0.950241,0.988780,0.989133,0.988876,0.988530,0.990058,0.989057,0.989680,0.990379,0.986844,0.987906
allando_v_sin_a2_f1_v95,0.923474,0.999942,0.999907,0.999653,0.999726,0.999687,0.999632,0.999539,0.999470,0.999415,0.937624,0.943563,0.948809,0.952699,0.958456,0.963366,0.969212,0.881332,0.970133,0.971701,0.971058,0.978413,0.981380,0.990991,0.998988,0.999805,0.999819,1.000000,0.922315,0.999703,0.999411,0.998761,0.998651,0.998522,0.998303,0.998404,0.998407,0.998437,0.941443,0.948892,0.953024,0.956326,0.961248,0.964821,0.969785,0.882271,0.971068,0.971368,0.972475,0.979094,0.981205,0.984048,0.981358,0.992208,0.999462,0.999784,0.931064,0.988882,0.990857,0.990241,0.996621,0.998748,0.999007,0.999050,0.999047,0.999001,0.948853,0.950908,0.954661,0.957702,0.962718,0.965013,0.970486,0.896690,0.970512,0.970693,0.970957,0.972880,0.979576,0.983063,0.983027,0.981648,0.983766,0.986521,0.941210,0.984766,0.986208,0.987130,0.987676,0.985311,0.986145,0.985886,0.987019,0.986470,0.950499,0.953575,0.961215,0.961196,0.965181,0.968963,0.969802,0.902918,0.969807,0.966035,0.967883,0.968798,0.974430,0.980205,0.973981,0.978894,0.981117,0.982726,0.968821,0.994786,0.994864,0.994870,0.994508,0.994445,0.994612,0.994521,0.994455,0.994458,0.973358,0.975402,0.983173,0.984434,0.986629,0.987009,0.988793,0.926908,0.990135,0.990534,0.989874,0.990455,0.990959,0.992677,0.993694,0.994347,0.994447,0.994528,0.976287,0.995739,0.995814,0.995685,0.995469,0.995387,0.995135,0.995407,0.995400,0.995417,0.979179,0.981423,0.984553,0.986963,0.985987,0.987843,0.987908,0.935330,0.989119,0.991228,0.991388,0.991419,0.994170,0.994519,0.995454,0.995410,0.995548,0.995718,0.978506,0.986888,0.986323,0.988679,0.988773,0.988276,0.990670,0.990627,0.990611,0.989193,0.983403,0.985298,0.985159,0.987227,0.988863,0.987778,0.986818,0.945442,0.988928,0.990031,0.989976,0.989742,0.991774,0.992012,0.989111,0.990424,0.987996,0.989000,0.977719,0.980606,0.985184,0.983903,0.986895,0.986941,0.986811,0.987740,0.984092,0.984703,0.982848,0.986815,0.987657,0.984883,0.987426,0.986664,0.988341,0.949704,0.988678,0.989004,0.988961,0.988486,0.990044,0.988996,0.989247,0.989955,0.986896,0.987694
allando_v_sin_a2_f3_v10,0.997836,0.922001,0.922237,0.920532,0.919844,0.919360,0.918802,0.918521,0.918238,0.918082,0.982967,0.976459,0.975501,0.972242,0.962806,0.962801,0.958802,0.951090,0.952067,0.950574,0.938582,0.938972,0.938479,0.933459,0.927112,0.924703,0.923023,0.922315,1.000000,0.921813,0.923889,0.925616,0.925389,0.925388,0.925779,0.925127,0.924704,0.923736,0.978293,0.972993,0.970162,0.967080,0.959007,0.957381,0.953801,0.951577,0.948711,0.947449,0.937798,0.935326,0.934612,0.933862,0.931339,0.929997,0.926803,0.922644,0.993817,0.920315,0.920452,0.917196,0.918537,0.919388,0.919521,0.919132,0.917551,0.917819,0.973271,0.969272,0.964752,0.962172,0.957768,0.955281,0.953786,0.967644,0.947785,0.947641,0.937188,0.934598,0.937476,0.937369,0.940338,0.933372,0.924737,0.926264,0.989456,0.924510,0.924219,0.927238,0.930163,0.920323,0.920483,0.917281,0.920245,0.915857,0.971158,0.964020,0.961750,0.958155,0.956344,0.952815,0.948200,0.968083,0.948224,0.940743,0.936589,0.934847,0.934424,0.941125,0.937092,0.937997,0.930347,0.929888,0.966720,0.908970,0.908819,0.907340,0.907009,0.906352,0.905593,0.905606,0.905779,0.905755,0.950884,0.940428,0.936933,0.930097,0.926312,0.922573,0.916492,0.938472,0.915248,0.912232,0.906921,0.905405,0.905119,0.906836,0.908799,0.910169,0.910521,0.909922,0.960020,0.905081,0.905048,0.904830,0.903709,0.903367,0.902286,0.903553,0.902825,0.902285,0.947760,0.934830,0.930082,0.927867,0.921677,0.923156,0.920108,0.941349,0.919334,0.915389,0.911970,0.909579,0.907154,0.905698,0.906675,0.906234,0.906853,0.904821,0.954832,0.900313,0.897313,0.899087,0.896004,0.895110,0.898213,0.899203,0.896456,0.894187,0.947000,0.932793,0.928657,0.927052,0.928033,0.925264,0.921762,0.946083,0.921447,0.920148,0.916569,0.914328,0.913357,0.911611,0.904849,0.905112,0.910485,0.911273,0.952394,0.900281,0.904417,0.899102,0.900286,0.899539,0.897913,0.898524,0.893876,0.891999,0.942422,0.932389,0.926918,0.920256,0.922332,0.920286,0.920269,0.946302,0.920505,0.919609,0.917095,0.915674,0.916911,0.914464,0.909837,0.910711,0.913485,0.915850
allando_v_sin_a2_f3_v100,0.922992,0.999756,0.999739,0.999649,0.999610,0.999593,0.999581,0.999522,0.999462,0.999411,0.936165,0.942527,0.948201,0.952079,0.957801,0.962533,0.967994,0.881816,0.968658,0.970114,0.969228,0.976700,0.979799,0.989815,0.998565,0.999510,0.999474,0.999703,0.921813,1.000000,0.999752,0.999291,0.999219,0.999109,0.998898,0.998967,0.998970,0.998952,0.940123,0.948065,0.952684,0.955835,0.960709,0.964180,0.968615,0.882759,0.969658,0.969894,0.970761,0.977518,0.979787,0.983033,0.980060,0.991574,0.999378,0.999917,0.930635,0.988587,0.990549,0.989886,0.996457,0.998862,0.999340,0.999392,0.999342,0.999382,0.947719,0.950225,0.954408,0.957354,0.962339,0.964349,0.969550,0.896787,0.969245,0.969053,0.969341,0.971206,0.978211,0.981945,0.982072,0.981084,0.983625,0.986389,0.940752,0.984211,0.985830,0.986379,0.986935,0.984209,0.985190,0.984687,0.985915,0.986020,0.949546,0.952931,0.960861,0.960841,0.964522,0.968128,0.968600,0.903078,0.968770,0.964314,0.966314,0.966944,0.973059,0.978906,0.972860,0.978208,0.980790,0.982339,0.968309,0.994461,0.994586,0.994640,0.994235,0.994171,0.994408,0.994302,0.994264,0.994274,0.972556,0.974704,0.982430,0.983770,0.985939,0.986351,0.988093,0.927061,0.989369,0.989753,0.988906,0.989622,0.990125,0.991950,0.993092,0.993889,0.994041,0.994146,0.976002,0.995741,0.995804,0.995832,0.995579,0.995406,0.995178,0.995520,0.995475,0.995501,0.978805,0.980840,0.983695,0.986196,0.985211,0.987136,0.987067,0.935445,0.988238,0.990588,0.990677,0.990511,0.993763,0.994118,0.995193,0.995300,0.995430,0.995679,0.978272,0.987088,0.986551,0.988872,0.988838,0.988379,0.990533,0.990360,0.990270,0.988758,0.983162,0.984448,0.984418,0.986499,0.988265,0.987173,0.986271,0.945695,0.988317,0.989450,0.989278,0.989020,0.990952,0.991415,0.988267,0.989961,0.987544,0.988575,0.977553,0.981019,0.985256,0.983974,0.986788,0.986735,0.986311,0.987494,0.983427,0.984284,0.982558,0.986159,0.986760,0.984017,0.986942,0.986082,0.987811,0.949882,0.988029,0.988391,0.988121,0.987715,0.989097,0.988113,0.988346,0.989394,0.986254,0.987237
allando_v_sin_a2_f3_v105,0.925095,0.999468,0.999567,0.999499,0.999407,0.999355,0.999321,0.999261,0.999207,0.999168,0.938378,0.944268,0.950252,0.953928,0.959225,0.963637,0.968969,0.886387,0.969513,0.970731,0.969292,0.976229,0.979066,0.988790,0.998348,0.999404,0.999173,0.999411,0.923889,0.999752,1.000000,0.999811,0.999755,0.999656,0.999460,0.999553,0.999559,0.999518,0.942162,0.949745,0.954648,0.957487,0.962014,0.965279,0.969544,0.887306,0.970486,0.970325,0.970865,0.976897,0.978940,0.981779,0.978738,0.989993,0.998997,0.999762,0.932211,0.987007,0.989117,0.988883,0.995596,0.998354,0.999147,0.999185,0.999076,0.999150,0.949737,0.951884,0.956310,0.958935,0.963523,0.965630,0.970550,0.900896,0.970068,0.969658,0.969562,0.970866,0.977497,0.981010,0.980861,0.979421,0.981705,0.984320,0.942254,0.982873,0.984266,0.985803,0.986076,0.983645,0.984337,0.984133,0.985350,0.985174,0.951481,0.954449,0.962364,0.962475,0.965767,0.969110,0.969339,0.907101,0.969225,0.965114,0.966704,0.966739,0.972318,0.978248,0.971980,0.976507,0.978915,0.980652,0.968966,0.993744,0.993909,0.994033,0.993571,0.993523,0.993834,0.993741,0.993686,0.993703,0.973186,0.974675,0.982287,0.983521,0.985625,0.985736,0.987379,0.930660,0.988507,0.988774,0.987945,0.988583,0.989098,0.990986,0.992190,0.993043,0.993230,0.993345,0.976258,0.995203,0.995301,0.995303,0.994988,0.994849,0.994618,0.995047,0.994990,0.994884,0.978879,0.980499,0.983375,0.985842,0.984856,0.986484,0.986407,0.938866,0.987586,0.989700,0.989823,0.989692,0.992990,0.993383,0.994561,0.994645,0.994913,0.994907,0.978559,0.984521,0.983930,0.986541,0.986848,0.986427,0.989090,0.989026,0.988952,0.987369,0.983077,0.984269,0.983876,0.986097,0.988070,0.987124,0.986091,0.948874,0.987926,0.988834,0.988577,0.988367,0.990249,0.990287,0.986941,0.988519,0.985801,0.986692,0.978121,0.978126,0.982702,0.982094,0.985061,0.985279,0.985235,0.986219,0.982253,0.982831,0.981624,0.985555,0.986120,0.983272,0.986584,0.985913,0.987307,0.952958,0.987537,0.987608,0.987446,0.987016,0.988445,0.986962,0.986938,0.987965,0.984692,0.985295
allando_v_sin_a2_f3_v110,0.926933,0.998898,0.999050,0.999086,0.998870,0.998832,0.998834,0.998837,0.998812,0.998781,0.939309,0.945400,0.951446,0.954757,0.959573,0.963704,0.968991,0.889904,0.969311,0.970107,0.968389,0.975164,0.977953,0.987452,0.997623,0.998910,0.998501,0.998761,0.925616,0.999291,0.999811,1.000000,0.999985,0.999943,0.999817,0.999850,0.999834,0.999705,0.942780,0.950806,0.955689,0.958118,0.962180,0.965282,0.969467,0.890791,0.970185,0.969576,0.969989,0.975618,0.977751,0.980326,0.977468,0.988539,0.998328,0.999282,0.933442,0.985494,0.987640,0.987641,0.994536,0.997640,0.998680,0.998758,0.998589,0.998715,0.950265,0.952848,0.957191,0.959403,0.963622,0.965688,0.970508,0.903910,0.969777,0.968950,0.968744,0.969782,0.976386,0.979740,0.979610,0.977917,0.980248,0.982723,0.943303,0.981423,0.982759,0.984812,0.984981,0.982430,0.983058,0.982658,0.983910,0.984061,0.951900,0.955227,0.962916,0.962942,0.965792,0.968874,0.969023,0.909978,0.968801,0.964427,0.965966,0.965748,0.971219,0.977090,0.970992,0.975020,0.977460,0.979236,0.969297,0.992571,0.992775,0.992972,0.992521,0.992470,0.992826,0.992756,0.992703,0.992720,0.972994,0.974342,0.981675,0.982806,0.984762,0.984565,0.986019,0.932980,0.987046,0.987334,0.986517,0.987093,0.987631,0.989589,0.990886,0.991824,0.992054,0.992173,0.976196,0.994225,0.994322,0.994505,0.994215,0.993950,0.993676,0.994233,0.994113,0.994011,0.978478,0.980194,0.982538,0.984970,0.983859,0.985329,0.985065,0.940929,0.986252,0.988327,0.988496,0.988292,0.991742,0.992100,0.993415,0.993558,0.993858,0.993853,0.978313,0.982730,0.982141,0.984801,0.985231,0.984789,0.987705,0.987695,0.987612,0.985977,0.982572,0.983231,0.983258,0.985212,0.987272,0.986324,0.985074,0.950748,0.986852,0.987685,0.987384,0.987145,0.988903,0.988813,0.985361,0.986963,0.984216,0.985109,0.977945,0.976302,0.980909,0.980482,0.983494,0.983801,0.984133,0.984914,0.980996,0.981379,0.980663,0.984512,0.984872,0.982237,0.985709,0.985031,0.986140,0.954724,0.986347,0.986322,0.986220,0.985743,0.987096,0.985409,0.985333,0.986444,0.983167,0.983661
allando_v_sin_a2_f3_v115,0.926706,0.998804,0.998973,0.999049,0.998824,0.998791,0.998799,0.998817,0.998802,0.998777,0.938959,0.945111,0.951164,0.954471,0.959336,0.963426,0.968697,0.889603,0.968937,0.969780,0.968089,0.974748,0.977550,0.987117,0.997496,0.998826,0.998410,0.998651,0.925389,0.999219,0.999755,0.999985,1.000000,0.999977,0.999879,0.999901,0.999877,0.999739,0.942431,0.950532,0.955411,0.957850,0.961955,0.965023,0.969194,0.890488,0.969823,0.969261,0.969709,0.975223,0.977379,0.980009,0.977071,0.988275,0.998210,0.999201,0.933171,0.985163,0.987304,0.987380,0.994337,0.997537,0.998634,0.998720,0.998549,0.998691,0.949914,0.952574,0.956939,0.959148,0.963447,0.965454,0.970261,0.903543,0.969445,0.968621,0.968490,0.969360,0.976036,0.979372,0.979318,0.977720,0.980063,0.982498,0.943029,0.981085,0.982437,0.984522,0.984741,0.982267,0.982899,0.982381,0.983620,0.983761,0.951553,0.954973,0.962639,0.962669,0.965594,0.968588,0.968733,0.909591,0.968529,0.964094,0.965719,0.965316,0.970898,0.976711,0.970724,0.974735,0.977262,0.979060,0.969063,0.992458,0.992664,0.992873,0.992420,0.992371,0.992742,0.992681,0.992627,0.992644,0.972805,0.974128,0.981405,0.982564,0.984534,0.984351,0.985834,0.932711,0.986842,0.987116,0.986275,0.986869,0.987421,0.989395,0.990720,0.991688,0.991931,0.992050,0.975955,0.994143,0.994250,0.994468,0.994198,0.993902,0.993626,0.994209,0.994069,0.993980,0.978314,0.980058,0.982318,0.984726,0.983598,0.985101,0.984867,0.940634,0.986069,0.988122,0.988285,0.988069,0.991608,0.991969,0.993308,0.993477,0.993775,0.993782,0.978074,0.982664,0.982075,0.984671,0.985051,0.984597,0.987527,0.987542,0.987550,0.985928,0.982329,0.982941,0.983119,0.985019,0.987054,0.986112,0.984918,0.950461,0.986698,0.987521,0.987200,0.986989,0.988719,0.988664,0.985138,0.986790,0.984058,0.984958,0.977769,0.976227,0.980826,0.980217,0.983267,0.983598,0.984009,0.984781,0.980987,0.981364,0.980453,0.984233,0.984550,0.982003,0.985457,0.984793,0.985920,0.954426,0.986169,0.986151,0.986002,0.985565,0.986880,0.985225,0.985090,0.986261,0.983014,0.983473
allando_v_sin_a2_f3_v120,0.926672,0.998696,0.998882,0.999011,0.998763,0.998740,0.998764,0.998806,0.998808,0.998791,0.938707,0.944951,0.950990,0.954207,0.958983,0.963053,0.968356,0.889513,0.968595,0.969479,0.967801,0.974364,0.977172,0.986791,0.997345,0.998725,0.998293,0.998522,0.925388,0.999109,0.999656,0.999943,0.999977,1.000000,0.999949,0.999950,0.999915,0.999754,0.942136,0.950315,0.955148,0.957559,0.961561,0.964620,0.968854,0.890384,0.969462,0.968966,0.969418,0.974842,0.976999,0.979654,0.976834,0.988088,0.998069,0.999083,0.933070,0.984839,0.987016,0.987102,0.994139,0.997406,0.998548,0.998641,0.998465,0.998624,0.949570,0.952313,0.956682,0.958862,0.963046,0.965071,0.969906,0.903345,0.969129,0.968321,0.968176,0.968949,0.975679,0.979017,0.979064,0.977498,0.979766,0.982210,0.942845,0.980721,0.982148,0.984217,0.984525,0.981981,0.982637,0.982022,0.983283,0.983330,0.951152,0.954700,0.962363,0.962327,0.965211,0.968158,0.968363,0.909376,0.968260,0.963787,0.965413,0.964884,0.970562,0.976380,0.970486,0.974463,0.976926,0.978729,0.968777,0.992260,0.992474,0.992705,0.992276,0.992228,0.992608,0.992556,0.992498,0.992514,0.972426,0.973841,0.981109,0.982287,0.984245,0.983996,0.985483,0.932315,0.986535,0.986839,0.986014,0.986659,0.987210,0.989186,0.990521,0.991496,0.991745,0.991865,0.975634,0.993966,0.994081,0.994365,0.994127,0.993802,0.993511,0.994125,0.993966,0.993906,0.977939,0.979894,0.982028,0.984430,0.983290,0.984791,0.984521,0.940166,0.985787,0.987850,0.988019,0.987841,0.991422,0.991774,0.993134,0.993325,0.993596,0.993642,0.977718,0.982491,0.981902,0.984492,0.984867,0.984419,0.987353,0.987393,0.987385,0.985785,0.981965,0.982481,0.982946,0.984741,0.986775,0.985832,0.984593,0.949999,0.986435,0.987282,0.986965,0.986843,0.988528,0.988520,0.984889,0.986585,0.983916,0.984862,0.977503,0.976057,0.980694,0.979990,0.983120,0.983419,0.983893,0.984583,0.980845,0.981190,0.980102,0.983823,0.984073,0.981685,0.985182,0.984528,0.985608,0.953957,0.985879,0.985896,0.985749,0.985408,0.986667,0.985076,0.984835,0.986031,0.982836,0.983369
allando_v_sin_a2_f3_v125,0.926917,0.998487,0.998691,0.998863,0.998597,0.998579,0.998622,0.998694,0.998721,0.998718,0.938760,0.945049,0.951158,0.954264,0.958921,0.962841,0.968207,0.889734,0.968266,0.969318,0.967536,0.974049,0.976788,0.986469,0.997138,0.998553,0.998104,0.998303,0.925779,0.998898,0.999460,0.999817,0.999879,0.999949,1.000000,0.999960,0.999890,0.999695,0.942253,0.950428,0.955280,0.957642,0.961499,0.964409,0.968728,0.890593,0.969166,0.968819,0.969180,0.974568,0.976646,0.979391,0.976724,0.987881,0.997871,0.998863,0.933390,0.984639,0.986736,0.986923,0.993942,0.997260,0.998429,0.998524,0.998332,0.998509,0.949702,0.952461,0.956870,0.958960,0.963024,0.964875,0.969797,0.903590,0.968886,0.968165,0.967930,0.968657,0.975334,0.978786,0.978852,0.977410,0.979697,0.982059,0.943104,0.980504,0.982022,0.984077,0.984359,0.981826,0.982406,0.981813,0.983011,0.982810,0.951295,0.954905,0.962541,0.962269,0.965192,0.967993,0.968289,0.909595,0.968154,0.963619,0.965187,0.964603,0.970339,0.976137,0.970330,0.974419,0.976774,0.978585,0.968497,0.991935,0.992148,0.992403,0.992017,0.991974,0.992338,0.992305,0.992223,0.992242,0.972118,0.973519,0.980838,0.982050,0.983953,0.983683,0.985130,0.931954,0.986137,0.986438,0.985590,0.986279,0.986844,0.988824,0.990182,0.991174,0.991446,0.991571,0.975366,0.993602,0.993734,0.994078,0.993900,0.993528,0.993224,0.993874,0.993680,0.993657,0.977644,0.979777,0.981751,0.984175,0.983001,0.984510,0.984208,0.939861,0.985434,0.987493,0.987652,0.987491,0.991075,0.991403,0.992774,0.992976,0.993254,0.993316,0.977455,0.982247,0.981624,0.984198,0.984545,0.984130,0.987060,0.987065,0.987072,0.985450,0.981684,0.982025,0.982820,0.984496,0.986530,0.985544,0.984321,0.949817,0.986123,0.986973,0.986611,0.986597,0.988252,0.988196,0.984489,0.986162,0.983681,0.984584,0.977348,0.975898,0.980454,0.979791,0.982865,0.983185,0.983577,0.984284,0.980543,0.980921,0.979839,0.983446,0.983540,0.981352,0.984968,0.984326,0.985361,0.953777,0.985588,0.985618,0.985420,0.985198,0.986391,0.984800,0.984487,0.985658,0.982651,0.983128
allando_v_sin_a2_f3_v130,0.926304,0.998569,0.998785,0.998966,0.998700,0.998675,0.998710,0.998764,0.998793,0.998810,0.938431,0.944835,0.950793,0.953945,0.958724,0.962643,0.967967,0.889217,0.968140,0.969323,0.967719,0.973978,0.976691,0.986397,0.997202,0.998628,0.998199,0.998404,0.925127,0.998967,0.999553,0.999850,0.999901,0.999950,0.999960,1.000000,0.999971,0.999853,0.941931,0.950177,0.954938,0.957327,0.961327,0.964251,0.968517,0.890077,0.969043,0.968803,0.969344,0.974517,0.976526,0.979242,0.976490,0.987792,0.997907,0.998947,0.932802,0.984558,0.986698,0.986880,0.993988,0.997324,0.998482,0.998604,0.998428,0.998602,0.949375,0.952183,0.956526,0.958633,0.962826,0.964755,0.969560,0.903044,0.968755,0.968158,0.968102,0.968528,0.975208,0.978603,0.978693,0.977167,0.979504,0.981882,0.942534,0.980445,0.981869,0.983994,0.984243,0.981762,0.982384,0.981829,0.983069,0.982848,0.950959,0.954599,0.962199,0.962039,0.965044,0.967879,0.968015,0.909087,0.968015,0.963694,0.965376,0.964414,0.970139,0.975977,0.970022,0.974095,0.976595,0.978413,0.968270,0.992141,0.992361,0.992622,0.992248,0.992216,0.992557,0.992590,0.992495,0.992506,0.972019,0.973653,0.980860,0.982073,0.984050,0.983811,0.985317,0.931870,0.986317,0.986555,0.985749,0.986476,0.987022,0.989012,0.990350,0.991344,0.991618,0.991760,0.975153,0.993850,0.993982,0.994260,0.994043,0.993779,0.993505,0.994131,0.993981,0.993873,0.977520,0.979687,0.981841,0.984206,0.983108,0.984568,0.984341,0.939780,0.985622,0.987619,0.987783,0.987665,0.991271,0.991644,0.993018,0.993204,0.993495,0.993515,0.977332,0.982248,0.981696,0.984263,0.984652,0.984236,0.987198,0.987210,0.987241,0.985642,0.981597,0.982064,0.982873,0.984596,0.986574,0.985662,0.984480,0.949679,0.986250,0.987069,0.986733,0.986721,0.988488,0.988415,0.984614,0.986311,0.983635,0.984588,0.977314,0.975828,0.980551,0.979809,0.982976,0.983324,0.983681,0.984413,0.980637,0.981056,0.979711,0.983436,0.983606,0.981512,0.985009,0.984412,0.985474,0.953644,0.985718,0.985702,0.985542,0.985289,0.986603,0.984990,0.984562,0.985753,0.982601,0.983114
allando_v_sin_a2_f3_v135,0.925991,0.998567,0.998798,0.998996,0.998728,0.998708,0.998739,0.998782,0.998816,0.998845,0.938250,0.944595,0.950512,0.953580,0.958381,0.962344,0.967561,0.888767,0.967987,0.968994,0.967485,0.973830,0.976573,0.986296,0.997175,0.998619,0.998210,0.998407,0.924704,0.998970,0.999559,0.999834,0.999877,0.999915,0.999890,0.999971,1.000000,0.999927,0.941554,0.949836,0.954581,0.956898,0.960910,0.963958,0.968032,0.889636,0.968846,0.968430,0.969044,0.974270,0.976348,0.979052,0.976162,0.987615,0.997842,0.998946,0.932292,0.984413,0.986666,0.986782,0.993917,0.997295,0.998449,0.998589,0.998434,0.998595,0.948906,0.951762,0.956099,0.958132,0.962350,0.964450,0.969052,0.902587,0.968460,0.967788,0.967759,0.968358,0.975048,0.978380,0.978274,0.976781,0.979173,0.981630,0.941953,0.980187,0.981655,0.983853,0.984017,0.981525,0.982259,0.981730,0.983073,0.982759,0.950446,0.954147,0.961717,0.961756,0.964535,0.967518,0.967451,0.908625,0.967520,0.963331,0.965023,0.964239,0.969894,0.975706,0.969495,0.973620,0.976195,0.978066,0.968154,0.992174,0.992405,0.992674,0.992306,0.992282,0.992622,0.992683,0.992605,0.992602,0.971879,0.973684,0.980791,0.981993,0.984044,0.983765,0.985282,0.931670,0.986278,0.986517,0.985729,0.986480,0.987026,0.989021,0.990350,0.991346,0.991620,0.991772,0.974998,0.993959,0.994088,0.994338,0.994100,0.993893,0.993636,0.994255,0.994134,0.993975,0.977314,0.979503,0.981772,0.984120,0.983021,0.984481,0.984225,0.939468,0.985526,0.987543,0.987686,0.987663,0.991308,0.991721,0.993113,0.993298,0.993587,0.993587,0.977146,0.982234,0.981707,0.984314,0.984731,0.984352,0.987323,0.987379,0.987373,0.985783,0.981386,0.981900,0.982729,0.984498,0.986472,0.985630,0.984403,0.949269,0.986118,0.986953,0.986583,0.986635,0.988455,0.988444,0.984811,0.986488,0.983553,0.984553,0.976977,0.975776,0.980499,0.979826,0.983008,0.983438,0.983722,0.984506,0.980639,0.981128,0.979437,0.983248,0.983418,0.981455,0.984891,0.984274,0.985343,0.953241,0.985559,0.985536,0.985335,0.985158,0.986506,0.984915,0.984673,0.985859,0.982452,0.983118
allando_v_sin_a2_f3_v140,0.925049,0.998590,0.998833,0.999062,0.998806,0.998786,0.998810,0.998833,0.998867,0.998922,0.937657,0.944300,0.949638,0.952691,0.957677,0.961592,0.967036,0.887689,0.967258,0.968553,0.967086,0.973229,0.975997,0.985885,0.997084,0.998591,0.998241,0.998437,0.923736,0.998952,0.999518,0.999705,0.999739,0.999754,0.999695,0.999853,0.999927,1.000000,0.940961,0.949471,0.953694,0.956015,0.960246,0.963220,0.967546,0.888558,0.968126,0.967855,0.968637,0.973716,0.975765,0.978539,0.975527,0.987315,0.997765,0.998938,0.931379,0.984216,0.986425,0.986762,0.993885,0.997324,0.998433,0.998634,0.998510,0.998657,0.948276,0.951355,0.955208,0.957204,0.961713,0.963734,0.968517,0.901429,0.967734,0.967189,0.967353,0.967621,0.974431,0.977816,0.977750,0.976317,0.978758,0.981225,0.941008,0.979875,0.981347,0.983508,0.983770,0.981472,0.982314,0.981661,0.982933,0.982771,0.949749,0.953809,0.961088,0.960832,0.963922,0.966802,0.966941,0.907478,0.966872,0.962755,0.964596,0.963500,0.969200,0.975086,0.968817,0.973025,0.975698,0.977665,0.967556,0.992215,0.992451,0.992734,0.992400,0.992402,0.992693,0.992829,0.992758,0.992740,0.971691,0.973769,0.980574,0.981613,0.983703,0.983551,0.985196,0.930724,0.986190,0.986447,0.985638,0.986436,0.987019,0.989022,0.990335,0.991343,0.991623,0.991802,0.974408,0.994081,0.994213,0.994379,0.994106,0.994011,0.993794,0.994377,0.994310,0.994062,0.977132,0.979347,0.981717,0.983877,0.982723,0.984229,0.984087,0.938437,0.985402,0.987475,0.987600,0.987564,0.991332,0.991805,0.993226,0.993382,0.993667,0.993639,0.976640,0.982291,0.981805,0.984389,0.984868,0.984512,0.987492,0.987595,0.987718,0.986166,0.981059,0.981752,0.982711,0.984539,0.986282,0.985326,0.984249,0.948255,0.985973,0.986863,0.986485,0.986544,0.988485,0.988485,0.984757,0.986425,0.983501,0.984441,0.976567,0.975666,0.980491,0.979826,0.983069,0.983579,0.983868,0.984725,0.980972,0.981541,0.979020,0.983024,0.983348,0.981682,0.984664,0.983958,0.985158,0.952233,0.985394,0.985391,0.985180,0.984992,0.986414,0.984869,0.984533,0.985723,0.982451,0.982933
allando_v_sin_a2_f3_v15,0.975763,0.940558,0.940771,0.938709,0.938577,0.938111,0.937598,0.937077,0.936645,0.936432,0.996357,0.987276,0.985020,0.977964,0.975838,0.972960,0.972245,0.939650,0.965166,0.967555,0.956593,0.954799,0.952720,0.948971,0.945358,0.943536,0.941404,0.941443,0.978293,0.940123,0.942162,0.942780,0.942431,0.942136,0.942253,0.941931,0.941554,0.940961,1.000000,0.986230,0.981744,0.974390,0.973027,0.969893,0.968960,0.940321,0.962709,0.963217,0.956367,0.951813,0.949932,0.948536,0.940090,0.940912,0.943441,0.941127,0.984433,0.939710,0.940909,0.941898,0.939983,0.940075,0.939770,0.939104,0.937973,0.937899,0.996626,0.981973,0.977986,0.969797,0.970995,0.968781,0.969080,0.957362,0.962124,0.961416,0.955462,0.948875,0.951138,0.949847,0.946605,0.940373,0.941972,0.941654,0.983186,0.943184,0.941544,0.947034,0.944238,0.948084,0.942346,0.949854,0.950433,0.941770,0.993007,0.978775,0.975861,0.971043,0.970543,0.966759,0.963874,0.963702,0.963396,0.959529,0.955853,0.948713,0.948174,0.952607,0.941875,0.944125,0.944546,0.946625,0.968336,0.930896,0.930436,0.929237,0.928983,0.928568,0.927791,0.927748,0.928040,0.928019,0.973392,0.960081,0.954940,0.948156,0.943965,0.941184,0.937483,0.942803,0.936115,0.934096,0.930008,0.928718,0.928764,0.929772,0.930878,0.931897,0.932128,0.931347,0.964835,0.927924,0.928288,0.926702,0.925678,0.925836,0.924767,0.925620,0.925035,0.924646,0.965416,0.954908,0.949769,0.946873,0.941838,0.941348,0.939479,0.946905,0.938795,0.936269,0.933718,0.931599,0.929844,0.928950,0.929859,0.928598,0.929841,0.927222,0.964722,0.918881,0.918917,0.920977,0.918691,0.918669,0.922645,0.922557,0.922433,0.920592,0.962268,0.958611,0.949608,0.947836,0.947916,0.945382,0.941566,0.953184,0.940841,0.940172,0.936188,0.934637,0.936851,0.931640,0.924979,0.923523,0.920770,0.922161,0.965095,0.918094,0.924644,0.920480,0.922598,0.923436,0.921665,0.923498,0.920727,0.919863,0.951844,0.949429,0.950348,0.942694,0.941872,0.941002,0.940328,0.954698,0.939784,0.938810,0.936518,0.935150,0.939333,0.932506,0.929018,0.928834,0.926065,0.925513
allando_v_sin_a2_f3_v20,0.970778,0.948594,0.948493,0.947196,0.946299,0.946010,0.945741,0.945616,0.945382,0.945412,0.982142,0.997234,0.985609,0.982989,0.979573,0.977795,0.979008,0.932201,0.970786,0.971150,0.962004,0.959674,0.958593,0.955295,0.952013,0.950802,0.948791,0.948892,0.972993,0.948065,0.949745,0.950806,0.950532,0.950315,0.950428,0.950177,0.949836,0.949471,0.986230,1.000000,0.984565,0.980852,0.978157,0.974897,0.976797,0.932858,0.968905,0.967305,0.962227,0.957669,0.956385,0.955098,0.948706,0.950680,0.951015,0.948861,0.980428,0.948486,0.948199,0.951356,0.949077,0.948800,0.947981,0.948007,0.946735,0.946951,0.987479,0.997685,0.981453,0.977011,0.976956,0.973076,0.976090,0.951060,0.968833,0.966062,0.961806,0.952883,0.957053,0.956638,0.956739,0.950014,0.948746,0.949347,0.984070,0.951481,0.950758,0.955238,0.956649,0.953782,0.953576,0.952871,0.953160,0.953883,0.985472,0.995199,0.981759,0.974817,0.976697,0.971737,0.971585,0.957017,0.970811,0.962476,0.961602,0.952714,0.953837,0.959546,0.954105,0.953547,0.952323,0.954340,0.970582,0.940249,0.939894,0.938968,0.940053,0.939662,0.937781,0.938626,0.939279,0.939667,0.973191,0.972800,0.964927,0.956824,0.952728,0.950480,0.946364,0.944364,0.945485,0.943889,0.940134,0.938782,0.939072,0.940109,0.941146,0.942002,0.942434,0.941771,0.967900,0.937807,0.937748,0.937499,0.936678,0.937011,0.936506,0.936672,0.936293,0.935668,0.969762,0.966663,0.961260,0.956154,0.950622,0.950912,0.948480,0.949961,0.948106,0.946433,0.944066,0.941367,0.939648,0.938154,0.938860,0.938306,0.938927,0.937393,0.967261,0.928788,0.928151,0.930457,0.928857,0.928740,0.933080,0.933716,0.932844,0.931346,0.967281,0.961290,0.961079,0.960382,0.956639,0.952874,0.950083,0.957263,0.950729,0.950124,0.946790,0.944521,0.944509,0.940482,0.931712,0.931662,0.932869,0.933542,0.968703,0.926241,0.932732,0.928839,0.931619,0.932652,0.932984,0.933125,0.931690,0.929944,0.958317,0.956620,0.956456,0.955574,0.951500,0.949483,0.949115,0.959372,0.949420,0.948538,0.946818,0.944716,0.946660,0.942504,0.935549,0.936560,0.937449,0.935043
allando_v_sin_a2_f3_v25,0.968108,0.952526,0.952456,0.950700,0.950184,0.949671,0.949204,0.949001,0.948796,0.948752,0.977252,0.979879,0.997619,0.994745,0.989754,0.985753,0.983378,0.929372,0.978906,0.974303,0.964647,0.965602,0.964473,0.960612,0.957170,0.954931,0.953179,0.953024,0.970162,0.952684,0.954648,0.955689,0.955411,0.955148,0.955280,0.954938,0.954581,0.953694,0.981744,0.984565,1.000000,0.994168,0.988376,0.984225,0.981431,0.929841,0.978003,0.972462,0.966167,0.963624,0.963506,0.962173,0.955941,0.953963,0.955814,0.953434,0.976285,0.954139,0.953612,0.952619,0.952581,0.952487,0.952290,0.951901,0.950609,0.950947,0.986231,0.986893,0.998511,0.991472,0.987337,0.982662,0.983003,0.949075,0.977628,0.971125,0.965674,0.960737,0.963964,0.964729,0.961531,0.956066,0.956907,0.955872,0.982803,0.958723,0.957200,0.963218,0.958486,0.957267,0.953991,0.956264,0.955345,0.951812,0.988202,0.984623,0.995090,0.991288,0.986389,0.982001,0.977794,0.954221,0.977309,0.967994,0.966181,0.960186,0.960901,0.966998,0.959889,0.959737,0.959844,0.961509,0.972599,0.947720,0.947552,0.946487,0.946690,0.946211,0.945204,0.945364,0.945415,0.945595,0.973665,0.967496,0.973099,0.970456,0.965096,0.960447,0.954899,0.945911,0.952733,0.950553,0.947131,0.945533,0.945462,0.946498,0.947512,0.948412,0.949038,0.948534,0.971800,0.944548,0.944365,0.943519,0.943148,0.943250,0.942684,0.943045,0.942629,0.941706,0.970463,0.963841,0.965544,0.967215,0.963761,0.961395,0.956647,0.953051,0.954545,0.953340,0.951794,0.948494,0.946793,0.945268,0.945137,0.944818,0.946034,0.943319,0.971830,0.933403,0.932880,0.935084,0.934310,0.933678,0.937773,0.936279,0.935539,0.933382,0.970861,0.962914,0.958924,0.962184,0.967610,0.965760,0.959869,0.960535,0.958595,0.957555,0.954220,0.951001,0.950975,0.943605,0.939500,0.939421,0.937197,0.938642,0.971608,0.933642,0.937860,0.936414,0.937541,0.938735,0.937261,0.937917,0.934046,0.933473,0.962648,0.959705,0.956965,0.952733,0.963997,0.963582,0.959893,0.962715,0.958187,0.956739,0.954658,0.952038,0.953969,0.944843,0.943900,0.945155,0.941795,0.941474
allando_v_sin_a2_f3_v30,0.965234,0.955883,0.955676,0.953819,0.953378,0.952880,0.952388,0.952237,0.952042,0.951981,0.969299,0.975188,0.990372,0.998923,0.991813,0.989878,0.984241,0.920685,0.979392,0.977368,0.965711,0.967696,0.967204,0.964679,0.960127,0.957795,0.956461,0.956326,0.967080,0.955835,0.957487,0.958118,0.957850,0.957559,0.957642,0.957327,0.956898,0.956015,0.974390,0.980852,0.994168,1.000000,0.991779,0.988253,0.982444,0.921149,0.979195,0.976778,0.967288,0.967675,0.965757,0.966404,0.963758,0.961091,0.959860,0.956702,0.973884,0.958161,0.957283,0.955409,0.955886,0.955766,0.955235,0.954904,0.953687,0.953938,0.980151,0.984816,0.994559,0.998698,0.991979,0.986098,0.984798,0.941474,0.979108,0.976306,0.966734,0.963564,0.966487,0.969403,0.969664,0.963741,0.959312,0.960850,0.981786,0.962605,0.961713,0.966135,0.965375,0.958713,0.958646,0.957409,0.957831,0.955248,0.983556,0.984056,0.994707,0.993214,0.990460,0.985539,0.979351,0.946264,0.979260,0.970512,0.966507,0.962981,0.963625,0.971808,0.965423,0.967685,0.964132,0.963912,0.974806,0.953519,0.953407,0.952278,0.952525,0.952004,0.950988,0.951243,0.951134,0.951361,0.973073,0.970729,0.976949,0.974326,0.971844,0.968291,0.961930,0.943829,0.959979,0.956813,0.952208,0.951132,0.950755,0.952001,0.953206,0.954183,0.954989,0.954632,0.974179,0.949646,0.949229,0.948673,0.948282,0.948400,0.947998,0.948260,0.947711,0.946779,0.972238,0.968044,0.970599,0.971499,0.969375,0.969557,0.964973,0.952541,0.961993,0.959333,0.956479,0.953925,0.952309,0.950496,0.950064,0.949470,0.951035,0.948522,0.973699,0.939666,0.937646,0.940138,0.938978,0.938487,0.942467,0.941449,0.939980,0.937665,0.973305,0.966526,0.963899,0.967292,0.971606,0.971485,0.967954,0.960250,0.965351,0.963723,0.960024,0.957244,0.956885,0.950841,0.944828,0.945199,0.947878,0.948150,0.973689,0.938614,0.941970,0.941509,0.942125,0.942965,0.940391,0.942533,0.937611,0.937328,0.968103,0.964212,0.961515,0.956879,0.968717,0.969026,0.966945,0.961950,0.965162,0.963033,0.960292,0.958415,0.959848,0.953604,0.949524,0.950562,0.951628,0.950949
allando_v_sin_a2_f3_v35,0.956946,0.960618,0.960322,0.958323,0.957944,0.957429,0.956979,0.956757,0.956533,0.956486,0.967353,0.972468,0.983865,0.990286,0.998762,0.995834,0.989928,0.918196,0.985826,0.983183,0.970591,0.974022,0.973826,0.970000,0.965651,0.962965,0.961514,0.961248,0.959007,0.960709,0.962014,0.962180,0.961955,0.961561,0.961499,0.961327,0.960910,0.960246,0.973027,0.978157,0.988376,0.991779,1.000001,0.995342,0.989155,0.918620,0.985619,0.981831,0.971962,0.973116,0.972907,0.971667,0.964656,0.963801,0.964102,0.961557,0.965642,0.964473,0.964308,0.962335,0.962081,0.961450,0.960646,0.960343,0.959166,0.959453,0.979509,0.982614,0.989247,0.991268,0.997931,0.993977,0.991189,0.939192,0.986013,0.979923,0.971673,0.969837,0.973150,0.972983,0.970412,0.963903,0.965486,0.965884,0.974607,0.969464,0.966281,0.969312,0.966626,0.965827,0.963579,0.963235,0.962993,0.962341,0.983171,0.982632,0.991204,0.990825,0.997033,0.993174,0.986940,0.943358,0.984859,0.976808,0.971939,0.969383,0.969929,0.974530,0.965010,0.968738,0.970535,0.970565,0.974326,0.960512,0.960165,0.959042,0.958994,0.958510,0.957671,0.958077,0.957916,0.957961,0.976415,0.976277,0.978118,0.973907,0.971503,0.973485,0.971294,0.943056,0.968463,0.965313,0.960263,0.958662,0.958574,0.959758,0.960854,0.961606,0.961887,0.961530,0.975047,0.956017,0.955840,0.955027,0.954640,0.954984,0.954543,0.954600,0.954130,0.953276,0.976293,0.973912,0.975425,0.972121,0.969487,0.971024,0.973545,0.952147,0.971139,0.967718,0.963905,0.960624,0.959354,0.957752,0.956764,0.956419,0.957639,0.955335,0.977303,0.947295,0.946561,0.948500,0.946714,0.945534,0.948628,0.947217,0.947214,0.945000,0.977561,0.972568,0.969818,0.972746,0.973424,0.972831,0.976086,0.960531,0.974461,0.972079,0.967866,0.963261,0.962938,0.955944,0.951133,0.951081,0.949425,0.950211,0.977742,0.946817,0.950079,0.948478,0.948958,0.948613,0.948058,0.949711,0.946062,0.945670,0.971150,0.969478,0.967877,0.964422,0.969181,0.969521,0.972404,0.962609,0.973702,0.971470,0.968477,0.964369,0.965651,0.956921,0.955705,0.956311,0.954080,0.953027
allando_v_sin_a2_f3_v40,0.955579,0.964192,0.963888,0.961876,0.961517,0.960989,0.960518,0.960255,0.960015,0.959931,0.964909,0.968625,0.979723,0.986641,0.993398,0.998756,0.990134,0.917167,0.988945,0.982696,0.972411,0.977745,0.978845,0.974565,0.969125,0.966485,0.965135,0.964821,0.957381,0.964180,0.965279,0.965282,0.965023,0.964620,0.964409,0.964251,0.963958,0.963220,0.969893,0.974897,0.984225,0.988253,0.995342,1.000000,0.989160,0.917705,0.988797,0.982359,0.973556,0.976026,0.977646,0.976055,0.967976,0.968628,0.967659,0.965040,0.964039,0.966548,0.968476,0.964472,0.965361,0.964687,0.963771,0.963567,0.962319,0.962670,0.976906,0.978950,0.984842,0.988364,0.994913,0.998957,0.990997,0.937649,0.989095,0.981045,0.973286,0.974631,0.977989,0.977034,0.974103,0.966615,0.966548,0.968558,0.973326,0.971314,0.968565,0.971365,0.969626,0.966508,0.965295,0.964969,0.966356,0.964281,0.979966,0.978502,0.987381,0.990336,0.994260,0.997894,0.986740,0.942153,0.987268,0.977671,0.973421,0.974643,0.975267,0.978548,0.969000,0.971270,0.972974,0.972401,0.976332,0.963696,0.963538,0.962260,0.962093,0.961537,0.960857,0.961131,0.961104,0.961070,0.975500,0.976400,0.977652,0.974076,0.972641,0.974191,0.972293,0.944224,0.971616,0.968905,0.964470,0.962598,0.962439,0.963684,0.964810,0.965405,0.965206,0.964916,0.977865,0.959745,0.959663,0.958865,0.958363,0.958747,0.958172,0.958284,0.957969,0.957179,0.976475,0.974311,0.975821,0.972644,0.970362,0.972365,0.973924,0.954082,0.974662,0.970797,0.967638,0.965188,0.962929,0.961579,0.960599,0.960311,0.961326,0.959346,0.979874,0.950686,0.949858,0.951932,0.950682,0.949147,0.951811,0.951235,0.950243,0.948125,0.978893,0.974092,0.970648,0.973782,0.974378,0.974378,0.977075,0.962106,0.977037,0.974904,0.971562,0.967217,0.964998,0.960548,0.956909,0.957050,0.953613,0.955487,0.978864,0.949704,0.953252,0.951380,0.952399,0.951574,0.952443,0.952335,0.948345,0.947173,0.973156,0.971797,0.969781,0.966387,0.969874,0.970838,0.973556,0.964602,0.975976,0.974313,0.971972,0.968139,0.967952,0.961423,0.961198,0.961976,0.957094,0.958749
allando_v_sin_a2_f3_v45,0.951437,0.969344,0.969043,0.967124,0.966955,0.966480,0.966074,0.965859,0.965580,0.965492,0.962875,0.970683,0.978322,0.980974,0.987328,0.990019,0.999381,0.917073,0.991880,0.988551,0.978441,0.979450,0.979595,0.976858,0.973522,0.971235,0.969958,0.969785,0.953801,0.968615,0.969544,0.969467,0.969194,0.968854,0.968728,0.968517,0.968032,0.967546,0.968960,0.976797,0.981431,0.982444,0.989155,0.989160,1.000000,0.917306,0.991882,0.986038,0.979654,0.978675,0.979535,0.975705,0.968390,0.972455,0.972156,0.969452,0.961466,0.971721,0.971337,0.971094,0.971385,0.969808,0.968829,0.968731,0.967647,0.967833,0.976331,0.979061,0.982038,0.982444,0.988719,0.988669,0.998755,0.935421,0.992467,0.984460,0.979593,0.974290,0.979194,0.977678,0.976463,0.970267,0.970877,0.970644,0.971619,0.973531,0.972097,0.974499,0.974301,0.974427,0.972699,0.971023,0.968957,0.970253,0.976310,0.979895,0.986144,0.984385,0.991274,0.989051,0.998385,0.941231,0.992314,0.981885,0.978703,0.973637,0.975260,0.979250,0.976528,0.973359,0.973948,0.975538,0.972791,0.967861,0.967426,0.966410,0.966427,0.966050,0.965227,0.965484,0.965396,0.965455,0.976412,0.977324,0.980383,0.976176,0.973565,0.973429,0.972994,0.940376,0.973508,0.974400,0.972219,0.969366,0.970486,0.970358,0.970685,0.970447,0.969666,0.968991,0.976132,0.963995,0.964083,0.963144,0.963076,0.963378,0.962525,0.962593,0.962564,0.962255,0.978600,0.977720,0.978103,0.976221,0.973637,0.973616,0.974312,0.948926,0.975945,0.975235,0.974550,0.971572,0.968461,0.967058,0.965891,0.965772,0.965465,0.964109,0.978709,0.956322,0.955003,0.956206,0.956471,0.954410,0.957304,0.957037,0.957349,0.956281,0.980467,0.976400,0.974856,0.976589,0.977582,0.975394,0.974488,0.958749,0.979056,0.978140,0.976982,0.973546,0.970826,0.965073,0.959526,0.958955,0.960019,0.960044,0.981612,0.952474,0.957987,0.954075,0.958794,0.956255,0.962021,0.956622,0.958088,0.954745,0.974998,0.975609,0.974495,0.971525,0.973743,0.974150,0.974365,0.962688,0.977689,0.977363,0.977786,0.974330,0.973075,0.966017,0.962911,0.962734,0.965635,0.960402
allando_v_sin_a2_f3_v5,0.957471,0.881690,0.882482,0.880058,0.879256,0.878690,0.878074,0.877769,0.877472,0.877324,0.948569,0.938680,0.937141,0.929364,0.924085,0.924278,0.923334,0.999898,0.915454,0.907898,0.895260,0.895289,0.895429,0.887866,0.887187,0.885488,0.882915,0.882271,0.951577,0.882759,0.887306,0.890791,0.890488,0.890384,0.890593,0.890077,0.889636,0.888558,0.940321,0.932858,0.929841,0.921149,0.918620,0.917705,0.917306,1.000000,0.910169,0.901935,0.894063,0.891115,0.891663,0.886792,0.879746,0.878924,0.885809,0.883214,0.941910,0.874315,0.874373,0.873222,0.876242,0.879046,0.880933,0.880579,0.878564,0.878683,0.933126,0.928753,0.923503,0.916873,0.917234,0.917025,0.918597,0.992509,0.910658,0.900845,0.893955,0.888280,0.893463,0.890212,0.888031,0.880375,0.878797,0.878475,0.935897,0.877818,0.876117,0.880132,0.879642,0.877080,0.874243,0.873294,0.875529,0.871464,0.929061,0.923332,0.921540,0.918103,0.915928,0.912831,0.912616,0.987771,0.907879,0.897784,0.893897,0.888339,0.888972,0.893658,0.888477,0.887069,0.882909,0.883983,0.927501,0.869709,0.869521,0.868727,0.868716,0.868182,0.867089,0.867257,0.867744,0.867836,0.917872,0.905761,0.899952,0.892820,0.886786,0.883095,0.877342,0.963513,0.875935,0.875180,0.871513,0.868250,0.868347,0.869667,0.870577,0.871206,0.870884,0.869850,0.917657,0.867060,0.867309,0.866735,0.865326,0.865409,0.864467,0.865801,0.865261,0.863705,0.911596,0.899006,0.893220,0.888549,0.883066,0.882373,0.879576,0.950761,0.879094,0.877757,0.875117,0.872632,0.869560,0.868165,0.868906,0.867973,0.868986,0.865562,0.914650,0.859433,0.857408,0.859937,0.858131,0.856284,0.859159,0.859747,0.858212,0.855788,0.909435,0.898340,0.891523,0.890946,0.890699,0.887248,0.883505,0.948784,0.884308,0.883579,0.880065,0.877708,0.873886,0.869742,0.862007,0.862729,0.862118,0.864233,0.913161,0.859041,0.861608,0.859201,0.860866,0.860810,0.865385,0.862649,0.859267,0.857645,0.898811,0.894192,0.891632,0.885077,0.884634,0.883224,0.882642,0.944838,0.883164,0.881766,0.880527,0.878606,0.877449,0.871623,0.866557,0.868696,0.867233,0.866928
allando_v_sin_a2_f3_v50,0.946854,0.970471,0.970158,0.968074,0.967909,0.967444,0.966995,0.966687,0.966439,0.966303,0.958480,0.962380,0.974034,0.977528,0.984122,0.988428,0.991805,0.909783,0.999485,0.987192,0.978868,0.985197,0.985911,0.981569,0.975864,0.972941,0.971591,0.971068,0.948711,0.969658,0.970486,0.970185,0.969823,0.969462,0.969166,0.969043,0.968846,0.968126,0.962709,0.968905,0.978003,0.979195,0.985619,0.988797,0.991882,0.910169,1.000000,0.986566,0.979719,0.982910,0.984896,0.980273,0.969826,0.974087,0.972998,0.970522,0.954249,0.971839,0.974585,0.970336,0.971803,0.970253,0.969248,0.968955,0.967973,0.968189,0.970316,0.972391,0.979026,0.980391,0.984814,0.989362,0.991513,0.928813,0.998333,0.986412,0.979449,0.982797,0.986457,0.982980,0.976459,0.969530,0.969473,0.971652,0.964505,0.974385,0.972838,0.977674,0.974143,0.973145,0.971355,0.970926,0.972081,0.969326,0.971608,0.972540,0.982007,0.988028,0.987247,0.990157,0.991084,0.934211,0.990685,0.984866,0.978998,0.982911,0.981105,0.984452,0.974238,0.972227,0.973289,0.974338,0.972226,0.969535,0.969299,0.968230,0.968153,0.967700,0.967099,0.967064,0.967164,0.967118,0.972507,0.975695,0.980569,0.977516,0.976330,0.974762,0.974201,0.937385,0.974857,0.974706,0.974244,0.971936,0.972037,0.972206,0.972482,0.971997,0.971017,0.970662,0.977379,0.965757,0.965628,0.964707,0.964689,0.965162,0.964335,0.964208,0.964392,0.964033,0.975124,0.975470,0.978429,0.977207,0.975816,0.975290,0.975502,0.947520,0.977646,0.976295,0.975698,0.976055,0.970508,0.969212,0.967735,0.967493,0.967194,0.965964,0.980501,0.955012,0.954468,0.956882,0.957290,0.955664,0.958925,0.959159,0.957524,0.956249,0.978983,0.975574,0.973386,0.976640,0.978838,0.979818,0.976466,0.956628,0.979499,0.978321,0.977530,0.974929,0.972252,0.967803,0.967798,0.966494,0.959782,0.961628,0.979322,0.951993,0.957415,0.955588,0.959657,0.958456,0.961725,0.957505,0.956096,0.953653,0.973630,0.975928,0.974219,0.971255,0.975526,0.976594,0.975922,0.961195,0.978531,0.977950,0.978397,0.975812,0.974977,0.967379,0.970393,0.969317,0.961979,0.964223
allando_v_sin_a2_f3_v55,0.944586,0.970835,0.970433,0.968727,0.968556,0.968215,0.967858,0.967564,0.967303,0.967205,0.956374,0.963937,0.969604,0.974605,0.979594,0.982491,0.985172,0.901494,0.985836,0.998748,0.989982,0.987482,0.982463,0.981580,0.975429,0.972532,0.971905,0.971368,0.947449,0.969894,0.970325,0.969576,0.969261,0.968966,0.968819,0.968803,0.968430,0.967855,0.963217,0.967305,0.972462,0.976778,0.981831,0.982359,0.986038,0.901935,0.986566,1.000000,0.990538,0.988613,0.981450,0.980806,0.974514,0.976999,0.973674,0.970724,0.956988,0.973569,0.975159,0.972316,0.973236,0.971045,0.969816,0.969216,0.968313,0.968514,0.967468,0.967431,0.973990,0.977193,0.982179,0.983237,0.985319,0.921514,0.987449,0.999116,0.989838,0.983521,0.981987,0.981789,0.980635,0.974607,0.972703,0.973904,0.964882,0.975670,0.975380,0.977834,0.977111,0.973133,0.972030,0.970584,0.971716,0.969810,0.967877,0.968285,0.977019,0.978540,0.985522,0.984809,0.984401,0.929017,0.989829,0.997944,0.989050,0.979817,0.978519,0.984413,0.972773,0.976918,0.975521,0.976809,0.969719,0.969710,0.969508,0.968544,0.968234,0.967794,0.967320,0.967291,0.967160,0.967303,0.969561,0.970747,0.978492,0.975537,0.976414,0.976371,0.975073,0.933780,0.975365,0.973268,0.972028,0.972230,0.971327,0.971473,0.971644,0.971642,0.971304,0.970837,0.974335,0.965648,0.965475,0.964810,0.964653,0.965479,0.964361,0.964293,0.964293,0.964512,0.973510,0.972338,0.976655,0.976389,0.975912,0.975863,0.976661,0.944548,0.979106,0.975132,0.973322,0.974268,0.970858,0.969316,0.968103,0.967662,0.967153,0.966793,0.978221,0.958120,0.957350,0.959275,0.957296,0.957074,0.960183,0.959769,0.958481,0.957073,0.978275,0.974028,0.972627,0.975026,0.976843,0.978274,0.976906,0.954054,0.977577,0.976596,0.974952,0.975569,0.978116,0.974136,0.964630,0.964665,0.963312,0.963848,0.983220,0.955713,0.963310,0.957357,0.962274,0.961223,0.957527,0.958177,0.953724,0.953425,0.975310,0.975904,0.973994,0.969201,0.974449,0.975681,0.976112,0.957736,0.977427,0.977020,0.976146,0.976572,0.980523,0.975387,0.968267,0.967587,0.965706,0.965816
allando_v_sin_a2_f3_v60,0.935514,0.971961,0.971603,0.970031,0.969957,0.969656,0.969319,0.969019,0.968807,0.968790,0.949027,0.958086,0.962810,0.964508,0.968996,0.972802,0.978161,0.893490,0.978783,0.990257,0.999404,0.989325,0.983490,0.983057,0.976102,0.973424,0.972975,0.972475,0.937798,0.970761,0.970865,0.969989,0.969709,0.969418,0.969180,0.969344,0.969044,0.968637,0.956367,0.962227,0.966167,0.967288,0.971962,0.973556,0.979654,0.894063,0.979719,0.990538,0.999999,0.990763,0.983042,0.981765,0.974601,0.977839,0.974409,0.971432,0.948742,0.974608,0.976251,0.973897,0.974548,0.972661,0.971215,0.970783,0.970146,0.970244,0.961656,0.961920,0.967420,0.967992,0.972576,0.975219,0.978776,0.913638,0.981325,0.990361,0.999436,0.984814,0.982748,0.982066,0.980662,0.977371,0.973846,0.974432,0.957609,0.976950,0.976318,0.978343,0.977438,0.977838,0.976139,0.974252,0.974513,0.973549,0.962062,0.962878,0.970094,0.970211,0.976941,0.977853,0.978482,0.921667,0.985109,0.989969,0.998847,0.979812,0.979154,0.984582,0.974293,0.977073,0.976146,0.979604,0.966727,0.969770,0.969515,0.968643,0.968578,0.968250,0.967590,0.967793,0.967531,0.967578,0.969725,0.970727,0.976195,0.974105,0.974524,0.973295,0.972512,0.932163,0.973350,0.971732,0.972193,0.972190,0.971265,0.971507,0.971570,0.971673,0.971417,0.970910,0.971905,0.966973,0.966870,0.966363,0.966128,0.967009,0.965790,0.965807,0.965951,0.966193,0.973629,0.973562,0.975442,0.976239,0.974541,0.973979,0.973848,0.943206,0.976696,0.973994,0.973180,0.973427,0.970789,0.969650,0.969132,0.968665,0.968262,0.968515,0.976014,0.960169,0.960103,0.961811,0.960181,0.959866,0.962336,0.962132,0.962928,0.962370,0.977028,0.974900,0.975067,0.974657,0.976367,0.975766,0.972950,0.952564,0.974578,0.974424,0.972969,0.973331,0.978003,0.975867,0.965565,0.967451,0.963588,0.964959,0.981161,0.956217,0.966200,0.958440,0.963878,0.963555,0.958928,0.960540,0.958892,0.958248,0.975159,0.976344,0.975192,0.971180,0.972922,0.973536,0.974152,0.956647,0.975122,0.974518,0.974216,0.973828,0.980469,0.977445,0.969097,0.970444,0.965972,0.966356
allando_v_sin_a2_f3_v65,0.934539,0.978490,0.977883,0.975869,0.976071,0.975900,0.975521,0.975180,0.974964,0.974837,0.946349,0.952272,0.959160,0.964421,0.969477,0.974935,0.978069,0.890297,0.981655,0.987806,0.990663,0.998424,0.993123,0.992086,0.982837,0.979896,0.979795,0.979094,0.935326,0.977518,0.976897,0.975618,0.975223,0.974842,0.974568,0.974517,0.974270,0.973716,0.951813,0.957669,0.963624,0.967675,0.973116,0.976026,0.978675,0.891115,0.982910,0.988613,0.990763,1.000000,0.991798,0.991294,0.981931,0.985734,0.980842,0.977795,0.945362,0.985123,0.986463,0.980849,0.981144,0.979157,0.977363,0.976768,0.976112,0.976183,0.958186,0.959474,0.965171,0.969584,0.974014,0.976818,0.979045,0.910029,0.983936,0.988901,0.990155,0.996023,0.991507,0.993730,0.986859,0.982660,0.981307,0.983919,0.955260,0.986541,0.986794,0.985429,0.983636,0.980333,0.980483,0.979253,0.981337,0.978426,0.960436,0.961195,0.971314,0.972765,0.976955,0.980329,0.979555,0.916856,0.983204,0.987073,0.989247,0.990869,0.987596,0.994358,0.979015,0.986902,0.984159,0.984823,0.971341,0.976246,0.975871,0.975031,0.975060,0.974706,0.973886,0.973753,0.973798,0.973803,0.970735,0.973696,0.981518,0.978964,0.980279,0.980110,0.978577,0.932728,0.978966,0.978385,0.978013,0.977770,0.977058,0.977662,0.978016,0.978035,0.977676,0.977199,0.978289,0.973582,0.973430,0.972923,0.972730,0.973323,0.972298,0.972062,0.972182,0.972598,0.976054,0.976884,0.981044,0.981240,0.979479,0.980349,0.980255,0.944160,0.981245,0.980719,0.978403,0.979537,0.976808,0.975886,0.975375,0.974823,0.974682,0.975129,0.981733,0.969784,0.969220,0.972558,0.971131,0.971088,0.971523,0.971040,0.969471,0.968296,0.981372,0.979514,0.978655,0.980260,0.981253,0.981083,0.979231,0.953255,0.979694,0.980446,0.978424,0.978102,0.981882,0.981244,0.978558,0.977591,0.973442,0.974055,0.980409,0.966272,0.972122,0.971210,0.973312,0.972752,0.965283,0.970405,0.963316,0.965033,0.980865,0.982347,0.980012,0.975805,0.978860,0.978248,0.981103,0.956954,0.979975,0.979970,0.979012,0.978617,0.983846,0.982242,0.981568,0.979520,0.973999,0.976643
allando_v_sin_a2_f3_v70,0.934441,0.980484,0.979920,0.977962,0.978189,0.977908,0.977595,0.977285,0.977086,0.976894,0.945771,0.949518,0.958635,0.962797,0.970197,0.975928,0.979373,0.890897,0.984387,0.980346,0.982490,0.994246,0.999007,0.994278,0.985038,0.982018,0.981874,0.981205,0.934612,0.979787,0.978940,0.977751,0.977379,0.976999,0.976646,0.976526,0.976348,0.975765,0.949932,0.956385,0.963506,0.965757,0.972907,0.977646,0.979535,0.891663,0.984896,0.981450,0.983042,0.991798,1.000000,0.993934,0.982655,0.987531,0.983131,0.980133,0.942797,0.983202,0.986415,0.981485,0.983084,0.981081,0.979355,0.979091,0.978334,0.978465,0.957990,0.959560,0.964253,0.967274,0.973173,0.977801,0.980126,0.909959,0.984102,0.981488,0.982614,0.992448,0.999184,0.993850,0.987946,0.983232,0.984825,0.986330,0.954264,0.984605,0.984351,0.985927,0.983819,0.981875,0.981214,0.980702,0.982852,0.979877,0.960324,0.960696,0.969291,0.973220,0.975563,0.981268,0.980451,0.915854,0.981834,0.978917,0.981557,0.991777,0.994687,0.993236,0.983689,0.985216,0.987699,0.987411,0.972916,0.978161,0.977830,0.976874,0.976824,0.976425,0.975811,0.975650,0.975837,0.975793,0.971905,0.975229,0.981113,0.979695,0.979899,0.979886,0.979799,0.931455,0.980583,0.980804,0.980537,0.978936,0.979266,0.979863,0.980384,0.980246,0.979566,0.979024,0.980745,0.976050,0.975999,0.975425,0.975300,0.975596,0.974736,0.974623,0.974727,0.975020,0.976977,0.978237,0.980600,0.981377,0.979069,0.980702,0.980731,0.942456,0.981888,0.982128,0.981501,0.981415,0.978611,0.978023,0.977556,0.977385,0.977109,0.977392,0.982600,0.974298,0.973740,0.974492,0.972672,0.971134,0.973172,0.973588,0.972248,0.971106,0.981311,0.980832,0.978883,0.980321,0.982025,0.981151,0.979101,0.951675,0.982054,0.982059,0.981286,0.979277,0.979584,0.979596,0.982781,0.981944,0.975414,0.977436,0.977662,0.972166,0.975243,0.969016,0.971864,0.970669,0.972527,0.969440,0.968096,0.966833,0.982237,0.982576,0.980946,0.977251,0.978983,0.978299,0.980021,0.955926,0.981885,0.981978,0.981627,0.979601,0.981603,0.979536,0.985424,0.984328,0.975904,0.979004
allando_v_sin_a2_f3_v75,0.933548,0.983323,0.982743,0.981068,0.981311,0.981122,0.980853,0.980568,0.980410,0.980234,0.944024,0.948843,0.957190,0.962745,0.968683,0.974187,0.975655,0.885891,0.979169,0.979112,0.981157,0.992151,0.994233,0.996671,0.987091,0.984331,0.984665,0.984048,0.933862,0.983033,0.981779,0.980326,0.980009,0.979654,0.979391,0.979242,0.979052,0.978539,0.948536,0.955098,0.962173,0.966404,0.971667,0.976055,0.975705,0.886792,0.980273,0.980806,0.981765,0.991294,0.993934,1.000000,0.985839,0.990805,0.986159,0.983167,0.942816,0.986437,0.988600,0.984466,0.985805,0.984414,0.982609,0.982254,0.981584,0.981639,0.956023,0.958346,0.963788,0.968145,0.973425,0.975262,0.976902,0.905871,0.979380,0.980040,0.980838,0.989418,0.993128,0.994980,0.989820,0.988338,0.988815,0.991303,0.953451,0.986850,0.988326,0.987477,0.986744,0.982730,0.983038,0.982377,0.984876,0.981826,0.959180,0.960275,0.969277,0.972014,0.974483,0.979214,0.976572,0.911889,0.979448,0.976336,0.979505,0.987731,0.989806,0.993736,0.981709,0.990282,0.991116,0.991604,0.973633,0.981243,0.980967,0.980035,0.980061,0.979689,0.978974,0.978770,0.978956,0.978984,0.972944,0.976070,0.982976,0.982236,0.983243,0.983623,0.982682,0.930102,0.983190,0.982693,0.981209,0.980630,0.980625,0.981612,0.982386,0.982770,0.982463,0.982078,0.981418,0.979251,0.979090,0.978693,0.978513,0.978697,0.978067,0.977920,0.977882,0.978167,0.978826,0.979677,0.983105,0.984158,0.981864,0.984544,0.983564,0.941473,0.983579,0.984297,0.982467,0.982572,0.981055,0.980439,0.980272,0.980041,0.980144,0.980476,0.982936,0.980051,0.979235,0.979732,0.976263,0.975649,0.976924,0.976821,0.975721,0.974118,0.983178,0.982559,0.981087,0.983336,0.984319,0.983248,0.981611,0.950998,0.983011,0.983885,0.982065,0.980940,0.982104,0.982677,0.983895,0.984186,0.979904,0.981286,0.978665,0.978416,0.980483,0.973379,0.974907,0.974743,0.972067,0.973760,0.969065,0.970759,0.985676,0.984788,0.983222,0.979279,0.982025,0.980692,0.983096,0.954956,0.983677,0.984517,0.982042,0.981466,0.983621,0.982612,0.986717,0.986420,0.979685,0.983059
allando_v_sin_a2_f3_v80,0.931836,0.980674,0.980070,0.978503,0.978921,0.978676,0.978388,0.978188,0.978029,0.977873,0.935028,0.942679,0.951086,0.959929,0.961585,0.967953,0.968491,0.878790,0.968863,0.972448,0.972424,0.980606,0.983123,0.987806,0.982329,0.980127,0.980977,0.981358,0.931339,0.980060,0.978738,0.977468,0.977071,0.976834,0.976724,0.976490,0.976162,0.975527,0.940090,0.948706,0.955941,0.963758,0.964656,0.967976,0.968390,0.879746,0.969826,0.974514,0.974601,0.981931,0.982655,0.985839,1.000000,0.991245,0.984295,0.980854,0.941947,0.983960,0.984428,0.980748,0.983274,0.981582,0.979763,0.979451,0.978948,0.978864,0.947975,0.952050,0.957491,0.965025,0.965913,0.966860,0.970100,0.897900,0.970072,0.974278,0.972034,0.977042,0.981388,0.986617,0.992078,0.987546,0.983285,0.985689,0.952834,0.983992,0.984952,0.983743,0.986140,0.978310,0.979808,0.977981,0.979008,0.977378,0.951713,0.954057,0.963044,0.962083,0.967254,0.971341,0.969478,0.903826,0.971859,0.966856,0.969082,0.973592,0.979355,0.985491,0.982873,0.988917,0.984628,0.983420,0.970503,0.978426,0.978272,0.977398,0.977428,0.977033,0.976487,0.976279,0.976097,0.976301,0.965848,0.967882,0.977512,0.978600,0.979477,0.980013,0.978855,0.920927,0.980407,0.979612,0.977681,0.977886,0.977626,0.978600,0.979287,0.979594,0.979818,0.979238,0.974570,0.976580,0.976435,0.976241,0.976081,0.976077,0.975552,0.975548,0.975412,0.975812,0.972709,0.973334,0.977223,0.980383,0.978805,0.981686,0.980740,0.930720,0.980572,0.980566,0.979969,0.979103,0.978492,0.977734,0.977604,0.977393,0.977448,0.977711,0.974094,0.977121,0.974615,0.976249,0.974467,0.974024,0.975601,0.974872,0.972773,0.971296,0.977634,0.976962,0.975640,0.977479,0.980337,0.978059,0.977566,0.941351,0.979226,0.980030,0.980180,0.978768,0.979688,0.980134,0.976325,0.977514,0.983437,0.985197,0.972517,0.973281,0.975693,0.972528,0.973787,0.972941,0.969365,0.971225,0.966192,0.966679,0.982053,0.979959,0.978094,0.972715,0.978115,0.977583,0.979377,0.945074,0.979591,0.979750,0.980470,0.979053,0.980680,0.981334,0.979184,0.979391,0.982566,0.984193
allando_v_sin_a2_f3_v85,0.930698,0.991960,0.991590,0.990502,0.990796,0.990663,0.990469,0.990315,0.990186,0.990077,0.936054,0.944506,0.949560,0.957084,0.960476,0.967942,0.972056,0.877930,0.972991,0.975699,0.976789,0.984294,0.987551,0.995038,0.993210,0.991647,0.992383,0.992208,0.929997,0.991574,0.989993,0.988539,0.988275,0.988088,0.987881,0.987792,0.987615,0.987315,0.940912,0.950680,0.953963,0.961091,0.963801,0.968628,0.972455,0.878924,0.974087,0.976999,0.977839,0.985734,0.987531,0.990805,0.991245,1.000000,0.994740,0.991634,0.940365,0.991444,0.992983,0.989969,0.993813,0.992915,0.991405,0.991268,0.990938,0.990861,0.948770,0.952927,0.955660,0.962920,0.965714,0.967611,0.972763,0.895574,0.973737,0.976721,0.976266,0.979914,0.986126,0.990195,0.994259,0.992699,0.989192,0.992966,0.951013,0.988175,0.990824,0.988747,0.992726,0.985610,0.988384,0.985504,0.987013,0.986054,0.951074,0.955425,0.962562,0.962648,0.967798,0.972334,0.972977,0.902060,0.974800,0.969963,0.972801,0.976143,0.981604,0.988243,0.986243,0.991616,0.988861,0.988625,0.970364,0.988752,0.988671,0.988026,0.988044,0.987754,0.987352,0.987181,0.987174,0.987213,0.970221,0.974556,0.982245,0.982822,0.985015,0.985858,0.986459,0.921246,0.988732,0.988601,0.987218,0.987440,0.987506,0.988755,0.989522,0.989778,0.989666,0.989496,0.978687,0.987702,0.987624,0.987524,0.987419,0.987503,0.987106,0.987009,0.987041,0.987407,0.978488,0.980810,0.983347,0.985887,0.984632,0.987836,0.987240,0.931264,0.988469,0.989456,0.988820,0.988589,0.988869,0.988503,0.988545,0.988504,0.988261,0.988912,0.979257,0.987792,0.985680,0.986913,0.985249,0.984798,0.986047,0.986219,0.984694,0.983483,0.983280,0.983430,0.983974,0.985111,0.986716,0.985072,0.983908,0.942597,0.987027,0.987967,0.987813,0.987222,0.988297,0.990281,0.986754,0.988748,0.991886,0.993846,0.977776,0.982615,0.986181,0.980998,0.983996,0.982542,0.981210,0.981385,0.978286,0.978633,0.987497,0.987137,0.986172,0.983210,0.985103,0.984188,0.986172,0.947024,0.987196,0.987928,0.987422,0.987023,0.988222,0.989654,0.988464,0.989194,0.990275,0.994019
allando_v_sin_a2_f3_v90,0.927939,0.999361,0.999352,0.998895,0.999045,0.998930,0.998802,0.998684,0.998596,0.998522,0.939285,0.945298,0.951285,0.956104,0.961146,0.966376,0.971614,0.884879,0.972000,0.973635,0.972896,0.979844,0.983101,0.992518,0.999087,0.999260,0.999433,0.999462,0.926803,0.999378,0.998997,0.998328,0.998210,0.998069,0.997871,0.997907,0.997842,0.997765,0.943441,0.951015,0.955814,0.959860,0.964102,0.967659,0.972156,0.885809,0.972998,0.973674,0.974409,0.980842,0.983131,0.986159,0.984295,0.994740,1.000000,0.999464,0.935658,0.989957,0.991874,0.990931,0.997063,0.998853,0.998931,0.998927,0.998811,0.998771,0.951125,0.953316,0.957590,0.961402,0.965815,0.967540,0.973031,0.900316,0.972547,0.973061,0.973018,0.974653,0.981578,0.985274,0.986561,0.985620,0.985924,0.988836,0.946017,0.985945,0.987715,0.988197,0.989724,0.986582,0.987792,0.986535,0.987526,0.986875,0.953101,0.955958,0.963975,0.963805,0.967972,0.971474,0.972260,0.906570,0.972237,0.967745,0.969845,0.970652,0.976574,0.982554,0.978086,0.982781,0.983694,0.985021,0.970927,0.994271,0.994344,0.994201,0.993784,0.993663,0.993838,0.993655,0.993528,0.993569,0.974518,0.975917,0.983833,0.985069,0.987098,0.987563,0.989182,0.928503,0.990645,0.990760,0.989686,0.990201,0.990620,0.992337,0.993383,0.994015,0.994087,0.994129,0.978641,0.994941,0.995010,0.994836,0.994636,0.994514,0.994252,0.994519,0.994484,0.994531,0.981018,0.982160,0.985106,0.987720,0.986601,0.988784,0.988702,0.937287,0.989794,0.991677,0.991706,0.991401,0.993877,0.994063,0.994817,0.994834,0.994969,0.995064,0.980472,0.987786,0.986618,0.988657,0.988375,0.987810,0.990097,0.990122,0.990061,0.988628,0.984966,0.986134,0.985652,0.987715,0.989666,0.988330,0.987383,0.947841,0.989806,0.990699,0.990549,0.990177,0.991683,0.992341,0.988915,0.990682,0.989759,0.990809,0.979712,0.981742,0.985829,0.983589,0.986578,0.986320,0.986378,0.986920,0.983937,0.984341,0.985234,0.987958,0.988249,0.985014,0.988136,0.987334,0.988944,0.952077,0.989598,0.989906,0.989646,0.989211,0.990324,0.989784,0.989474,0.990544,0.988598,0.989669
allando_v_sin_a2_f3_v95,0.923757,0.999782,0.999780,0.999671,0.999638,0.999594,0.999557,0.999482,0.999413,0.999358,0.937122,0.943304,0.948931,0.952934,0.958643,0.963393,0.968826,0.882272,0.969487,0.970969,0.969825,0.977030,0.980172,0.990021,0.998732,0.999622,0.999541,0.999784,0.922644,0.999917,0.999762,0.999282,0.999201,0.999083,0.998863,0.998947,0.998946,0.998938,0.941127,0.948861,0.953434,0.956702,0.961557,0.965040,0.969452,0.883214,0.970522,0.970724,0.971432,0.977795,0.980133,0.983167,0.980854,0.991634,0.999464,1.000000,0.931419,0.988024,0.990146,0.989749,0.996308,0.998739,0.999221,0.999279,0.999230,0.999264,0.948725,0.951061,0.955234,0.958214,0.963134,0.965245,0.970406,0.897406,0.969985,0.969983,0.969942,0.971679,0.978625,0.982160,0.982392,0.981038,0.983204,0.985876,0.941592,0.983762,0.985235,0.986465,0.987042,0.984483,0.985330,0.984954,0.986135,0.986062,0.950552,0.953849,0.961573,0.961670,0.965372,0.968930,0.969395,0.903741,0.969342,0.965258,0.966968,0.967674,0.973566,0.979295,0.973184,0.978065,0.980414,0.982003,0.969000,0.994388,0.994509,0.994531,0.994116,0.994044,0.994282,0.994185,0.994141,0.994154,0.973119,0.975133,0.982625,0.983863,0.986014,0.986339,0.988186,0.927419,0.989495,0.989833,0.988975,0.989644,0.990182,0.991986,0.993105,0.993871,0.994016,0.994106,0.976479,0.995665,0.995738,0.995704,0.995435,0.995298,0.995058,0.995399,0.995359,0.995356,0.979138,0.981096,0.983926,0.986367,0.985346,0.987230,0.987319,0.935933,0.988520,0.990659,0.990841,0.990692,0.993802,0.994151,0.995203,0.995266,0.995409,0.995589,0.978727,0.986414,0.985756,0.988036,0.988054,0.987578,0.990139,0.990106,0.990043,0.988536,0.983302,0.984856,0.984636,0.986724,0.988548,0.987466,0.986547,0.946091,0.988635,0.989665,0.989565,0.989297,0.991200,0.991593,0.988501,0.989997,0.987675,0.988587,0.978071,0.980121,0.984525,0.983097,0.986067,0.986169,0.986099,0.987027,0.983340,0.983956,0.982571,0.986266,0.987042,0.984224,0.987065,0.986284,0.987872,0.950314,0.988325,0.988559,0.988448,0.988005,0.989405,0.988392,0.988608,0.989500,0.986540,0.987185
allando_v_sin_a2_f5_v10,0.990234,0.930763,0.930745,0.929070,0.928421,0.927947,0.927440,0.927169,0.926834,0.926682,0.981654,0.980769,0.979488,0.977485,0.968135,0.968358,0.965280,0.941306,0.956694,0.959308,0.948998,0.947452,0.946039,0.942270,0.935288,0.932907,0.931521,0.931064,0.993817,0.930635,0.932211,0.933442,0.933171,0.933070,0.933390,0.932802,0.932292,0.931379,0.984433,0.980428,0.976285,0.973884,0.965642,0.964039,0.961466,0.941910,0.954249,0.956988,0.948742,0.945362,0.942797,0.942816,0.941947,0.940365,0.935658,0.931419,1.000000,0.931185,0.930881,0.928316,0.928875,0.928998,0.928693,0.928286,0.926761,0.927010,0.980576,0.976444,0.972020,0.969496,0.965562,0.961918,0.961235,0.960064,0.953963,0.956897,0.948087,0.942821,0.944909,0.945831,0.950383,0.943436,0.935760,0.936937,0.996542,0.934948,0.934811,0.937059,0.940092,0.930903,0.930485,0.927974,0.930262,0.926879,0.978513,0.972081,0.969530,0.964370,0.964574,0.960268,0.955927,0.966089,0.957863,0.950198,0.947456,0.942584,0.942633,0.949826,0.946757,0.947940,0.940715,0.940651,0.971069,0.919159,0.918970,0.917486,0.917326,0.916698,0.915721,0.915851,0.915911,0.915971,0.958282,0.948316,0.945649,0.938902,0.935296,0.932334,0.926409,0.938983,0.925419,0.922346,0.917360,0.916108,0.915730,0.917155,0.919007,0.920466,0.920972,0.920279,0.966291,0.915250,0.915224,0.914940,0.913818,0.913564,0.912464,0.913659,0.912913,0.912540,0.956638,0.943561,0.938708,0.937417,0.931539,0.933145,0.929992,0.945373,0.929106,0.925310,0.922205,0.919737,0.917361,0.915815,0.916745,0.916269,0.916926,0.915155,0.962300,0.910858,0.908160,0.909543,0.906290,0.905647,0.908392,0.908895,0.906596,0.904271,0.955896,0.942243,0.938191,0.935916,0.937462,0.934210,0.931062,0.952795,0.930476,0.929396,0.925988,0.924254,0.924051,0.921964,0.913496,0.913918,0.920704,0.921224,0.961395,0.910735,0.915426,0.909215,0.910644,0.909909,0.906472,0.907883,0.903111,0.901600,0.952285,0.942153,0.937111,0.929789,0.932010,0.930227,0.930230,0.953658,0.929804,0.929127,0.926793,0.925482,0.927515,0.925276,0.918791,0.919690,0.924082,0.924794
allando_v_sin_a2_f5_v100,0.920782,0.988835,0.988274,0.986862,0.987264,0.987237,0.987077,0.986889,0.986762,0.986694,0.934611,0.942708,0.949331,0.954396,0.961241,0.966010,0.971246,0.873307,0.970956,0.974258,0.973561,0.983327,0.983919,0.991034,0.989851,0.988306,0.988958,0.988882,0.920315,0.988587,0.987007,0.985494,0.985163,0.984839,0.984639,0.984558,0.984413,0.984216,0.939710,0.948486,0.954139,0.958161,0.964473,0.966548,0.971721,0.874315,0.971839,0.973569,0.974608,0.985123,0.983202,0.986437,0.983960,0.991444,0.989957,0.988024,0.931185,1.000000,0.998006,0.992888,0.993714,0.991648,0.989788,0.989270,0.989022,0.988869,0.947670,0.950961,0.955454,0.959241,0.965007,0.965828,0.972026,0.891438,0.973078,0.972204,0.973282,0.977980,0.981367,0.987671,0.985745,0.984589,0.987211,0.990642,0.942057,0.997147,0.997992,0.990346,0.989949,0.987163,0.988525,0.987259,0.987348,0.987414,0.950518,0.953594,0.963600,0.960805,0.967314,0.971004,0.972656,0.897456,0.973407,0.967571,0.970332,0.971971,0.976556,0.984819,0.976884,0.986187,0.986147,0.987570,0.963169,0.986705,0.986491,0.986124,0.986232,0.986051,0.985471,0.985298,0.985257,0.985243,0.968890,0.971691,0.981534,0.981642,0.983074,0.985191,0.985334,0.917713,0.986059,0.986495,0.984938,0.985465,0.985166,0.986297,0.986944,0.987203,0.987098,0.986890,0.971723,0.985563,0.985594,0.985263,0.985264,0.985366,0.984952,0.984723,0.984824,0.985204,0.976437,0.978188,0.982732,0.984174,0.982901,0.984962,0.985004,0.926983,0.985177,0.987828,0.986126,0.985034,0.986503,0.986222,0.986060,0.986251,0.986025,0.986399,0.974269,0.984126,0.984037,0.989703,0.991264,0.991676,0.988869,0.986661,0.985323,0.984081,0.982559,0.980941,0.981489,0.983484,0.984360,0.982458,0.982863,0.939117,0.984246,0.985973,0.984682,0.982877,0.985531,0.984465,0.982213,0.983381,0.983079,0.983966,0.972965,0.979209,0.983936,0.991840,0.991712,0.989030,0.981398,0.987110,0.979241,0.981446,0.980956,0.985113,0.983037,0.979975,0.982835,0.981742,0.985964,0.943420,0.984234,0.984932,0.984155,0.982556,0.984892,0.982890,0.983132,0.983421,0.982602,0.983991
allando_v_sin_a2_f5_v105,0.920826,0.990718,0.990304,0.988940,0.989340,0.989280,0.989120,0.988897,0.988762,0.988671,0.936110,0.942121,0.948512,0.953363,0.961079,0.966892,0.970935,0.873335,0.973606,0.975363,0.975341,0.985577,0.987135,0.993567,0.992239,0.990521,0.991059,0.990857,0.920452,0.990549,0.989117,0.987640,0.987304,0.987016,0.986736,0.986698,0.986666,0.986425,0.940909,0.948199,0.953612,0.957283,0.964308,0.968476,0.971337,0.874373,0.974585,0.975159,0.976251,0.986463,0.986415,0.988600,0.984428,0.992983,0.991874,0.990146,0.930881,0.998006,1.000000,0.994480,0.995498,0.993577,0.991857,0.991315,0.991109,0.990934,0.949323,0.950739,0.955007,0.958467,0.964439,0.968034,0.971639,0.891569,0.974793,0.974116,0.974818,0.981189,0.984952,0.989263,0.986212,0.984087,0.986413,0.990663,0.941919,0.995647,0.996745,0.991832,0.991064,0.989023,0.990330,0.989475,0.990899,0.989321,0.951892,0.953133,0.962517,0.962222,0.966706,0.972642,0.971782,0.897853,0.973658,0.969917,0.972100,0.976156,0.979975,0.986573,0.976565,0.984813,0.985980,0.987276,0.964823,0.987916,0.987789,0.987453,0.987307,0.987118,0.986943,0.986596,0.986586,0.986517,0.970225,0.972891,0.981357,0.981352,0.983137,0.984857,0.985891,0.918803,0.987148,0.987454,0.986310,0.987035,0.986729,0.987782,0.988364,0.988485,0.988171,0.988001,0.973876,0.987452,0.987524,0.987213,0.987158,0.987288,0.986734,0.986657,0.986777,0.987274,0.977307,0.979167,0.983147,0.984341,0.983023,0.985172,0.985343,0.928651,0.986447,0.988762,0.987391,0.987321,0.988401,0.988210,0.988120,0.988297,0.987916,0.988415,0.976685,0.984363,0.984427,0.989640,0.990903,0.991609,0.990312,0.988931,0.987288,0.986126,0.983090,0.982793,0.982503,0.984187,0.985185,0.983805,0.983655,0.940227,0.985543,0.986962,0.985955,0.985026,0.987242,0.987390,0.986153,0.987198,0.983795,0.985414,0.974523,0.979599,0.984475,0.990053,0.991329,0.989666,0.983534,0.987638,0.981195,0.982796,0.981310,0.985892,0.984451,0.981227,0.983232,0.982448,0.986133,0.944932,0.985423,0.985878,0.985393,0.984599,0.986688,0.985214,0.986813,0.987012,0.982605,0.986098
allando_v_sin_a2_f5_v110,0.917366,0.990098,0.989921,0.989042,0.989314,0.989258,0.989198,0.989029,0.988920,0.988867,0.936309,0.944980,0.947548,0.951222,0.958932,0.963045,0.970484,0.872178,0.969237,0.973523,0.972703,0.980143,0.981842,0.989761,0.990844,0.989836,0.990216,0.990241,0.917196,0.989886,0.988883,0.987641,0.987380,0.987102,0.986923,0.986880,0.986782,0.986762,0.941898,0.951356,0.952619,0.955409,0.962335,0.964472,0.971094,0.873222,0.970336,0.972316,0.973897,0.980849,0.981485,0.984466,0.980748,0.989969,0.990931,0.989749,0.928316,0.992888,0.994480,1.000000,0.997024,0.994423,0.992619,0.992134,0.992031,0.991704,0.950895,0.953963,0.954156,0.956579,0.962862,0.963956,0.971464,0.890294,0.969514,0.971016,0.972445,0.974588,0.979589,0.983973,0.983067,0.981014,0.983181,0.986545,0.939935,0.990073,0.992100,0.993102,0.993263,0.992016,0.993501,0.993017,0.993577,0.994830,0.953049,0.957242,0.961947,0.959493,0.965311,0.968292,0.971313,0.896854,0.969323,0.966754,0.969767,0.971341,0.974903,0.981332,0.974268,0.980223,0.982206,0.984146,0.962031,0.986419,0.986325,0.986161,0.986196,0.986130,0.985956,0.985766,0.985863,0.985813,0.972533,0.974937,0.980571,0.979345,0.980711,0.982263,0.983884,0.917366,0.984936,0.985730,0.984244,0.984595,0.984861,0.985982,0.986618,0.986915,0.986791,0.986571,0.970429,0.986986,0.987133,0.987030,0.986919,0.987028,0.986476,0.986551,0.986533,0.987062,0.978676,0.981606,0.982881,0.983474,0.981170,0.983065,0.983424,0.926378,0.983885,0.986797,0.985609,0.984887,0.987184,0.986991,0.987405,0.987726,0.987218,0.987784,0.972966,0.983017,0.982575,0.986875,0.987400,0.988988,0.992308,0.992216,0.990821,0.989596,0.981564,0.983861,0.984448,0.984711,0.984633,0.981818,0.981763,0.938284,0.983952,0.985425,0.984104,0.983184,0.985922,0.985460,0.983284,0.984131,0.983246,0.983436,0.972846,0.976471,0.981463,0.984566,0.986602,0.989560,0.986686,0.988987,0.985534,0.986266,0.978009,0.984878,0.985078,0.982820,0.982212,0.980572,0.983201,0.943037,0.983597,0.983890,0.983224,0.982285,0.984736,0.983193,0.983635,0.983925,0.982973,0.982419
allando_v_sin_a2_f5_v115,0.919190,0.996553,0.996421,0.995828,0.996045,0.995964,0.995911,0.995797,0.995723,0.995687,0.935034,0.942928,0.947669,0.951803,0.958738,0.963906,0.970564,0.875267,0.970796,0.973511,0.973057,0.980186,0.983012,0.992134,0.996638,0.996193,0.996592,0.996621,0.918537,0.996457,0.995596,0.994536,0.994337,0.994139,0.993942,0.993988,0.993917,0.993885,0.939983,0.949077,0.952581,0.955886,0.962081,0.965361,0.971385,0.876242,0.971803,0.973236,0.974548,0.981144,0.983084,0.985805,0.983274,0.993813,0.997063,0.996308,0.928875,0.993714,0.995498,0.997024,1.000000,0.998968,0.997961,0.997689,0.997613,0.997438,0.948754,0.951488,0.954161,0.957336,0.963201,0.965082,0.971707,0.891997,0.971374,0.972099,0.973092,0.974366,0.981085,0.984748,0.985452,0.983637,0.986171,0.989253,0.940311,0.990066,0.991778,0.992878,0.993559,0.990632,0.991952,0.991086,0.991751,0.992426,0.950769,0.954245,0.961370,0.960478,0.965878,0.969629,0.971467,0.898393,0.971422,0.967429,0.969895,0.970132,0.976028,0.981792,0.977048,0.981682,0.984178,0.985736,0.964608,0.992971,0.992964,0.992913,0.992722,0.992649,0.992688,0.992512,0.992437,0.992456,0.972235,0.974838,0.982934,0.983659,0.985410,0.986804,0.988701,0.920257,0.990157,0.990679,0.989849,0.990312,0.990606,0.991991,0.992711,0.993046,0.992952,0.992902,0.973605,0.993559,0.993679,0.993586,0.993531,0.993585,0.993256,0.993321,0.993372,0.993696,0.979582,0.982081,0.984883,0.986894,0.985795,0.987592,0.987808,0.929240,0.989100,0.991584,0.991370,0.990912,0.993272,0.993286,0.993679,0.994052,0.993666,0.994108,0.976271,0.987752,0.987397,0.990659,0.991258,0.991547,0.994408,0.994202,0.993229,0.991923,0.983884,0.985404,0.985805,0.987222,0.988404,0.986652,0.986280,0.941042,0.988927,0.990022,0.989776,0.989094,0.991079,0.991142,0.987710,0.989357,0.987939,0.989023,0.976295,0.981781,0.986686,0.987218,0.990172,0.990425,0.990615,0.991106,0.987443,0.987763,0.982215,0.987809,0.987746,0.985221,0.987022,0.985981,0.988001,0.945891,0.988556,0.989099,0.989023,0.988127,0.989751,0.988471,0.987992,0.988870,0.986908,0.987594
allando_v_sin_a2_f5_v120,0.920312,0.998730,0.998735,0.998389,0.998541,0.998489,0.998451,0.998375,0.998333,0.998313,0.935435,0.942721,0.947523,0.951634,0.958098,0.962929,0.969022,0.878089,0.969099,0.971425,0.971120,0.978088,0.980997,0.990979,0.998170,0.998434,0.998676,0.998748,0.919388,0.998862,0.998354,0.997640,0.997537,0.997406,0.997260,0.997324,0.997295,0.997324,0.940075,0.948800,0.952487,0.955766,0.961450,0.964687,0.969808,0.879046,0.970253,0.971045,0.972661,0.979157,0.981081,0.984414,0.981582,0.992915,0.998853,0.998739,0.928998,0.991648,0.993577,0.994423,0.998968,1.000000,0.999724,0.999672,0.999634,0.999542,0.948588,0.951322,0.954403,0.957353,0.963021,0.964689,0.970647,0.893738,0.969892,0.970047,0.971264,0.972507,0.979268,0.983261,0.983521,0.982607,0.985030,0.988090,0.939953,0.987384,0.989216,0.989923,0.990850,0.988998,0.990207,0.989052,0.989851,0.990098,0.950630,0.954421,0.961511,0.960601,0.965261,0.968761,0.969982,0.900043,0.969576,0.965282,0.968156,0.968237,0.974328,0.980007,0.974354,0.979930,0.982471,0.984293,0.965851,0.994036,0.994125,0.994205,0.993948,0.993910,0.994077,0.993950,0.993878,0.993865,0.973046,0.975139,0.982480,0.983429,0.985434,0.986457,0.988469,0.923279,0.989820,0.990285,0.989324,0.990052,0.990491,0.992143,0.993104,0.993702,0.993749,0.993828,0.974305,0.995227,0.995350,0.995309,0.995217,0.995167,0.994931,0.995131,0.995134,0.995298,0.979812,0.982059,0.984590,0.986604,0.985298,0.987421,0.987585,0.932057,0.988674,0.991269,0.991150,0.990849,0.993930,0.994146,0.994926,0.995141,0.995100,0.995407,0.976925,0.988109,0.987611,0.990538,0.990844,0.990979,0.993451,0.993407,0.993341,0.992015,0.983473,0.985306,0.985805,0.987476,0.988718,0.987064,0.986636,0.943158,0.988894,0.990048,0.989648,0.989309,0.991417,0.991805,0.988402,0.990128,0.988236,0.989177,0.976664,0.981938,0.986417,0.986478,0.989211,0.989574,0.989192,0.990725,0.987356,0.988121,0.982063,0.986924,0.987411,0.985359,0.987139,0.986106,0.988219,0.947655,0.988575,0.988945,0.988615,0.988118,0.989647,0.988623,0.988486,0.989564,0.987194,0.987881
allando_v_sin_a2_f5_v125,0.920562,0.999041,0.999153,0.998959,0.999080,0.999021,0.998981,0.998929,0.998896,0.998874,0.935379,0.942045,0.947470,0.951217,0.957439,0.961981,0.968048,0.879994,0.968099,0.970222,0.969621,0.976361,0.979231,0.989505,0.998347,0.998813,0.998947,0.999007,0.919521,0.999340,0.999147,0.998680,0.998634,0.998548,0.998429,0.998482,0.998449,0.998433,0.939770,0.947981,0.952290,0.955235,0.960646,0.963771,0.968829,0.880933,0.969248,0.969816,0.971215,0.977363,0.979355,0.982609,0.979763,0.991405,0.998931,0.999221,0.928693,0.989788,0.991857,0.992619,0.997961,0.999724,1.000000,0.999917,0.999862,0.999833,0.948185,0.950380,0.954196,0.956798,0.962209,0.963949,0.969802,0.895019,0.968969,0.968855,0.969881,0.970841,0.977613,0.981512,0.981735,0.980944,0.983607,0.986398,0.939488,0.985414,0.987190,0.988153,0.988863,0.987567,0.988502,0.987486,0.988294,0.988269,0.950125,0.953391,0.960948,0.960205,0.964399,0.967761,0.968895,0.901288,0.968565,0.964182,0.966830,0.966493,0.972573,0.978245,0.972708,0.977925,0.980693,0.982616,0.965748,0.994014,0.994149,0.994321,0.993933,0.993917,0.994250,0.994063,0.993967,0.993980,0.972762,0.973922,0.981637,0.982895,0.984928,0.985651,0.987769,0.924881,0.989085,0.989572,0.988715,0.989488,0.989967,0.991688,0.992735,0.993429,0.993521,0.993614,0.973938,0.995438,0.995603,0.995625,0.995490,0.995351,0.995119,0.995463,0.995416,0.995535,0.979148,0.980835,0.983515,0.985840,0.984652,0.986591,0.986689,0.933329,0.987869,0.990488,0.990576,0.990298,0.993744,0.994060,0.994997,0.995269,0.995292,0.995446,0.976530,0.987036,0.986536,0.989401,0.989723,0.989758,0.992251,0.992212,0.992395,0.991046,0.982669,0.984421,0.984584,0.986498,0.988152,0.986688,0.986090,0.944134,0.988265,0.989388,0.989075,0.988894,0.990922,0.991192,0.987661,0.989423,0.987203,0.988168,0.976386,0.980776,0.985248,0.985146,0.988011,0.988388,0.988182,0.989543,0.986434,0.987164,0.981157,0.985810,0.986320,0.983919,0.986569,0.985716,0.987562,0.948540,0.987858,0.988164,0.987937,0.987560,0.988991,0.987765,0.987586,0.988751,0.986137,0.986757
allando_v_sin_a2_f5_v130,0.920149,0.999108,0.999198,0.999070,0.999124,0.999081,0.999069,0.999040,0.999020,0.999018,0.934676,0.941950,0.947016,0.950851,0.957077,0.961721,0.967901,0.879657,0.967800,0.969633,0.969146,0.975793,0.978893,0.989102,0.998102,0.998829,0.998914,0.999050,0.919132,0.999392,0.999185,0.998758,0.998720,0.998641,0.998524,0.998604,0.998589,0.998634,0.939104,0.948007,0.951901,0.954904,0.960343,0.963567,0.968731,0.880579,0.968955,0.969216,0.970783,0.976768,0.979091,0.982254,0.979451,0.991268,0.998927,0.999279,0.928286,0.989270,0.991315,0.992134,0.997689,0.999672,0.999917,1.000000,0.999942,0.999956,0.947591,0.950484,0.953826,0.956492,0.962031,0.963782,0.969711,0.894563,0.968684,0.968288,0.969492,0.970225,0.977339,0.981105,0.981526,0.980700,0.983318,0.986086,0.939108,0.984841,0.986582,0.987638,0.988495,0.987032,0.988087,0.986897,0.987646,0.988024,0.949497,0.953523,0.960674,0.959886,0.964220,0.967537,0.968785,0.900826,0.968283,0.963573,0.966428,0.965969,0.972277,0.977800,0.972614,0.977552,0.980430,0.982329,0.965487,0.993956,0.994107,0.994283,0.993976,0.993963,0.994221,0.994146,0.994097,0.994076,0.972239,0.974261,0.981421,0.982636,0.984653,0.985357,0.987491,0.924481,0.988858,0.989382,0.988536,0.989293,0.989853,0.991614,0.992698,0.993428,0.993532,0.993654,0.973643,0.995504,0.995647,0.995687,0.995574,0.995470,0.995274,0.995572,0.995561,0.995632,0.978736,0.981043,0.983376,0.985574,0.984349,0.986341,0.986478,0.932992,0.987745,0.990342,0.990515,0.990183,0.993638,0.993966,0.994955,0.995188,0.995239,0.995481,0.976232,0.987096,0.986578,0.989216,0.989587,0.989493,0.992066,0.992058,0.992332,0.991017,0.982280,0.984087,0.984668,0.986463,0.987978,0.986462,0.985900,0.943796,0.988239,0.989326,0.989084,0.988839,0.990743,0.991147,0.987584,0.989345,0.987234,0.988240,0.976143,0.980694,0.985179,0.984697,0.987703,0.988028,0.988259,0.989244,0.986397,0.987011,0.980866,0.985413,0.986082,0.984384,0.986340,0.985490,0.987290,0.948200,0.987773,0.988095,0.987915,0.987447,0.988750,0.987657,0.987451,0.988665,0.986215,0.986709
allando_v_sin_a2_f5_v135,0.918618,0.999118,0.999215,0.999096,0.999192,0.999161,0.999150,0.999119,0.999098,0.999096,0.933562,0.940770,0.945736,0.949583,0.955929,0.960504,0.966828,0.877642,0.966826,0.968862,0.968539,0.975102,0.978199,0.988744,0.997962,0.998758,0.998898,0.999047,0.917551,0.999342,0.999076,0.998589,0.998549,0.998465,0.998332,0.998428,0.998434,0.998510,0.937973,0.946735,0.950609,0.953687,0.959166,0.962319,0.967647,0.878564,0.967973,0.968313,0.970146,0.976112,0.978334,0.981584,0.978948,0.990938,0.998811,0.999230,0.926761,0.989022,0.991109,0.992031,0.997613,0.999634,0.999862,0.999942,1.000000,0.999934,0.946360,0.949197,0.952587,0.955284,0.960823,0.962554,0.968602,0.892583,0.967565,0.967417,0.968763,0.969386,0.976538,0.980461,0.980923,0.980128,0.982611,0.985443,0.937512,0.984396,0.986150,0.987301,0.988213,0.987055,0.988193,0.986844,0.987545,0.988033,0.948242,0.952374,0.959500,0.958718,0.963118,0.966427,0.967756,0.898851,0.967065,0.962663,0.965634,0.965076,0.971310,0.977102,0.971733,0.976735,0.979568,0.981575,0.964818,0.994099,0.994254,0.994447,0.994106,0.994103,0.994422,0.994334,0.994213,0.994200,0.971982,0.973880,0.981162,0.982402,0.984533,0.985220,0.987487,0.923182,0.988845,0.989378,0.988531,0.989351,0.989919,0.991687,0.992756,0.993471,0.993598,0.993750,0.972989,0.995702,0.995840,0.995869,0.995774,0.995644,0.995452,0.995772,0.995747,0.995842,0.978451,0.980755,0.983211,0.985490,0.984276,0.986252,0.986464,0.931576,0.987611,0.990270,0.990446,0.990145,0.993766,0.994136,0.995131,0.995336,0.995401,0.995665,0.975613,0.987035,0.986495,0.989256,0.989772,0.989754,0.992403,0.992428,0.992866,0.991597,0.981831,0.983954,0.984597,0.986307,0.987821,0.986289,0.985739,0.942325,0.987994,0.989110,0.988889,0.988672,0.990805,0.991228,0.987733,0.989506,0.987369,0.988262,0.975521,0.980358,0.984948,0.984792,0.987817,0.988313,0.988412,0.989603,0.986978,0.987599,0.980398,0.985220,0.986075,0.984114,0.986202,0.985322,0.987157,0.946759,0.987601,0.987850,0.987683,0.987235,0.988696,0.987684,0.987492,0.988708,0.986299,0.986647
allando_v_sin_a2_f5_v140,0.918787,0.999093,0.999173,0.999117,0.999148,0.999119,0.999121,0.999104,0.999090,0.999095,0.933401,0.940871,0.946011,0.949821,0.956150,0.960768,0.966947,0.877762,0.967005,0.968912,0.968574,0.975178,0.978260,0.988588,0.997920,0.998765,0.998834,0.999001,0.917819,0.999382,0.999150,0.998715,0.998691,0.998624,0.998509,0.998602,0.998595,0.998657,0.937899,0.946951,0.950947,0.953938,0.959453,0.962670,0.967833,0.878683,0.968189,0.968514,0.970244,0.976183,0.978465,0.981639,0.978864,0.990861,0.998771,0.999264,0.927010,0.988869,0.990934,0.991704,0.997438,0.999542,0.999833,0.999956,0.999934,1.000000,0.946356,0.949448,0.952965,0.955617,0.961174,0.963004,0.968867,0.892658,0.967956,0.967615,0.968949,0.969611,0.976733,0.980526,0.980933,0.980132,0.982816,0.985556,0.937791,0.984420,0.986080,0.987236,0.987982,0.986589,0.987643,0.986366,0.987112,0.987727,0.948311,0.952572,0.959763,0.959128,0.963407,0.966757,0.967939,0.898977,0.967528,0.962996,0.965913,0.965274,0.971571,0.977216,0.971844,0.976819,0.979853,0.981754,0.964616,0.993948,0.994108,0.994299,0.993993,0.993982,0.994249,0.994198,0.994180,0.994142,0.971397,0.973755,0.980878,0.982209,0.984283,0.984949,0.987181,0.922920,0.988559,0.989087,0.988308,0.989127,0.989694,0.991488,0.992606,0.993371,0.993497,0.993635,0.972872,0.995552,0.995692,0.995759,0.995653,0.995557,0.995382,0.995653,0.995658,0.995738,0.977981,0.980509,0.982872,0.985130,0.983992,0.985924,0.986139,0.931501,0.987470,0.990070,0.990306,0.989981,0.993542,0.993906,0.994930,0.995189,0.995229,0.995542,0.975562,0.986989,0.986524,0.989156,0.989594,0.989485,0.992070,0.992039,0.992350,0.991059,0.981592,0.983456,0.984194,0.986046,0.987602,0.986188,0.985619,0.942323,0.987941,0.989059,0.988884,0.988596,0.990657,0.991158,0.987615,0.989371,0.987100,0.988114,0.975538,0.980468,0.985107,0.984654,0.987678,0.988025,0.988129,0.989176,0.986332,0.986985,0.980154,0.984796,0.985565,0.984134,0.985996,0.985173,0.986953,0.946764,0.987472,0.987805,0.987685,0.987141,0.988581,0.987557,0.987394,0.988605,0.986025,0.986552
allando_v_sin_a2_f5_v15,0.969813,0.947920,0.948116,0.945898,0.945925,0.945381,0.944883,0.944399,0.943996,0.943807,0.990826,0.983932,0.985694,0.981321,0.980230,0.978054,0.978203,0.932540,0.971504,0.970628,0.960913,0.960531,0.959451,0.955822,0.952613,0.950707,0.948690,0.948853,0.973271,0.947719,0.949737,0.950265,0.949914,0.949570,0.949702,0.949375,0.948906,0.948276,0.996626,0.987479,0.986231,0.980151,0.979509,0.976906,0.976331,0.933126,0.970316,0.967468,0.961656,0.958186,0.957990,0.956023,0.947975,0.948770,0.951125,0.948725,0.980576,0.947670,0.949323,0.950895,0.948754,0.948588,0.948185,0.947591,0.946360,0.946356,1.000000,0.986897,0.983999,0.976878,0.977803,0.975657,0.976887,0.951775,0.970118,0.965876,0.961075,0.955737,0.958634,0.957604,0.954097,0.948120,0.949910,0.949426,0.984980,0.951420,0.950060,0.955699,0.953221,0.957471,0.951724,0.959700,0.959386,0.951292,0.998082,0.984384,0.982911,0.978140,0.977397,0.974272,0.972103,0.958184,0.970982,0.963403,0.961461,0.955890,0.956046,0.959602,0.951274,0.952200,0.952781,0.954774,0.970689,0.939672,0.939203,0.938164,0.937871,0.937516,0.936921,0.936826,0.936971,0.936957,0.977651,0.965498,0.961131,0.955343,0.950891,0.948493,0.945516,0.944475,0.944658,0.943074,0.939497,0.937935,0.938106,0.939008,0.940022,0.940828,0.940857,0.940149,0.968899,0.937221,0.937613,0.936017,0.935148,0.935215,0.934271,0.935023,0.934521,0.934149,0.970458,0.961884,0.957054,0.954524,0.949702,0.949273,0.947301,0.951306,0.946782,0.945324,0.943409,0.940765,0.939070,0.938162,0.938881,0.937725,0.939025,0.936371,0.969327,0.927269,0.927063,0.929204,0.927536,0.927337,0.931422,0.931376,0.931373,0.929647,0.968023,0.965954,0.956977,0.955711,0.956098,0.953106,0.949713,0.958473,0.950232,0.949272,0.945755,0.943644,0.944589,0.938979,0.933023,0.931817,0.929216,0.930830,0.969889,0.926493,0.932134,0.928681,0.930994,0.931804,0.932191,0.932434,0.930938,0.929412,0.958409,0.956583,0.957583,0.950428,0.950358,0.949879,0.949002,0.960807,0.948893,0.947793,0.946168,0.944203,0.947148,0.939761,0.937239,0.937210,0.934376,0.933788
allando_v_sin_a2_f5_v20,0.966537,0.950495,0.950335,0.948861,0.948028,0.947680,0.947398,0.947272,0.947058,0.947082,0.976647,0.991811,0.984667,0.985371,0.982881,0.980691,0.980705,0.928209,0.973373,0.970525,0.960866,0.961089,0.961249,0.957497,0.954057,0.952747,0.950775,0.950908,0.969272,0.950225,0.951884,0.952848,0.952574,0.952313,0.952461,0.952183,0.951762,0.951355,0.981973,0.997685,0.986893,0.984816,0.982614,0.978950,0.979061,0.928753,0.972391,0.967431,0.961920,0.959474,0.959560,0.958346,0.952050,0.952927,0.953316,0.951061,0.976444,0.950961,0.950739,0.953963,0.951488,0.951322,0.950380,0.950484,0.949197,0.949448,0.986897,1.000000,0.985316,0.982163,0.982099,0.977214,0.979828,0.947822,0.972103,0.966622,0.961866,0.955440,0.960213,0.960427,0.960202,0.952852,0.951617,0.952439,0.982889,0.954885,0.953589,0.958674,0.959770,0.956714,0.956724,0.955668,0.955655,0.956772,0.987607,0.998326,0.986234,0.979856,0.981262,0.976489,0.975287,0.952944,0.972943,0.962410,0.961972,0.956256,0.957054,0.962756,0.956910,0.957032,0.956299,0.957386,0.971156,0.943201,0.942853,0.941917,0.943022,0.942628,0.940771,0.941625,0.942203,0.942576,0.974134,0.975219,0.967815,0.960167,0.955735,0.954137,0.950109,0.944176,0.948785,0.947026,0.942861,0.941309,0.941703,0.942893,0.944030,0.944875,0.945323,0.944758,0.969414,0.940941,0.940815,0.940521,0.939785,0.940022,0.939721,0.939743,0.939356,0.938602,0.971643,0.969695,0.964879,0.959629,0.953839,0.954712,0.952625,0.951394,0.950987,0.949977,0.947348,0.944246,0.942622,0.941078,0.941601,0.941024,0.941954,0.940231,0.969406,0.931423,0.930391,0.932814,0.931231,0.931046,0.935781,0.936300,0.935506,0.933698,0.969391,0.964318,0.963988,0.964159,0.960517,0.956385,0.954676,0.959268,0.954930,0.953990,0.950610,0.947236,0.946633,0.942085,0.935021,0.934814,0.935851,0.936232,0.969776,0.929352,0.934048,0.931519,0.933111,0.934682,0.935801,0.936246,0.934939,0.933223,0.960999,0.959365,0.959294,0.958781,0.955526,0.953222,0.953503,0.961444,0.953954,0.952601,0.950783,0.947707,0.948956,0.944007,0.939052,0.939993,0.940246,0.937960
allando_v_sin_a2_f5_v25,0.961972,0.954087,0.953985,0.952195,0.951721,0.951198,0.950733,0.950533,0.950334,0.950293,0.971651,0.975363,0.994340,0.993454,0.989704,0.985335,0.983187,0.923180,0.978870,0.975318,0.965518,0.966027,0.964741,0.961764,0.958784,0.956478,0.954838,0.954661,0.964752,0.954408,0.956310,0.957191,0.956939,0.956682,0.956870,0.956526,0.956099,0.955208,0.977986,0.981453,0.998511,0.994559,0.989247,0.984842,0.982038,0.923503,0.979026,0.973990,0.967420,0.965171,0.964253,0.963788,0.957491,0.955660,0.957590,0.955234,0.972020,0.955454,0.955007,0.954156,0.954161,0.954403,0.954196,0.953826,0.952587,0.952965,0.983999,0.985316,1.000000,0.993243,0.988971,0.983710,0.984159,0.943161,0.978621,0.972842,0.966878,0.962014,0.964831,0.966339,0.962429,0.958063,0.958723,0.957721,0.979661,0.959614,0.958606,0.964838,0.959934,0.959213,0.955770,0.957759,0.956407,0.952893,0.986859,0.985078,0.996835,0.993254,0.988010,0.983220,0.979234,0.948800,0.978348,0.969868,0.967431,0.961651,0.961992,0.968562,0.959635,0.961453,0.961105,0.962900,0.971801,0.950211,0.950074,0.949012,0.949202,0.948731,0.947781,0.947879,0.947823,0.948020,0.973746,0.968703,0.974689,0.972040,0.967068,0.962461,0.957282,0.943192,0.955122,0.952759,0.949183,0.947904,0.947751,0.948787,0.949870,0.950790,0.951428,0.951094,0.972068,0.946815,0.946584,0.945683,0.945432,0.945535,0.945036,0.945293,0.944866,0.943966,0.971571,0.965645,0.967905,0.969687,0.965771,0.963902,0.959290,0.952116,0.956663,0.955657,0.953979,0.950837,0.949214,0.947592,0.947296,0.946909,0.948223,0.945562,0.973059,0.936067,0.935299,0.937319,0.936037,0.935746,0.939898,0.938333,0.937910,0.935627,0.972028,0.964966,0.961164,0.964931,0.970646,0.968473,0.962561,0.960163,0.961165,0.960128,0.956440,0.953542,0.954081,0.946556,0.942725,0.942663,0.940326,0.941221,0.973374,0.936030,0.939954,0.938338,0.939292,0.940860,0.938345,0.940241,0.936232,0.936263,0.964433,0.961583,0.959122,0.955034,0.966745,0.966116,0.962858,0.962459,0.961064,0.959403,0.956825,0.954735,0.956880,0.947510,0.947204,0.948262,0.944813,0.944342
allando_v_sin_a2_f5_v30,0.959928,0.957272,0.957017,0.955132,0.954720,0.954209,0.953712,0.953558,0.953356,0.953289,0.963745,0.970260,0.986498,0.996572,0.989857,0.989286,0.983505,0.916478,0.979873,0.977172,0.966298,0.968955,0.968355,0.966009,0.961437,0.959117,0.957801,0.957702,0.962172,0.957354,0.958935,0.959403,0.959148,0.958862,0.958960,0.958633,0.958132,0.957204,0.969797,0.977011,0.991472,0.998698,0.991268,0.988364,0.982444,0.916873,0.980391,0.977193,0.967992,0.969584,0.967274,0.968145,0.965025,0.962920,0.961402,0.958214,0.969496,0.959241,0.958467,0.956579,0.957336,0.957353,0.956798,0.956492,0.955284,0.955617,0.976878,0.982163,0.993243,1.000000,0.992258,0.986910,0.985293,0.936985,0.980855,0.977016,0.967569,0.966298,0.968180,0.971515,0.971101,0.965918,0.960246,0.962283,0.978519,0.963732,0.963291,0.967367,0.966863,0.959412,0.959623,0.958284,0.958787,0.956304,0.980972,0.982553,0.994646,0.994370,0.990849,0.986228,0.980749,0.941776,0.980071,0.971363,0.967532,0.965714,0.965658,0.973814,0.967099,0.970093,0.965517,0.965030,0.974051,0.955582,0.955484,0.954359,0.954596,0.954081,0.953086,0.953286,0.953144,0.953387,0.972070,0.971219,0.977549,0.975183,0.973089,0.969375,0.963272,0.942202,0.961608,0.958585,0.954163,0.953166,0.952770,0.954060,0.955324,0.956289,0.957052,0.956810,0.974461,0.951704,0.951259,0.950709,0.950354,0.950467,0.950125,0.950275,0.949749,0.948856,0.972277,0.969048,0.971686,0.972702,0.970957,0.971109,0.966599,0.951788,0.963768,0.961266,0.958474,0.956084,0.954330,0.952496,0.951979,0.951330,0.952996,0.950628,0.974441,0.941862,0.939645,0.942194,0.940997,0.940491,0.944354,0.943439,0.941743,0.939370,0.973804,0.967831,0.965191,0.969065,0.973421,0.973623,0.969930,0.959548,0.967452,0.965856,0.962233,0.959451,0.958779,0.953349,0.947733,0.948115,0.950932,0.950943,0.974804,0.940241,0.943557,0.943646,0.944111,0.945011,0.941882,0.944278,0.939090,0.938872,0.969116,0.965567,0.962928,0.958411,0.970927,0.971425,0.969023,0.961174,0.967343,0.965210,0.962587,0.960665,0.961823,0.956240,0.952562,0.953375,0.954285,0.953851
allando_v_sin_a2_f5_v35,0.955730,0.962095,0.961776,0.959839,0.959479,0.958958,0.958508,0.958289,0.958074,0.958023,0.964470,0.970567,0.981749,0.989831,0.995553,0.994816,0.989215,0.916763,0.984492,0.982694,0.970743,0.974056,0.973818,0.970823,0.966729,0.964269,0.963033,0.962718,0.957768,0.962339,0.963523,0.963622,0.963447,0.963046,0.963024,0.962826,0.962350,0.961713,0.970995,0.976956,0.987337,0.991979,0.997931,0.994913,0.988719,0.917234,0.984814,0.982179,0.972576,0.974014,0.973173,0.973425,0.965913,0.965714,0.965815,0.963134,0.965562,0.965007,0.964439,0.962862,0.963201,0.963021,0.962209,0.962031,0.960823,0.961174,0.977803,0.982099,0.988971,0.992258,1.000000,0.994067,0.991629,0.937217,0.985330,0.980663,0.972739,0.970215,0.973614,0.974177,0.972715,0.967055,0.967250,0.968096,0.974659,0.969819,0.967042,0.970097,0.968270,0.965870,0.964478,0.962794,0.962911,0.962932,0.982147,0.982658,0.991508,0.991906,0.998652,0.993381,0.987133,0.941901,0.985298,0.977016,0.972870,0.969890,0.971199,0.975647,0.966584,0.971572,0.973030,0.972602,0.974723,0.962070,0.961786,0.960644,0.960596,0.960097,0.959199,0.959657,0.959497,0.959544,0.976152,0.976336,0.978657,0.974771,0.972817,0.975110,0.972357,0.943029,0.969514,0.966146,0.961012,0.959441,0.959498,0.960798,0.962105,0.963080,0.963469,0.963131,0.976104,0.957712,0.957487,0.956701,0.956343,0.956629,0.956277,0.956292,0.955807,0.954981,0.977721,0.974650,0.976197,0.973322,0.970764,0.972939,0.974876,0.952823,0.972114,0.968858,0.964882,0.962016,0.960631,0.959023,0.958145,0.957749,0.959189,0.956981,0.978621,0.949977,0.948736,0.949947,0.947560,0.946376,0.949589,0.948411,0.948692,0.946318,0.978527,0.973521,0.970920,0.974091,0.974937,0.974567,0.977916,0.961549,0.975654,0.973284,0.969104,0.964814,0.964004,0.957989,0.952634,0.952736,0.952263,0.952714,0.978933,0.949449,0.951946,0.949001,0.949188,0.949154,0.948295,0.950539,0.946711,0.946860,0.973399,0.970863,0.969275,0.965692,0.970814,0.971009,0.973994,0.963333,0.975084,0.973098,0.969596,0.965815,0.966565,0.959012,0.957280,0.958083,0.956809,0.955342
allando_v_sin_a2_f5_v40,0.953217,0.964406,0.964115,0.962125,0.961740,0.961197,0.960732,0.960462,0.960212,0.960137,0.963437,0.966824,0.977821,0.984327,0.991650,0.997279,0.989127,0.916618,0.989189,0.983503,0.973803,0.978496,0.978843,0.974088,0.969312,0.966845,0.965358,0.965013,0.955281,0.964349,0.965630,0.965688,0.965454,0.965071,0.964875,0.964755,0.964450,0.963734,0.968781,0.973076,0.982662,0.986098,0.993977,0.998957,0.988669,0.917025,0.989362,0.983237,0.975219,0.976818,0.977801,0.975262,0.966860,0.967611,0.967540,0.965245,0.961918,0.965828,0.968034,0.963956,0.965082,0.964689,0.963949,0.963782,0.962554,0.963004,0.975657,0.977214,0.983710,0.986910,0.994067,1.000000,0.991033,0.936113,0.990284,0.982704,0.975346,0.976377,0.978812,0.977378,0.973449,0.965208,0.965367,0.967218,0.970911,0.971035,0.967614,0.971550,0.968763,0.966582,0.964721,0.964347,0.965858,0.963787,0.978713,0.977080,0.986279,0.990238,0.994238,0.998416,0.986938,0.940767,0.987720,0.980210,0.975678,0.976386,0.975611,0.979103,0.967842,0.969548,0.971850,0.971463,0.975141,0.963778,0.963697,0.962453,0.962213,0.961662,0.961069,0.961333,0.961308,0.961237,0.974232,0.975281,0.976741,0.973163,0.971937,0.973192,0.971610,0.943534,0.970966,0.968237,0.964273,0.962440,0.962264,0.963584,0.964765,0.965410,0.965195,0.964973,0.977002,0.959922,0.959857,0.959039,0.958544,0.958969,0.958302,0.958473,0.958174,0.957399,0.975600,0.973597,0.975155,0.972128,0.969883,0.971420,0.973422,0.953661,0.974822,0.970418,0.967464,0.965281,0.962956,0.961699,0.960772,0.960374,0.961410,0.959540,0.979905,0.949544,0.949136,0.951374,0.950362,0.948803,0.951739,0.951240,0.950337,0.948283,0.978227,0.973688,0.970292,0.973425,0.974425,0.974868,0.977381,0.961633,0.977039,0.974762,0.971600,0.967207,0.965700,0.961375,0.957923,0.957829,0.952900,0.954772,0.979218,0.948075,0.952909,0.951291,0.952410,0.951909,0.952103,0.952174,0.948148,0.946734,0.971739,0.971230,0.969471,0.966101,0.969746,0.970917,0.973495,0.964082,0.975958,0.974064,0.972182,0.967897,0.968644,0.961815,0.961891,0.962518,0.956333,0.958162
allando_v_sin_a2_f5_v45,0.951864,0.969961,0.969679,0.967694,0.967574,0.967077,0.966628,0.966400,0.966116,0.966009,0.962826,0.969482,0.978758,0.982919,0.989070,0.991494,0.998461,0.918333,0.991221,0.987249,0.976992,0.979406,0.980019,0.977070,0.974091,0.971891,0.970636,0.970486,0.953786,0.969550,0.970550,0.970508,0.970261,0.969906,0.969797,0.969560,0.969052,0.968517,0.969080,0.976090,0.983003,0.984798,0.991189,0.990997,0.998755,0.918597,0.991513,0.985319,0.978776,0.979045,0.980126,0.976902,0.970100,0.972763,0.973031,0.970406,0.961235,0.972026,0.971639,0.971464,0.971707,0.970647,0.969802,0.969711,0.968602,0.968867,0.976887,0.979828,0.984159,0.985293,0.991629,0.991033,1.000000,0.936251,0.992512,0.984246,0.979071,0.975299,0.980107,0.979344,0.978206,0.971624,0.972116,0.971915,0.971560,0.974845,0.972846,0.975740,0.975048,0.975268,0.973227,0.971791,0.969890,0.970688,0.978272,0.981046,0.988297,0.987107,0.993114,0.991015,0.998384,0.941604,0.991563,0.981229,0.978439,0.974960,0.976254,0.980478,0.976597,0.974925,0.975940,0.976761,0.974915,0.968815,0.968408,0.967339,0.967338,0.966931,0.966108,0.966364,0.966321,0.966397,0.978490,0.978733,0.981629,0.977883,0.975202,0.975059,0.974156,0.942713,0.974245,0.974929,0.972254,0.969441,0.970495,0.970669,0.971207,0.971189,0.970576,0.969854,0.977995,0.965511,0.965574,0.964610,0.964473,0.964676,0.963914,0.964007,0.963870,0.963485,0.980679,0.979337,0.979825,0.977973,0.975066,0.975441,0.976124,0.951193,0.976804,0.976248,0.975346,0.972033,0.969419,0.968069,0.967074,0.966860,0.966908,0.965383,0.980704,0.958137,0.956529,0.957772,0.957650,0.955657,0.958776,0.958371,0.958781,0.957292,0.982157,0.978886,0.976366,0.978671,0.979944,0.977670,0.977376,0.960557,0.980834,0.980038,0.978651,0.974511,0.972000,0.966439,0.961509,0.960764,0.961803,0.961640,0.982736,0.954686,0.958790,0.955820,0.959186,0.957429,0.962356,0.958381,0.958963,0.956329,0.976679,0.976861,0.976064,0.972651,0.975765,0.975935,0.976623,0.963921,0.979622,0.978974,0.979155,0.975241,0.974313,0.967275,0.965072,0.964953,0.967418,0.962418
allando_v_sin_a2_f5_v5,0.968289,0.896016,0.896556,0.894236,0.893354,0.892775,0.892207,0.891874,0.891556,0.891411,0.963354,0.955961,0.955688,0.948633,0.944400,0.943446,0.941036,0.992378,0.933560,0.926750,0.914900,0.914565,0.913648,0.905509,0.901965,0.899816,0.897325,0.896690,0.967644,0.896787,0.900896,0.903910,0.903543,0.903345,0.903590,0.903044,0.902587,0.901429,0.957362,0.951060,0.949075,0.941474,0.939192,0.937649,0.935421,0.992509,0.928813,0.921514,0.913638,0.910029,0.909959,0.905871,0.897900,0.895574,0.900316,0.897406,0.960064,0.891438,0.891569,0.890294,0.891997,0.893738,0.895019,0.894563,0.892583,0.892658,0.951775,0.947822,0.943161,0.936985,0.937217,0.936113,0.936251,1.000000,0.928897,0.920431,0.913806,0.908464,0.911501,0.908403,0.905924,0.898057,0.896571,0.896286,0.955844,0.895799,0.893834,0.897997,0.897240,0.893871,0.890969,0.890953,0.892969,0.888884,0.948994,0.942475,0.940580,0.937330,0.936002,0.932644,0.930084,0.997176,0.927192,0.917180,0.914005,0.908795,0.907259,0.911826,0.906084,0.904612,0.901363,0.902921,0.941938,0.885161,0.884818,0.883725,0.883707,0.883127,0.881992,0.882253,0.882653,0.882753,0.932552,0.921852,0.917054,0.910214,0.904250,0.901057,0.895071,0.966160,0.892834,0.891161,0.887299,0.884152,0.884109,0.885247,0.886154,0.886858,0.886744,0.885631,0.933519,0.882216,0.882364,0.881731,0.880350,0.880392,0.879405,0.880702,0.880065,0.878572,0.926576,0.915206,0.910183,0.905888,0.900404,0.900065,0.897572,0.960467,0.896479,0.894037,0.890956,0.888428,0.884941,0.883452,0.883987,0.883087,0.884305,0.880827,0.931213,0.872771,0.870870,0.873166,0.870675,0.868879,0.872129,0.872484,0.871054,0.868352,0.925738,0.914069,0.907667,0.907093,0.907058,0.903933,0.901473,0.960726,0.901157,0.899711,0.895455,0.892967,0.889486,0.883969,0.876765,0.877247,0.875954,0.877679,0.929994,0.873438,0.875985,0.872581,0.873474,0.873816,0.876801,0.874773,0.870779,0.868855,0.916114,0.910563,0.907148,0.900642,0.901224,0.900074,0.899997,0.958945,0.900174,0.898364,0.896273,0.894168,0.893532,0.886665,0.881848,0.884001,0.881557,0.880887
allando_v_sin_a2_f5_v50,0.945643,0.970033,0.969656,0.967523,0.967381,0.966918,0.966452,0.966162,0.965916,0.965806,0.957257,0.962243,0.973829,0.977451,0.983962,0.989117,0.991973,0.910389,0.997898,0.987736,0.980229,0.985208,0.984726,0.980296,0.975170,0.972317,0.970975,0.970512,0.947785,0.969245,0.970068,0.969777,0.969445,0.969129,0.968886,0.968755,0.968460,0.967734,0.962124,0.968833,0.977628,0.979108,0.986013,0.989095,0.992467,0.910658,0.998333,0.987449,0.981325,0.983936,0.984102,0.979380,0.970072,0.973737,0.972547,0.969985,0.953963,0.973078,0.974793,0.969514,0.971374,0.969892,0.968969,0.968684,0.967565,0.967956,0.970118,0.972103,0.978621,0.980855,0.985330,0.990284,0.992512,0.928897,1.000000,0.987450,0.981507,0.983293,0.985613,0.982979,0.976943,0.970471,0.969629,0.971488,0.964520,0.976255,0.974385,0.976549,0.973636,0.972382,0.970543,0.969925,0.970465,0.968177,0.971302,0.971937,0.982388,0.986765,0.987984,0.990557,0.992246,0.934157,0.994679,0.985996,0.981043,0.981765,0.980572,0.984465,0.975328,0.973821,0.973702,0.975053,0.971018,0.969422,0.969131,0.968080,0.967991,0.967528,0.966867,0.966939,0.966986,0.966959,0.971478,0.974669,0.979667,0.976870,0.975433,0.974295,0.973611,0.937571,0.974641,0.974574,0.974501,0.972459,0.972233,0.972395,0.972607,0.972122,0.971085,0.970574,0.975891,0.965601,0.965530,0.964593,0.964582,0.965082,0.964205,0.964058,0.964285,0.963962,0.974489,0.975157,0.978079,0.976401,0.975226,0.974486,0.975051,0.947316,0.978125,0.976579,0.976160,0.975881,0.970646,0.969290,0.967698,0.967483,0.967116,0.965948,0.979535,0.955326,0.954996,0.958096,0.958833,0.956887,0.958604,0.958373,0.956886,0.955708,0.979125,0.975087,0.973345,0.976546,0.978260,0.979045,0.976850,0.956419,0.980190,0.979210,0.978656,0.975960,0.972489,0.968015,0.965870,0.965306,0.959360,0.961633,0.979810,0.952279,0.958799,0.958232,0.961958,0.959590,0.961695,0.958173,0.955715,0.953325,0.973229,0.975376,0.973446,0.970440,0.974990,0.976474,0.976358,0.960693,0.978758,0.978434,0.979530,0.976753,0.975272,0.968060,0.968736,0.968248,0.961638,0.963890
allando_v_sin_a2_f5_v55,0.944778,0.970181,0.969800,0.968042,0.967853,0.967473,0.967078,0.966775,0.966511,0.966399,0.954673,0.962202,0.967721,0.973938,0.977519,0.981067,0.983582,0.900413,0.985394,0.997671,0.989646,0.987659,0.982637,0.981415,0.974827,0.971971,0.971324,0.970693,0.947641,0.969053,0.969658,0.968950,0.968621,0.968321,0.968165,0.968158,0.967788,0.967189,0.961416,0.966062,0.971125,0.976306,0.979923,0.981045,0.984460,0.900845,0.986412,0.999116,0.990361,0.988901,0.981488,0.980040,0.974278,0.976721,0.973061,0.969983,0.956897,0.972204,0.974116,0.971016,0.972099,0.970047,0.968855,0.968288,0.967417,0.967615,0.965876,0.966622,0.972842,0.977016,0.980663,0.982704,0.984246,0.920431,0.987450,1.000000,0.990231,0.984990,0.982741,0.982701,0.981289,0.974185,0.969883,0.971795,0.964845,0.974630,0.974058,0.977708,0.977472,0.972133,0.971689,0.969218,0.970854,0.968659,0.966698,0.967505,0.975945,0.978228,0.984572,0.984659,0.983502,0.927985,0.988839,0.998325,0.989275,0.981626,0.978325,0.985656,0.973577,0.976200,0.973298,0.974240,0.969863,0.968552,0.968429,0.967433,0.967090,0.966632,0.966206,0.966176,0.966005,0.966123,0.968013,0.969528,0.977548,0.974409,0.975706,0.975162,0.973696,0.933545,0.974034,0.971685,0.970723,0.970788,0.969835,0.970175,0.970461,0.970446,0.970136,0.969748,0.974882,0.964759,0.964544,0.963921,0.963727,0.964532,0.963400,0.963382,0.963384,0.963555,0.972763,0.971561,0.975921,0.976061,0.975293,0.975163,0.975996,0.945012,0.978407,0.973979,0.972269,0.973491,0.969782,0.968310,0.967161,0.966589,0.966199,0.965872,0.978788,0.955154,0.953931,0.956571,0.955241,0.955057,0.958758,0.958860,0.957108,0.955634,0.977744,0.973411,0.972144,0.974230,0.976511,0.978015,0.976397,0.954488,0.976671,0.975364,0.973863,0.974359,0.977139,0.973831,0.965100,0.964876,0.963623,0.963579,0.982911,0.951621,0.959823,0.955545,0.960253,0.959751,0.955677,0.956354,0.951975,0.950985,0.974700,0.975785,0.973487,0.968484,0.973948,0.975004,0.975399,0.958193,0.976629,0.975657,0.975079,0.975227,0.979591,0.975117,0.968314,0.967381,0.965327,0.965513
allando_v_sin_a2_f5_v60,0.934667,0.970461,0.970100,0.968486,0.968378,0.968041,0.967691,0.967389,0.967171,0.967149,0.947795,0.957240,0.961857,0.963917,0.968542,0.972370,0.977903,0.893438,0.978392,0.989404,0.998794,0.988635,0.982848,0.981787,0.974738,0.972070,0.971562,0.970957,0.937188,0.969341,0.969562,0.968744,0.968490,0.968176,0.967930,0.968102,0.967759,0.967353,0.955462,0.961806,0.965674,0.966734,0.971673,0.973286,0.979593,0.893955,0.979449,0.989838,0.999436,0.990155,0.982614,0.980838,0.972034,0.976266,0.973018,0.969942,0.948087,0.973282,0.974818,0.972445,0.973092,0.971264,0.969881,0.969492,0.968763,0.968949,0.961075,0.961866,0.966878,0.967569,0.972739,0.975346,0.979071,0.913806,0.981507,0.990231,1.000001,0.984685,0.982652,0.981511,0.980343,0.976392,0.972883,0.973437,0.957222,0.976264,0.975172,0.977080,0.976490,0.976753,0.975061,0.972662,0.972885,0.972405,0.961822,0.962601,0.969616,0.969985,0.977271,0.978140,0.978798,0.921866,0.985343,0.990037,0.999444,0.979748,0.978387,0.984100,0.974323,0.976250,0.975922,0.979120,0.965078,0.968176,0.967909,0.966992,0.966893,0.966554,0.965862,0.966127,0.965850,0.965891,0.968185,0.969327,0.974713,0.972537,0.972926,0.971921,0.971074,0.931850,0.971746,0.970004,0.970563,0.970273,0.969428,0.969784,0.969967,0.970129,0.969843,0.969341,0.970932,0.965452,0.965345,0.964819,0.964560,0.965440,0.964225,0.964234,0.964387,0.964572,0.972790,0.972491,0.974231,0.974825,0.973062,0.972562,0.972689,0.943431,0.975579,0.972763,0.971872,0.972025,0.969180,0.968055,0.967524,0.967090,0.966762,0.966975,0.975568,0.958306,0.958288,0.959840,0.958250,0.957683,0.960138,0.960045,0.960983,0.960409,0.976314,0.973802,0.973999,0.973577,0.975188,0.974634,0.972102,0.953113,0.973695,0.973321,0.971849,0.971802,0.976257,0.974232,0.963830,0.965758,0.961692,0.962911,0.980736,0.954259,0.964352,0.956299,0.961699,0.961251,0.957217,0.958460,0.957135,0.956193,0.974275,0.975500,0.974159,0.970136,0.971653,0.972236,0.973056,0.957266,0.974165,0.973514,0.973165,0.972228,0.978819,0.975636,0.967131,0.968631,0.964028,0.964142
allando_v_sin_a2_f5_v65,0.933280,0.972149,0.971573,0.969386,0.969583,0.969309,0.968922,0.968537,0.968313,0.968117,0.944727,0.946800,0.955948,0.960579,0.966198,0.972726,0.974077,0.887474,0.981372,0.982144,0.985129,0.997760,0.993962,0.989523,0.977663,0.974261,0.973806,0.972880,0.934598,0.971206,0.970866,0.969782,0.969360,0.968949,0.968657,0.968528,0.968358,0.967621,0.948875,0.952883,0.960737,0.963564,0.969837,0.974631,0.974290,0.888280,0.982797,0.983521,0.984814,0.996023,0.992448,0.989418,0.977042,0.979914,0.974653,0.971679,0.942821,0.977980,0.981189,0.974588,0.974366,0.972507,0.970841,0.970225,0.969386,0.969611,0.955737,0.955440,0.962014,0.966298,0.970215,0.976377,0.975299,0.908464,0.983293,0.984990,0.984685,1.000000,0.993177,0.992903,0.982017,0.976833,0.975046,0.977611,0.953035,0.980553,0.979960,0.981111,0.977439,0.974298,0.974003,0.974174,0.977260,0.972508,0.958644,0.956810,0.967102,0.972183,0.972917,0.979168,0.976320,0.914748,0.979290,0.983712,0.984502,0.997881,0.989382,0.993200,0.974701,0.980663,0.979065,0.978822,0.968878,0.968610,0.968339,0.967435,0.967308,0.966896,0.966290,0.966011,0.966218,0.966104,0.964742,0.967617,0.974400,0.971448,0.972847,0.972106,0.970996,0.928966,0.971158,0.970754,0.970936,0.969929,0.969485,0.970169,0.970716,0.970703,0.970089,0.969627,0.976278,0.966185,0.966120,0.965528,0.965327,0.965780,0.964648,0.964587,0.964712,0.965134,0.969302,0.969878,0.973625,0.974013,0.971672,0.972558,0.972934,0.941783,0.974238,0.973087,0.971421,0.972685,0.969045,0.968403,0.967963,0.967407,0.967347,0.967713,0.979045,0.961323,0.960520,0.963836,0.962409,0.962191,0.963634,0.963924,0.961459,0.959925,0.974657,0.973117,0.970894,0.972729,0.974658,0.975196,0.973038,0.950064,0.973109,0.973287,0.971573,0.970201,0.973398,0.973197,0.977337,0.974508,0.966455,0.966967,0.973915,0.958476,0.963326,0.963225,0.964228,0.964389,0.957549,0.960909,0.954664,0.955191,0.973887,0.975283,0.972364,0.968188,0.971950,0.971164,0.973251,0.953898,0.973284,0.972693,0.972493,0.970696,0.975777,0.973751,0.980003,0.976433,0.966401,0.970811
allando_v_sin_a2_f5_v70,0.937159,0.978855,0.978305,0.976352,0.976488,0.976210,0.975878,0.975543,0.975340,0.975142,0.947195,0.950237,0.959090,0.963613,0.970554,0.976218,0.979120,0.892731,0.985815,0.980793,0.982059,0.993934,0.998494,0.993207,0.983668,0.980616,0.980336,0.979576,0.937476,0.978211,0.977497,0.976386,0.976036,0.975679,0.975334,0.975208,0.975048,0.974431,0.951138,0.957053,0.963964,0.966487,0.973150,0.977989,0.979194,0.893463,0.986457,0.981987,0.982748,0.991507,0.999184,0.993128,0.981388,0.986126,0.981578,0.978625,0.944909,0.981367,0.984952,0.979589,0.981085,0.979268,0.977613,0.977339,0.976538,0.976733,0.958634,0.960213,0.964831,0.968180,0.973614,0.978812,0.980107,0.911501,0.985613,0.982741,0.982652,0.993177,1.000000,0.994133,0.987309,0.981941,0.982506,0.984891,0.955602,0.983102,0.982816,0.985155,0.982867,0.980260,0.979641,0.978601,0.981589,0.978054,0.960908,0.961234,0.969735,0.975023,0.976056,0.981738,0.980152,0.917405,0.981989,0.980378,0.981767,0.992947,0.994966,0.994064,0.982356,0.984030,0.986171,0.985694,0.974073,0.976081,0.975784,0.974734,0.974674,0.974236,0.973605,0.973445,0.973677,0.973617,0.971413,0.975073,0.980377,0.978370,0.978818,0.978191,0.977784,0.932019,0.978465,0.978478,0.978129,0.976588,0.976864,0.977597,0.978265,0.978199,0.977523,0.977040,0.981831,0.974086,0.973968,0.973440,0.973270,0.973575,0.972641,0.972578,0.972650,0.972932,0.976779,0.977746,0.980008,0.980339,0.977807,0.979376,0.979361,0.943426,0.980622,0.980451,0.979354,0.980032,0.976744,0.976088,0.975682,0.975430,0.975158,0.975478,0.983964,0.971704,0.971161,0.972133,0.970180,0.968738,0.971018,0.971848,0.970028,0.968923,0.981328,0.980095,0.978403,0.979723,0.981371,0.980978,0.978332,0.952266,0.980803,0.980740,0.979650,0.977987,0.978341,0.978754,0.982422,0.981387,0.974079,0.975944,0.978589,0.969365,0.972889,0.966771,0.969631,0.968799,0.969913,0.967435,0.965405,0.964161,0.981643,0.982117,0.980156,0.976281,0.978151,0.977324,0.978909,0.956330,0.980636,0.980561,0.979900,0.978277,0.980512,0.978467,0.984710,0.983476,0.974129,0.977815
allando_v_sin_a2_f5_v75,0.937315,0.982451,0.981871,0.979918,0.980185,0.979971,0.979603,0.979302,0.979116,0.978948,0.945420,0.949794,0.959272,0.965812,0.969738,0.975756,0.977605,0.889308,0.981586,0.980698,0.981048,0.993955,0.994630,0.995175,0.986360,0.983559,0.983689,0.983063,0.937369,0.981945,0.981010,0.979740,0.979372,0.979017,0.978786,0.978603,0.978380,0.977816,0.949847,0.956638,0.964729,0.969403,0.972983,0.977034,0.977678,0.890212,0.982980,0.981789,0.982066,0.993730,0.993850,0.994980,0.986617,0.990195,0.985274,0.982160,0.945831,0.987671,0.989263,0.983973,0.984748,0.983261,0.981512,0.981105,0.980461,0.980526,0.957604,0.960427,0.966339,0.971515,0.974177,0.977378,0.979344,0.908403,0.982979,0.982701,0.981511,0.992903,0.994133,1.000000,0.990821,0.986604,0.984867,0.987954,0.956500,0.988818,0.989358,0.988563,0.987112,0.982453,0.983122,0.981642,0.984033,0.980554,0.961126,0.962464,0.972763,0.974751,0.976153,0.981320,0.979426,0.914280,0.980460,0.978671,0.980137,0.990871,0.989728,0.999090,0.983537,0.990201,0.987500,0.987241,0.975155,0.979476,0.979283,0.978331,0.978394,0.977991,0.977274,0.977025,0.977127,0.977129,0.972469,0.975691,0.983493,0.982031,0.982962,0.982394,0.980914,0.931092,0.981393,0.981018,0.979605,0.978978,0.978759,0.979901,0.980720,0.980930,0.980672,0.980376,0.982830,0.977691,0.977484,0.977058,0.976897,0.977057,0.976386,0.976230,0.976225,0.976457,0.978694,0.979425,0.983092,0.984534,0.982179,0.983852,0.982831,0.942516,0.982868,0.983335,0.981493,0.981352,0.979699,0.979044,0.978812,0.978393,0.978535,0.978762,0.984523,0.975131,0.973849,0.976864,0.975535,0.975196,0.976078,0.975893,0.973739,0.972143,0.984052,0.982384,0.981033,0.983033,0.984936,0.983938,0.981665,0.951934,0.982580,0.983148,0.981577,0.979746,0.981323,0.981680,0.984289,0.983807,0.980231,0.980435,0.979550,0.971499,0.975084,0.974835,0.975548,0.975666,0.970163,0.973405,0.967327,0.968255,0.984543,0.985377,0.982756,0.978581,0.982655,0.981324,0.983719,0.955730,0.983020,0.982644,0.981608,0.980176,0.982904,0.981470,0.986494,0.985120,0.979377,0.982466
allando_v_sin_a2_f5_v80,0.940513,0.982676,0.982147,0.980607,0.980856,0.980590,0.980266,0.980089,0.979899,0.979734,0.941190,0.950395,0.956451,0.966430,0.967448,0.974425,0.976426,0.887260,0.975758,0.978798,0.979101,0.985630,0.988566,0.991182,0.984712,0.982574,0.983167,0.983027,0.940338,0.982072,0.980861,0.979610,0.979318,0.979064,0.978852,0.978693,0.978274,0.977750,0.946605,0.956739,0.961531,0.969664,0.970412,0.974103,0.976463,0.888031,0.976459,0.980635,0.980662,0.986859,0.987946,0.989820,0.992078,0.994259,0.986561,0.982392,0.950383,0.985745,0.986212,0.983067,0.985452,0.983521,0.981735,0.981526,0.980923,0.980933,0.954097,0.960202,0.962429,0.971101,0.972715,0.973449,0.978206,0.905924,0.976943,0.981289,0.980343,0.982017,0.987309,0.990821,1.000000,0.992331,0.985871,0.988537,0.961034,0.987522,0.987488,0.986186,0.991130,0.981529,0.984111,0.980284,0.981367,0.981957,0.957791,0.961114,0.968490,0.967942,0.974700,0.977696,0.977249,0.912059,0.979284,0.973982,0.977682,0.979109,0.983140,0.990722,0.990584,0.993353,0.990177,0.987806,0.974262,0.980427,0.980256,0.979212,0.979202,0.978769,0.978129,0.978130,0.977907,0.978094,0.970581,0.973540,0.981478,0.981044,0.982024,0.982616,0.981204,0.927772,0.982905,0.981954,0.979993,0.979454,0.979284,0.980524,0.981529,0.981946,0.981957,0.981478,0.980372,0.978252,0.978104,0.977996,0.977719,0.977731,0.977071,0.977149,0.977012,0.977341,0.978246,0.978837,0.981236,0.983453,0.981365,0.984489,0.983730,0.937998,0.984329,0.983692,0.982771,0.981298,0.980206,0.979439,0.979340,0.979151,0.979174,0.979533,0.980123,0.978449,0.975791,0.976881,0.975153,0.974100,0.976242,0.976315,0.974423,0.973066,0.982666,0.980995,0.980579,0.981406,0.983384,0.981108,0.980719,0.948807,0.983106,0.983491,0.983901,0.981102,0.981506,0.982862,0.977750,0.979438,0.985763,0.986709,0.979032,0.973723,0.977320,0.971770,0.974180,0.972833,0.972140,0.971769,0.969201,0.968183,0.986866,0.984286,0.982468,0.977038,0.980819,0.979770,0.981813,0.952481,0.983263,0.983484,0.984016,0.981254,0.982992,0.984103,0.980416,0.981109,0.984779,0.986151
allando_v_sin_a2_f5_v85,0.933743,0.981273,0.980970,0.979611,0.980098,0.979862,0.979572,0.979327,0.979193,0.979044,0.934881,0.943751,0.951358,0.959971,0.960792,0.967035,0.970081,0.879513,0.968410,0.972469,0.976334,0.980493,0.982734,0.988913,0.983260,0.981112,0.982044,0.981648,0.933372,0.981084,0.979421,0.977917,0.977720,0.977498,0.977410,0.977167,0.976781,0.976317,0.940373,0.950014,0.956066,0.963741,0.963903,0.966615,0.970267,0.880375,0.969530,0.974607,0.977371,0.982660,0.983232,0.988338,0.987546,0.992699,0.985620,0.981038,0.943436,0.984589,0.984087,0.981014,0.983637,0.982607,0.980944,0.980700,0.980128,0.980132,0.948120,0.952852,0.958063,0.965918,0.967055,0.965208,0.971624,0.898057,0.970471,0.974185,0.976392,0.976833,0.981941,0.986604,0.992331,1.000000,0.987242,0.990095,0.954342,0.983211,0.987062,0.982226,0.987529,0.979088,0.982575,0.978294,0.978402,0.977558,0.951383,0.955101,0.963851,0.961869,0.967744,0.969644,0.971876,0.904287,0.973876,0.966634,0.973399,0.972808,0.979564,0.985165,0.985455,0.994689,0.988286,0.989563,0.968408,0.979230,0.979048,0.978132,0.978198,0.977825,0.977147,0.976975,0.976849,0.977021,0.966969,0.968895,0.977671,0.978318,0.979446,0.980100,0.978916,0.920657,0.980830,0.980077,0.977934,0.978261,0.978123,0.979118,0.979996,0.980530,0.980554,0.980122,0.975129,0.976946,0.976801,0.976611,0.976536,0.976453,0.976038,0.975932,0.975868,0.976245,0.974865,0.974711,0.977879,0.980530,0.978270,0.982422,0.980584,0.930491,0.980496,0.981691,0.980666,0.979364,0.978815,0.978061,0.977905,0.977828,0.977834,0.978186,0.974551,0.982576,0.978256,0.978640,0.975267,0.974652,0.974749,0.974678,0.974277,0.972668,0.978302,0.977224,0.976816,0.978949,0.980690,0.977776,0.976959,0.941663,0.979612,0.981050,0.979981,0.979810,0.979222,0.980640,0.975354,0.979276,0.984538,0.985715,0.973736,0.977785,0.979324,0.971804,0.973758,0.973162,0.970160,0.971083,0.968320,0.969569,0.984685,0.980720,0.978882,0.974299,0.978565,0.977287,0.979317,0.945188,0.980398,0.981725,0.979630,0.980438,0.980064,0.982152,0.978486,0.981526,0.983495,0.985682
allando_v_sin_a2_f5_v90,0.924537,0.983077,0.982462,0.981249,0.981555,0.981417,0.981301,0.981117,0.980993,0.980889,0.935638,0.942553,0.952130,0.955229,0.962687,0.965100,0.970076,0.877994,0.968131,0.971088,0.972481,0.980673,0.983106,0.988338,0.985363,0.983354,0.983991,0.983766,0.924737,0.983625,0.981705,0.980248,0.980063,0.979766,0.979697,0.979504,0.979173,0.978758,0.941972,0.948746,0.956907,0.959312,0.965486,0.966548,0.970877,0.878797,0.969473,0.972703,0.973846,0.981307,0.984825,0.988815,0.983285,0.989192,0.985924,0.983204,0.935760,0.987211,0.986413,0.983181,0.986171,0.985030,0.983607,0.983318,0.982611,0.982816,0.949910,0.951617,0.958723,0.960246,0.967250,0.965367,0.972116,0.896571,0.969629,0.969883,0.972883,0.975046,0.982506,0.984867,0.985871,0.987242,1.000000,0.996045,0.946384,0.986047,0.987655,0.984713,0.983390,0.982139,0.980831,0.981514,0.980668,0.979222,0.953210,0.954070,0.963406,0.961934,0.968047,0.970522,0.972085,0.902593,0.974129,0.965921,0.970785,0.971597,0.979087,0.981943,0.978567,0.988204,0.995166,0.994438,0.963679,0.981772,0.981321,0.980502,0.980599,0.980313,0.979494,0.979398,0.979485,0.979629,0.967639,0.968899,0.977960,0.980042,0.980259,0.981776,0.981527,0.919586,0.981775,0.981982,0.980296,0.979700,0.980287,0.981239,0.982055,0.982710,0.982696,0.982225,0.971615,0.979532,0.979482,0.979102,0.979089,0.979094,0.978762,0.978548,0.978479,0.978751,0.974121,0.974456,0.977630,0.980566,0.979086,0.982062,0.980971,0.929493,0.980531,0.982690,0.982448,0.980592,0.980832,0.980336,0.980251,0.980517,0.980465,0.980649,0.973879,0.987316,0.987710,0.984854,0.979213,0.978044,0.977972,0.975953,0.976576,0.975176,0.978732,0.977700,0.976734,0.979276,0.981361,0.979101,0.977936,0.940992,0.980138,0.981762,0.980914,0.979613,0.980975,0.980383,0.977553,0.978532,0.978441,0.981087,0.973002,0.988366,0.988177,0.975299,0.976598,0.974188,0.972971,0.974106,0.970357,0.973563,0.984345,0.980995,0.979697,0.976464,0.979961,0.978773,0.980938,0.944983,0.980878,0.982973,0.980870,0.980285,0.981561,0.980003,0.980787,0.980877,0.979312,0.981694
allando_v_sin_a2_f5_v95,0.926416,0.985897,0.985296,0.983998,0.984299,0.984189,0.984041,0.983825,0.983690,0.983573,0.935873,0.942915,0.950651,0.956691,0.962751,0.967076,0.970298,0.877537,0.970412,0.972160,0.973359,0.982706,0.985753,0.991739,0.988210,0.986098,0.986881,0.986521,0.926264,0.986389,0.984320,0.982723,0.982498,0.982210,0.982059,0.981882,0.981630,0.981225,0.941654,0.949347,0.955872,0.960850,0.965884,0.968558,0.970644,0.878475,0.971652,0.973904,0.974432,0.983919,0.986330,0.991303,0.985689,0.992966,0.988836,0.985876,0.936937,0.990642,0.990663,0.986545,0.989253,0.988090,0.986398,0.986086,0.985443,0.985556,0.949426,0.952439,0.957721,0.962283,0.968096,0.967218,0.971915,0.896286,0.971488,0.971795,0.973437,0.977611,0.984891,0.987954,0.988537,0.990095,0.996045,1.000000,0.947431,0.988762,0.991176,0.986532,0.987506,0.983233,0.984335,0.982433,0.983703,0.982012,0.952820,0.954705,0.963703,0.963689,0.968561,0.971902,0.971644,0.902259,0.974117,0.966890,0.970940,0.974065,0.980850,0.985068,0.979228,0.990518,0.996320,0.995044,0.966504,0.984299,0.983982,0.983084,0.983179,0.982858,0.982058,0.981885,0.982062,0.982115,0.969209,0.971758,0.980118,0.981532,0.982719,0.984612,0.984058,0.920222,0.984685,0.984378,0.982286,0.982205,0.982422,0.983581,0.984538,0.985195,0.985169,0.984848,0.975051,0.982150,0.981990,0.981725,0.981619,0.981656,0.981345,0.981078,0.981012,0.981302,0.976942,0.977610,0.980485,0.982702,0.981243,0.985233,0.983867,0.930803,0.983564,0.985450,0.983872,0.983592,0.983497,0.982903,0.982777,0.982947,0.982962,0.983326,0.976959,0.989346,0.989514,0.988347,0.982905,0.982148,0.981383,0.980177,0.979824,0.978328,0.981688,0.980338,0.980110,0.982346,0.983587,0.981762,0.981134,0.942454,0.982830,0.984397,0.982907,0.982314,0.983163,0.984334,0.980949,0.983046,0.982669,0.985074,0.974858,0.989640,0.989801,0.979573,0.980414,0.978542,0.975460,0.978072,0.973035,0.976339,0.986722,0.984413,0.982762,0.979813,0.982378,0.980839,0.983892,0.946381,0.983605,0.985453,0.982749,0.982820,0.983607,0.983923,0.983799,0.985015,0.982324,0.986143
allando_v_sin_a2_f7_v10,0.985939,0.940888,0.940835,0.938964,0.938525,0.937988,0.937454,0.937209,0.936891,0.936749,0.978823,0.980434,0.982925,0.983594,0.975420,0.976273,0.974201,0.935268,0.966011,0.966200,0.957029,0.956868,0.956267,0.952339,0.945395,0.942782,0.941629,0.941210,0.989456,0.940752,0.942254,0.943303,0.943029,0.942845,0.943104,0.942534,0.941953,0.941008,0.983186,0.984070,0.982803,0.981786,0.974607,0.973326,0.971619,0.935897,0.964505,0.964882,0.957609,0.955260,0.954264,0.953451,0.952834,0.951013,0.946017,0.941592,0.996542,0.942057,0.941919,0.939935,0.940311,0.939953,0.939488,0.939108,0.937512,0.937791,0.984980,0.982889,0.979661,0.978519,0.974659,0.970911,0.971560,0.955844,0.964520,0.964845,0.957222,0.953035,0.955602,0.956500,0.961034,0.954342,0.946384,0.947431,0.999999,0.945975,0.945964,0.948041,0.951689,0.942506,0.942461,0.940102,0.941616,0.938909,0.984261,0.978838,0.978208,0.973093,0.973831,0.969702,0.966689,0.962257,0.967733,0.957716,0.956482,0.952889,0.953433,0.959878,0.960779,0.958919,0.951668,0.951678,0.976058,0.931111,0.930885,0.929511,0.929294,0.928704,0.927882,0.927959,0.927864,0.927966,0.965319,0.956424,0.954937,0.948993,0.945413,0.943037,0.937929,0.943475,0.937406,0.934863,0.930471,0.928942,0.928679,0.929836,0.931481,0.932648,0.932942,0.932206,0.972870,0.927438,0.927456,0.927117,0.926140,0.925834,0.924764,0.925869,0.925196,0.924885,0.964240,0.953074,0.948946,0.948016,0.942449,0.944226,0.941289,0.952148,0.940603,0.937625,0.935160,0.932309,0.929751,0.928185,0.928820,0.928468,0.929083,0.927303,0.969147,0.922218,0.919282,0.920711,0.918231,0.917111,0.919913,0.920539,0.918495,0.916333,0.964098,0.952152,0.948215,0.946593,0.948381,0.944849,0.942300,0.960039,0.943108,0.941649,0.938710,0.936549,0.935180,0.932354,0.924550,0.925134,0.932307,0.933023,0.968536,0.921826,0.925942,0.920259,0.922096,0.921072,0.920097,0.919515,0.916389,0.913773,0.961427,0.952115,0.947159,0.939984,0.943088,0.941699,0.941791,0.961706,0.941967,0.941112,0.939473,0.937691,0.938722,0.935880,0.930146,0.931178,0.935829,0.935737
allando_v_sin_a2_f7_v100,0.924752,0.984660,0.983985,0.982329,0.982665,0.982531,0.982314,0.982108,0.981956,0.981875,0.937962,0.945390,0.953245,0.959095,0.966070,0.970784,0.973136,0.876865,0.973611,0.975975,0.975600,0.985341,0.985776,0.989866,0.986335,0.984452,0.984809,0.984766,0.924510,0.984211,0.982873,0.981423,0.981085,0.980721,0.980504,0.980445,0.980187,0.979875,0.943184,0.951481,0.958723,0.962605,0.969464,0.971314,0.973531,0.877818,0.974385,0.975670,0.976950,0.986541,0.984605,0.986850,0.983992,0.988175,0.985945,0.983762,0.934948,0.997147,0.995647,0.990073,0.990066,0.987384,0.985414,0.984841,0.984396,0.984420,0.951420,0.954885,0.959614,0.963732,0.969819,0.971035,0.974845,0.895799,0.976255,0.974630,0.976264,0.980553,0.983102,0.988818,0.987522,0.983211,0.986047,0.988762,0.945975,1.000000,0.997660,0.991009,0.989191,0.986400,0.987034,0.985871,0.986089,0.986509,0.955827,0.956365,0.966997,0.964918,0.971869,0.975945,0.974616,0.901276,0.976619,0.970632,0.974237,0.975151,0.978824,0.986897,0.978351,0.986567,0.988446,0.988272,0.964337,0.983223,0.983008,0.982512,0.982506,0.982270,0.981673,0.981570,0.981428,0.981435,0.969159,0.971139,0.980784,0.980886,0.981662,0.984201,0.983749,0.920050,0.983897,0.983385,0.981745,0.981936,0.981299,0.982517,0.983332,0.983720,0.983707,0.983453,0.971760,0.981261,0.981273,0.980936,0.980813,0.980975,0.980482,0.980282,0.980327,0.980648,0.975685,0.976732,0.981433,0.982488,0.981330,0.983037,0.983643,0.929888,0.983894,0.985270,0.983548,0.981684,0.982519,0.982042,0.981772,0.981902,0.981886,0.982083,0.974524,0.979304,0.979756,0.985487,0.987174,0.987145,0.984865,0.982062,0.980531,0.979171,0.982053,0.979982,0.979410,0.981643,0.982648,0.981068,0.982659,0.941468,0.983092,0.984248,0.983607,0.979978,0.982333,0.981125,0.978697,0.979534,0.978210,0.979645,0.973111,0.975288,0.980606,0.988970,0.988118,0.985565,0.977413,0.983233,0.975285,0.976921,0.979573,0.983359,0.981166,0.976985,0.980548,0.979920,0.984451,0.945475,0.982988,0.983265,0.983535,0.979807,0.982551,0.980139,0.980047,0.980238,0.977909,0.980160
allando_v_sin_a2_f7_v105,0.924340,0.986125,0.985543,0.984031,0.984422,0.984385,0.984194,0.983997,0.983875,0.983806,0.936321,0.944645,0.952278,0.957893,0.963014,0.968084,0.971730,0.875198,0.971859,0.975251,0.975337,0.984838,0.985032,0.990946,0.987527,0.985703,0.986340,0.986208,0.924219,0.985830,0.984266,0.982759,0.982437,0.982148,0.982022,0.981869,0.981655,0.981347,0.941544,0.950758,0.957200,0.961713,0.966281,0.968565,0.972097,0.876117,0.972838,0.975380,0.976318,0.986794,0.984351,0.988326,0.984952,0.990824,0.987715,0.985235,0.934811,0.997992,0.996745,0.992100,0.991778,0.989216,0.987190,0.986582,0.986150,0.986080,0.950060,0.953589,0.958606,0.963291,0.967042,0.967614,0.972846,0.893834,0.974385,0.974058,0.975172,0.979960,0.982816,0.989358,0.987488,0.987062,0.987655,0.991176,0.945964,0.997660,1.000000,0.991844,0.991595,0.987148,0.988691,0.987332,0.987805,0.987095,0.953278,0.955749,0.966504,0.963661,0.968710,0.972442,0.973208,0.899734,0.975178,0.969281,0.972760,0.974182,0.979741,0.987223,0.979670,0.989953,0.988419,0.989922,0.964489,0.984115,0.983893,0.983464,0.983599,0.983407,0.982768,0.982521,0.982470,0.982542,0.968986,0.971413,0.981474,0.981659,0.982788,0.984249,0.983217,0.919043,0.984147,0.984183,0.982410,0.983176,0.982657,0.983672,0.984400,0.984742,0.984690,0.984416,0.972320,0.982700,0.982656,0.982476,0.982399,0.982504,0.982018,0.981825,0.981862,0.982313,0.976058,0.977613,0.982201,0.983741,0.982319,0.984485,0.983158,0.928716,0.983534,0.985985,0.983927,0.983162,0.983982,0.983395,0.983253,0.983413,0.983219,0.983620,0.974354,0.982720,0.982474,0.987837,0.988720,0.989538,0.986849,0.984707,0.982821,0.981584,0.982266,0.980292,0.980457,0.982795,0.983755,0.981802,0.981508,0.940526,0.982890,0.984762,0.983113,0.982224,0.983637,0.983028,0.979929,0.981508,0.981727,0.983007,0.973321,0.978639,0.982895,0.989457,0.989745,0.988035,0.979601,0.985249,0.976945,0.979486,0.981201,0.984157,0.981676,0.977954,0.982171,0.981203,0.984924,0.944562,0.982787,0.983872,0.982482,0.982225,0.983681,0.982333,0.981560,0.982177,0.980951,0.983521
allando_v_sin_a2_f7_v110,0.927169,0.986838,0.986501,0.985320,0.985490,0.985301,0.985114,0.984924,0.984812,0.984743,0.941859,0.948337,0.957687,0.962217,0.966620,0.970063,0.974134,0.879218,0.976373,0.977613,0.976511,0.985421,0.986345,0.990942,0.988681,0.987174,0.987240,0.987130,0.927238,0.986379,0.985803,0.984812,0.984522,0.984217,0.984077,0.983994,0.983853,0.983508,0.947034,0.955238,0.963218,0.966135,0.969312,0.971365,0.974499,0.880132,0.977674,0.977834,0.978343,0.985429,0.985927,0.987477,0.983743,0.988747,0.988197,0.986465,0.937059,0.990346,0.991832,0.993102,0.992878,0.989923,0.988153,0.987638,0.987301,0.987236,0.955699,0.958674,0.964838,0.967367,0.970097,0.971550,0.975740,0.897997,0.976549,0.977708,0.977080,0.981111,0.985155,0.988563,0.986186,0.982226,0.984713,0.986532,0.948041,0.991009,0.991844,1.000000,0.993934,0.990254,0.990279,0.990663,0.991472,0.990165,0.959206,0.960909,0.970055,0.970284,0.972644,0.976320,0.974982,0.904183,0.975171,0.973751,0.975112,0.978495,0.980753,0.987470,0.979320,0.983183,0.984685,0.985589,0.966549,0.984194,0.984094,0.983675,0.983665,0.983459,0.983145,0.982920,0.982976,0.983074,0.972172,0.973848,0.983310,0.983560,0.984326,0.984149,0.983567,0.921986,0.983791,0.983396,0.982096,0.981779,0.981845,0.983147,0.984041,0.984519,0.984661,0.984480,0.974517,0.983453,0.983389,0.983186,0.983129,0.983251,0.982753,0.982743,0.982704,0.982942,0.977971,0.979340,0.983094,0.986082,0.984589,0.985210,0.984003,0.932379,0.984053,0.985099,0.984136,0.983533,0.984121,0.983642,0.983782,0.983985,0.983944,0.984039,0.976762,0.977343,0.977035,0.980918,0.981428,0.982270,0.987719,0.986351,0.984173,0.982585,0.982608,0.982522,0.981815,0.983631,0.986642,0.985413,0.983281,0.944091,0.983796,0.984452,0.983266,0.981905,0.984364,0.983199,0.982699,0.982292,0.980258,0.980930,0.975166,0.972418,0.977260,0.980055,0.981573,0.983618,0.981588,0.983515,0.978267,0.978660,0.979379,0.984778,0.983199,0.979780,0.984839,0.983789,0.984289,0.948607,0.983728,0.983684,0.982757,0.981617,0.984635,0.981907,0.983650,0.982806,0.979492,0.980892
allando_v_sin_a2_f7_v115,0.930303,0.987576,0.987340,0.986251,0.986492,0.986326,0.986109,0.985969,0.985839,0.985757,0.939119,0.949656,0.953286,0.961506,0.963576,0.969383,0.974178,0.878805,0.973277,0.976519,0.976068,0.982419,0.984562,0.991036,0.988675,0.987301,0.987831,0.987676,0.930163,0.986935,0.986076,0.984981,0.984741,0.984525,0.984359,0.984243,0.984017,0.983770,0.944238,0.956649,0.958486,0.965375,0.966626,0.969626,0.974301,0.879642,0.974143,0.977111,0.977438,0.983636,0.983819,0.986744,0.986140,0.992726,0.989724,0.987042,0.940092,0.989949,0.991064,0.993263,0.993559,0.990850,0.988863,0.988495,0.988213,0.987982,0.953221,0.959770,0.959934,0.966863,0.968270,0.968763,0.975048,0.897240,0.973636,0.977472,0.976490,0.977439,0.982867,0.987112,0.991130,0.987529,0.983390,0.987506,0.951689,0.989191,0.991595,0.993934,1.000000,0.990297,0.993835,0.989406,0.990018,0.991617,0.955933,0.961869,0.966631,0.965171,0.970671,0.973238,0.974411,0.903409,0.974498,0.970486,0.973542,0.974537,0.978317,0.986188,0.984277,0.986784,0.985054,0.985211,0.967647,0.984316,0.984226,0.983778,0.983781,0.983549,0.983299,0.983153,0.983099,0.983233,0.972022,0.974763,0.982154,0.981389,0.982781,0.983425,0.983041,0.921251,0.984582,0.984344,0.982445,0.982344,0.982428,0.983731,0.984676,0.985074,0.985091,0.984801,0.975143,0.983739,0.983699,0.983801,0.983628,0.983638,0.983162,0.983251,0.983153,0.983547,0.979698,0.981206,0.983251,0.985124,0.982705,0.985345,0.984325,0.931291,0.984732,0.985751,0.984516,0.983877,0.984617,0.984034,0.984257,0.984514,0.984175,0.984645,0.975693,0.979787,0.977826,0.981506,0.981754,0.982339,0.986699,0.988121,0.985705,0.984632,0.982696,0.982875,0.983729,0.984250,0.985447,0.982777,0.982177,0.943293,0.984439,0.985085,0.984406,0.983460,0.984273,0.985558,0.980386,0.982009,0.985906,0.985989,0.975448,0.973402,0.978023,0.978615,0.981473,0.982353,0.983280,0.984291,0.981000,0.980111,0.981954,0.985698,0.984282,0.980773,0.983134,0.981454,0.983008,0.947702,0.983911,0.984226,0.983667,0.982997,0.984389,0.985925,0.981659,0.982439,0.984546,0.984744
allando_v_sin_a2_f7_v120,0.920048,0.984827,0.984926,0.983385,0.984312,0.984025,0.983588,0.983302,0.983105,0.983003,0.941635,0.946892,0.952283,0.954586,0.962856,0.965150,0.973523,0.876286,0.971907,0.974565,0.976132,0.979788,0.981476,0.987301,0.987875,0.985287,0.985890,0.985311,0.920323,0.984209,0.983645,0.982430,0.982267,0.981981,0.981826,0.981762,0.981525,0.981472,0.948084,0.953782,0.957267,0.958713,0.965827,0.966508,0.974427,0.877080,0.973145,0.973133,0.977838,0.980333,0.981875,0.982730,0.978310,0.985610,0.986582,0.984483,0.930903,0.987163,0.989023,0.992016,0.990632,0.988998,0.987567,0.987032,0.987055,0.986589,0.957471,0.956714,0.959213,0.959412,0.965870,0.966582,0.975268,0.893871,0.972382,0.972133,0.976753,0.974298,0.980260,0.982453,0.981529,0.979088,0.982139,0.983233,0.942506,0.986400,0.987148,0.990254,0.990297,1.000000,0.997116,0.993779,0.992100,0.990758,0.959325,0.960279,0.965781,0.962524,0.968762,0.970936,0.975169,0.900163,0.972147,0.968565,0.974540,0.971798,0.975528,0.980562,0.974867,0.977779,0.981170,0.984447,0.960927,0.982359,0.982095,0.981726,0.981467,0.981394,0.981457,0.980915,0.980836,0.980861,0.977345,0.973038,0.979012,0.978375,0.978479,0.979108,0.981290,0.918603,0.982168,0.982656,0.981186,0.980739,0.981290,0.982095,0.982565,0.982670,0.982498,0.982229,0.968550,0.981801,0.982074,0.981307,0.981388,0.981490,0.980972,0.981014,0.980957,0.981312,0.980737,0.979258,0.980984,0.982616,0.979892,0.981094,0.981350,0.927586,0.981445,0.983461,0.983164,0.981579,0.983244,0.982991,0.982930,0.983004,0.982882,0.982380,0.971396,0.977074,0.976730,0.979768,0.980032,0.980870,0.984461,0.984894,0.987723,0.987886,0.978999,0.983467,0.981788,0.982486,0.984037,0.980631,0.979262,0.939176,0.981927,0.982905,0.981879,0.980434,0.983361,0.981909,0.978902,0.979363,0.977532,0.978362,0.971766,0.971167,0.976300,0.975852,0.979103,0.980646,0.982141,0.983320,0.987869,0.987295,0.975966,0.981711,0.983273,0.980164,0.980205,0.979295,0.980619,0.944223,0.981638,0.981567,0.981213,0.979739,0.983012,0.979834,0.979486,0.979914,0.978615,0.977453
allando_v_sin_a2_f7_v125,0.921009,0.985880,0.985969,0.984618,0.985429,0.985198,0.984791,0.984575,0.984425,0.984370,0.937010,0.946539,0.948709,0.954531,0.960237,0.964561,0.972296,0.873314,0.970293,0.973448,0.975046,0.979482,0.981581,0.988432,0.988470,0.985946,0.986830,0.986145,0.920483,0.985190,0.984337,0.983058,0.982899,0.982637,0.982406,0.982384,0.982259,0.982314,0.942346,0.953576,0.953991,0.958646,0.963579,0.965295,0.972699,0.874243,0.971355,0.972030,0.976139,0.980483,0.981214,0.983038,0.979808,0.988384,0.987792,0.985330,0.930485,0.988525,0.990330,0.993501,0.991952,0.990207,0.988502,0.988087,0.988193,0.987643,0.951724,0.956724,0.955770,0.959623,0.964478,0.964721,0.973227,0.890969,0.970543,0.971689,0.975061,0.974003,0.979641,0.983122,0.984111,0.982575,0.980831,0.984335,0.942461,0.987034,0.988691,0.990279,0.993835,0.997116,1.000000,0.992176,0.991501,0.992595,0.953988,0.960233,0.963359,0.960281,0.966873,0.969122,0.973418,0.896908,0.970359,0.966213,0.972269,0.971263,0.974608,0.981058,0.976952,0.980330,0.981169,0.983451,0.961674,0.983304,0.983162,0.982864,0.982781,0.982694,0.982698,0.982318,0.982264,0.982293,0.975351,0.974011,0.979306,0.977952,0.979047,0.980172,0.982123,0.916934,0.983374,0.983727,0.981880,0.981788,0.982242,0.983092,0.983620,0.983713,0.983553,0.983338,0.969224,0.982823,0.982977,0.982638,0.982655,0.982785,0.982363,0.982389,0.982360,0.982730,0.980699,0.980095,0.981869,0.982677,0.979750,0.982241,0.982318,0.925655,0.982346,0.984410,0.983523,0.982420,0.984201,0.983845,0.983762,0.983988,0.983664,0.983551,0.970908,0.979074,0.977672,0.981447,0.981900,0.983046,0.986435,0.987646,0.989572,0.989669,0.978759,0.982225,0.982803,0.983419,0.983706,0.980214,0.979917,0.937186,0.982473,0.983481,0.982409,0.981322,0.983272,0.983763,0.980106,0.981203,0.982013,0.982012,0.970572,0.971855,0.976818,0.977818,0.980831,0.982685,0.983164,0.984886,0.989170,0.988499,0.976700,0.982243,0.983016,0.980797,0.980163,0.978691,0.980927,0.941989,0.982167,0.982007,0.981521,0.980565,0.982537,0.982785,0.980572,0.981324,0.982242,0.980976
allando_v_sin_a2_f7_v130,0.917323,0.985254,0.985232,0.983851,0.984603,0.984404,0.984217,0.983879,0.983696,0.983580,0.943901,0.946093,0.951483,0.953492,0.960471,0.963525,0.970572,0.872345,0.969831,0.971744,0.973095,0.979296,0.980689,0.986993,0.986710,0.985613,0.985452,0.985886,0.917281,0.984687,0.984133,0.982658,0.982381,0.982022,0.981813,0.981829,0.981730,0.981661,0.949854,0.952871,0.956264,0.957409,0.963235,0.964969,0.971023,0.873294,0.970926,0.970584,0.974252,0.979253,0.980702,0.982377,0.977981,0.985504,0.986535,0.984954,0.927974,0.987259,0.989475,0.993017,0.991086,0.989052,0.987486,0.986897,0.986844,0.986366,0.959700,0.955668,0.957759,0.958284,0.962794,0.964347,0.971791,0.890953,0.969925,0.969218,0.972662,0.974174,0.978601,0.981642,0.980284,0.978294,0.981514,0.982433,0.940102,0.985871,0.987332,0.990663,0.989406,0.993779,0.992176,1.000000,0.997895,0.993307,0.961738,0.958741,0.963764,0.960908,0.965144,0.968809,0.971284,0.897256,0.969730,0.965279,0.970442,0.971502,0.974507,0.979201,0.973870,0.977309,0.979587,0.982107,0.959555,0.982471,0.982171,0.981911,0.981968,0.981955,0.981772,0.981477,0.981552,0.981648,0.974575,0.972850,0.978567,0.978397,0.978570,0.978740,0.980196,0.916600,0.981590,0.982463,0.981400,0.981245,0.981644,0.982529,0.982964,0.983154,0.983015,0.982595,0.967145,0.982803,0.983185,0.982160,0.982044,0.982212,0.981762,0.981787,0.981804,0.982216,0.975543,0.978459,0.980212,0.982030,0.979650,0.980862,0.980293,0.924744,0.980619,0.983212,0.983102,0.981720,0.983058,0.983215,0.983734,0.983217,0.983587,0.983190,0.969430,0.977387,0.976949,0.980350,0.980886,0.982030,0.985889,0.985766,0.985755,0.985075,0.977025,0.985163,0.981013,0.981990,0.983224,0.979978,0.978550,0.936190,0.981005,0.982320,0.981327,0.980180,0.983106,0.981495,0.979933,0.979686,0.977602,0.978491,0.969295,0.971111,0.976045,0.977127,0.980039,0.981858,0.982136,0.982847,0.982976,0.983121,0.974211,0.979966,0.983332,0.979107,0.980096,0.979176,0.979968,0.941451,0.980521,0.980672,0.980496,0.979489,0.982673,0.979921,0.980613,0.980116,0.978157,0.977756
allando_v_sin_a2_f7_v135,0.920545,0.986392,0.986368,0.985064,0.985651,0.985529,0.985373,0.985019,0.984856,0.984732,0.945604,0.946895,0.950783,0.954143,0.960197,0.964326,0.968930,0.874455,0.971130,0.972349,0.973714,0.981875,0.983649,0.989193,0.988007,0.986868,0.986706,0.987019,0.920245,0.985915,0.985350,0.983910,0.983620,0.983283,0.983011,0.983069,0.983073,0.982933,0.950433,0.953160,0.955345,0.957831,0.962993,0.966356,0.968957,0.875529,0.972081,0.971716,0.974513,0.981337,0.982852,0.984876,0.979008,0.987013,0.987526,0.986135,0.930262,0.987348,0.990899,0.993577,0.991751,0.989851,0.988294,0.987646,0.987545,0.987112,0.959386,0.955655,0.956407,0.958787,0.962911,0.965858,0.969890,0.892969,0.970465,0.970854,0.972885,0.977260,0.981589,0.984033,0.981367,0.978402,0.980668,0.983703,0.941616,0.986089,0.987805,0.991472,0.990018,0.992100,0.991501,0.997895,1.000000,0.993667,0.961419,0.958155,0.962851,0.963049,0.965075,0.969849,0.968530,0.899213,0.969067,0.966948,0.970888,0.974801,0.977240,0.981948,0.973015,0.977989,0.980587,0.982137,0.962860,0.982952,0.982732,0.982465,0.982449,0.982405,0.982291,0.981968,0.982166,0.982186,0.974738,0.974215,0.979003,0.978612,0.979903,0.979801,0.980674,0.920258,0.981991,0.982305,0.981200,0.981374,0.981495,0.982598,0.983220,0.983534,0.983401,0.983067,0.970324,0.983545,0.983800,0.983045,0.982744,0.982980,0.982433,0.982589,0.982556,0.982970,0.976102,0.979182,0.980733,0.982075,0.979925,0.981697,0.980758,0.928868,0.981384,0.983297,0.982362,0.982327,0.983430,0.983573,0.984338,0.983810,0.984198,0.984055,0.972477,0.977766,0.977672,0.981298,0.981166,0.982642,0.986531,0.987053,0.985831,0.985121,0.978285,0.985635,0.981926,0.982396,0.983274,0.981486,0.979605,0.939435,0.981107,0.982305,0.980856,0.980267,0.983623,0.983176,0.982393,0.982171,0.978231,0.979715,0.970764,0.972270,0.977238,0.977677,0.980366,0.983116,0.981620,0.983510,0.981673,0.982338,0.975736,0.981107,0.984097,0.979726,0.979871,0.979272,0.980681,0.944363,0.980709,0.980673,0.979817,0.979423,0.983357,0.981350,0.983027,0.982456,0.977948,0.979852
allando_v_sin_a2_f7_v140,0.916114,0.986440,0.986009,0.985262,0.985239,0.985278,0.985343,0.985221,0.985036,0.984910,0.936243,0.947193,0.946582,0.951348,0.958924,0.962850,0.969670,0.870527,0.968582,0.971230,0.972546,0.978545,0.980667,0.986588,0.986404,0.986072,0.985648,0.986470,0.915857,0.986020,0.985174,0.984061,0.983761,0.983330,0.982810,0.982848,0.982759,0.982771,0.941770,0.953883,0.951812,0.955248,0.962341,0.964281,0.970253,0.871464,0.969326,0.969810,0.973549,0.978426,0.979877,0.981826,0.977378,0.986054,0.986875,0.986062,0.926879,0.987414,0.989321,0.994830,0.992426,0.990098,0.988269,0.988024,0.988033,0.987727,0.951292,0.956772,0.952893,0.956304,0.962932,0.963787,0.970688,0.888884,0.968177,0.968659,0.972405,0.972508,0.978054,0.980554,0.981957,0.977558,0.979222,0.982012,0.938909,0.986509,0.987095,0.990165,0.991617,0.990758,0.992595,0.993307,0.993667,1.000000,0.953715,0.959666,0.960417,0.958675,0.965479,0.967842,0.969686,0.895250,0.968417,0.964424,0.970200,0.970048,0.973624,0.978690,0.972881,0.976782,0.980336,0.981592,0.959303,0.982541,0.982413,0.982337,0.982563,0.982512,0.982225,0.982302,0.982488,0.982463,0.970930,0.975362,0.978288,0.976575,0.977580,0.979027,0.980352,0.916255,0.981549,0.982142,0.980829,0.980720,0.981128,0.982276,0.982999,0.983424,0.983313,0.983037,0.966644,0.983302,0.983233,0.983478,0.983083,0.983181,0.982681,0.982754,0.982725,0.983256,0.975249,0.981067,0.980710,0.980338,0.977742,0.980068,0.980675,0.925027,0.981224,0.983219,0.982090,0.981042,0.982873,0.982561,0.983266,0.983294,0.983075,0.983996,0.968887,0.978178,0.977864,0.981253,0.981529,0.982774,0.987337,0.987984,0.987203,0.986545,0.976856,0.982685,0.983271,0.982351,0.981463,0.978607,0.978981,0.936453,0.981141,0.982273,0.981431,0.979289,0.982086,0.981660,0.978865,0.979531,0.978771,0.979137,0.968885,0.971149,0.976940,0.977187,0.980170,0.982531,0.983191,0.984478,0.983984,0.983547,0.973830,0.980083,0.984132,0.981113,0.978041,0.976632,0.979282,0.941436,0.980549,0.980540,0.980622,0.978156,0.981348,0.979924,0.979140,0.979374,0.978985,0.977753
allando_v_sin_a2_f7_v15,0.967873,0.949486,0.949604,0.947322,0.947360,0.946753,0.946247,0.945754,0.945380,0.945183,0.986790,0.980444,0.985336,0.983757,0.983234,0.980474,0.978013,0.928460,0.972169,0.970314,0.960847,0.962539,0.961858,0.958326,0.954462,0.952312,0.950367,0.950499,0.971158,0.949546,0.951481,0.951900,0.951553,0.951152,0.951295,0.950959,0.950446,0.949749,0.993007,0.985472,0.988202,0.983556,0.983171,0.979966,0.976310,0.929061,0.971608,0.967877,0.962062,0.960436,0.960324,0.959180,0.951713,0.951074,0.953101,0.950552,0.978513,0.950518,0.951892,0.953049,0.950769,0.950630,0.950125,0.949497,0.948242,0.948311,0.998082,0.987607,0.986859,0.980972,0.982147,0.978713,0.978272,0.948994,0.971302,0.966698,0.961822,0.958644,0.960908,0.961126,0.957791,0.951383,0.953210,0.952820,0.984261,0.955827,0.953278,0.959206,0.955933,0.959325,0.953988,0.961738,0.961419,0.953715,1.000000,0.985737,0.985942,0.981480,0.981121,0.978218,0.973019,0.954750,0.971829,0.963613,0.962416,0.959156,0.958374,0.962705,0.953161,0.955755,0.957178,0.957936,0.971169,0.942127,0.941704,0.940611,0.940312,0.939927,0.939316,0.939223,0.939293,0.939299,0.977638,0.965910,0.963309,0.958333,0.953823,0.952542,0.949311,0.943271,0.947531,0.945087,0.940987,0.939416,0.939427,0.940676,0.941934,0.942939,0.943208,0.942609,0.970146,0.939528,0.939837,0.938276,0.937422,0.937417,0.936698,0.937321,0.936773,0.936280,0.971356,0.962797,0.959300,0.957343,0.952548,0.952704,0.951416,0.951520,0.949571,0.947863,0.945613,0.942361,0.941023,0.940120,0.940738,0.939614,0.941324,0.938514,0.970958,0.929692,0.929252,0.931574,0.929568,0.929488,0.933800,0.933191,0.933135,0.930918,0.969509,0.967522,0.958240,0.957980,0.958970,0.955997,0.954356,0.959268,0.953157,0.951811,0.948322,0.944772,0.946040,0.940486,0.936019,0.934806,0.932107,0.933120,0.970197,0.929548,0.933952,0.932110,0.932395,0.934035,0.932473,0.934653,0.932220,0.931325,0.960572,0.958526,0.959224,0.951718,0.953538,0.952623,0.952733,0.961664,0.952266,0.950743,0.948915,0.945517,0.948603,0.941118,0.940228,0.940215,0.936738,0.936476
allando_v_sin_a2_f7_v20,0.961044,0.953089,0.952906,0.951494,0.950704,0.950374,0.950116,0.949997,0.949791,0.949815,0.972368,0.988884,0.981402,0.983272,0.982047,0.979502,0.981004,0.922835,0.972613,0.971601,0.961703,0.961935,0.961993,0.959450,0.956551,0.955273,0.953414,0.953575,0.964020,0.952931,0.954449,0.955227,0.954973,0.954700,0.954905,0.954599,0.954147,0.953809,0.978775,0.995199,0.984623,0.984056,0.982632,0.978502,0.979895,0.923332,0.972540,0.968285,0.962878,0.961195,0.960696,0.960275,0.954057,0.955425,0.955958,0.953849,0.972081,0.953594,0.953133,0.957242,0.954245,0.954421,0.953391,0.953523,0.952374,0.952572,0.984384,0.998326,0.985078,0.982553,0.982658,0.977080,0.981046,0.942475,0.971937,0.967505,0.962601,0.956810,0.961234,0.962464,0.961114,0.955101,0.954070,0.954705,0.978838,0.956365,0.955749,0.960909,0.961869,0.960279,0.960233,0.958741,0.958155,0.959666,0.985737,1.000000,0.987205,0.980178,0.981783,0.976636,0.977263,0.947973,0.972796,0.963315,0.962633,0.958062,0.958129,0.964347,0.956117,0.958807,0.957462,0.959001,0.970474,0.946217,0.945896,0.944982,0.946181,0.945815,0.943941,0.944755,0.945286,0.945692,0.975174,0.977146,0.969788,0.961972,0.958010,0.956442,0.952819,0.941083,0.951404,0.949943,0.945461,0.944039,0.944697,0.945825,0.946957,0.947809,0.948303,0.947897,0.969734,0.944101,0.943938,0.943638,0.943026,0.943243,0.943041,0.942956,0.942534,0.941822,0.973499,0.972223,0.967528,0.962468,0.956194,0.957554,0.955662,0.949105,0.953324,0.952632,0.950000,0.946858,0.945712,0.944175,0.944665,0.944006,0.944991,0.943401,0.970359,0.935511,0.934043,0.936253,0.934221,0.934615,0.939496,0.940042,0.939864,0.937927,0.970736,0.966911,0.967018,0.967395,0.963791,0.959164,0.957408,0.957431,0.957371,0.956665,0.952876,0.949774,0.950175,0.945781,0.939486,0.938874,0.940966,0.939699,0.970900,0.932550,0.936851,0.934695,0.935915,0.937948,0.937909,0.939911,0.938891,0.938025,0.962649,0.961608,0.962062,0.962096,0.958678,0.955932,0.956537,0.959706,0.956823,0.955147,0.952864,0.950301,0.951965,0.947226,0.943290,0.943703,0.946049,0.941643
allando_v_sin_a2_f7_v25,0.959195,0.960737,0.960554,0.958707,0.958354,0.957912,0.957433,0.957232,0.957042,0.956999,0.969261,0.975253,0.990471,0.992889,0.990180,0.987545,0.986768,0.921199,0.981491,0.978764,0.968110,0.971089,0.969863,0.967422,0.964931,0.962730,0.961387,0.961215,0.961750,0.960861,0.962364,0.962916,0.962639,0.962363,0.962541,0.962199,0.961717,0.961088,0.975861,0.981759,0.995090,0.994707,0.991204,0.987381,0.986144,0.921540,0.982007,0.977019,0.970094,0.971314,0.969291,0.969277,0.963044,0.962562,0.963975,0.961573,0.969530,0.963600,0.962517,0.961947,0.961370,0.961511,0.960948,0.960674,0.959500,0.959763,0.982911,0.986234,0.996835,0.994646,0.991508,0.986279,0.988297,0.940580,0.982388,0.975945,0.969616,0.967102,0.969735,0.972763,0.968490,0.963851,0.963406,0.963703,0.978208,0.966997,0.966504,0.970055,0.966631,0.965781,0.963359,0.963764,0.962851,0.960417,0.985942,0.987205,1.000000,0.993976,0.990823,0.985881,0.984112,0.945989,0.981516,0.972585,0.969912,0.966398,0.966640,0.974574,0.965094,0.968405,0.966383,0.967965,0.974027,0.957175,0.956987,0.955981,0.956378,0.955977,0.954810,0.954929,0.954888,0.955086,0.977293,0.974661,0.980616,0.976340,0.972086,0.968277,0.963341,0.943850,0.961653,0.960047,0.956300,0.955155,0.955092,0.956131,0.957137,0.957928,0.958487,0.958257,0.975065,0.954221,0.953925,0.953068,0.952850,0.952996,0.952503,0.952635,0.952249,0.951408,0.976427,0.972553,0.974844,0.975220,0.971325,0.970040,0.965860,0.952572,0.963437,0.963063,0.960750,0.957816,0.956650,0.955025,0.954713,0.954186,0.955411,0.953060,0.976518,0.944474,0.943507,0.946273,0.945656,0.945535,0.948702,0.947306,0.946873,0.944805,0.977133,0.971178,0.968915,0.972599,0.976431,0.973917,0.969016,0.960715,0.967917,0.967513,0.963611,0.960767,0.961045,0.954121,0.950188,0.949878,0.949522,0.949628,0.977110,0.943098,0.946910,0.947941,0.948709,0.949770,0.946736,0.949766,0.945456,0.945900,0.969582,0.968150,0.966187,0.962791,0.973169,0.971952,0.969973,0.962857,0.967637,0.966150,0.963578,0.961685,0.963398,0.954867,0.954367,0.954881,0.953935,0.952323
allando_v_sin_a2_f7_v30,0.955964,0.960588,0.960367,0.958427,0.957970,0.957484,0.957014,0.956773,0.956573,0.956485,0.965837,0.967929,0.985830,0.991088,0.989435,0.989256,0.985299,0.917706,0.987373,0.978701,0.968572,0.974171,0.974172,0.970011,0.965642,0.963160,0.961517,0.961196,0.958155,0.960841,0.962475,0.962942,0.962669,0.962327,0.962269,0.962039,0.961756,0.960832,0.971043,0.974817,0.991288,0.993214,0.990825,0.990336,0.984385,0.918103,0.988028,0.978540,0.970211,0.972765,0.973220,0.972014,0.962083,0.962648,0.963805,0.961670,0.964370,0.960805,0.962222,0.959493,0.960478,0.960601,0.960205,0.959886,0.958718,0.959128,0.978140,0.979856,0.993254,0.994370,0.991906,0.990238,0.987107,0.937330,0.986765,0.978228,0.969985,0.972183,0.975023,0.974751,0.967942,0.961869,0.961934,0.963689,0.973093,0.964918,0.963661,0.970284,0.965171,0.962524,0.960281,0.960908,0.963049,0.958675,0.981480,0.980178,0.993976,1.000000,0.991293,0.989120,0.982474,0.942390,0.981866,0.975905,0.970701,0.972705,0.971270,0.976754,0.963561,0.965882,0.966850,0.967123,0.974404,0.958665,0.958570,0.957465,0.957525,0.957041,0.956184,0.956250,0.956344,0.956397,0.973990,0.973552,0.979062,0.976721,0.974683,0.970208,0.965412,0.943542,0.963494,0.961166,0.958118,0.956459,0.956308,0.957570,0.958755,0.959494,0.959823,0.959676,0.976709,0.955583,0.955172,0.954337,0.954093,0.954326,0.953857,0.953951,0.953611,0.952713,0.974104,0.970827,0.973509,0.974344,0.972812,0.971480,0.967581,0.953729,0.965852,0.964148,0.961642,0.960705,0.957981,0.956467,0.955920,0.955423,0.956822,0.954488,0.978922,0.943829,0.943247,0.945245,0.944153,0.943491,0.947662,0.947098,0.945501,0.943294,0.976230,0.970739,0.967206,0.971139,0.976029,0.978235,0.972064,0.961077,0.970041,0.968521,0.964844,0.961936,0.961760,0.955864,0.955132,0.954470,0.948757,0.950140,0.977183,0.943495,0.946971,0.945413,0.946726,0.948148,0.946358,0.947506,0.942384,0.942386,0.969325,0.968198,0.965964,0.962050,0.973271,0.973863,0.971172,0.963472,0.969746,0.967786,0.965135,0.962857,0.964742,0.956050,0.959046,0.959296,0.952236,0.954028
allando_v_sin_a2_f7_v35,0.953655,0.964622,0.964278,0.962399,0.961994,0.961476,0.961062,0.960846,0.960625,0.960582,0.963532,0.970308,0.980983,0.988218,0.994551,0.994009,0.991085,0.915560,0.986810,0.986274,0.975047,0.976993,0.976115,0.973231,0.969108,0.966741,0.965451,0.965181,0.956344,0.964522,0.965767,0.965792,0.965594,0.965211,0.965192,0.965044,0.964535,0.963922,0.970543,0.976697,0.986389,0.990460,0.997033,0.994260,0.991274,0.915928,0.987247,0.985522,0.976941,0.976955,0.975563,0.974483,0.967254,0.967798,0.967972,0.965372,0.964574,0.967314,0.966706,0.965311,0.965878,0.965261,0.964399,0.964220,0.963118,0.963407,0.977397,0.981262,0.988010,0.990849,0.998652,0.994238,0.993114,0.936002,0.987984,0.984572,0.977271,0.972917,0.976056,0.976153,0.974700,0.967744,0.968047,0.968561,0.973831,0.971869,0.968710,0.972644,0.970671,0.968762,0.966873,0.965144,0.965075,0.965479,0.981121,0.981783,0.990823,0.991293,1.000000,0.994720,0.989793,0.941127,0.988546,0.981682,0.977296,0.972307,0.972831,0.978196,0.969714,0.971817,0.973378,0.973453,0.973848,0.964861,0.964577,0.963470,0.963367,0.962890,0.962097,0.962546,0.962258,0.962284,0.975694,0.976587,0.980232,0.976308,0.974635,0.976845,0.974730,0.942533,0.972105,0.968807,0.964452,0.962834,0.962852,0.964046,0.965212,0.965979,0.966281,0.966003,0.976229,0.960394,0.960146,0.959358,0.959070,0.959433,0.958991,0.959009,0.958598,0.957822,0.977951,0.975979,0.977776,0.975569,0.973393,0.974837,0.977254,0.952649,0.975368,0.971552,0.968059,0.965327,0.963652,0.962075,0.961054,0.960629,0.961870,0.959827,0.979534,0.950382,0.949425,0.951097,0.949574,0.948201,0.951840,0.950810,0.951067,0.948996,0.979894,0.974863,0.973086,0.975444,0.976806,0.976617,0.979625,0.962213,0.977959,0.975205,0.971560,0.967459,0.967057,0.960679,0.954774,0.954994,0.954201,0.954399,0.980981,0.948885,0.953239,0.950596,0.951750,0.951362,0.951355,0.952444,0.949401,0.948380,0.974355,0.973317,0.971823,0.968061,0.972930,0.973519,0.976194,0.964653,0.977500,0.975194,0.972468,0.968479,0.969709,0.961667,0.958979,0.959702,0.958624,0.956252
allando_v_sin_a2_f7_v40,0.950616,0.968292,0.967906,0.965935,0.965590,0.965038,0.964609,0.964328,0.964095,0.964001,0.960842,0.964868,0.976435,0.983158,0.990646,0.995897,0.989150,0.912295,0.989527,0.984723,0.976270,0.981653,0.982102,0.978707,0.973162,0.970571,0.969280,0.968963,0.952815,0.968128,0.969110,0.968874,0.968588,0.968158,0.967993,0.967879,0.967518,0.966802,0.966759,0.971737,0.982001,0.985539,0.993174,0.997894,0.989051,0.912831,0.990157,0.984809,0.977853,0.980329,0.981268,0.979214,0.971341,0.972334,0.971474,0.968930,0.960268,0.971004,0.972642,0.968292,0.969629,0.968761,0.967761,0.967537,0.966427,0.966757,0.974272,0.976489,0.983220,0.986228,0.993381,0.998416,0.991015,0.932644,0.990557,0.984659,0.978140,0.979168,0.981738,0.981320,0.977696,0.969644,0.970522,0.971902,0.969702,0.975945,0.972442,0.976320,0.973238,0.970936,0.969122,0.968809,0.969849,0.967842,0.978218,0.976636,0.985881,0.989120,0.994720,1.000000,0.988426,0.937466,0.989297,0.981924,0.978110,0.978962,0.978406,0.982723,0.972169,0.973969,0.976157,0.975589,0.974527,0.968281,0.968170,0.966939,0.966760,0.966234,0.965585,0.965803,0.965661,0.965604,0.974317,0.975796,0.979654,0.976857,0.975905,0.977888,0.976534,0.941733,0.975547,0.972435,0.968652,0.966803,0.966603,0.968009,0.969160,0.969732,0.969623,0.969545,0.978173,0.964131,0.963988,0.963167,0.962741,0.963188,0.962707,0.962671,0.962436,0.961643,0.977086,0.975532,0.978288,0.976407,0.974626,0.976134,0.978289,0.952739,0.978961,0.974755,0.972004,0.969702,0.967199,0.965968,0.964889,0.964487,0.965631,0.963789,0.981608,0.953482,0.952893,0.955327,0.954456,0.952964,0.956019,0.955113,0.954275,0.952113,0.980839,0.976485,0.973302,0.976532,0.977780,0.977966,0.980624,0.962258,0.979972,0.977540,0.974769,0.970218,0.969298,0.964833,0.961858,0.961807,0.957313,0.958672,0.980586,0.951953,0.956336,0.955439,0.956083,0.955445,0.955365,0.955810,0.951617,0.950430,0.975736,0.975907,0.973894,0.970396,0.974085,0.975059,0.977822,0.965430,0.979816,0.977790,0.975843,0.971354,0.972226,0.965280,0.965552,0.965922,0.960017,0.961653
allando_v_sin_a2_f7_v45,0.945984,0.969268,0.968917,0.966840,0.966838,0.966332,0.965896,0.965651,0.965358,0.965235,0.957268,0.964679,0.973592,0.977154,0.984222,0.987323,0.997507,0.912349,0.990393,0.986560,0.977102,0.979870,0.980046,0.977461,0.973594,0.971145,0.970014,0.969802,0.948200,0.968600,0.969339,0.969023,0.968733,0.968363,0.968289,0.968015,0.967451,0.966941,0.963874,0.971585,0.977794,0.979351,0.986940,0.986740,0.998385,0.912616,0.991084,0.984401,0.978482,0.979555,0.980451,0.976572,0.969478,0.972977,0.972260,0.969395,0.955927,0.972656,0.971782,0.971313,0.971467,0.969982,0.968895,0.968785,0.967756,0.967939,0.972103,0.975287,0.979234,0.980749,0.987133,0.986938,0.998384,0.930084,0.992246,0.983502,0.978798,0.976320,0.980152,0.979426,0.977249,0.971876,0.972085,0.971644,0.966689,0.974616,0.973208,0.974982,0.974411,0.975169,0.973418,0.971284,0.968530,0.969686,0.973019,0.977263,0.984112,0.982474,0.989793,0.988426,1.000000,0.935553,0.991445,0.980966,0.978019,0.975941,0.976324,0.980279,0.976780,0.975126,0.975062,0.976279,0.970762,0.968658,0.968201,0.967178,0.967220,0.966854,0.965992,0.966138,0.966054,0.966095,0.974789,0.975980,0.979752,0.975768,0.973411,0.973707,0.973654,0.937449,0.974074,0.975354,0.973252,0.970192,0.971532,0.971351,0.971639,0.971301,0.970458,0.969826,0.975054,0.964711,0.964800,0.963740,0.963756,0.964016,0.963271,0.963164,0.963163,0.962883,0.978060,0.977274,0.978251,0.976579,0.973978,0.974180,0.975333,0.946105,0.976354,0.976200,0.975773,0.972573,0.969266,0.967929,0.966595,0.966367,0.966160,0.964794,0.978091,0.957954,0.956150,0.957464,0.957629,0.955583,0.958196,0.957791,0.958442,0.957063,0.979894,0.976744,0.974640,0.977190,0.978085,0.975581,0.975088,0.956309,0.979539,0.978872,0.977904,0.974020,0.971350,0.965708,0.961503,0.960605,0.962089,0.961269,0.980398,0.953887,0.958148,0.955760,0.959384,0.956849,0.962035,0.957340,0.958742,0.955889,0.975294,0.976323,0.975106,0.972270,0.974696,0.974875,0.975350,0.960104,0.978836,0.978376,0.979019,0.975120,0.973617,0.966736,0.965021,0.964396,0.967640,0.961942
allando_v_sin_a2_f7_v5,0.967911,0.902283,0.902768,0.900603,0.899666,0.899099,0.898555,0.898217,0.897876,0.897717,0.966068,0.960400,0.959771,0.952826,0.948153,0.947378,0.946275,0.987493,0.938486,0.933951,0.922745,0.920863,0.919275,0.911557,0.907933,0.905921,0.903465,0.902918,0.968083,0.903078,0.907101,0.909978,0.909591,0.909376,0.909595,0.909087,0.908625,0.907478,0.963702,0.957017,0.954221,0.946264,0.943358,0.942153,0.941231,0.987771,0.934211,0.929017,0.921667,0.916856,0.915854,0.911889,0.903826,0.902060,0.906570,0.903741,0.966089,0.897456,0.897853,0.896854,0.898393,0.900043,0.901288,0.900826,0.898851,0.898977,0.958184,0.952944,0.948800,0.941776,0.941901,0.940767,0.941604,0.997176,0.934157,0.927985,0.921866,0.914748,0.917405,0.914280,0.912059,0.904287,0.902593,0.902259,0.962257,0.901276,0.899734,0.904183,0.903409,0.900163,0.896908,0.897256,0.899213,0.895250,0.954750,0.947973,0.945989,0.942390,0.941127,0.937466,0.935553,1.000000,0.933510,0.925139,0.922072,0.914965,0.913167,0.918149,0.912367,0.910200,0.906936,0.908940,0.945793,0.891014,0.890720,0.889627,0.889567,0.888998,0.887917,0.888172,0.888493,0.888623,0.937376,0.926322,0.922113,0.915151,0.909456,0.905972,0.900099,0.966884,0.898179,0.896592,0.893090,0.890135,0.890087,0.891048,0.891977,0.892757,0.892648,0.891522,0.938822,0.888160,0.888336,0.887690,0.886284,0.886378,0.885257,0.886648,0.886027,0.884660,0.932043,0.919956,0.914780,0.911246,0.905742,0.905241,0.902506,0.964350,0.901896,0.899388,0.896614,0.894459,0.890734,0.889253,0.889928,0.889027,0.890149,0.886912,0.936918,0.878070,0.876260,0.878203,0.875716,0.874060,0.877428,0.877841,0.876538,0.873872,0.931188,0.919492,0.912759,0.911677,0.912361,0.909218,0.906107,0.966089,0.906107,0.904684,0.900518,0.898788,0.895965,0.890553,0.882605,0.882995,0.881936,0.883433,0.936487,0.878331,0.881768,0.877237,0.878900,0.879296,0.881522,0.879334,0.875499,0.873344,0.921577,0.916052,0.912732,0.905654,0.906517,0.905508,0.905014,0.964904,0.905055,0.903405,0.901352,0.899811,0.899841,0.893131,0.887604,0.889644,0.887701,0.886408
allando_v_sin_a2_f7_v50,0.944794,0.969374,0.968850,0.967040,0.966787,0.966351,0.966012,0.965783,0.965547,0.965476,0.956060,0.964674,0.973747,0.977231,0.982668,0.987258,0.991199,0.907772,0.990232,0.989297,0.983928,0.983280,0.981749,0.978993,0.973687,0.971066,0.970035,0.969807,0.948224,0.968770,0.969225,0.968801,0.968529,0.968260,0.968154,0.968015,0.967520,0.966872,0.963396,0.970811,0.977309,0.979260,0.984859,0.987268,0.992314,0.907879,0.990685,0.989829,0.985109,0.983204,0.981834,0.979448,0.971859,0.974800,0.972237,0.969342,0.957863,0.973407,0.973658,0.969323,0.971422,0.969576,0.968565,0.968283,0.967065,0.967528,0.970982,0.972943,0.978348,0.980071,0.985298,0.987720,0.991563,0.927192,0.994679,0.988839,0.985343,0.979290,0.981989,0.980460,0.979284,0.973876,0.974129,0.974117,0.967733,0.976619,0.975178,0.975171,0.974498,0.972147,0.970359,0.969730,0.969067,0.968417,0.971829,0.972796,0.981516,0.981866,0.988546,0.989297,0.991445,0.933510,1.000000,0.987064,0.984874,0.976732,0.978717,0.982495,0.977057,0.977346,0.977601,0.979050,0.969446,0.969178,0.968799,0.967735,0.967640,0.967208,0.966414,0.966682,0.966559,0.966635,0.970702,0.973095,0.978608,0.976186,0.974531,0.974618,0.973630,0.935757,0.974781,0.974080,0.973853,0.972370,0.971977,0.972002,0.972154,0.971992,0.971191,0.970473,0.973991,0.964944,0.964905,0.964105,0.964019,0.964540,0.963630,0.963555,0.963703,0.963530,0.974551,0.974587,0.976798,0.975750,0.974549,0.974467,0.974740,0.945673,0.978047,0.975910,0.975643,0.974128,0.969985,0.968535,0.967059,0.967005,0.966581,0.965630,0.977840,0.957763,0.957651,0.959052,0.957938,0.955875,0.956986,0.956168,0.955660,0.954514,0.979192,0.974155,0.973229,0.975261,0.976505,0.975995,0.975244,0.956230,0.978784,0.978049,0.977663,0.975637,0.972441,0.967825,0.960336,0.961326,0.959272,0.961491,0.981303,0.956013,0.963252,0.957019,0.961266,0.957537,0.959447,0.956136,0.953977,0.952162,0.975819,0.975157,0.973250,0.969572,0.973522,0.975013,0.975377,0.960508,0.977806,0.978293,0.978935,0.976836,0.975476,0.969389,0.964321,0.964844,0.962356,0.962544
allando_v_sin_a2_f7_v55,0.937293,0.965448,0.965030,0.963267,0.962956,0.962596,0.962234,0.961905,0.961638,0.961544,0.952063,0.959042,0.964769,0.968238,0.974354,0.976910,0.980460,0.897445,0.983719,0.996911,0.989435,0.986421,0.980014,0.977269,0.970622,0.967693,0.966703,0.966035,0.940743,0.964314,0.965114,0.964427,0.964094,0.963787,0.963619,0.963694,0.963331,0.962755,0.959529,0.962476,0.967994,0.970512,0.976808,0.977671,0.981885,0.897784,0.984866,0.997944,0.989969,0.987073,0.978917,0.976336,0.966856,0.969963,0.967745,0.965258,0.950198,0.967571,0.969917,0.966754,0.967429,0.965282,0.964182,0.963573,0.962663,0.962996,0.963403,0.962410,0.969868,0.971363,0.977016,0.980210,0.981229,0.917180,0.985996,0.998325,0.990037,0.983712,0.980378,0.978671,0.973982,0.966634,0.965921,0.966890,0.957716,0.970632,0.969281,0.973751,0.970486,0.968565,0.966213,0.965279,0.966948,0.964424,0.963613,0.963315,0.972585,0.975905,0.981682,0.981924,0.980966,0.925139,0.987064,1.000000,0.990221,0.980442,0.976045,0.982264,0.966174,0.969052,0.969043,0.970708,0.963478,0.963792,0.963619,0.962663,0.962330,0.961902,0.961397,0.961407,0.961317,0.961404,0.963550,0.965413,0.973066,0.969592,0.970731,0.969873,0.968877,0.929899,0.968930,0.966741,0.966570,0.966609,0.965682,0.965820,0.965908,0.965801,0.965371,0.964988,0.969008,0.960159,0.959955,0.959192,0.959032,0.960083,0.958823,0.958685,0.958791,0.958967,0.967585,0.966784,0.971463,0.971013,0.970694,0.969367,0.970676,0.941503,0.973859,0.969286,0.967640,0.969515,0.965447,0.964004,0.962753,0.962195,0.961655,0.961385,0.974826,0.949350,0.949435,0.951756,0.950251,0.950073,0.953776,0.953502,0.952185,0.950829,0.973214,0.968777,0.967446,0.969857,0.971968,0.974305,0.971799,0.950619,0.972044,0.970801,0.969062,0.969956,0.973791,0.969399,0.961154,0.960344,0.954984,0.955578,0.980119,0.946449,0.955925,0.950539,0.955875,0.955403,0.950669,0.951443,0.946730,0.946114,0.968331,0.970897,0.968888,0.964404,0.969417,0.970854,0.970861,0.954468,0.972082,0.971131,0.970592,0.970859,0.976456,0.970056,0.964254,0.962897,0.957461,0.957987
allando_v_sin_a2_f7_v60,0.933629,0.967350,0.966979,0.965366,0.965164,0.964833,0.964488,0.964180,0.963965,0.963952,0.947742,0.956931,0.962125,0.963759,0.968760,0.972064,0.976966,0.893446,0.977853,0.988662,0.998330,0.988193,0.981959,0.979604,0.971915,0.969191,0.968474,0.967883,0.936589,0.966314,0.966704,0.965966,0.965719,0.965413,0.965187,0.965376,0.965023,0.964596,0.955853,0.961602,0.966181,0.966507,0.971939,0.973421,0.978703,0.893897,0.978998,0.989050,0.998847,0.989247,0.981557,0.979505,0.969082,0.972801,0.969845,0.966968,0.947456,0.970332,0.972100,0.969767,0.969895,0.968156,0.966830,0.966428,0.965634,0.965913,0.961461,0.961972,0.967431,0.967532,0.972870,0.975678,0.978439,0.914005,0.981043,0.989275,0.999444,0.984502,0.981767,0.980137,0.977682,0.973399,0.970785,0.970940,0.956482,0.974237,0.972760,0.975112,0.973542,0.974540,0.972269,0.970442,0.970888,0.970200,0.962416,0.962633,0.969912,0.970701,0.977296,0.978110,0.978019,0.922072,0.984874,0.990221,1.000000,0.980163,0.978035,0.983232,0.971379,0.973866,0.974415,0.977570,0.963418,0.964794,0.964520,0.963603,0.963537,0.963200,0.962460,0.962777,0.962562,0.962585,0.966564,0.967946,0.972493,0.969887,0.970115,0.968906,0.967951,0.931392,0.968411,0.966680,0.967246,0.966942,0.966115,0.966431,0.966614,0.966836,0.966546,0.965997,0.968900,0.962394,0.962281,0.961766,0.961445,0.962407,0.961137,0.961159,0.961304,0.961447,0.970440,0.970330,0.971895,0.972011,0.970091,0.969450,0.969649,0.943091,0.972543,0.969638,0.968564,0.968778,0.965987,0.964877,0.964423,0.964010,0.963710,0.963875,0.974033,0.954584,0.954922,0.956381,0.954527,0.954017,0.956626,0.956496,0.957483,0.956831,0.974052,0.971384,0.971545,0.971215,0.972700,0.972283,0.969655,0.952346,0.970957,0.970646,0.968868,0.968737,0.973409,0.970930,0.960972,0.962583,0.957186,0.958562,0.979362,0.951012,0.961144,0.952836,0.958072,0.957877,0.953311,0.955070,0.953323,0.952605,0.971379,0.972583,0.971308,0.967381,0.968874,0.969509,0.970421,0.956306,0.971547,0.970766,0.970296,0.969320,0.976370,0.972581,0.964556,0.965839,0.959974,0.960300
allando_v_sin_a2_f7_v65,0.933325,0.967915,0.967342,0.965123,0.965225,0.964880,0.964512,0.964119,0.963886,0.963647,0.944644,0.945828,0.954876,0.959948,0.966040,0.972200,0.973650,0.887573,0.981304,0.978626,0.980048,0.994746,0.993367,0.987213,0.974020,0.970496,0.969791,0.968798,0.934847,0.966944,0.966739,0.965748,0.965316,0.964884,0.964603,0.964414,0.964239,0.963500,0.948713,0.952714,0.960186,0.962981,0.969383,0.974643,0.973637,0.888339,0.982911,0.979817,0.979812,0.990869,0.991777,0.987731,0.973592,0.976143,0.970652,0.967674,0.942584,0.971971,0.976156,0.971341,0.970132,0.968237,0.966493,0.965969,0.965076,0.965274,0.955890,0.956256,0.961651,0.965714,0.969890,0.976386,0.974960,0.908795,0.981765,0.981626,0.979748,0.997881,0.992947,0.990871,0.979109,0.972808,0.971597,0.974065,0.952889,0.975151,0.974182,0.978495,0.974537,0.971798,0.971263,0.971502,0.974801,0.970048,0.959156,0.958062,0.966398,0.972705,0.972307,0.978962,0.975941,0.914965,0.976732,0.980442,0.980163,1.000000,0.989361,0.991440,0.972339,0.976220,0.976443,0.975467,0.968141,0.963986,0.963758,0.962736,0.962696,0.962250,0.961619,0.961332,0.961654,0.961503,0.963524,0.966857,0.971696,0.967886,0.968964,0.968052,0.967209,0.926859,0.967119,0.966919,0.966766,0.965004,0.965093,0.965710,0.966332,0.966315,0.965623,0.965184,0.975558,0.961589,0.961497,0.960915,0.960676,0.961030,0.959906,0.959952,0.959986,0.960314,0.967514,0.968321,0.970712,0.970744,0.967630,0.969045,0.969583,0.940343,0.970264,0.968891,0.967443,0.968579,0.964414,0.963771,0.963355,0.962744,0.962740,0.962971,0.977815,0.956870,0.955761,0.958005,0.955892,0.955499,0.958868,0.959960,0.957419,0.955661,0.971678,0.970913,0.968428,0.969957,0.971954,0.972097,0.969785,0.948494,0.969880,0.969642,0.967974,0.966048,0.968260,0.968071,0.975862,0.971822,0.962982,0.962923,0.970696,0.954378,0.957955,0.956044,0.956704,0.957635,0.953804,0.954875,0.951040,0.950472,0.970885,0.972149,0.969774,0.965866,0.968727,0.967412,0.968951,0.952368,0.970309,0.969266,0.969032,0.966712,0.970961,0.968718,0.978593,0.974136,0.963402,0.967112
allando_v_sin_a2_f7_v70,0.933576,0.973641,0.973073,0.971204,0.971322,0.971079,0.970751,0.970415,0.970227,0.970030,0.943542,0.946744,0.956026,0.960478,0.966926,0.973198,0.975095,0.888264,0.980383,0.976641,0.978205,0.989949,0.993870,0.988652,0.978556,0.975398,0.975090,0.974430,0.934424,0.973059,0.972318,0.971219,0.970898,0.970562,0.970339,0.970139,0.969894,0.969200,0.948174,0.953837,0.960901,0.963625,0.969929,0.975267,0.975260,0.888972,0.981105,0.978519,0.979154,0.987596,0.994687,0.989806,0.979355,0.981604,0.976574,0.973566,0.942633,0.976556,0.979975,0.974903,0.976028,0.974328,0.972573,0.972277,0.971310,0.971571,0.956046,0.957054,0.961992,0.965658,0.971199,0.975611,0.976254,0.907259,0.980572,0.978325,0.978387,0.989382,0.994966,0.989728,0.983140,0.979564,0.979087,0.980850,0.953433,0.978824,0.979741,0.980753,0.978317,0.975528,0.974608,0.974507,0.977240,0.973624,0.958374,0.958129,0.966640,0.971270,0.972831,0.978406,0.976324,0.913167,0.978717,0.976045,0.978035,0.989361,1.000000,0.989858,0.978447,0.982579,0.983203,0.983890,0.970173,0.970473,0.970118,0.969160,0.969151,0.968737,0.968041,0.967875,0.968135,0.968110,0.966702,0.970086,0.974937,0.973273,0.973259,0.972866,0.972016,0.926585,0.973008,0.972891,0.972320,0.971603,0.972134,0.972268,0.972835,0.972825,0.972157,0.971524,0.976911,0.968289,0.968177,0.967768,0.967570,0.967919,0.966917,0.966809,0.966867,0.967378,0.972052,0.972653,0.974661,0.974615,0.972178,0.974282,0.973591,0.938172,0.975053,0.974842,0.973797,0.975366,0.971343,0.970364,0.969930,0.969754,0.969440,0.969806,0.978797,0.967219,0.966473,0.967129,0.964685,0.963375,0.965259,0.965779,0.964250,0.963164,0.975914,0.974670,0.972638,0.974378,0.975570,0.974970,0.972538,0.947165,0.975336,0.975412,0.974517,0.975146,0.973072,0.973123,0.976290,0.975170,0.968674,0.970814,0.973925,0.965506,0.968383,0.961289,0.964523,0.963239,0.964099,0.962119,0.959301,0.958578,0.976722,0.976205,0.974217,0.970441,0.972425,0.972018,0.973359,0.951063,0.974967,0.975435,0.974851,0.975813,0.975604,0.973589,0.979307,0.977835,0.969095,0.972728
allando_v_sin_a2_f7_v75,0.940747,0.979626,0.979027,0.977029,0.977155,0.976923,0.976518,0.976210,0.976006,0.975844,0.947707,0.952958,0.961805,0.968500,0.971561,0.977473,0.979072,0.892845,0.983190,0.983342,0.983533,0.994525,0.994337,0.993632,0.983764,0.980871,0.980847,0.980205,0.941125,0.978906,0.978248,0.977090,0.976711,0.976380,0.976137,0.975977,0.975706,0.975086,0.952607,0.959546,0.966998,0.971808,0.974530,0.978548,0.979250,0.893658,0.984452,0.984413,0.984582,0.994358,0.993236,0.993736,0.985491,0.988243,0.982554,0.979295,0.949826,0.984819,0.986573,0.981332,0.981792,0.980007,0.978245,0.977800,0.977102,0.977216,0.959602,0.962756,0.968562,0.973814,0.975647,0.979103,0.980478,0.911826,0.984465,0.985656,0.984100,0.993200,0.994064,0.999090,0.990722,0.985165,0.981943,0.985068,0.959878,0.986897,0.987223,0.987470,0.986188,0.980562,0.981058,0.979201,0.981948,0.978690,0.962705,0.964347,0.974574,0.976754,0.978196,0.982723,0.980279,0.918149,0.982495,0.982264,0.983232,0.991440,0.989858,1.000000,0.984155,0.989343,0.985620,0.985583,0.976211,0.976539,0.976331,0.975269,0.975336,0.974894,0.974089,0.973921,0.973983,0.974025,0.972192,0.975882,0.983199,0.980843,0.981657,0.980547,0.978577,0.933302,0.979163,0.978443,0.977128,0.976445,0.976061,0.977148,0.977965,0.978184,0.977959,0.977607,0.983176,0.974467,0.974207,0.973831,0.973571,0.973853,0.973022,0.972916,0.972899,0.973097,0.978171,0.978793,0.982198,0.983341,0.980951,0.982159,0.981038,0.944824,0.981422,0.981104,0.978984,0.979097,0.976897,0.976073,0.975811,0.975354,0.975446,0.975670,0.985004,0.970531,0.969267,0.972438,0.971261,0.970867,0.972349,0.972382,0.969860,0.968389,0.983747,0.981096,0.980156,0.981676,0.983630,0.982824,0.979988,0.953928,0.980864,0.981263,0.979560,0.977984,0.979645,0.979693,0.981040,0.980697,0.977535,0.977747,0.981073,0.966410,0.971303,0.970501,0.972032,0.972287,0.966713,0.969605,0.963495,0.963843,0.983593,0.984307,0.981467,0.976790,0.981034,0.979814,0.981807,0.957542,0.981261,0.980699,0.979691,0.978474,0.981772,0.980175,0.983493,0.982192,0.976750,0.979570
allando_v_sin_a2_f7_v80,0.937099,0.973918,0.973393,0.971601,0.971967,0.971576,0.971150,0.970995,0.970784,0.970626,0.936576,0.945750,0.955600,0.962963,0.962586,0.970264,0.975987,0.887853,0.974153,0.971199,0.972180,0.978757,0.982401,0.983011,0.976078,0.973773,0.974170,0.973981,0.937092,0.972860,0.971980,0.970992,0.970724,0.970486,0.970330,0.970022,0.969495,0.968817,0.941875,0.954105,0.959889,0.965423,0.965010,0.969000,0.976528,0.888477,0.974238,0.972773,0.974293,0.979015,0.983689,0.981709,0.982873,0.986243,0.978086,0.973184,0.946757,0.976884,0.976565,0.974268,0.977048,0.974354,0.972708,0.972614,0.971733,0.971844,0.951274,0.956910,0.959635,0.967099,0.966584,0.967842,0.976597,0.906084,0.975328,0.973577,0.974323,0.974701,0.982356,0.983537,0.990584,0.985455,0.978567,0.979228,0.960779,0.978351,0.979670,0.979320,0.984277,0.974867,0.976952,0.973870,0.973015,0.972881,0.953161,0.956117,0.965094,0.963561,0.969714,0.972169,0.976780,0.912367,0.977057,0.966174,0.971379,0.972339,0.978447,0.984155,1.000000,0.987424,0.981046,0.980894,0.967952,0.971679,0.971345,0.970264,0.970299,0.969858,0.969204,0.969136,0.968859,0.969160,0.964395,0.966275,0.974462,0.974637,0.973759,0.973006,0.971739,0.924113,0.974362,0.974763,0.973983,0.972233,0.972500,0.973208,0.973924,0.973889,0.973562,0.972741,0.973938,0.969439,0.969450,0.969195,0.969033,0.968893,0.968127,0.968276,0.968249,0.968570,0.971350,0.971866,0.973085,0.976287,0.974536,0.976009,0.974101,0.933600,0.976188,0.976337,0.977070,0.974334,0.972161,0.971262,0.970869,0.970971,0.970646,0.970775,0.972745,0.968505,0.965440,0.966675,0.967503,0.964356,0.966412,0.966799,0.965033,0.964573,0.975748,0.973240,0.972586,0.973215,0.976326,0.973173,0.971165,0.944702,0.977589,0.976784,0.977673,0.975380,0.971688,0.971998,0.967651,0.969208,0.977227,0.979778,0.972466,0.962909,0.966860,0.961991,0.966823,0.963231,0.970222,0.961976,0.964106,0.959129,0.979276,0.976693,0.974073,0.968540,0.973734,0.973579,0.973481,0.948885,0.976043,0.976546,0.977721,0.975523,0.974138,0.974855,0.970822,0.971735,0.976994,0.976386
allando_v_sin_a2_f7_v85,0.938243,0.978446,0.977809,0.976007,0.976491,0.976327,0.975948,0.975722,0.975566,0.975421,0.938576,0.947007,0.954756,0.964001,0.965177,0.971569,0.973194,0.886264,0.971130,0.974757,0.976023,0.984346,0.985023,0.988845,0.980958,0.978382,0.979280,0.978894,0.937997,0.978208,0.976507,0.975020,0.974735,0.974463,0.974419,0.974095,0.973620,0.973025,0.944125,0.953547,0.959737,0.967685,0.968738,0.971270,0.973359,0.887069,0.972227,0.976918,0.977073,0.986902,0.985216,0.990282,0.988917,0.991616,0.982781,0.978065,0.947940,0.986187,0.984813,0.980223,0.981682,0.979930,0.977925,0.977552,0.976735,0.976819,0.952200,0.957032,0.961453,0.970093,0.971572,0.969548,0.974925,0.904612,0.973821,0.976200,0.976250,0.980663,0.984030,0.990201,0.993353,0.994689,0.988204,0.990518,0.958919,0.986567,0.989953,0.983183,0.986784,0.977779,0.980330,0.977309,0.977989,0.976782,0.955755,0.958807,0.968405,0.965882,0.971817,0.973969,0.975126,0.910200,0.977346,0.969052,0.973866,0.976220,0.982579,0.989343,0.987424,1.000000,0.990962,0.990711,0.971331,0.976366,0.975993,0.975003,0.975157,0.974764,0.973809,0.973654,0.973560,0.973742,0.968208,0.970551,0.978610,0.978430,0.979103,0.980186,0.977702,0.926319,0.979074,0.978542,0.975845,0.975784,0.975462,0.976475,0.977387,0.977915,0.977882,0.977358,0.977178,0.973468,0.973293,0.973109,0.972897,0.972891,0.972373,0.972199,0.972073,0.972464,0.975746,0.975531,0.978463,0.979938,0.977824,0.981628,0.979659,0.936223,0.979125,0.980598,0.978087,0.976872,0.975762,0.974734,0.974488,0.974347,0.974504,0.974755,0.976775,0.979864,0.976787,0.977830,0.974388,0.973697,0.972552,0.971631,0.970169,0.968686,0.980224,0.977593,0.977005,0.979006,0.979670,0.976978,0.976563,0.946849,0.978691,0.980441,0.978688,0.977657,0.977158,0.977741,0.972802,0.975159,0.981706,0.983130,0.975321,0.977012,0.978119,0.972878,0.973786,0.971964,0.967415,0.970401,0.964569,0.966774,0.985995,0.981340,0.978595,0.973655,0.977753,0.976532,0.979806,0.949714,0.979191,0.980840,0.978577,0.978654,0.978892,0.979860,0.976927,0.977904,0.981245,0.984082
allando_v_sin_a2_f7_v90,0.930077,0.980415,0.979708,0.978180,0.978439,0.978256,0.978076,0.977869,0.977708,0.977581,0.938373,0.945475,0.954077,0.960329,0.967266,0.971435,0.973560,0.882179,0.972410,0.973470,0.974923,0.983945,0.987215,0.989166,0.983200,0.980885,0.981393,0.981117,0.930347,0.980790,0.978915,0.977460,0.977262,0.976926,0.976774,0.976595,0.976195,0.975698,0.944546,0.952323,0.959844,0.964132,0.970535,0.972974,0.973948,0.882909,0.973289,0.975521,0.976146,0.984159,0.987699,0.991116,0.984628,0.988861,0.983694,0.980414,0.940715,0.986147,0.985980,0.982206,0.984178,0.982471,0.980693,0.980430,0.979568,0.979853,0.952781,0.956299,0.961105,0.965517,0.973030,0.971850,0.975940,0.901363,0.973702,0.973298,0.975922,0.979065,0.986171,0.987500,0.990177,0.988286,0.995166,0.996320,0.951668,0.988446,0.988419,0.984685,0.985054,0.981170,0.981169,0.979587,0.980587,0.980336,0.957178,0.957462,0.966383,0.966850,0.973378,0.976157,0.975062,0.906936,0.977601,0.969043,0.974415,0.976443,0.983203,0.985620,0.981046,0.990962,1.000000,0.996194,0.967623,0.979652,0.979217,0.978192,0.978183,0.977822,0.976974,0.976965,0.977051,0.977125,0.969315,0.971551,0.978761,0.979806,0.979943,0.982273,0.981255,0.923533,0.981410,0.980787,0.978565,0.977727,0.977991,0.979087,0.980150,0.980892,0.980818,0.980296,0.974820,0.976706,0.976588,0.976305,0.976123,0.976156,0.975693,0.975512,0.975389,0.975670,0.976064,0.976247,0.978487,0.980019,0.978302,0.981995,0.981349,0.934206,0.981025,0.982173,0.980609,0.979188,0.978356,0.977611,0.977418,0.977589,0.977720,0.977941,0.976802,0.985117,0.985314,0.982814,0.976951,0.975421,0.975322,0.973886,0.973849,0.972399,0.980423,0.978694,0.977487,0.979551,0.980637,0.978679,0.979108,0.945345,0.980878,0.982060,0.981382,0.978505,0.978795,0.979007,0.975427,0.977049,0.976948,0.980008,0.974994,0.986672,0.986227,0.973365,0.974213,0.972265,0.971073,0.972333,0.968477,0.970896,0.985874,0.981620,0.980048,0.976259,0.978600,0.977445,0.980723,0.948903,0.981502,0.983347,0.981779,0.979170,0.980312,0.979510,0.979109,0.980134,0.977746,0.981182
allando_v_sin_a2_f7_v95,0.929272,0.982095,0.981494,0.980064,0.980364,0.980207,0.980002,0.979758,0.979602,0.979498,0.940106,0.947816,0.956559,0.960231,0.967657,0.970928,0.974797,0.883252,0.973448,0.975325,0.978218,0.984343,0.986219,0.989774,0.984794,0.982565,0.983082,0.982726,0.929888,0.982339,0.980652,0.979236,0.979060,0.978729,0.978585,0.978413,0.978066,0.977665,0.946625,0.954340,0.961509,0.963912,0.970565,0.972401,0.975538,0.883983,0.974338,0.976809,0.979604,0.984823,0.987411,0.991604,0.983420,0.988625,0.985021,0.982003,0.940651,0.987570,0.987276,0.984146,0.985736,0.984293,0.982616,0.982329,0.981575,0.981754,0.954774,0.957386,0.962900,0.965030,0.972602,0.971463,0.976761,0.902921,0.975053,0.974240,0.979120,0.978822,0.985694,0.987241,0.987806,0.989563,0.994438,0.995044,0.951678,0.988272,0.989922,0.985589,0.985211,0.984447,0.983451,0.982107,0.982137,0.981592,0.957936,0.959001,0.967965,0.967123,0.973453,0.975589,0.976279,0.908940,0.979050,0.970708,0.977570,0.975467,0.983890,0.985583,0.980894,0.990711,0.996194,1.000000,0.967465,0.981142,0.980719,0.979806,0.979826,0.979511,0.978661,0.978609,0.978694,0.978785,0.971799,0.973104,0.980332,0.981430,0.981160,0.983020,0.982144,0.924670,0.982457,0.982087,0.980301,0.979913,0.980150,0.980946,0.981736,0.982384,0.982291,0.981758,0.974684,0.978787,0.978648,0.978274,0.978174,0.978252,0.977786,0.977547,0.977492,0.977749,0.978061,0.977955,0.980372,0.981999,0.980125,0.983277,0.982081,0.934873,0.982069,0.983778,0.982398,0.981036,0.980600,0.979824,0.979600,0.979777,0.979769,0.979898,0.977156,0.985131,0.985194,0.984117,0.979195,0.977682,0.977031,0.975695,0.976830,0.975562,0.981948,0.980259,0.979483,0.981588,0.982648,0.980362,0.979977,0.946096,0.982148,0.983610,0.982011,0.980975,0.981056,0.980130,0.975863,0.978797,0.977086,0.979885,0.976606,0.985578,0.986461,0.975044,0.976710,0.975364,0.973748,0.975061,0.971960,0.974475,0.985712,0.983107,0.981710,0.978419,0.980517,0.979541,0.982439,0.950122,0.982716,0.984616,0.982040,0.981538,0.982384,0.980087,0.979211,0.981874,0.978091,0.980519
allando_v_sin_a8_f1_v10,0.968326,0.968315,0.968272,0.966628,0.966558,0.966301,0.965833,0.965523,0.965264,0.965139,0.967646,0.967310,0.970615,0.974289,0.973984,0.977328,0.975138,0.926620,0.973169,0.971086,0.965751,0.972505,0.974848,0.974213,0.970705,0.969496,0.969248,0.968821,0.966720,0.968309,0.968966,0.969297,0.969063,0.968777,0.968497,0.968270,0.968154,0.967556,0.968336,0.970582,0.972599,0.974806,0.974326,0.976332,0.972791,0.927501,0.972226,0.969719,0.966727,0.971341,0.972916,0.973633,0.970503,0.970364,0.970927,0.969000,0.971069,0.963169,0.964823,0.962031,0.964608,0.965851,0.965748,0.965487,0.964818,0.964616,0.970689,0.971156,0.971801,0.974051,0.974723,0.975141,0.974915,0.941938,0.971018,0.969863,0.965078,0.968878,0.974073,0.975155,0.974262,0.968408,0.963679,0.966504,0.976058,0.964337,0.964489,0.966549,0.967647,0.960927,0.961674,0.959555,0.962860,0.959303,0.971169,0.970474,0.974027,0.974404,0.973848,0.974527,0.970762,0.945793,0.969446,0.963478,0.963418,0.968141,0.970173,0.976211,0.967952,0.971331,0.967623,0.967465,1.000000,0.965831,0.965513,0.964148,0.963734,0.963202,0.962705,0.962654,0.962816,0.962909,0.989686,0.984920,0.981777,0.976491,0.975605,0.973207,0.969661,0.965415,0.969080,0.968028,0.964274,0.963416,0.963080,0.964572,0.965849,0.966727,0.966914,0.966279,0.996902,0.964307,0.964210,0.963897,0.962940,0.962525,0.961462,0.962364,0.961756,0.961510,0.989209,0.982149,0.979108,0.977621,0.971846,0.973829,0.971897,0.970648,0.970249,0.969721,0.966996,0.965368,0.965380,0.964574,0.965560,0.964750,0.965412,0.964405,0.993454,0.959502,0.957315,0.959425,0.956774,0.955505,0.958158,0.959017,0.957638,0.955632,0.989298,0.982963,0.979049,0.977575,0.977322,0.973849,0.972133,0.973335,0.972164,0.972457,0.969814,0.967840,0.967926,0.967707,0.965486,0.965704,0.966600,0.966652,0.989126,0.955344,0.957869,0.954722,0.955997,0.957243,0.955661,0.957577,0.952792,0.952183,0.987281,0.982772,0.978796,0.971608,0.972306,0.969621,0.971789,0.973530,0.971916,0.970738,0.968804,0.967906,0.969868,0.968880,0.968974,0.969303,0.967677,0.967545
allando_v_sin_a8_f1_v100,0.910300,0.994705,0.994552,0.994129,0.994457,0.994407,0.994333,0.994279,0.994219,0.994218,0.926330,0.933911,0.942579,0.949092,0.957259,0.962128,0.966789,0.868798,0.968425,0.969290,0.968176,0.974781,0.977806,0.987193,0.993958,0.994138,0.994729,0.994786,0.908970,0.994461,0.993744,0.992571,0.992458,0.992260,0.991935,0.992141,0.992174,0.992215,0.930896,0.940249,0.947720,0.953519,0.960512,0.963696,0.967861,0.869709,0.969535,0.969710,0.969770,0.976246,0.978161,0.981243,0.978426,0.988752,0.994271,0.994388,0.919159,0.986705,0.987916,0.986419,0.992971,0.994036,0.994014,0.993956,0.994099,0.993948,0.939672,0.943201,0.950211,0.955582,0.962070,0.963778,0.968815,0.885161,0.969422,0.968552,0.968176,0.968610,0.976081,0.979476,0.980427,0.979230,0.981772,0.984299,0.931111,0.983223,0.984115,0.984194,0.984316,0.982359,0.983304,0.982471,0.982952,0.982541,0.942127,0.946217,0.957175,0.958665,0.964861,0.968281,0.968658,0.891014,0.969178,0.963792,0.964794,0.963986,0.970473,0.976539,0.971679,0.976366,0.979652,0.981142,0.965831,1.000000,0.999962,0.999837,0.999626,0.999553,0.999609,0.999502,0.999381,0.999437,0.973053,0.977284,0.987914,0.989985,0.992434,0.994379,0.996453,0.923093,0.997614,0.997716,0.997165,0.997527,0.997655,0.998716,0.999306,0.999633,0.999772,0.999831,0.973661,0.998518,0.998470,0.998208,0.998206,0.998338,0.998258,0.998163,0.998158,0.998065,0.978908,0.983046,0.988970,0.991910,0.992385,0.994468,0.995142,0.930607,0.995980,0.997396,0.997278,0.996729,0.998757,0.998773,0.998623,0.998470,0.998761,0.998425,0.976000,0.990195,0.989725,0.991787,0.991621,0.990520,0.992290,0.991663,0.992212,0.990765,0.983827,0.986961,0.987162,0.990705,0.992887,0.992550,0.993579,0.940303,0.995045,0.995625,0.995573,0.994395,0.995848,0.994089,0.990510,0.992425,0.990169,0.991366,0.976149,0.983853,0.987956,0.986206,0.989084,0.989203,0.989145,0.989315,0.986057,0.986724,0.984821,0.989389,0.990112,0.987273,0.992108,0.992223,0.994537,0.944771,0.995003,0.995069,0.994612,0.993222,0.994377,0.991346,0.990573,0.991894,0.989181,0.989326
allando_v_sin_a8_f1_v105,0.910216,0.994809,0.994669,0.994284,0.994592,0.994539,0.994476,0.994435,0.994382,0.994382,0.925936,0.933576,0.942365,0.948970,0.956903,0.961926,0.966363,0.868606,0.968154,0.969065,0.967923,0.974432,0.977510,0.987025,0.993989,0.994218,0.994795,0.994864,0.908819,0.994586,0.993909,0.992775,0.992664,0.992474,0.992148,0.992361,0.992405,0.992451,0.930436,0.939894,0.947552,0.953407,0.960165,0.963538,0.967426,0.869521,0.969299,0.969508,0.969515,0.975871,0.977830,0.980967,0.978272,0.988671,0.994344,0.994509,0.918970,0.986491,0.987789,0.986325,0.992964,0.994125,0.994149,0.994107,0.994254,0.994108,0.939203,0.942853,0.950074,0.955484,0.961786,0.963697,0.968408,0.884818,0.969131,0.968429,0.967909,0.968339,0.975784,0.979283,0.980256,0.979048,0.981321,0.983982,0.930885,0.983008,0.983893,0.984094,0.984226,0.982095,0.983162,0.982171,0.982732,0.982413,0.941704,0.945896,0.956987,0.958570,0.964577,0.968170,0.968201,0.890720,0.968799,0.963619,0.964520,0.963758,0.970118,0.976331,0.971345,0.975993,0.979217,0.980719,0.965513,0.999962,1.000000,0.999915,0.999692,0.999624,0.999726,0.999606,0.999466,0.999518,0.972541,0.976783,0.987631,0.989769,0.992309,0.994188,0.996274,0.922761,0.997478,0.997489,0.996924,0.997340,0.997444,0.998548,0.999163,0.999513,0.999673,0.999787,0.973372,0.998528,0.998471,0.998252,0.998258,0.998391,0.998327,0.998253,0.998248,0.998139,0.978474,0.982588,0.988591,0.991710,0.992211,0.994287,0.994925,0.930302,0.995844,0.997128,0.997066,0.996519,0.998652,0.998683,0.998552,0.998404,0.998704,0.998384,0.975685,0.989896,0.989410,0.991535,0.991447,0.990410,0.992254,0.991644,0.992147,0.990664,0.983430,0.986513,0.986750,0.990344,0.992739,0.992488,0.993460,0.939991,0.994838,0.995339,0.995324,0.994133,0.995684,0.994035,0.990505,0.992494,0.990159,0.991318,0.975768,0.983466,0.987698,0.986117,0.988976,0.989220,0.988965,0.989185,0.985881,0.986533,0.984365,0.988991,0.989710,0.986878,0.991976,0.992104,0.994355,0.944450,0.994836,0.994779,0.994360,0.992927,0.994147,0.991169,0.990473,0.991874,0.989070,0.989324
allando_v_sin_a8_f1_v110,0.908814,0.994861,0.994748,0.994430,0.994723,0.994689,0.994658,0.994650,0.994614,0.994626,0.924802,0.932654,0.941311,0.947840,0.955744,0.960610,0.965308,0.867815,0.967067,0.968173,0.967091,0.973590,0.976571,0.986331,0.993858,0.994230,0.994767,0.994870,0.907340,0.994640,0.994033,0.992972,0.992873,0.992705,0.992403,0.992622,0.992674,0.992734,0.929237,0.938968,0.946487,0.952278,0.959042,0.962260,0.966410,0.868727,0.968230,0.968544,0.968643,0.975031,0.976874,0.980035,0.977398,0.988026,0.994201,0.994531,0.917486,0.986124,0.987453,0.986161,0.992913,0.994205,0.994321,0.994283,0.994447,0.994299,0.938164,0.941917,0.949012,0.954359,0.960644,0.962453,0.967339,0.883725,0.968080,0.967433,0.966992,0.967435,0.974734,0.978331,0.979212,0.978132,0.980502,0.983084,0.929511,0.982512,0.983464,0.983675,0.983778,0.981726,0.982864,0.981911,0.982465,0.982337,0.940611,0.944982,0.955981,0.957465,0.963470,0.966939,0.967178,0.889627,0.967735,0.962663,0.963603,0.962736,0.969160,0.975269,0.970264,0.975003,0.978192,0.979806,0.964148,0.999837,0.999915,1.000000,0.999800,0.999773,0.999929,0.999808,0.999651,0.999696,0.971513,0.975832,0.986818,0.989018,0.991648,0.993561,0.995756,0.922068,0.996982,0.997085,0.996629,0.997150,0.997266,0.998357,0.998945,0.999279,0.999437,0.999590,0.972016,0.998534,0.998494,0.998371,0.998402,0.998535,0.998502,0.998453,0.998450,0.998358,0.977381,0.981829,0.987908,0.990978,0.991543,0.993607,0.994276,0.929482,0.995209,0.996682,0.996659,0.996201,0.998491,0.998544,0.998459,0.998318,0.998606,0.998321,0.974398,0.989451,0.988979,0.991278,0.991400,0.990462,0.992328,0.991719,0.992229,0.990748,0.982355,0.985650,0.986066,0.989688,0.992063,0.991870,0.992881,0.939177,0.994245,0.994806,0.994807,0.993750,0.995427,0.993622,0.990052,0.992045,0.989614,0.990781,0.974588,0.982894,0.987186,0.986114,0.989016,0.989284,0.989004,0.989310,0.985961,0.986624,0.983164,0.988040,0.988905,0.986250,0.991353,0.991560,0.993853,0.943622,0.994225,0.994189,0.993852,0.992479,0.993755,0.990651,0.989934,0.991308,0.988513,0.988776
allando_v_sin_a8_f1_v115,0.908515,0.994508,0.994348,0.994110,0.994295,0.994299,0.994320,0.994351,0.994345,0.994389,0.924538,0.933702,0.941663,0.948165,0.955758,0.960500,0.965338,0.867793,0.966979,0.967934,0.967065,0.973568,0.976531,0.986158,0.993423,0.993894,0.994342,0.994508,0.907009,0.994235,0.993571,0.992521,0.992420,0.992276,0.992017,0.992248,0.992306,0.992400,0.928983,0.940053,0.946690,0.952525,0.958994,0.962093,0.966427,0.868716,0.968153,0.968234,0.968578,0.975060,0.976824,0.980061,0.977428,0.988044,0.993784,0.994116,0.917326,0.986232,0.987307,0.986196,0.992722,0.993948,0.993933,0.993976,0.994106,0.993993,0.937871,0.943022,0.949202,0.954596,0.960596,0.962213,0.967338,0.883707,0.967991,0.967090,0.966893,0.967308,0.974674,0.978394,0.979202,0.978198,0.980599,0.983179,0.929294,0.982506,0.983599,0.983665,0.983781,0.981467,0.982781,0.981968,0.982449,0.982563,0.940312,0.946181,0.956378,0.957525,0.963367,0.966760,0.967220,0.889567,0.967640,0.962330,0.963537,0.962696,0.969151,0.975336,0.970299,0.975157,0.978183,0.979826,0.963734,0.999626,0.999692,0.999800,1.000000,0.999986,0.999770,0.999820,0.999824,0.999877,0.971162,0.976862,0.987443,0.989396,0.991905,0.993698,0.995648,0.921786,0.996905,0.997134,0.996648,0.997189,0.997345,0.998420,0.998953,0.999270,0.999471,0.999590,0.971594,0.998373,0.998296,0.998275,0.998336,0.998558,0.998596,0.998434,0.998458,0.998307,0.976983,0.982640,0.988644,0.991292,0.991832,0.993915,0.994316,0.929047,0.995161,0.996807,0.996706,0.996257,0.998373,0.998357,0.998273,0.998093,0.998389,0.998186,0.973942,0.989637,0.989213,0.991424,0.991541,0.990654,0.992453,0.991821,0.992192,0.990692,0.982041,0.985498,0.986777,0.990474,0.992375,0.992070,0.992875,0.938793,0.994218,0.994940,0.994832,0.993800,0.995479,0.993572,0.990025,0.991969,0.989666,0.990851,0.974150,0.983048,0.987277,0.986149,0.989009,0.989320,0.988940,0.989249,0.985789,0.986596,0.982996,0.987875,0.988949,0.987262,0.991774,0.991845,0.994069,0.943245,0.994284,0.994311,0.993864,0.992543,0.993816,0.990681,0.989917,0.991256,0.988622,0.988817
allando_v_sin_a8_f1_v120,0.907841,0.994449,0.994304,0.994083,0.994278,0.994287,0.994313,0.994345,0.994342,0.994393,0.924100,0.933312,0.941192,0.947621,0.955250,0.959918,0.964936,0.867260,0.966506,0.967543,0.966757,0.973201,0.976124,0.985833,0.993310,0.993818,0.994271,0.994445,0.906352,0.994171,0.993523,0.992470,0.992371,0.992228,0.991974,0.992216,0.992282,0.992402,0.928568,0.939662,0.946211,0.952004,0.958510,0.961537,0.966050,0.868182,0.967700,0.967794,0.968250,0.974706,0.976425,0.979689,0.977033,0.987754,0.993663,0.994044,0.916698,0.986051,0.987118,0.986130,0.992649,0.993910,0.993917,0.993963,0.994103,0.993982,0.937516,0.942628,0.948731,0.954081,0.960097,0.961662,0.966931,0.883127,0.967528,0.966632,0.966554,0.966896,0.974236,0.977991,0.978769,0.977825,0.980313,0.982858,0.928704,0.982270,0.983407,0.983459,0.983549,0.981394,0.982694,0.981955,0.982405,0.982512,0.939927,0.945815,0.955977,0.957041,0.962890,0.966234,0.966854,0.888998,0.967208,0.961902,0.963200,0.962250,0.968737,0.974894,0.969858,0.974764,0.977822,0.979511,0.963202,0.999553,0.999624,0.999773,0.999986,1.000000,0.999775,0.999829,0.999826,0.999878,0.970875,0.976551,0.987159,0.989123,0.991654,0.993442,0.995441,0.921369,0.996701,0.996970,0.996518,0.997086,0.997259,0.998326,0.998849,0.999161,0.999362,0.999494,0.971085,0.998336,0.998268,0.998245,0.998306,0.998545,0.998594,0.998435,0.998466,0.998307,0.976640,0.982347,0.988415,0.991049,0.991600,0.993672,0.994062,0.928597,0.994899,0.996633,0.996539,0.996135,0.998279,0.998284,0.998218,0.998029,0.998330,0.998115,0.973479,0.989497,0.989109,0.991320,0.991505,0.990656,0.992451,0.991819,0.992226,0.990752,0.981661,0.985246,0.986533,0.990277,0.992140,0.991828,0.992618,0.938366,0.993963,0.994734,0.994623,0.993647,0.995386,0.993409,0.989836,0.991762,0.989443,0.990629,0.973751,0.982874,0.987126,0.986069,0.988981,0.989331,0.988931,0.989263,0.985852,0.986695,0.982600,0.987554,0.988703,0.987070,0.991554,0.991641,0.993877,0.942835,0.994040,0.994094,0.993660,0.992371,0.993680,0.990492,0.989704,0.991016,0.988430,0.988591
allando_v_sin_a8_f1_v125,0.907060,0.994639,0.994559,0.994319,0.994605,0.994589,0.994594,0.994619,0.994604,0.994627,0.923400,0.931439,0.940046,0.946506,0.954383,0.959148,0.964096,0.866187,0.965906,0.967051,0.966072,0.972483,0.975500,0.985513,0.993479,0.993966,0.994470,0.994612,0.905593,0.994408,0.993834,0.992826,0.992742,0.992608,0.992338,0.992557,0.992622,0.992693,0.927791,0.937781,0.945204,0.950988,0.957671,0.960857,0.965227,0.867089,0.967099,0.967320,0.967590,0.973886,0.975811,0.978974,0.976487,0.987352,0.993838,0.994282,0.915721,0.985471,0.986943,0.985956,0.992688,0.994077,0.994250,0.994221,0.994422,0.994249,0.936921,0.940771,0.947781,0.953086,0.959199,0.961069,0.966108,0.881992,0.966867,0.966206,0.965862,0.966290,0.973605,0.977274,0.978129,0.977147,0.979494,0.982058,0.927882,0.981673,0.982768,0.983145,0.983299,0.981457,0.982698,0.981772,0.982291,0.982225,0.939316,0.943941,0.954810,0.956184,0.962097,0.965585,0.965992,0.887917,0.966414,0.961397,0.962460,0.961619,0.968041,0.974089,0.969204,0.973809,0.976974,0.978661,0.962705,0.999609,0.999726,0.999929,0.999770,0.999775,1.000000,0.999868,0.999687,0.999725,0.970552,0.975013,0.986081,0.988355,0.991041,0.992867,0.995191,0.920661,0.996495,0.996697,0.996299,0.996934,0.997065,0.998128,0.998679,0.998983,0.999143,0.999335,0.970633,0.998468,0.998437,0.998409,0.998480,0.998595,0.998581,0.998571,0.998556,0.998493,0.976310,0.981270,0.987319,0.990419,0.990975,0.993042,0.993654,0.927958,0.994626,0.996198,0.996252,0.995846,0.998314,0.998386,0.998333,0.998186,0.998455,0.998208,0.973024,0.989029,0.988543,0.990940,0.991217,0.990399,0.992388,0.991849,0.992405,0.990965,0.981198,0.984880,0.985582,0.989116,0.991527,0.991304,0.992271,0.937696,0.993696,0.994258,0.994291,0.993362,0.995130,0.993239,0.989753,0.991740,0.989239,0.990407,0.973289,0.982302,0.986655,0.985827,0.988862,0.989279,0.989114,0.989351,0.986265,0.986852,0.981950,0.987058,0.988143,0.985689,0.990799,0.991080,0.993326,0.942216,0.993675,0.993575,0.993314,0.992043,0.993333,0.990173,0.989513,0.990871,0.988142,0.988391
allando_v_sin_a8_f1_v130,0.907028,0.994561,0.994451,0.994305,0.994475,0.994478,0.994521,0.994571,0.994587,0.994655,0.923284,0.932264,0.940229,0.946817,0.954776,0.959464,0.964338,0.866370,0.965913,0.967050,0.966266,0.972341,0.975365,0.985196,0.993188,0.993892,0.994314,0.994521,0.905606,0.994302,0.993741,0.992756,0.992681,0.992556,0.992305,0.992590,0.992683,0.992829,0.927748,0.938626,0.945364,0.951243,0.958077,0.961131,0.965484,0.867257,0.967064,0.967291,0.967793,0.973753,0.975650,0.978770,0.976279,0.987181,0.993655,0.994185,0.915851,0.985298,0.986596,0.985766,0.992512,0.993950,0.994063,0.994146,0.994334,0.994198,0.936826,0.941625,0.947879,0.953286,0.959657,0.961333,0.966364,0.882253,0.966939,0.966176,0.966127,0.966011,0.973445,0.977025,0.978130,0.976975,0.979398,0.981885,0.927959,0.981570,0.982521,0.982920,0.983153,0.980915,0.982318,0.981477,0.981968,0.982302,0.939223,0.944755,0.954929,0.956250,0.962546,0.965803,0.966138,0.888172,0.966682,0.961407,0.962777,0.961332,0.967875,0.973921,0.969136,0.973654,0.976965,0.978609,0.962654,0.999502,0.999606,0.999808,0.999820,0.999829,0.999868,1.000000,0.999809,0.999832,0.970280,0.975910,0.986256,0.988354,0.991028,0.992980,0.995203,0.920836,0.996434,0.996610,0.996218,0.996829,0.997000,0.998100,0.998662,0.999004,0.999189,0.999356,0.970444,0.998447,0.998402,0.998413,0.998477,0.998690,0.998697,0.998677,0.998691,0.998523,0.976070,0.981885,0.987601,0.990300,0.990859,0.992988,0.993755,0.928112,0.994717,0.996229,0.996231,0.995770,0.998198,0.998267,0.998255,0.998096,0.998385,0.998202,0.972895,0.988929,0.988491,0.990787,0.991054,0.990174,0.992208,0.991653,0.992171,0.990694,0.981094,0.984695,0.986204,0.989406,0.991424,0.991218,0.992465,0.937849,0.993819,0.994370,0.994372,0.993353,0.995059,0.993136,0.989402,0.991423,0.989037,0.990206,0.973338,0.982105,0.986523,0.985501,0.988562,0.988969,0.988948,0.989069,0.985841,0.986441,0.981806,0.986865,0.988002,0.986132,0.990665,0.990926,0.993307,0.942329,0.993746,0.993630,0.993362,0.991981,0.993245,0.990115,0.989145,0.990565,0.988002,0.988038
allando_v_sin_a8_f1_v135,0.907237,0.994488,0.994367,0.994261,0.994391,0.994415,0.994459,0.994501,0.994507,0.994573,0.923711,0.932971,0.940436,0.946824,0.954679,0.959416,0.964341,0.866820,0.966064,0.966910,0.966061,0.972527,0.975592,0.985242,0.993146,0.993846,0.994246,0.994455,0.905779,0.994264,0.993686,0.992703,0.992627,0.992498,0.992223,0.992495,0.992605,0.992758,0.928040,0.939279,0.945415,0.951134,0.957916,0.961104,0.965396,0.867744,0.967164,0.967160,0.967531,0.973798,0.975837,0.978956,0.976097,0.987174,0.993528,0.994141,0.915911,0.985257,0.986586,0.985863,0.992437,0.993878,0.993967,0.994097,0.994213,0.994180,0.936971,0.942203,0.947823,0.953144,0.959497,0.961308,0.966321,0.882653,0.966986,0.966005,0.965850,0.966218,0.973677,0.977127,0.977907,0.976849,0.979485,0.982062,0.927864,0.981428,0.982470,0.982976,0.983099,0.980836,0.982264,0.981552,0.982166,0.982488,0.939293,0.945286,0.954888,0.956344,0.962258,0.965661,0.966054,0.888493,0.966559,0.961317,0.962562,0.961654,0.968135,0.973983,0.968859,0.973560,0.977051,0.978694,0.962816,0.999381,0.999466,0.999651,0.999824,0.999826,0.999687,0.999809,1.000000,0.999953,0.970479,0.976811,0.986428,0.988378,0.991000,0.992874,0.995024,0.921104,0.996279,0.996590,0.996197,0.996815,0.997020,0.998100,0.998659,0.999025,0.999204,0.999290,0.970558,0.998443,0.998392,0.998417,0.998436,0.998736,0.998804,0.998618,0.998697,0.998503,0.976133,0.982340,0.987748,0.990264,0.990766,0.992911,0.993520,0.928250,0.994534,0.996207,0.996134,0.995774,0.998140,0.998213,0.998253,0.998117,0.998365,0.998204,0.972921,0.989157,0.988758,0.991025,0.991127,0.990266,0.992328,0.991862,0.992243,0.990758,0.981098,0.984771,0.986179,0.989611,0.991399,0.991199,0.992279,0.937959,0.993675,0.994388,0.994299,0.993346,0.994983,0.993148,0.989593,0.991524,0.988894,0.990153,0.973176,0.982433,0.986699,0.985466,0.988457,0.988948,0.989003,0.989109,0.985732,0.986449,0.981770,0.986837,0.988045,0.987419,0.990658,0.990795,0.993129,0.942428,0.993582,0.993599,0.993227,0.991937,0.993184,0.990074,0.989322,0.990698,0.987835,0.988067
allando_v_sin_a8_f1_v140,0.907242,0.994489,0.994368,0.994249,0.994398,0.994416,0.994456,0.994498,0.994501,0.994563,0.923645,0.933335,0.940630,0.947053,0.954764,0.959445,0.964379,0.866917,0.966015,0.967027,0.966071,0.972460,0.975513,0.985213,0.993148,0.993833,0.994243,0.994458,0.905755,0.994274,0.993703,0.992720,0.992644,0.992514,0.992242,0.992506,0.992602,0.992740,0.928019,0.939667,0.945595,0.951361,0.957961,0.961070,0.965455,0.867836,0.967118,0.967303,0.967578,0.973803,0.975793,0.978984,0.976301,0.987213,0.993569,0.994154,0.915971,0.985243,0.986517,0.985813,0.992456,0.993865,0.993980,0.994076,0.994200,0.994142,0.936957,0.942576,0.948020,0.953387,0.959544,0.961237,0.966397,0.882753,0.966959,0.966123,0.965891,0.966104,0.973617,0.977129,0.978094,0.977021,0.979629,0.982115,0.927966,0.981435,0.982542,0.983074,0.983233,0.980861,0.982293,0.981648,0.982186,0.982463,0.939299,0.945692,0.955086,0.956397,0.962284,0.965604,0.966095,0.888623,0.966635,0.961404,0.962585,0.961503,0.968110,0.974025,0.969160,0.973742,0.977125,0.978785,0.962909,0.999437,0.999518,0.999696,0.999877,0.999878,0.999725,0.999832,0.999953,1.000000,0.970508,0.976620,0.986625,0.988634,0.991201,0.992982,0.995065,0.921230,0.996356,0.996666,0.996259,0.996882,0.997087,0.998163,0.998706,0.999058,0.999260,0.999339,0.970629,0.998506,0.998456,0.998474,0.998499,0.998761,0.998839,0.998668,0.998721,0.998546,0.976158,0.982142,0.987917,0.990474,0.991023,0.993092,0.993579,0.928325,0.994592,0.996290,0.996265,0.995865,0.998233,0.998294,0.998328,0.998190,0.998445,0.998271,0.972973,0.989232,0.988815,0.991041,0.991144,0.990274,0.992369,0.991864,0.992226,0.990747,0.981160,0.984838,0.986114,0.989834,0.991590,0.991350,0.992320,0.938025,0.993761,0.994490,0.994436,0.993524,0.995127,0.993284,0.989563,0.991511,0.989062,0.990303,0.973351,0.982482,0.986748,0.985430,0.988490,0.988962,0.989058,0.989084,0.985743,0.986452,0.981903,0.986916,0.988113,0.986980,0.990915,0.991061,0.993246,0.942493,0.993668,0.993720,0.993347,0.992125,0.993342,0.990300,0.989314,0.990701,0.987997,0.988096
allando_v_sin_a8_f1_v15,0.952256,0.972705,0.972961,0.971151,0.971719,0.971422,0.970845,0.970444,0.970135,0.970022,0.970002,0.969061,0.971109,0.971708,0.975683,0.975960,0.977936,0.916952,0.973203,0.972763,0.968547,0.971140,0.973007,0.974988,0.975664,0.973910,0.973889,0.973358,0.950884,0.972556,0.973186,0.972994,0.972805,0.972426,0.972118,0.972019,0.971879,0.971691,0.973392,0.973191,0.973665,0.973073,0.976415,0.975500,0.976412,0.917872,0.972507,0.969561,0.969725,0.970735,0.971905,0.972944,0.965848,0.970221,0.974518,0.973119,0.958282,0.968890,0.970225,0.972533,0.972235,0.973046,0.972762,0.972239,0.971982,0.971397,0.977651,0.974134,0.973746,0.972070,0.976152,0.974232,0.978490,0.932552,0.971478,0.968013,0.968185,0.964742,0.971413,0.972469,0.970581,0.966969,0.967639,0.969209,0.965319,0.969159,0.968986,0.972172,0.972022,0.977345,0.975351,0.974575,0.974738,0.970930,0.977638,0.975174,0.977293,0.973990,0.975694,0.974317,0.974789,0.937376,0.970702,0.963550,0.966564,0.963524,0.966702,0.972192,0.964395,0.968208,0.969315,0.971799,0.989686,0.973053,0.972541,0.971513,0.971162,0.970875,0.970552,0.970280,0.970479,0.970508,1.000000,0.990536,0.986428,0.981435,0.979482,0.978245,0.976934,0.958004,0.976030,0.975709,0.972215,0.971276,0.971256,0.972201,0.972844,0.973414,0.973550,0.972886,0.989258,0.971548,0.971725,0.970718,0.969968,0.969786,0.968957,0.969586,0.969040,0.968741,0.996659,0.989074,0.985468,0.983500,0.977954,0.979032,0.977693,0.961931,0.975354,0.976489,0.974177,0.971702,0.973063,0.972432,0.973030,0.972192,0.973029,0.971099,0.988378,0.965472,0.964681,0.967234,0.965178,0.964737,0.968053,0.968665,0.971190,0.969957,0.991643,0.991735,0.986500,0.984885,0.983680,0.979131,0.977879,0.966383,0.978034,0.978796,0.975678,0.973421,0.974902,0.971850,0.967838,0.968224,0.966676,0.966968,0.986953,0.960763,0.964235,0.962168,0.963786,0.966263,0.966638,0.969491,0.970510,0.970096,0.985234,0.986197,0.986393,0.980075,0.978311,0.975834,0.977800,0.967821,0.977709,0.976571,0.974347,0.972959,0.975766,0.971698,0.970642,0.971771,0.969834,0.967183
allando_v_sin_a8_f1_v20,0.941125,0.975021,0.974725,0.973688,0.973193,0.973211,0.973078,0.972952,0.972827,0.972924,0.956479,0.967702,0.964128,0.968450,0.974828,0.976372,0.978187,0.904983,0.976064,0.973311,0.969862,0.973965,0.976481,0.977394,0.976159,0.975910,0.975267,0.975402,0.940428,0.974704,0.974675,0.974342,0.974128,0.973841,0.973519,0.973653,0.973684,0.973769,0.960081,0.972800,0.967496,0.970729,0.976277,0.976400,0.977324,0.905761,0.975695,0.970747,0.970727,0.973696,0.975229,0.976070,0.967882,0.974556,0.975917,0.975133,0.948316,0.971691,0.972891,0.974937,0.974838,0.975139,0.973922,0.974261,0.973880,0.973755,0.965498,0.975219,0.968703,0.971219,0.976336,0.975281,0.978733,0.921852,0.974669,0.969528,0.969327,0.967617,0.975073,0.975691,0.973540,0.968895,0.968899,0.971758,0.956424,0.971139,0.971413,0.973848,0.974763,0.973038,0.974011,0.972850,0.974215,0.975362,0.965910,0.977146,0.974661,0.973552,0.976587,0.975796,0.975980,0.926322,0.973095,0.965413,0.967946,0.966857,0.970086,0.975882,0.966275,0.970551,0.971551,0.973104,0.984920,0.977284,0.976783,0.975832,0.976862,0.976551,0.975013,0.975910,0.976811,0.976620,0.990536,1.000000,0.991043,0.984192,0.982982,0.982546,0.980902,0.949215,0.980455,0.980344,0.977304,0.976668,0.976842,0.977858,0.978396,0.978860,0.979033,0.978516,0.986457,0.976297,0.976009,0.975886,0.975261,0.975702,0.975255,0.975068,0.974857,0.974303,0.991245,0.997220,0.991622,0.986525,0.981368,0.983322,0.982592,0.954296,0.980923,0.981797,0.978836,0.977085,0.977627,0.976691,0.977139,0.976305,0.976814,0.976283,0.987081,0.970156,0.969584,0.971602,0.969457,0.968723,0.972180,0.973053,0.973000,0.971488,0.990681,0.991531,0.993931,0.991295,0.986656,0.982669,0.982276,0.959804,0.983028,0.983722,0.980618,0.978181,0.978921,0.976505,0.972779,0.973434,0.971521,0.972084,0.986241,0.964146,0.967983,0.964430,0.966870,0.968957,0.969858,0.971304,0.968976,0.968917,0.986177,0.988044,0.989106,0.990791,0.982188,0.979139,0.982095,0.961844,0.982800,0.981546,0.979163,0.977625,0.979726,0.976171,0.975091,0.975992,0.973515,0.971927
allando_v_sin_a8_f1_v25,0.937772,0.982837,0.982491,0.981278,0.981215,0.981117,0.980912,0.980793,0.980683,0.980676,0.951255,0.959956,0.969307,0.974284,0.977050,0.977959,0.980783,0.899245,0.980395,0.979673,0.974833,0.980747,0.981899,0.984949,0.984357,0.983333,0.983254,0.983173,0.936933,0.982430,0.982287,0.981675,0.981405,0.981109,0.980838,0.980860,0.980791,0.980574,0.954940,0.964927,0.973099,0.976949,0.978118,0.977652,0.980383,0.899952,0.980569,0.978492,0.976195,0.981518,0.981113,0.982976,0.977512,0.982245,0.983833,0.982625,0.945649,0.981534,0.981357,0.980571,0.982934,0.982480,0.981637,0.981421,0.981162,0.980878,0.961131,0.967815,0.974689,0.977549,0.978657,0.976741,0.981629,0.917054,0.979667,0.977548,0.974713,0.974400,0.980377,0.983493,0.981478,0.977671,0.977960,0.980118,0.954937,0.980784,0.981474,0.983310,0.982154,0.979012,0.979306,0.978567,0.979003,0.978288,0.963309,0.969788,0.980616,0.979062,0.980232,0.979654,0.979752,0.922113,0.978608,0.973066,0.972493,0.971696,0.974937,0.983199,0.974462,0.978610,0.978761,0.980332,0.981777,0.987914,0.987631,0.986818,0.987443,0.987159,0.986081,0.986256,0.986428,0.986625,0.986428,0.991043,1.000000,0.997307,0.996195,0.994108,0.991162,0.944274,0.990418,0.989855,0.987626,0.987165,0.986994,0.987839,0.988152,0.988406,0.988881,0.988584,0.986046,0.985591,0.985142,0.984781,0.984656,0.984838,0.984532,0.984374,0.984130,0.983652,0.989282,0.992239,0.997314,0.997883,0.995601,0.995236,0.992128,0.950178,0.990036,0.990899,0.988829,0.987506,0.987746,0.986715,0.986339,0.985631,0.986268,0.985194,0.987060,0.977636,0.976899,0.979169,0.978253,0.977590,0.980444,0.979756,0.979234,0.977433,0.992247,0.991849,0.992075,0.995025,0.996328,0.994344,0.991163,0.957873,0.990584,0.991195,0.988982,0.987225,0.988593,0.984197,0.981388,0.982245,0.980517,0.980862,0.986409,0.972579,0.976294,0.974742,0.977024,0.978767,0.977218,0.978930,0.974190,0.975248,0.989993,0.992103,0.991381,0.987908,0.994943,0.992975,0.992800,0.961099,0.990944,0.990123,0.987965,0.986872,0.989029,0.983239,0.982791,0.983718,0.981399,0.980102
allando_v_sin_a8_f1_v30,0.931022,0.984079,0.983715,0.982621,0.982681,0.982542,0.982350,0.982263,0.982178,0.982152,0.944524,0.951539,0.966465,0.971259,0.972870,0.974111,0.976416,0.892078,0.977198,0.975634,0.972363,0.977993,0.979794,0.984475,0.985292,0.984406,0.984381,0.984434,0.930097,0.983770,0.983521,0.982806,0.982564,0.982287,0.982050,0.982073,0.981993,0.981613,0.948156,0.956824,0.970456,0.974326,0.973907,0.974076,0.976176,0.892820,0.977516,0.975537,0.974105,0.978964,0.979695,0.982236,0.978600,0.982822,0.985069,0.983863,0.938902,0.981642,0.981352,0.979345,0.983659,0.983429,0.982895,0.982636,0.982402,0.982209,0.955343,0.960167,0.972040,0.975183,0.974771,0.973163,0.977883,0.910214,0.976870,0.974409,0.972537,0.971448,0.978370,0.982031,0.981044,0.978318,0.980042,0.981532,0.948993,0.980886,0.981659,0.983560,0.981389,0.978375,0.977952,0.978397,0.978612,0.976575,0.958333,0.961972,0.976340,0.976721,0.976308,0.976857,0.975768,0.915151,0.976186,0.969592,0.969887,0.967886,0.973273,0.980843,0.974637,0.978430,0.979806,0.981430,0.976491,0.989985,0.989769,0.989018,0.989396,0.989123,0.988355,0.988354,0.988378,0.988634,0.981435,0.984192,0.997307,1.000000,0.998682,0.995500,0.992184,0.938635,0.991448,0.990589,0.989009,0.988647,0.988420,0.989324,0.989681,0.989995,0.990598,0.990361,0.981705,0.987537,0.987051,0.986679,0.986709,0.986783,0.986683,0.986472,0.986257,0.985758,0.984676,0.987249,0.993960,0.998204,0.998272,0.996639,0.992404,0.944942,0.990673,0.991320,0.990360,0.989190,0.989428,0.988465,0.987968,0.987368,0.988235,0.986986,0.982825,0.979842,0.979205,0.980926,0.979960,0.978936,0.981454,0.980024,0.979786,0.978014,0.989043,0.989088,0.988195,0.992151,0.996506,0.996049,0.991808,0.953313,0.991113,0.991317,0.990068,0.988675,0.989323,0.985159,0.982151,0.983486,0.981267,0.982611,0.982322,0.975989,0.979144,0.976479,0.978701,0.980226,0.978900,0.979556,0.974793,0.976015,0.988354,0.989835,0.989034,0.984971,0.995865,0.996251,0.993864,0.957065,0.991478,0.990785,0.989182,0.988312,0.989613,0.983927,0.983309,0.984937,0.981852,0.981667
allando_v_sin_a8_f1_v35,0.927412,0.986321,0.985976,0.985003,0.985061,0.984960,0.984787,0.984700,0.984630,0.984612,0.940361,0.947588,0.960882,0.968271,0.969795,0.972172,0.973681,0.885934,0.975616,0.976074,0.973069,0.978898,0.980299,0.986167,0.987258,0.986498,0.986659,0.986629,0.926312,0.985939,0.985625,0.984762,0.984534,0.984245,0.983953,0.984050,0.984044,0.983703,0.943965,0.952728,0.965096,0.971844,0.971503,0.972641,0.973565,0.886786,0.976330,0.976414,0.974524,0.980279,0.979899,0.983243,0.979477,0.985015,0.987098,0.986014,0.935296,0.983074,0.983137,0.980711,0.985410,0.985434,0.984928,0.984653,0.984533,0.984283,0.950891,0.955735,0.967068,0.973089,0.972817,0.971937,0.975202,0.904250,0.975433,0.975706,0.972926,0.972847,0.978818,0.982962,0.982024,0.979446,0.980259,0.982719,0.945413,0.981662,0.982788,0.984326,0.982781,0.978479,0.979047,0.978570,0.979903,0.977580,0.953823,0.958010,0.972086,0.974683,0.974635,0.975905,0.973411,0.909456,0.974531,0.970731,0.970115,0.968964,0.973259,0.981657,0.973759,0.979103,0.979943,0.981160,0.975605,0.992434,0.992309,0.991648,0.991905,0.991654,0.991041,0.991028,0.991000,0.991201,0.979482,0.982982,0.996195,0.998682,1.000000,0.997359,0.994320,0.937071,0.993597,0.992320,0.990639,0.990629,0.990226,0.991360,0.991844,0.992239,0.992867,0.992811,0.981219,0.990074,0.989550,0.989296,0.989264,0.989440,0.989350,0.989154,0.988940,0.988442,0.983534,0.986532,0.993709,0.997947,0.998643,0.998149,0.994433,0.944300,0.992901,0.992886,0.991410,0.991151,0.991655,0.990821,0.990406,0.989723,0.990669,0.989592,0.982531,0.981752,0.980947,0.982944,0.981872,0.981195,0.983649,0.982535,0.982056,0.980253,0.988479,0.988800,0.988447,0.992326,0.996314,0.997372,0.993746,0.952505,0.992229,0.992303,0.990728,0.989909,0.991643,0.988205,0.984887,0.986336,0.984240,0.985123,0.982002,0.977295,0.980814,0.978637,0.980792,0.982292,0.979517,0.981509,0.975746,0.977396,0.988606,0.990623,0.989630,0.985642,0.996072,0.996566,0.995434,0.956124,0.992902,0.991892,0.989849,0.989493,0.991638,0.987020,0.985925,0.987261,0.984316,0.984563
allando_v_sin_a8_f1_v40,0.923823,0.986648,0.986242,0.985201,0.985349,0.985209,0.985050,0.984934,0.984857,0.984847,0.937006,0.944970,0.955429,0.964540,0.970950,0.973560,0.973301,0.882134,0.974069,0.975797,0.971827,0.978561,0.980276,0.986789,0.987727,0.986732,0.987161,0.987009,0.922573,0.986351,0.985736,0.984565,0.984351,0.983996,0.983683,0.983811,0.983765,0.983551,0.941184,0.950480,0.960447,0.968291,0.973485,0.974191,0.973429,0.883095,0.974762,0.976371,0.973295,0.980110,0.979886,0.983623,0.980013,0.985858,0.987563,0.986339,0.932334,0.985191,0.984857,0.982263,0.986804,0.986457,0.985651,0.985357,0.985220,0.984949,0.948493,0.954137,0.962461,0.969375,0.975110,0.973192,0.975059,0.901057,0.974295,0.975162,0.971921,0.972106,0.978191,0.982394,0.982616,0.980100,0.981776,0.984612,0.943037,0.984201,0.984249,0.984149,0.983425,0.979108,0.980172,0.978740,0.979801,0.979027,0.952542,0.956442,0.968277,0.970208,0.976845,0.977888,0.973707,0.905972,0.974618,0.969873,0.968906,0.968052,0.972866,0.980547,0.973006,0.980186,0.982273,0.983020,0.973207,0.994379,0.994188,0.993561,0.993698,0.993442,0.992867,0.992980,0.992874,0.992982,0.978245,0.982546,0.994108,0.995500,0.997359,1.000000,0.998540,0.933914,0.997100,0.995002,0.992477,0.992363,0.991932,0.993131,0.993707,0.994168,0.994736,0.994685,0.979355,0.991034,0.990623,0.990295,0.990206,0.990462,0.990540,0.990215,0.989972,0.989452,0.983489,0.986477,0.993438,0.995715,0.996124,0.998346,0.998233,0.941567,0.996191,0.995336,0.992871,0.991892,0.992841,0.992074,0.991309,0.990800,0.991780,0.990671,0.981242,0.984002,0.983161,0.985364,0.983760,0.982816,0.984568,0.983241,0.983281,0.981152,0.988488,0.988980,0.988796,0.992504,0.994455,0.994879,0.997223,0.950871,0.994847,0.994185,0.992201,0.990139,0.991780,0.988178,0.984108,0.986112,0.984711,0.985211,0.980412,0.980082,0.982647,0.981292,0.981975,0.982856,0.980111,0.983097,0.976979,0.978763,0.989215,0.991636,0.990754,0.987055,0.993932,0.993897,0.997071,0.954470,0.995549,0.994367,0.991738,0.989923,0.991626,0.986833,0.985390,0.987066,0.984646,0.984520
allando_v_sin_a8_f1_v45,0.917581,0.988414,0.988117,0.987138,0.987442,0.987246,0.987067,0.986931,0.986834,0.986824,0.932871,0.940410,0.949526,0.957813,0.968251,0.971189,0.972345,0.876364,0.973316,0.974797,0.971073,0.977314,0.979840,0.987222,0.989711,0.988513,0.989073,0.988793,0.916492,0.988093,0.987379,0.986019,0.985834,0.985483,0.985130,0.985317,0.985282,0.985196,0.937483,0.946364,0.954899,0.961930,0.971294,0.972293,0.972994,0.877342,0.974201,0.975073,0.972512,0.978577,0.979799,0.982682,0.978855,0.986459,0.989182,0.988186,0.926409,0.985334,0.985891,0.983884,0.988701,0.988469,0.987769,0.987491,0.987487,0.987181,0.945516,0.950109,0.957282,0.963272,0.972357,0.971610,0.974156,0.895071,0.973611,0.973696,0.971074,0.970996,0.977784,0.980914,0.981204,0.978916,0.981527,0.984058,0.937929,0.983749,0.983217,0.983567,0.983041,0.981290,0.982123,0.980196,0.980674,0.980352,0.949311,0.952819,0.963341,0.965412,0.974730,0.976534,0.973654,0.900099,0.973630,0.968877,0.967951,0.967209,0.972016,0.978577,0.971739,0.977702,0.981255,0.982144,0.969661,0.996453,0.996274,0.995756,0.995648,0.995441,0.995191,0.995203,0.995024,0.995065,0.976934,0.980902,0.991162,0.992184,0.994320,0.998540,1.000000,0.928830,0.999075,0.997230,0.995028,0.994890,0.994652,0.995670,0.996074,0.996291,0.996570,0.996572,0.976780,0.993047,0.992836,0.992349,0.992315,0.992611,0.992657,0.992349,0.992188,0.991776,0.982469,0.985399,0.991984,0.993538,0.993885,0.996608,0.998990,0.936713,0.997762,0.997097,0.995212,0.993923,0.995113,0.994576,0.993589,0.993245,0.993909,0.992858,0.979302,0.985462,0.984748,0.986777,0.985439,0.984289,0.986299,0.985241,0.986074,0.984136,0.986809,0.988660,0.988300,0.991956,0.993281,0.993265,0.997302,0.946583,0.996495,0.995562,0.994095,0.991558,0.993215,0.989684,0.985991,0.988022,0.985538,0.986152,0.978812,0.980845,0.983864,0.981999,0.983257,0.983743,0.982715,0.984304,0.980704,0.981601,0.987490,0.991192,0.991099,0.987789,0.992337,0.992402,0.996531,0.950724,0.997116,0.995783,0.993851,0.991251,0.992676,0.987777,0.987044,0.988656,0.985536,0.985124
allando_v_sin_a8_f1_v5,0.943288,0.926316,0.926857,0.924609,0.924273,0.923938,0.923400,0.923112,0.922861,0.922804,0.944364,0.942606,0.945420,0.945748,0.943685,0.945327,0.943051,0.962857,0.939236,0.936523,0.931960,0.934052,0.933478,0.929688,0.929079,0.928506,0.927427,0.926908,0.938472,0.927061,0.930660,0.932980,0.932711,0.932315,0.931954,0.931870,0.931670,0.930724,0.942803,0.944364,0.945911,0.943829,0.943056,0.944224,0.940376,0.963513,0.937385,0.933780,0.932163,0.932728,0.931455,0.930102,0.920927,0.921246,0.928503,0.927419,0.938983,0.917713,0.918803,0.917366,0.920257,0.923279,0.924881,0.924481,0.923182,0.922920,0.944475,0.944176,0.943192,0.942202,0.943029,0.943534,0.942713,0.966160,0.937571,0.933545,0.931850,0.928966,0.932019,0.931092,0.927772,0.920657,0.919586,0.920222,0.943475,0.920050,0.919043,0.921986,0.921251,0.918603,0.916934,0.916600,0.920258,0.916255,0.943271,0.941083,0.943850,0.943542,0.942533,0.941733,0.937449,0.966884,0.935757,0.929899,0.931392,0.926859,0.926585,0.933302,0.924113,0.926319,0.923533,0.924670,0.965415,0.923093,0.922761,0.922068,0.921786,0.921369,0.920661,0.920836,0.921104,0.921230,0.958004,0.949215,0.944274,0.938635,0.937071,0.933914,0.928830,1.000000,0.927249,0.926466,0.923899,0.921869,0.921364,0.922641,0.923287,0.923943,0.923887,0.922997,0.956802,0.922207,0.922266,0.921868,0.920439,0.920511,0.919354,0.920583,0.920022,0.918659,0.951830,0.944098,0.940492,0.937674,0.932523,0.932802,0.930102,0.995222,0.928284,0.928285,0.924970,0.924055,0.923207,0.922290,0.923483,0.922053,0.923658,0.920918,0.953938,0.911282,0.909906,0.913028,0.910980,0.909795,0.912621,0.913159,0.912816,0.910789,0.951271,0.945063,0.939861,0.938482,0.937734,0.935017,0.932834,0.988886,0.931719,0.931739,0.927618,0.926266,0.926155,0.921531,0.915094,0.916160,0.914066,0.915425,0.952737,0.907920,0.910534,0.909565,0.911078,0.913303,0.913667,0.915820,0.910659,0.910133,0.945538,0.942848,0.939881,0.932822,0.932590,0.931321,0.932935,0.984619,0.931911,0.929545,0.927269,0.926372,0.929039,0.923860,0.919478,0.921276,0.917459,0.916435
allando_v_sin_a8_f1_v50,0.916370,0.989810,0.989529,0.988554,0.988926,0.988744,0.988560,0.988429,0.988313,0.988285,0.931362,0.939302,0.947647,0.955870,0.965331,0.970625,0.972667,0.875020,0.973991,0.974862,0.971954,0.977469,0.980487,0.988096,0.990783,0.989690,0.990298,0.990135,0.915248,0.989369,0.988507,0.987046,0.986842,0.986535,0.986137,0.986317,0.986278,0.986190,0.936115,0.945485,0.952733,0.959979,0.968463,0.971616,0.973508,0.875935,0.974857,0.975365,0.973350,0.978966,0.980583,0.983190,0.980407,0.988732,0.990645,0.989495,0.925419,0.986059,0.987148,0.984936,0.990157,0.989820,0.989085,0.988858,0.988845,0.988559,0.944658,0.948785,0.955122,0.961608,0.969514,0.970966,0.974245,0.892834,0.974641,0.974034,0.971746,0.971158,0.978465,0.981393,0.982905,0.980830,0.981775,0.984685,0.937406,0.983897,0.984147,0.983791,0.984582,0.982168,0.983374,0.981590,0.981991,0.981549,0.947531,0.951404,0.961653,0.963494,0.972105,0.975547,0.974074,0.898179,0.974781,0.968930,0.968411,0.967119,0.973008,0.979163,0.974362,0.979074,0.981410,0.982457,0.969080,0.997614,0.997478,0.996982,0.996905,0.996701,0.996495,0.996434,0.996279,0.996356,0.976030,0.980455,0.990418,0.991448,0.993597,0.997100,0.999075,0.927249,1.000000,0.999004,0.997389,0.997372,0.997116,0.997848,0.998009,0.997950,0.997908,0.997843,0.976323,0.994461,0.994337,0.993858,0.993834,0.994151,0.994070,0.993797,0.993740,0.993499,0.981664,0.985358,0.991597,0.993117,0.993576,0.996374,0.998073,0.934775,0.998669,0.998516,0.997368,0.996235,0.996911,0.996394,0.995337,0.995006,0.995281,0.994539,0.978496,0.987506,0.986655,0.988619,0.987737,0.986461,0.988150,0.987463,0.987893,0.986274,0.986179,0.988775,0.988482,0.992109,0.993442,0.993130,0.996001,0.944550,0.997333,0.997023,0.996268,0.994188,0.994905,0.992102,0.987631,0.989917,0.988227,0.989444,0.978632,0.982099,0.985887,0.983205,0.985754,0.985612,0.985853,0.985663,0.983032,0.983226,0.987392,0.991119,0.991561,0.988173,0.992285,0.992681,0.996193,0.948941,0.997613,0.997077,0.995899,0.993788,0.994428,0.990447,0.988698,0.990365,0.987942,0.988089
allando_v_sin_a8_f1_v55,0.913575,0.990259,0.989974,0.988991,0.989453,0.989334,0.989169,0.989058,0.988933,0.988887,0.929519,0.937453,0.945814,0.952860,0.962261,0.968042,0.973501,0.874324,0.973897,0.973225,0.970393,0.977113,0.980470,0.987696,0.990865,0.989986,0.990614,0.990534,0.912232,0.989753,0.988774,0.987334,0.987116,0.986839,0.986438,0.986555,0.986517,0.986447,0.934096,0.943889,0.950553,0.956813,0.965313,0.968905,0.974400,0.875180,0.974706,0.973268,0.971732,0.978385,0.980804,0.982693,0.979612,0.988601,0.990760,0.989833,0.922346,0.986495,0.987454,0.985730,0.990679,0.990285,0.989572,0.989382,0.989378,0.989087,0.943074,0.947026,0.952759,0.958585,0.966146,0.968237,0.974929,0.891161,0.974574,0.971685,0.970004,0.970754,0.978478,0.981018,0.981954,0.980077,0.981982,0.984378,0.934863,0.983385,0.984183,0.983396,0.984344,0.982656,0.983727,0.982463,0.982305,0.982142,0.945087,0.949943,0.960047,0.961166,0.968807,0.972435,0.975354,0.896592,0.974080,0.966741,0.966680,0.966919,0.972891,0.978443,0.974763,0.978542,0.980787,0.982087,0.968028,0.997716,0.997489,0.997085,0.997134,0.996970,0.996697,0.996610,0.996590,0.996666,0.975709,0.980344,0.989855,0.990589,0.992320,0.995002,0.997230,0.926466,0.999004,1.000000,0.999038,0.998582,0.998746,0.999035,0.998918,0.998570,0.998203,0.997901,0.975307,0.995181,0.995168,0.994687,0.994745,0.994979,0.994746,0.994518,0.994543,0.994488,0.981008,0.985438,0.991096,0.992487,0.992550,0.995114,0.996266,0.933163,0.997277,0.998971,0.998485,0.997276,0.997718,0.997296,0.996311,0.996064,0.995906,0.995418,0.977222,0.989266,0.988317,0.990183,0.989796,0.988350,0.989755,0.989308,0.989703,0.988303,0.985320,0.988524,0.988450,0.991968,0.993247,0.992243,0.993986,0.942611,0.996776,0.997572,0.997297,0.995309,0.995351,0.992370,0.988942,0.990483,0.989369,0.990537,0.977324,0.983369,0.986721,0.984347,0.987458,0.986860,0.988731,0.987134,0.985326,0.985178,0.986383,0.990564,0.991337,0.988302,0.992004,0.992107,0.995104,0.947111,0.996710,0.997104,0.996657,0.994750,0.994780,0.990815,0.989882,0.990854,0.989688,0.988857
allando_v_sin_a8_f1_v60,0.908112,0.989641,0.989332,0.988371,0.988858,0.988748,0.988610,0.988514,0.988400,0.988356,0.925375,0.933446,0.942475,0.948232,0.957147,0.963422,0.970973,0.870713,0.973375,0.971597,0.970934,0.977068,0.980023,0.986738,0.990093,0.989331,0.989935,0.989874,0.906921,0.988906,0.987945,0.986517,0.986275,0.986014,0.985590,0.985749,0.985729,0.985638,0.930008,0.940134,0.947131,0.952208,0.960263,0.964470,0.972219,0.871513,0.974244,0.972028,0.972193,0.978013,0.980537,0.981209,0.977681,0.987218,0.989686,0.988975,0.917360,0.984938,0.986310,0.984244,0.989849,0.989324,0.988715,0.988536,0.988531,0.988308,0.939497,0.942861,0.949183,0.954163,0.961012,0.964273,0.972254,0.887299,0.974501,0.970723,0.970563,0.970936,0.978129,0.979605,0.979993,0.977934,0.980296,0.982286,0.930471,0.981745,0.982410,0.982096,0.982445,0.981186,0.981880,0.981400,0.981200,0.980829,0.940987,0.945461,0.956300,0.958118,0.964452,0.968652,0.973252,0.893090,0.973853,0.966570,0.967246,0.966766,0.972320,0.977128,0.973983,0.975845,0.978565,0.980301,0.964274,0.997165,0.996924,0.996629,0.996648,0.996518,0.996299,0.996218,0.996197,0.996259,0.972215,0.977304,0.987626,0.989009,0.990639,0.992477,0.995028,0.923899,0.997389,0.999038,1.000000,0.999386,0.999435,0.999352,0.998937,0.998321,0.997723,0.997319,0.972211,0.994810,0.994830,0.994321,0.994490,0.994786,0.994418,0.994186,0.994380,0.994447,0.977524,0.982770,0.988478,0.990832,0.991361,0.993024,0.993698,0.930677,0.995787,0.997750,0.998722,0.998128,0.997611,0.997274,0.996190,0.995998,0.995514,0.995249,0.974462,0.988039,0.987451,0.989326,0.989488,0.987764,0.989180,0.988804,0.989073,0.987884,0.982551,0.986121,0.986289,0.989559,0.991692,0.991085,0.991502,0.939984,0.995141,0.996035,0.996979,0.995396,0.995131,0.992107,0.989006,0.990384,0.987975,0.989683,0.974973,0.981955,0.986214,0.983515,0.987461,0.986488,0.989079,0.985950,0.984665,0.983946,0.983609,0.988523,0.989409,0.986479,0.990743,0.991273,0.993177,0.944965,0.994911,0.995469,0.996576,0.994680,0.994677,0.990544,0.989756,0.990532,0.988086,0.987729
allando_v_sin_a8_f1_v65,0.906361,0.990275,0.989994,0.989190,0.989642,0.989589,0.989487,0.989404,0.989311,0.989294,0.923854,0.932515,0.940940,0.946981,0.955529,0.961451,0.968030,0.867435,0.970973,0.971701,0.970933,0.976143,0.978561,0.986337,0.990401,0.989799,0.990464,0.990455,0.905405,0.989622,0.988583,0.987093,0.986869,0.986659,0.986279,0.986476,0.986480,0.986436,0.928718,0.938782,0.945533,0.951132,0.958662,0.962598,0.969366,0.868250,0.971936,0.972230,0.972190,0.977770,0.978936,0.980630,0.977886,0.987440,0.990201,0.989644,0.916108,0.985465,0.987035,0.984595,0.990312,0.990052,0.989488,0.989293,0.989351,0.989127,0.937935,0.941309,0.947904,0.953166,0.959441,0.962440,0.969441,0.884152,0.972459,0.970788,0.970273,0.969929,0.976588,0.978978,0.979454,0.978261,0.979700,0.982205,0.928942,0.981936,0.983176,0.981779,0.982344,0.980739,0.981788,0.981245,0.981374,0.980720,0.939416,0.944039,0.955155,0.956459,0.962834,0.966803,0.970192,0.890135,0.972370,0.966609,0.966942,0.965004,0.971603,0.976445,0.972233,0.975784,0.977727,0.979913,0.963416,0.997527,0.997340,0.997150,0.997189,0.997086,0.996934,0.996829,0.996815,0.996882,0.971276,0.976668,0.987165,0.988647,0.990629,0.992363,0.994890,0.921869,0.997372,0.998582,0.999386,1.000000,0.999706,0.999548,0.999070,0.998481,0.997990,0.997639,0.971268,0.995466,0.995442,0.995047,0.995216,0.995580,0.995216,0.994957,0.995159,0.995326,0.976654,0.982356,0.988447,0.990585,0.991282,0.993103,0.993510,0.928753,0.995720,0.997601,0.998348,0.998511,0.998295,0.997883,0.996847,0.996591,0.996050,0.995964,0.973702,0.988608,0.988158,0.990533,0.990682,0.989392,0.990309,0.989762,0.989931,0.988780,0.981980,0.985548,0.986126,0.989605,0.991481,0.990987,0.991390,0.938083,0.994795,0.995779,0.996589,0.996485,0.996264,0.993411,0.989257,0.991123,0.988467,0.990327,0.974875,0.982360,0.987172,0.985012,0.989186,0.988335,0.988983,0.987270,0.984982,0.984853,0.983035,0.987983,0.988992,0.986326,0.990571,0.991359,0.993524,0.942987,0.994708,0.995199,0.996099,0.995796,0.995590,0.991818,0.989996,0.991078,0.988176,0.988498
allando_v_sin_a8_f1_v70,0.906107,0.990765,0.990496,0.989752,0.990193,0.990141,0.990056,0.989982,0.989887,0.989865,0.923898,0.932617,0.940881,0.946611,0.955452,0.961259,0.969122,0.867551,0.971049,0.971066,0.969984,0.975745,0.978681,0.986334,0.990766,0.990311,0.990937,0.990959,0.905119,0.990125,0.989098,0.987631,0.987421,0.987210,0.986844,0.987022,0.987026,0.987019,0.928764,0.939072,0.945462,0.950755,0.958574,0.962439,0.970486,0.868347,0.972037,0.971327,0.971265,0.977058,0.979266,0.980625,0.977626,0.987506,0.990620,0.990182,0.915730,0.985166,0.986729,0.984861,0.990606,0.990491,0.989967,0.989853,0.989919,0.989694,0.938106,0.941703,0.947751,0.952770,0.959498,0.962264,0.970495,0.884109,0.972233,0.969835,0.969428,0.969485,0.976864,0.978759,0.979284,0.978123,0.980287,0.982422,0.928679,0.981299,0.982657,0.981845,0.982428,0.981290,0.982242,0.981644,0.981495,0.981128,0.939427,0.944697,0.955092,0.956308,0.962852,0.966603,0.971532,0.890087,0.971977,0.965682,0.966115,0.965093,0.972134,0.976061,0.972500,0.975462,0.977991,0.980150,0.963080,0.997655,0.997444,0.997266,0.997345,0.997259,0.997065,0.997000,0.997020,0.997087,0.971256,0.976842,0.986994,0.988420,0.990226,0.991932,0.994652,0.921364,0.997116,0.998746,0.999435,0.999706,1.000000,0.999726,0.999260,0.998662,0.998147,0.997759,0.971016,0.995818,0.995824,0.995417,0.995605,0.995941,0.995590,0.995340,0.995529,0.995702,0.976692,0.982499,0.988243,0.990378,0.990931,0.992811,0.993306,0.928050,0.995359,0.997537,0.998436,0.998659,0.998458,0.998105,0.997144,0.996925,0.996363,0.996278,0.973471,0.989093,0.988536,0.990339,0.990426,0.989005,0.990309,0.989918,0.990351,0.989252,0.981587,0.985485,0.986054,0.989515,0.991402,0.990680,0.990937,0.937406,0.994694,0.995704,0.996534,0.996681,0.996013,0.993186,0.989557,0.990985,0.988769,0.990380,0.974464,0.982630,0.986986,0.984010,0.988405,0.987501,0.989492,0.986901,0.985506,0.985141,0.982849,0.987695,0.988901,0.986521,0.990408,0.991079,0.992940,0.942345,0.994497,0.995081,0.995938,0.995876,0.995151,0.991438,0.990109,0.990868,0.988879,0.988242
allando_v_sin_a8_f1_v75,0.907992,0.992506,0.992253,0.991577,0.991958,0.991903,0.991827,0.991758,0.991675,0.991661,0.925100,0.933640,0.941737,0.947803,0.956573,0.962411,0.969089,0.868841,0.971211,0.971118,0.970121,0.976315,0.979343,0.987416,0.992336,0.992063,0.992635,0.992677,0.906836,0.991950,0.990986,0.989589,0.989395,0.989186,0.988824,0.989012,0.989021,0.989022,0.929772,0.940109,0.946498,0.952001,0.959758,0.963684,0.970358,0.869667,0.972206,0.971473,0.971507,0.977662,0.979863,0.981612,0.978600,0.988755,0.992337,0.991986,0.917155,0.986297,0.987782,0.985982,0.991991,0.992143,0.991688,0.991614,0.991687,0.991488,0.939008,0.942893,0.948787,0.954060,0.960798,0.963584,0.970669,0.885247,0.972395,0.970175,0.969784,0.970169,0.977597,0.979901,0.980524,0.979118,0.981239,0.983581,0.929836,0.982517,0.983672,0.983147,0.983731,0.982095,0.983092,0.982529,0.982598,0.982276,0.940676,0.945825,0.956131,0.957570,0.964046,0.968009,0.971351,0.891048,0.972002,0.965820,0.966431,0.965710,0.972268,0.977148,0.973208,0.976475,0.979087,0.980946,0.964572,0.998716,0.998548,0.998357,0.998420,0.998326,0.998128,0.998100,0.998100,0.998163,0.972201,0.977858,0.987839,0.989324,0.991360,0.993131,0.995670,0.922641,0.997848,0.999035,0.999352,0.999548,0.999726,1.000000,0.999829,0.999455,0.999093,0.998836,0.972574,0.997134,0.997118,0.996760,0.996891,0.997188,0.996933,0.996683,0.996838,0.996901,0.977875,0.983608,0.989258,0.991390,0.991868,0.993810,0.994473,0.929552,0.996318,0.998290,0.998821,0.998649,0.999109,0.998875,0.998138,0.997912,0.997596,0.997485,0.975035,0.989931,0.989385,0.991343,0.991406,0.990029,0.991511,0.991107,0.991397,0.990185,0.982954,0.986674,0.987330,0.990722,0.992439,0.991845,0.992383,0.939013,0.995602,0.996535,0.997081,0.996460,0.996530,0.994151,0.990562,0.992187,0.989860,0.991413,0.975695,0.983460,0.987799,0.985252,0.989179,0.988485,0.990145,0.988196,0.986204,0.986056,0.984064,0.988945,0.990070,0.987764,0.991567,0.991961,0.994058,0.943800,0.995449,0.995931,0.996396,0.995575,0.995568,0.992118,0.990979,0.991917,0.989497,0.989297
allando_v_sin_a8_f1_v80,0.909940,0.993556,0.993317,0.992718,0.993046,0.992997,0.992929,0.992869,0.992794,0.992779,0.926208,0.934557,0.942597,0.948927,0.957592,0.963434,0.969501,0.869733,0.971467,0.971202,0.970113,0.976714,0.979911,0.988090,0.993223,0.993100,0.993632,0.993694,0.908799,0.993092,0.992190,0.990886,0.990720,0.990521,0.990182,0.990350,0.990350,0.990335,0.930878,0.941146,0.947512,0.953206,0.960854,0.964810,0.970685,0.870577,0.972482,0.971644,0.971570,0.978016,0.980384,0.982386,0.979287,0.989522,0.993383,0.993105,0.919007,0.986944,0.988364,0.986618,0.992711,0.993104,0.992735,0.992698,0.992756,0.992606,0.940022,0.944030,0.949870,0.955324,0.962105,0.964765,0.971207,0.886154,0.972607,0.970461,0.969967,0.970716,0.978265,0.980720,0.981529,0.979996,0.982055,0.984538,0.931481,0.983332,0.984400,0.984041,0.984676,0.982565,0.983620,0.982964,0.983220,0.982999,0.941934,0.946957,0.957137,0.958755,0.965212,0.969160,0.971639,0.891977,0.972154,0.965908,0.966614,0.966332,0.972835,0.977965,0.973924,0.977387,0.980150,0.981736,0.965849,0.999306,0.999163,0.998945,0.998953,0.998849,0.998679,0.998662,0.998659,0.998706,0.972844,0.978396,0.988152,0.989681,0.991844,0.993707,0.996074,0.923287,0.998009,0.998918,0.998937,0.999070,0.999260,0.999829,1.000000,0.999869,0.999621,0.999432,0.973839,0.997721,0.997698,0.997401,0.997486,0.997713,0.997483,0.997280,0.997389,0.997428,0.978719,0.984174,0.989562,0.991768,0.992084,0.994230,0.994983,0.930594,0.996627,0.998425,0.998709,0.998405,0.999149,0.998969,0.998441,0.998264,0.998122,0.998011,0.976192,0.990426,0.989829,0.991785,0.991749,0.990387,0.991957,0.991576,0.991814,0.990525,0.983856,0.987238,0.987908,0.991172,0.992846,0.992255,0.993062,0.940230,0.995924,0.996768,0.997134,0.996228,0.996451,0.994493,0.991019,0.992694,0.990542,0.991964,0.976579,0.984003,0.988196,0.985759,0.989387,0.988819,0.990265,0.988727,0.986370,0.986331,0.984973,0.989621,0.990544,0.988230,0.991882,0.992110,0.994402,0.944941,0.995718,0.996175,0.996345,0.995271,0.995416,0.992308,0.991361,0.992371,0.989931,0.989892
allando_v_sin_a8_f1_v85,0.911280,0.994237,0.994004,0.993514,0.993775,0.993741,0.993689,0.993637,0.993572,0.993565,0.927152,0.935459,0.943422,0.949855,0.958308,0.963930,0.969325,0.870340,0.970960,0.971122,0.970159,0.976716,0.979818,0.988258,0.993677,0.993751,0.994245,0.994347,0.910169,0.993889,0.993043,0.991824,0.991688,0.991496,0.991174,0.991344,0.991346,0.991343,0.931897,0.942002,0.948412,0.954183,0.961606,0.965405,0.970447,0.871206,0.971997,0.971642,0.971673,0.978035,0.980246,0.982770,0.979594,0.989778,0.994015,0.993871,0.920466,0.987203,0.988485,0.986915,0.993046,0.993702,0.993429,0.993428,0.993471,0.993371,0.940828,0.944875,0.950790,0.956289,0.963080,0.965410,0.971189,0.886858,0.972122,0.970446,0.970129,0.970703,0.978199,0.980930,0.981946,0.980530,0.982710,0.985195,0.932648,0.983720,0.984742,0.984519,0.985074,0.982670,0.983713,0.983154,0.983534,0.983424,0.942939,0.947809,0.957928,0.959494,0.965979,0.969732,0.971301,0.892757,0.971992,0.965801,0.966836,0.966315,0.972825,0.978184,0.973889,0.977915,0.980892,0.982384,0.966727,0.999633,0.999513,0.999279,0.999270,0.999161,0.998983,0.999004,0.999025,0.999058,0.973414,0.978860,0.988406,0.989995,0.992239,0.994168,0.996291,0.923943,0.997950,0.998570,0.998321,0.998481,0.998662,0.999455,0.999869,1.000000,0.999900,0.999755,0.974590,0.998120,0.998082,0.997836,0.997863,0.998050,0.997846,0.997693,0.997756,0.997747,0.979326,0.984544,0.989705,0.992008,0.992254,0.994521,0.995236,0.931470,0.996652,0.998244,0.998288,0.997846,0.999001,0.998877,0.998569,0.998415,0.998446,0.998327,0.976869,0.990812,0.990240,0.992079,0.991798,0.990488,0.992135,0.991702,0.991991,0.990609,0.984425,0.987562,0.988275,0.991413,0.993075,0.992510,0.993517,0.941194,0.995877,0.996686,0.996804,0.995741,0.996322,0.994605,0.990976,0.992746,0.990751,0.992074,0.977192,0.984529,0.988611,0.985976,0.989289,0.988936,0.989889,0.988955,0.986132,0.986388,0.985584,0.989904,0.990736,0.988469,0.992077,0.992188,0.994573,0.945786,0.995685,0.996110,0.995921,0.994710,0.995207,0.992326,0.991323,0.992465,0.990049,0.990027
allando_v_sin_a8_f1_v90,0.911655,0.994356,0.994120,0.993709,0.993927,0.993901,0.993860,0.993825,0.993770,0.993774,0.927347,0.935996,0.944035,0.950622,0.958626,0.963752,0.968593,0.869990,0.969958,0.970776,0.969826,0.976220,0.979182,0.987945,0.993622,0.993819,0.994303,0.994447,0.910521,0.994041,0.993230,0.992054,0.991931,0.991745,0.991446,0.991618,0.991620,0.991623,0.932128,0.942434,0.949038,0.954989,0.961887,0.965206,0.969666,0.870884,0.971017,0.971304,0.971417,0.977676,0.979566,0.982463,0.979818,0.989666,0.994087,0.994016,0.920972,0.987098,0.988171,0.986791,0.992952,0.993749,0.993521,0.993532,0.993598,0.993497,0.940857,0.945323,0.951428,0.957052,0.963469,0.965195,0.970576,0.886744,0.971085,0.970136,0.969843,0.970089,0.977523,0.980672,0.981957,0.980554,0.982696,0.985169,0.932942,0.983707,0.984690,0.984661,0.985091,0.982498,0.983553,0.983015,0.983401,0.983313,0.943208,0.948303,0.958487,0.959823,0.966281,0.969623,0.970458,0.892648,0.971191,0.965371,0.966546,0.965623,0.972157,0.977959,0.973562,0.977882,0.980818,0.982291,0.966914,0.999772,0.999673,0.999437,0.999471,0.999362,0.999143,0.999189,0.999204,0.999260,0.973550,0.979033,0.988881,0.990598,0.992867,0.994736,0.996570,0.923887,0.997908,0.998203,0.997723,0.997990,0.998147,0.999093,0.999621,0.999900,1.000000,0.999905,0.974644,0.998303,0.998222,0.998023,0.998034,0.998203,0.998063,0.997902,0.997915,0.997857,0.979443,0.984648,0.989940,0.992518,0.992873,0.995042,0.995617,0.931438,0.996618,0.998005,0.997877,0.997331,0.998859,0.998747,0.998553,0.998370,0.998581,0.998407,0.976879,0.990651,0.990095,0.991937,0.991573,0.990357,0.992152,0.991596,0.991922,0.990463,0.984553,0.987613,0.988450,0.991659,0.993461,0.992968,0.993973,0.941189,0.995727,0.996418,0.996360,0.995245,0.996256,0.994514,0.990676,0.992559,0.990812,0.992032,0.977246,0.984344,0.988433,0.985915,0.988981,0.988925,0.989230,0.988881,0.985701,0.986194,0.985779,0.989993,0.990794,0.988538,0.992624,0.992673,0.994929,0.945703,0.995646,0.995862,0.995436,0.994175,0.995060,0.992211,0.990985,0.992265,0.990028,0.989900
allando_v_sin_a8_f1_v95,0.911041,0.994451,0.994219,0.993853,0.994037,0.994009,0.993981,0.993956,0.993912,0.993923,0.926559,0.935312,0.943389,0.950111,0.958150,0.963290,0.967840,0.868946,0.969474,0.970339,0.969328,0.975668,0.978635,0.987708,0.993671,0.993929,0.994387,0.994528,0.909922,0.994146,0.993345,0.992173,0.992050,0.991865,0.991571,0.991760,0.991772,0.991802,0.931347,0.941771,0.948534,0.954632,0.961530,0.964916,0.968991,0.869850,0.970662,0.970837,0.970910,0.977199,0.979024,0.982078,0.979238,0.989496,0.994129,0.994106,0.920279,0.986890,0.988001,0.986571,0.992902,0.993828,0.993614,0.993654,0.993750,0.993635,0.940149,0.944758,0.951094,0.956810,0.963131,0.964973,0.969854,0.885631,0.970574,0.969748,0.969341,0.969627,0.977040,0.980376,0.981478,0.980122,0.982225,0.984848,0.932206,0.983453,0.984416,0.984480,0.984801,0.982229,0.983338,0.982595,0.983067,0.983037,0.942609,0.947897,0.958257,0.959676,0.966003,0.969545,0.969826,0.891522,0.970473,0.964988,0.965997,0.965184,0.971524,0.977607,0.972741,0.977358,0.980296,0.981758,0.966279,0.999831,0.999787,0.999590,0.999590,0.999494,0.999335,0.999356,0.999290,0.999339,0.972886,0.978516,0.988584,0.990361,0.992811,0.994685,0.996572,0.922997,0.997843,0.997901,0.997319,0.997639,0.997759,0.998836,0.999432,0.999755,0.999905,1.000000,0.974193,0.998242,0.998127,0.997958,0.997989,0.998167,0.998089,0.997903,0.997913,0.997811,0.978940,0.984200,0.989720,0.992362,0.992817,0.994960,0.995582,0.930768,0.996597,0.997750,0.997556,0.997001,0.998669,0.998564,0.998373,0.998152,0.998449,0.998271,0.976575,0.990299,0.989773,0.991661,0.991340,0.990217,0.992066,0.991473,0.991797,0.990331,0.984159,0.987179,0.988162,0.991521,0.993351,0.993010,0.993964,0.940547,0.995515,0.996063,0.995934,0.994707,0.996102,0.994458,0.990725,0.992648,0.990698,0.991812,0.976883,0.983929,0.988166,0.985869,0.988865,0.988899,0.988875,0.988816,0.985522,0.986138,0.985361,0.989765,0.990561,0.988472,0.992650,0.992728,0.994956,0.945070,0.995559,0.995619,0.995064,0.993660,0.994799,0.991905,0.990925,0.992198,0.989766,0.989872
allando_v_sin_a8_f3_v10,0.960846,0.975771,0.975650,0.974055,0.974018,0.973744,0.973316,0.972987,0.972743,0.972589,0.962483,0.962811,0.968179,0.972223,0.973590,0.977750,0.977620,0.916662,0.977487,0.974888,0.970740,0.979088,0.982033,0.982645,0.978678,0.977057,0.976892,0.976287,0.960020,0.976002,0.976258,0.976196,0.975955,0.975634,0.975366,0.975153,0.974998,0.974408,0.964835,0.967900,0.971800,0.974179,0.975047,0.977865,0.976132,0.917657,0.977379,0.974335,0.971905,0.978289,0.980745,0.981418,0.974570,0.978687,0.978641,0.976479,0.966291,0.971723,0.973876,0.970429,0.973605,0.974305,0.973938,0.973643,0.972989,0.972872,0.968899,0.969414,0.972068,0.974461,0.976104,0.977002,0.977995,0.933519,0.975891,0.974882,0.970932,0.976278,0.981831,0.982830,0.980372,0.975129,0.971615,0.975051,0.972870,0.971760,0.972320,0.974517,0.975143,0.968550,0.969224,0.967145,0.970324,0.966644,0.970146,0.969734,0.975065,0.976709,0.976229,0.978173,0.975054,0.938822,0.973991,0.969008,0.968900,0.975558,0.976911,0.983176,0.973938,0.977178,0.974820,0.974684,0.996902,0.973661,0.973372,0.972016,0.971594,0.971085,0.970633,0.970444,0.970558,0.970629,0.989258,0.986457,0.986046,0.981705,0.981219,0.979355,0.976780,0.956802,0.976323,0.975307,0.972211,0.971268,0.971016,0.972574,0.973839,0.974590,0.974644,0.974193,1.000000,0.972382,0.972254,0.971836,0.971069,0.970675,0.969753,0.970439,0.969944,0.969814,0.992471,0.986181,0.984375,0.983942,0.978922,0.980713,0.978939,0.965425,0.977625,0.977396,0.975115,0.973916,0.973453,0.972762,0.973470,0.972824,0.973391,0.972679,0.998242,0.967271,0.965312,0.967148,0.964750,0.963403,0.966042,0.966822,0.965286,0.963082,0.994146,0.988173,0.984444,0.983516,0.983937,0.980953,0.978649,0.971482,0.979028,0.979141,0.976891,0.974972,0.975209,0.975664,0.975139,0.975323,0.974220,0.973850,0.993168,0.963355,0.965937,0.962235,0.963650,0.964372,0.962887,0.963949,0.959346,0.958851,0.992638,0.989526,0.985426,0.978537,0.980060,0.977245,0.979059,0.973386,0.979249,0.978273,0.976206,0.975290,0.977079,0.976039,0.978092,0.978125,0.974569,0.974929
allando_v_sin_a8_f3_v100,0.906485,0.995730,0.995663,0.995471,0.995690,0.995714,0.995705,0.995664,0.995624,0.995633,0.923404,0.931332,0.939079,0.945071,0.952698,0.957684,0.962933,0.866137,0.964541,0.965410,0.965160,0.972180,0.975611,0.985657,0.994048,0.994981,0.995437,0.995739,0.905081,0.995741,0.995203,0.994225,0.994143,0.993966,0.993602,0.993850,0.993959,0.994081,0.927924,0.937807,0.944548,0.949646,0.956017,0.959745,0.963995,0.867060,0.965757,0.965648,0.966973,0.973582,0.976050,0.979251,0.976580,0.987702,0.994941,0.995665,0.915250,0.985563,0.987452,0.986986,0.993559,0.995227,0.995438,0.995504,0.995702,0.995552,0.937221,0.940941,0.946815,0.951704,0.957712,0.959922,0.965511,0.882216,0.965601,0.964759,0.965452,0.966185,0.974086,0.977691,0.978252,0.976946,0.979532,0.982150,0.927438,0.981261,0.982700,0.983453,0.983739,0.981801,0.982823,0.982803,0.983545,0.983302,0.939528,0.944101,0.954221,0.955583,0.960394,0.964131,0.964711,0.888160,0.964944,0.960159,0.962394,0.961589,0.968289,0.974467,0.969439,0.973468,0.976706,0.978787,0.964307,0.998518,0.998528,0.998534,0.998373,0.998336,0.998468,0.998447,0.998443,0.998506,0.971548,0.976297,0.985591,0.987537,0.990074,0.991034,0.993047,0.922207,0.994461,0.995181,0.994810,0.995466,0.995818,0.997134,0.997721,0.998120,0.998303,0.998242,0.972382,1.000000,0.999962,0.999826,0.999732,0.999772,0.999685,0.999730,0.999711,0.999650,0.977647,0.982669,0.987611,0.990296,0.990161,0.992030,0.992112,0.929578,0.993089,0.995443,0.995613,0.995271,0.998803,0.999177,0.999672,0.999587,0.999821,0.999771,0.975039,0.989460,0.988966,0.991424,0.991880,0.991027,0.993348,0.993107,0.993549,0.992056,0.982780,0.986660,0.987049,0.989965,0.991835,0.991027,0.991232,0.939023,0.993028,0.993996,0.993902,0.993365,0.994868,0.993735,0.990423,0.992395,0.989694,0.990829,0.975363,0.982104,0.986192,0.985272,0.988596,0.989192,0.989676,0.989792,0.986346,0.986967,0.982920,0.988148,0.989385,0.986624,0.990737,0.990453,0.992496,0.943475,0.992813,0.992747,0.992422,0.991893,0.993136,0.990591,0.989897,0.991417,0.988537,0.988079
allando_v_sin_a8_f3_v105,0.906461,0.995793,0.995767,0.995553,0.995827,0.995836,0.995813,0.995763,0.995723,0.995734,0.923764,0.931277,0.938948,0.944711,0.952525,0.957626,0.963027,0.866384,0.964445,0.965306,0.965072,0.972102,0.975549,0.985590,0.994157,0.995058,0.995544,0.995814,0.905048,0.995804,0.995301,0.994322,0.994250,0.994081,0.993734,0.993982,0.994088,0.994213,0.928288,0.937748,0.944365,0.949229,0.955840,0.959663,0.964083,0.867309,0.965628,0.965475,0.966870,0.973430,0.975999,0.979090,0.976435,0.987624,0.995010,0.995738,0.915224,0.985594,0.987524,0.987133,0.993679,0.995350,0.995603,0.995647,0.995840,0.995692,0.937613,0.940815,0.946584,0.951259,0.957487,0.959857,0.965574,0.882364,0.965530,0.964544,0.965345,0.966120,0.973968,0.977484,0.978104,0.976801,0.979482,0.981990,0.927456,0.981273,0.982656,0.983389,0.983699,0.982074,0.982977,0.983185,0.983800,0.983233,0.939837,0.943938,0.953925,0.955172,0.960146,0.963988,0.964800,0.888336,0.964905,0.959955,0.962281,0.961497,0.968177,0.974207,0.969450,0.973293,0.976588,0.978648,0.964210,0.998470,0.998471,0.998494,0.998296,0.998268,0.998437,0.998402,0.998392,0.998456,0.971725,0.976009,0.985142,0.987051,0.989550,0.990623,0.992836,0.922266,0.994337,0.995168,0.994830,0.995442,0.995824,0.997118,0.997698,0.998082,0.998222,0.998127,0.972254,0.999962,1.000000,0.999802,0.999708,0.999747,0.999636,0.999716,0.999703,0.999660,0.977662,0.982379,0.987237,0.989875,0.989641,0.991556,0.991792,0.929562,0.992871,0.995355,0.995600,0.995170,0.998742,0.999181,0.999699,0.999633,0.999847,0.999751,0.974884,0.989414,0.988910,0.991411,0.991970,0.991096,0.993384,0.993162,0.993666,0.992199,0.982630,0.986625,0.986736,0.989635,0.991473,0.990545,0.990904,0.939038,0.992894,0.993915,0.993881,0.993260,0.994759,0.993623,0.990323,0.992211,0.989534,0.990712,0.975228,0.981995,0.986102,0.985346,0.988692,0.989209,0.989883,0.989842,0.986611,0.987121,0.982667,0.987921,0.989121,0.986274,0.990247,0.989956,0.992096,0.943499,0.992588,0.992613,0.992390,0.991741,0.992992,0.990482,0.989804,0.991262,0.988446,0.987923
allando_v_sin_a8_f3_v110,0.906279,0.995786,0.995720,0.995708,0.995811,0.995877,0.995935,0.995976,0.995970,0.995986,0.922309,0.931044,0.938158,0.944150,0.951731,0.956837,0.962098,0.865815,0.963536,0.964592,0.964594,0.971593,0.975055,0.985229,0.993909,0.994998,0.995373,0.995685,0.904830,0.995832,0.995303,0.994505,0.994468,0.994365,0.994078,0.994260,0.994338,0.994379,0.926702,0.937499,0.943519,0.948673,0.955027,0.958865,0.963144,0.866735,0.964707,0.964810,0.966363,0.972923,0.975425,0.978693,0.976241,0.987524,0.994836,0.995704,0.914940,0.985263,0.987213,0.987030,0.993586,0.995309,0.995625,0.995687,0.995869,0.995759,0.936017,0.940521,0.945683,0.950709,0.956701,0.959039,0.964610,0.881731,0.964593,0.963921,0.964819,0.965528,0.973440,0.977058,0.977996,0.976611,0.979102,0.981725,0.927117,0.980936,0.982476,0.983186,0.983801,0.981307,0.982638,0.982160,0.983045,0.983478,0.938276,0.943638,0.953068,0.954337,0.959358,0.963167,0.963740,0.887690,0.964105,0.959192,0.961766,0.960915,0.967768,0.973831,0.969195,0.973109,0.976305,0.978274,0.963897,0.998208,0.998252,0.998371,0.998275,0.998245,0.998409,0.998413,0.998417,0.998474,0.970718,0.975886,0.984781,0.986679,0.989296,0.990295,0.992349,0.921868,0.993858,0.994687,0.994321,0.995047,0.995417,0.996760,0.997401,0.997836,0.998023,0.997958,0.971836,0.999826,0.999802,1.000000,0.999922,0.999849,0.999712,0.999867,0.999781,0.999837,0.976986,0.982669,0.986941,0.989453,0.989181,0.991234,0.991388,0.929180,0.992524,0.994940,0.995071,0.994751,0.998474,0.998795,0.999402,0.999441,0.999560,0.999735,0.974338,0.989347,0.988832,0.991372,0.991830,0.991040,0.993406,0.993263,0.993572,0.992081,0.982126,0.985742,0.986961,0.989350,0.990997,0.990107,0.990521,0.938635,0.992445,0.993474,0.993411,0.992948,0.994384,0.993511,0.989984,0.992021,0.989627,0.990749,0.974726,0.981881,0.986015,0.985149,0.988534,0.989118,0.989715,0.989762,0.986346,0.986800,0.982333,0.987501,0.988623,0.986169,0.989829,0.989494,0.991730,0.943053,0.992148,0.992148,0.991881,0.991402,0.992573,0.990391,0.989427,0.990961,0.988373,0.987924
allando_v_sin_a8_f3_v115,0.905124,0.995580,0.995510,0.995483,0.995612,0.995680,0.995755,0.995829,0.995844,0.995865,0.921257,0.930134,0.937726,0.943670,0.951327,0.956336,0.961955,0.864428,0.963471,0.964403,0.964340,0.971367,0.974831,0.985061,0.993710,0.994798,0.995192,0.995469,0.903709,0.995579,0.994988,0.994215,0.994198,0.994127,0.993900,0.994043,0.994100,0.994106,0.925678,0.936678,0.943148,0.948282,0.954640,0.958363,0.963076,0.865326,0.964689,0.964653,0.966128,0.972730,0.975300,0.978513,0.976081,0.987419,0.994636,0.995435,0.913818,0.985264,0.987158,0.986919,0.993531,0.995217,0.995490,0.995574,0.995774,0.995653,0.935148,0.939785,0.945432,0.950354,0.956343,0.958544,0.964473,0.880350,0.964582,0.963727,0.964560,0.965327,0.973270,0.976897,0.977719,0.976536,0.979089,0.981619,0.926140,0.980813,0.982399,0.983129,0.983628,0.981388,0.982655,0.982044,0.982744,0.983083,0.937422,0.943026,0.952850,0.954093,0.959070,0.962741,0.963756,0.886284,0.964019,0.959032,0.961445,0.960676,0.967570,0.973571,0.969033,0.972897,0.976123,0.978174,0.962940,0.998206,0.998258,0.998402,0.998336,0.998306,0.998480,0.998477,0.998436,0.998499,0.969968,0.975261,0.984656,0.986709,0.989264,0.990206,0.992315,0.920439,0.993834,0.994745,0.994490,0.995216,0.995605,0.996891,0.997486,0.997863,0.998034,0.997989,0.971069,0.999732,0.999708,0.999922,1.000000,0.999860,0.999721,0.999858,0.999764,0.999892,0.976366,0.982359,0.986775,0.989442,0.989270,0.991207,0.991332,0.927765,0.992444,0.994945,0.995235,0.994894,0.998554,0.998839,0.999340,0.999389,0.999470,0.999700,0.973634,0.989519,0.988970,0.991436,0.991981,0.991181,0.993540,0.993336,0.993754,0.992297,0.981527,0.985142,0.986693,0.989133,0.990974,0.990146,0.990410,0.937317,0.992413,0.993437,0.993479,0.993033,0.994408,0.993440,0.990125,0.992146,0.989697,0.990829,0.974053,0.982029,0.986097,0.985253,0.988708,0.989259,0.990010,0.989854,0.986682,0.987113,0.981796,0.987047,0.988091,0.985833,0.989899,0.989653,0.991678,0.941823,0.992134,0.992160,0.991972,0.991502,0.992539,0.990194,0.989483,0.991016,0.988443,0.987954
allando_v_sin_a8_f3_v120,0.904762,0.995448,0.995391,0.995354,0.995475,0.995531,0.995581,0.995618,0.995634,0.995690,0.921350,0.930574,0.937900,0.943830,0.951624,0.956676,0.962216,0.864503,0.963935,0.965245,0.965293,0.971898,0.975147,0.985192,0.993753,0.994697,0.995142,0.995387,0.903367,0.995406,0.994849,0.993950,0.993902,0.993802,0.993528,0.993779,0.993893,0.994011,0.925836,0.937011,0.943250,0.948400,0.954984,0.958747,0.963378,0.865409,0.965162,0.965479,0.967009,0.973323,0.975596,0.978697,0.976077,0.987503,0.994514,0.995298,0.913564,0.985366,0.987288,0.987028,0.993585,0.995167,0.995351,0.995470,0.995644,0.995557,0.935215,0.940022,0.945535,0.950467,0.956629,0.958969,0.964676,0.880392,0.965082,0.964532,0.965440,0.965780,0.973575,0.977057,0.977731,0.976453,0.979094,0.981656,0.925834,0.980975,0.982504,0.983251,0.983638,0.981490,0.982785,0.982212,0.982980,0.983181,0.937417,0.943243,0.952996,0.954326,0.959433,0.963188,0.964016,0.886378,0.964540,0.960083,0.962407,0.961030,0.967919,0.973853,0.968893,0.972891,0.976156,0.978252,0.962525,0.998338,0.998391,0.998535,0.998558,0.998545,0.998595,0.998690,0.998736,0.998761,0.969786,0.975702,0.984838,0.986783,0.989440,0.990462,0.992611,0.920511,0.994151,0.994979,0.994786,0.995580,0.995941,0.997188,0.997713,0.998050,0.998203,0.998167,0.970675,0.999772,0.999747,0.999849,0.999860,1.000000,0.999916,0.999910,0.999934,0.999910,0.976128,0.982267,0.987000,0.989491,0.989444,0.991338,0.991569,0.927803,0.992838,0.995210,0.995420,0.995284,0.998746,0.999045,0.999477,0.999506,0.999576,0.999715,0.973445,0.989419,0.988972,0.991457,0.991976,0.991226,0.993585,0.993385,0.993740,0.992333,0.981370,0.985043,0.986625,0.989338,0.991051,0.990374,0.990676,0.937329,0.992661,0.993666,0.993649,0.993361,0.994884,0.993801,0.990199,0.992206,0.989511,0.990736,0.974112,0.981931,0.986249,0.985258,0.988857,0.989354,0.989964,0.989871,0.986577,0.987125,0.981527,0.986959,0.988036,0.986491,0.990002,0.989827,0.991916,0.941822,0.992390,0.992408,0.992196,0.991843,0.993054,0.990584,0.989558,0.991038,0.988294,0.987942
allando_v_sin_a8_f3_v125,0.903753,0.995179,0.995123,0.995109,0.995229,0.995275,0.995324,0.995359,0.995379,0.995447,0.920306,0.929980,0.937244,0.943379,0.951143,0.956085,0.961374,0.863534,0.963067,0.964078,0.964049,0.970813,0.974237,0.984609,0.993456,0.994415,0.994871,0.995135,0.902286,0.995178,0.994618,0.993676,0.993626,0.993511,0.993224,0.993505,0.993636,0.993794,0.924767,0.936506,0.942684,0.947998,0.954543,0.958172,0.962525,0.864467,0.964335,0.964361,0.965790,0.972298,0.974736,0.978067,0.975552,0.987106,0.994252,0.995058,0.912464,0.984952,0.986734,0.986476,0.993256,0.994931,0.995119,0.995274,0.995452,0.995382,0.934271,0.939721,0.945036,0.950125,0.956277,0.958302,0.963914,0.879405,0.964205,0.963400,0.964225,0.964648,0.972641,0.976386,0.977071,0.976038,0.978762,0.981345,0.924764,0.980482,0.982018,0.982753,0.983162,0.980972,0.982363,0.981762,0.982433,0.982681,0.936698,0.943041,0.952503,0.953857,0.958991,0.962707,0.963271,0.885257,0.963630,0.958823,0.961137,0.959906,0.966917,0.973022,0.968127,0.972373,0.975693,0.977786,0.961462,0.998258,0.998327,0.998502,0.998596,0.998594,0.998581,0.998697,0.998804,0.998839,0.968957,0.975255,0.984532,0.986683,0.989350,0.990540,0.992657,0.919354,0.994070,0.994746,0.994418,0.995216,0.995590,0.996933,0.997483,0.997846,0.998063,0.998089,0.969753,0.999685,0.999636,0.999712,0.999721,0.999916,1.000000,0.999864,0.999918,0.999793,0.975429,0.981678,0.986780,0.989294,0.989389,0.991328,0.991569,0.926602,0.992630,0.995015,0.995186,0.994910,0.998516,0.998845,0.999251,0.999283,0.999450,0.999490,0.972577,0.989214,0.988707,0.991180,0.991663,0.990924,0.993290,0.993032,0.993426,0.991959,0.980716,0.984555,0.986049,0.989224,0.990853,0.990217,0.990690,0.936267,0.992474,0.993403,0.993335,0.992872,0.994394,0.993293,0.989747,0.991900,0.989193,0.990390,0.973126,0.981802,0.985888,0.984995,0.988394,0.988935,0.989555,0.989576,0.986199,0.986939,0.981023,0.986490,0.987664,0.986576,0.990005,0.989800,0.991926,0.940776,0.992302,0.992256,0.991904,0.991379,0.992484,0.989955,0.989034,0.990674,0.987881,0.987597
allando_v_sin_a8_f3_v130,0.905009,0.995487,0.995471,0.995500,0.995610,0.995660,0.995722,0.995777,0.995807,0.995869,0.921266,0.930268,0.937698,0.943718,0.951305,0.956231,0.961508,0.864896,0.962994,0.964084,0.964068,0.970716,0.974202,0.984570,0.993663,0.994727,0.995142,0.995407,0.903553,0.995520,0.995047,0.994233,0.994209,0.994125,0.993874,0.994131,0.994255,0.994377,0.925620,0.936672,0.943045,0.948260,0.954600,0.958284,0.962593,0.865801,0.964208,0.964293,0.965807,0.972062,0.974623,0.977920,0.975548,0.987009,0.994519,0.995399,0.913659,0.984723,0.986657,0.986551,0.993321,0.995131,0.995463,0.995572,0.995772,0.995653,0.935023,0.939743,0.945293,0.950275,0.956292,0.958473,0.964007,0.880702,0.964058,0.963382,0.964234,0.964587,0.972578,0.976230,0.977149,0.975932,0.978548,0.981078,0.925869,0.980282,0.981825,0.982743,0.983251,0.981014,0.982389,0.981787,0.982589,0.982754,0.937321,0.942956,0.952635,0.953951,0.959009,0.962671,0.963164,0.886648,0.963555,0.958685,0.961159,0.959952,0.966809,0.972916,0.968276,0.972199,0.975512,0.977547,0.962364,0.998163,0.998253,0.998453,0.998434,0.998435,0.998571,0.998677,0.998618,0.998668,0.969586,0.975068,0.984374,0.986472,0.989154,0.990215,0.992349,0.920583,0.993797,0.994518,0.994186,0.994957,0.995340,0.996683,0.997280,0.997693,0.997902,0.997903,0.970439,0.999730,0.999716,0.999867,0.999858,0.999910,0.999864,1.000000,0.999950,0.999880,0.975882,0.981794,0.986510,0.989138,0.989072,0.991056,0.991264,0.927819,0.992408,0.994696,0.994913,0.994602,0.998391,0.998749,0.999275,0.999322,0.999474,0.999538,0.973068,0.988980,0.988461,0.990926,0.991457,0.990727,0.993188,0.993020,0.993454,0.991979,0.981003,0.984713,0.986303,0.988862,0.990715,0.990025,0.990477,0.937398,0.992266,0.993179,0.993124,0.992700,0.994203,0.993147,0.989643,0.991742,0.989204,0.990358,0.973562,0.981532,0.985677,0.984761,0.988221,0.988878,0.989542,0.989482,0.986269,0.986820,0.981228,0.986479,0.987594,0.985575,0.989642,0.989482,0.991594,0.941866,0.992008,0.991912,0.991630,0.991144,0.992281,0.989877,0.988960,0.990565,0.987978,0.987543
allando_v_sin_a8_f3_v135,0.904284,0.995469,0.995452,0.995465,0.995586,0.995629,0.995679,0.995714,0.995740,0.995813,0.920686,0.929836,0.937273,0.943179,0.950796,0.955897,0.961433,0.864356,0.963171,0.964065,0.964233,0.970845,0.974286,0.984593,0.993675,0.994696,0.995140,0.995400,0.902825,0.995475,0.994990,0.994113,0.994069,0.993966,0.993680,0.993981,0.994134,0.994310,0.925035,0.936293,0.942629,0.947711,0.954130,0.957969,0.962564,0.865261,0.964392,0.964293,0.965951,0.972182,0.974727,0.977882,0.975412,0.987041,0.994484,0.995359,0.912913,0.984824,0.986777,0.986533,0.993372,0.995134,0.995416,0.995561,0.995747,0.995658,0.934521,0.939356,0.944866,0.949749,0.955807,0.958174,0.963870,0.880065,0.964285,0.963384,0.964387,0.964712,0.972650,0.976225,0.977012,0.975868,0.978479,0.981012,0.925196,0.980327,0.981862,0.982704,0.983153,0.980957,0.982360,0.981804,0.982556,0.982725,0.936773,0.942534,0.952249,0.953611,0.958598,0.962436,0.963163,0.886027,0.963703,0.958791,0.961304,0.959986,0.966867,0.972899,0.968249,0.972073,0.975389,0.977492,0.961756,0.998158,0.998248,0.998450,0.998458,0.998466,0.998556,0.998691,0.998697,0.998721,0.969040,0.974857,0.984130,0.986257,0.988940,0.989972,0.992188,0.920022,0.993740,0.994543,0.994380,0.995159,0.995529,0.996838,0.997389,0.997756,0.997915,0.997913,0.969944,0.999711,0.999703,0.999781,0.999764,0.999934,0.999918,0.999950,1.000000,0.999874,0.975392,0.981379,0.986289,0.988906,0.988909,0.990806,0.991014,0.927268,0.992306,0.994735,0.995067,0.994827,0.998445,0.998825,0.999309,0.999361,0.999467,0.999524,0.972650,0.988967,0.988469,0.990987,0.991619,0.990867,0.993256,0.993079,0.993470,0.992033,0.980618,0.984350,0.985880,0.988672,0.990506,0.989846,0.990196,0.936886,0.992179,0.993148,0.993215,0.992825,0.994253,0.993219,0.989722,0.991835,0.989088,0.990338,0.973189,0.981478,0.985718,0.984883,0.988441,0.988967,0.989746,0.989523,0.986304,0.986859,0.980796,0.986206,0.987322,0.985756,0.989497,0.989353,0.991405,0.941415,0.991898,0.991887,0.991749,0.991263,0.992325,0.989897,0.988991,0.990591,0.987793,0.987516
allando_v_sin_a8_f3_v140,0.903674,0.995522,0.995473,0.995478,0.995631,0.995701,0.995780,0.995839,0.995860,0.995902,0.920197,0.929196,0.936357,0.942173,0.949892,0.955129,0.961077,0.862800,0.962809,0.964237,0.964495,0.971219,0.974566,0.984889,0.993641,0.994682,0.995134,0.995417,0.902285,0.995501,0.994884,0.994011,0.993980,0.993906,0.993657,0.993873,0.993975,0.994062,0.924646,0.935668,0.941706,0.946779,0.953276,0.957179,0.962255,0.863705,0.964033,0.964512,0.966193,0.972598,0.975020,0.978167,0.975812,0.987407,0.994531,0.995356,0.912540,0.985204,0.987274,0.987062,0.993696,0.995298,0.995535,0.995632,0.995842,0.995738,0.934149,0.938602,0.943966,0.948856,0.954981,0.957399,0.963485,0.878572,0.963962,0.963555,0.964572,0.965134,0.972932,0.976457,0.977341,0.976245,0.978751,0.981302,0.924885,0.980648,0.982313,0.982942,0.983547,0.981312,0.982730,0.982216,0.982970,0.983256,0.936280,0.941822,0.951408,0.952713,0.957822,0.961643,0.962883,0.884660,0.963530,0.958967,0.961447,0.960314,0.967378,0.973097,0.968570,0.972464,0.975670,0.977749,0.961510,0.998065,0.998139,0.998358,0.998307,0.998307,0.998493,0.998523,0.998503,0.998546,0.968741,0.974303,0.983652,0.985758,0.988442,0.989452,0.991776,0.918659,0.993499,0.994488,0.994447,0.995326,0.995702,0.996901,0.997428,0.997747,0.997857,0.997811,0.969814,0.999650,0.999660,0.999837,0.999892,0.999910,0.999793,0.999880,0.999874,1.000001,0.975210,0.981321,0.985919,0.988562,0.988484,0.990432,0.990640,0.925953,0.992057,0.994622,0.995041,0.994956,0.998502,0.998837,0.999325,0.999406,0.999376,0.999665,0.972486,0.989506,0.988993,0.991503,0.992138,0.991421,0.993730,0.993577,0.993915,0.992548,0.980433,0.984305,0.985833,0.988342,0.990149,0.989392,0.989658,0.935616,0.991895,0.992970,0.993181,0.993042,0.994454,0.993633,0.990135,0.992128,0.989559,0.990805,0.973107,0.981924,0.986259,0.985326,0.989049,0.989493,0.990185,0.989882,0.986801,0.987234,0.980749,0.986151,0.987323,0.985333,0.989049,0.988908,0.990972,0.940219,0.991537,0.991684,0.991700,0.991462,0.992503,0.990359,0.989401,0.990830,0.988234,0.987924
allando_v_sin_a8_f3_v15,0.948789,0.978694,0.978778,0.977134,0.977555,0.977271,0.976725,0.976382,0.976109,0.976009,0.960934,0.964605,0.966353,0.969577,0.974356,0.976535,0.979463,0.910665,0.975196,0.975653,0.971963,0.975272,0.977663,0.981245,0.981519,0.979507,0.979952,0.979179,0.947760,0.978805,0.978879,0.978478,0.978314,0.977939,0.977644,0.977520,0.977314,0.977132,0.965416,0.969762,0.970463,0.972238,0.976293,0.976475,0.978600,0.911596,0.975124,0.973510,0.973629,0.976054,0.976977,0.978826,0.972709,0.978488,0.981018,0.979138,0.956638,0.976437,0.977307,0.978676,0.979582,0.979812,0.979148,0.978736,0.978451,0.977981,0.970458,0.971643,0.971571,0.972277,0.977721,0.975600,0.980679,0.926576,0.974489,0.972763,0.972790,0.969302,0.976779,0.978694,0.978246,0.974865,0.974121,0.976942,0.964240,0.975685,0.976058,0.977971,0.979698,0.980737,0.980699,0.975543,0.976102,0.975249,0.971356,0.973499,0.976427,0.974104,0.977951,0.977086,0.978060,0.932043,0.974551,0.967585,0.970440,0.967514,0.972052,0.978171,0.971350,0.975746,0.976064,0.978061,0.989209,0.978908,0.978474,0.977381,0.976983,0.976640,0.976310,0.976070,0.976133,0.976158,0.996659,0.991245,0.989282,0.984676,0.983534,0.983489,0.982469,0.951830,0.981664,0.981008,0.977524,0.976654,0.976692,0.977875,0.978719,0.979326,0.979443,0.978940,0.992471,0.977647,0.977662,0.976986,0.976366,0.976128,0.975429,0.975882,0.975392,0.975210,1.000000,0.992494,0.989742,0.987971,0.982638,0.984430,0.983641,0.958051,0.981439,0.982577,0.980066,0.978018,0.979223,0.978454,0.978759,0.978426,0.978873,0.977559,0.992975,0.972525,0.971263,0.973769,0.971768,0.971105,0.974007,0.974769,0.976718,0.975198,0.996701,0.993973,0.990986,0.989520,0.988052,0.983531,0.983014,0.965384,0.983472,0.984088,0.981340,0.979288,0.979978,0.978459,0.973678,0.975020,0.974938,0.974646,0.991589,0.967561,0.970752,0.968496,0.970058,0.971566,0.971857,0.974728,0.974306,0.974074,0.991705,0.992879,0.991008,0.985355,0.983588,0.980529,0.983337,0.967535,0.983479,0.982632,0.980222,0.978993,0.980697,0.978052,0.976163,0.977895,0.976985,0.974307
allando_v_sin_a8_f3_v20,0.935365,0.981173,0.980840,0.979921,0.979499,0.979554,0.979535,0.979535,0.979457,0.979487,0.950518,0.960892,0.959648,0.964758,0.971748,0.973946,0.977857,0.898284,0.975281,0.974269,0.972031,0.976006,0.978773,0.982064,0.981831,0.981779,0.981229,0.981423,0.934830,0.980840,0.980499,0.980194,0.980058,0.979894,0.979777,0.979687,0.979503,0.979347,0.954908,0.966663,0.963841,0.968044,0.973912,0.974311,0.977720,0.899006,0.975470,0.972338,0.973562,0.976884,0.978237,0.979677,0.973334,0.980810,0.982160,0.981096,0.943561,0.978188,0.979167,0.981606,0.982081,0.982059,0.980835,0.981043,0.980755,0.980509,0.961884,0.969695,0.965645,0.969048,0.974650,0.973597,0.979337,0.915206,0.975157,0.971561,0.972491,0.969878,0.977746,0.979425,0.978837,0.974711,0.974456,0.977610,0.953074,0.976732,0.977613,0.979340,0.981206,0.979258,0.980095,0.978459,0.979182,0.981067,0.962797,0.972223,0.972553,0.970827,0.975979,0.975532,0.977274,0.919956,0.974587,0.966784,0.970330,0.968321,0.972653,0.978793,0.971866,0.975531,0.976247,0.977955,0.982149,0.983046,0.982588,0.981829,0.982640,0.982347,0.981270,0.981885,0.982340,0.982142,0.989074,0.997220,0.992239,0.987249,0.986532,0.986477,0.985399,0.944098,0.985358,0.985438,0.982770,0.982356,0.982499,0.983608,0.984174,0.984544,0.984648,0.984200,0.986181,0.982669,0.982379,0.982669,0.982359,0.982267,0.981678,0.981794,0.981379,0.981321,0.992494,1.000000,0.994389,0.990611,0.985850,0.988005,0.987398,0.950285,0.986080,0.987195,0.984655,0.983052,0.984020,0.982986,0.983346,0.982661,0.983001,0.982972,0.987712,0.976770,0.975965,0.978193,0.976537,0.975802,0.979130,0.979839,0.980059,0.978539,0.993163,0.994743,0.998285,0.994431,0.990750,0.986543,0.986451,0.957759,0.987884,0.988526,0.985916,0.984085,0.984438,0.982462,0.977957,0.979151,0.978519,0.978800,0.987634,0.970409,0.974290,0.971173,0.973905,0.975348,0.977117,0.977941,0.976218,0.975680,0.989671,0.992424,0.993598,0.993694,0.986786,0.984041,0.987131,0.960614,0.987684,0.986609,0.984570,0.983560,0.984859,0.981745,0.979844,0.981041,0.979989,0.977781
allando_v_sin_a8_f3_v25,0.930806,0.984164,0.983866,0.982654,0.982662,0.982611,0.982434,0.982304,0.982210,0.982228,0.945574,0.955656,0.961127,0.967189,0.973474,0.975425,0.978124,0.892468,0.977865,0.977917,0.973893,0.979571,0.981176,0.985391,0.985559,0.984669,0.984652,0.984553,0.930082,0.983695,0.983375,0.982538,0.982318,0.982028,0.981751,0.981841,0.981772,0.981717,0.949769,0.961260,0.965544,0.970599,0.975425,0.975821,0.978103,0.893220,0.978429,0.976655,0.975442,0.981044,0.980600,0.983105,0.977223,0.983347,0.985106,0.983926,0.938708,0.982732,0.983147,0.982881,0.984883,0.984590,0.983515,0.983376,0.983211,0.982872,0.957054,0.964879,0.967905,0.971686,0.976197,0.975155,0.979825,0.910183,0.978079,0.975921,0.974231,0.973625,0.980008,0.983092,0.981236,0.977879,0.977630,0.980485,0.948946,0.981433,0.982201,0.983094,0.983251,0.980984,0.981869,0.980212,0.980733,0.980710,0.959300,0.967528,0.974844,0.973509,0.977776,0.978288,0.978251,0.914780,0.976798,0.971463,0.971895,0.970712,0.974661,0.982198,0.973085,0.978463,0.978487,0.980372,0.979108,0.988970,0.988591,0.987908,0.988644,0.988415,0.987319,0.987601,0.987748,0.987917,0.985468,0.991622,0.997314,0.993960,0.993709,0.993438,0.991984,0.940492,0.991597,0.991096,0.988478,0.988447,0.988243,0.989258,0.989562,0.989705,0.989940,0.989720,0.984375,0.987611,0.987237,0.986941,0.986775,0.987000,0.986780,0.986510,0.986289,0.985919,0.989742,0.994389,1.000000,0.996469,0.993290,0.994551,0.993317,0.946921,0.991566,0.992806,0.990117,0.989042,0.989681,0.988729,0.988389,0.987679,0.988183,0.987416,0.986612,0.979942,0.979105,0.981937,0.981001,0.980489,0.983020,0.982846,0.982757,0.981069,0.992613,0.993749,0.995039,0.998596,0.995784,0.992914,0.992262,0.955032,0.992494,0.993344,0.990732,0.989093,0.990302,0.986529,0.983074,0.984209,0.981980,0.982376,0.986442,0.974064,0.977912,0.977013,0.979248,0.980754,0.979741,0.982310,0.978063,0.979275,0.990232,0.993613,0.993773,0.991227,0.993395,0.991216,0.993622,0.958386,0.992876,0.992188,0.989625,0.988800,0.990496,0.985364,0.984378,0.985456,0.982733,0.981628
allando_v_sin_a8_f3_v30,0.928653,0.986599,0.986321,0.985175,0.985363,0.985228,0.985003,0.984872,0.984768,0.984736,0.942445,0.950242,0.962490,0.967630,0.970337,0.972067,0.976103,0.887765,0.976341,0.976690,0.974361,0.979756,0.981415,0.987137,0.987762,0.986769,0.987042,0.986963,0.927867,0.986196,0.985842,0.984970,0.984726,0.984430,0.984175,0.984206,0.984120,0.983877,0.946873,0.956154,0.967215,0.971499,0.972121,0.972644,0.976221,0.888549,0.977207,0.976389,0.976239,0.981240,0.981377,0.984158,0.980383,0.985887,0.987720,0.986367,0.937417,0.984174,0.984341,0.983474,0.986894,0.986604,0.985840,0.985574,0.985490,0.985130,0.954524,0.959629,0.969687,0.972702,0.973322,0.972128,0.977973,0.905888,0.976401,0.976061,0.974825,0.974013,0.980339,0.984534,0.983453,0.980530,0.980566,0.982702,0.948016,0.982488,0.983741,0.986082,0.985124,0.982616,0.982677,0.982030,0.982075,0.980338,0.957343,0.962468,0.975220,0.974344,0.975569,0.976407,0.976579,0.911246,0.975750,0.971013,0.972011,0.970744,0.974615,0.983341,0.976287,0.979938,0.980019,0.981999,0.977621,0.991910,0.991710,0.990978,0.991292,0.991049,0.990419,0.990300,0.990264,0.990474,0.983500,0.986525,0.997883,0.998204,0.997947,0.995715,0.993538,0.937674,0.993117,0.992487,0.990832,0.990585,0.990378,0.991390,0.991768,0.992008,0.992518,0.992362,0.983942,0.990296,0.989875,0.989453,0.989442,0.989491,0.989294,0.989138,0.988906,0.988562,0.987971,0.990611,0.996469,1.000000,0.998165,0.997828,0.994467,0.944805,0.992604,0.993568,0.992407,0.991224,0.991960,0.991181,0.990843,0.990198,0.990905,0.989891,0.985459,0.981853,0.980797,0.983181,0.982578,0.982001,0.985082,0.984390,0.984366,0.982631,0.991766,0.992643,0.992335,0.995377,0.998664,0.996638,0.993104,0.953570,0.992776,0.993259,0.991703,0.990303,0.992164,0.988577,0.985708,0.986978,0.985579,0.985770,0.985077,0.976445,0.980111,0.978694,0.981056,0.982869,0.981343,0.982894,0.979019,0.979893,0.991001,0.993796,0.993102,0.989074,0.997454,0.996008,0.995440,0.957458,0.993488,0.992455,0.990720,0.989944,0.992294,0.987327,0.986733,0.987988,0.985927,0.984645
allando_v_sin_a8_f3_v35,0.922469,0.985665,0.985308,0.984251,0.984418,0.984259,0.984043,0.983944,0.983842,0.983815,0.937321,0.944821,0.959181,0.965421,0.967379,0.969786,0.973197,0.882233,0.974886,0.975516,0.972544,0.977617,0.978914,0.985364,0.986810,0.985803,0.985961,0.985987,0.921677,0.985211,0.984856,0.983859,0.983598,0.983290,0.983001,0.983108,0.983021,0.982723,0.941838,0.950622,0.963761,0.969375,0.969487,0.970362,0.973637,0.883066,0.975816,0.975912,0.974541,0.979479,0.979069,0.981864,0.978805,0.984632,0.986601,0.985346,0.931539,0.982901,0.983023,0.981170,0.985795,0.985298,0.984652,0.984349,0.984276,0.983992,0.949702,0.953839,0.965771,0.970957,0.970764,0.969883,0.975066,0.900404,0.975226,0.975293,0.973062,0.971672,0.977807,0.982179,0.981365,0.978270,0.979086,0.981243,0.942449,0.981330,0.982319,0.984589,0.982705,0.979892,0.979750,0.979650,0.979925,0.977742,0.952548,0.956194,0.971325,0.972812,0.973393,0.974626,0.973978,0.905742,0.974549,0.970694,0.970091,0.967630,0.972178,0.980951,0.974536,0.977824,0.978302,0.980125,0.971846,0.992385,0.992211,0.991543,0.991832,0.991600,0.990975,0.990859,0.990766,0.991023,0.977954,0.981368,0.995601,0.998272,0.998643,0.996124,0.993885,0.932523,0.993576,0.992550,0.991361,0.991282,0.990931,0.991868,0.992084,0.992254,0.992873,0.992817,0.978922,0.990161,0.989641,0.989181,0.989270,0.989444,0.989389,0.989072,0.988909,0.988484,0.982638,0.985850,0.993290,0.998165,1.000000,0.998029,0.994293,0.939743,0.993139,0.993346,0.992525,0.991916,0.992208,0.991351,0.990648,0.989986,0.990824,0.989683,0.980949,0.980684,0.979964,0.982192,0.982030,0.981199,0.984111,0.982795,0.982503,0.980868,0.987851,0.988893,0.988419,0.992534,0.997012,0.997825,0.993383,0.948758,0.992611,0.992608,0.991626,0.990617,0.992095,0.988173,0.984627,0.986167,0.984180,0.985005,0.981393,0.975674,0.979898,0.978308,0.981141,0.982520,0.980725,0.981265,0.976892,0.977920,0.987505,0.990965,0.990450,0.986297,0.997665,0.998537,0.995851,0.953028,0.993397,0.992400,0.991146,0.990412,0.992314,0.986917,0.985534,0.986873,0.984262,0.983774
allando_v_sin_a8_f3_v40,0.924129,0.987465,0.987117,0.986053,0.986269,0.986143,0.985953,0.985843,0.985751,0.985710,0.936703,0.944773,0.956287,0.965411,0.968613,0.971599,0.973406,0.881501,0.974265,0.975130,0.972230,0.978388,0.980734,0.987648,0.988477,0.987477,0.987909,0.987843,0.923156,0.987136,0.986484,0.985329,0.985101,0.984791,0.984510,0.984568,0.984481,0.984229,0.941348,0.950912,0.961395,0.969557,0.971024,0.972365,0.973616,0.882373,0.975290,0.975863,0.973979,0.980349,0.980702,0.984544,0.981686,0.987836,0.988784,0.987230,0.933145,0.984962,0.985172,0.983065,0.987592,0.987421,0.986591,0.986341,0.986252,0.985924,0.949273,0.954712,0.963902,0.971109,0.972939,0.971420,0.975441,0.900065,0.974486,0.975163,0.972562,0.972558,0.979376,0.983852,0.984489,0.982422,0.982062,0.985233,0.944226,0.983037,0.984485,0.985210,0.985345,0.981094,0.982241,0.980862,0.981697,0.980068,0.952704,0.957554,0.970040,0.971480,0.974837,0.976134,0.974180,0.905241,0.974467,0.969367,0.969450,0.969045,0.974282,0.982159,0.976009,0.981628,0.981995,0.983277,0.973829,0.994468,0.994287,0.993607,0.993915,0.993672,0.993042,0.992988,0.992911,0.993092,0.979032,0.983322,0.995236,0.996639,0.998149,0.998346,0.996608,0.932802,0.996374,0.995114,0.993024,0.993103,0.992811,0.993810,0.994230,0.994521,0.995042,0.994960,0.980713,0.992030,0.991556,0.991234,0.991207,0.991338,0.991328,0.991056,0.990806,0.990432,0.984430,0.988005,0.994551,0.997828,0.998029,1.000000,0.997423,0.940557,0.995723,0.995851,0.994122,0.993467,0.993932,0.993103,0.992438,0.991795,0.992674,0.991688,0.982227,0.985076,0.983835,0.985728,0.984398,0.983607,0.985902,0.985122,0.985024,0.983153,0.989063,0.990595,0.990710,0.994435,0.997320,0.997121,0.996004,0.949957,0.995079,0.995081,0.993384,0.992266,0.993510,0.990352,0.986523,0.988408,0.987976,0.988378,0.981606,0.980427,0.983119,0.980601,0.982531,0.983628,0.981928,0.983639,0.979125,0.980421,0.990516,0.992843,0.992701,0.988858,0.996889,0.996629,0.997746,0.953892,0.995998,0.995085,0.992744,0.992213,0.993673,0.989447,0.987844,0.989371,0.987920,0.987525
allando_v_sin_a8_f3_v45,0.921064,0.987498,0.987147,0.986054,0.986294,0.986106,0.985914,0.985779,0.985671,0.985635,0.934509,0.942302,0.951053,0.960742,0.970517,0.973047,0.973717,0.878664,0.974466,0.976252,0.972137,0.978494,0.980838,0.987527,0.988757,0.987666,0.988073,0.987908,0.920108,0.987067,0.986407,0.985065,0.984867,0.984521,0.984208,0.984341,0.984225,0.984087,0.939479,0.948480,0.956647,0.964973,0.973545,0.973924,0.974312,0.879576,0.975502,0.976661,0.973848,0.980255,0.980731,0.983564,0.980740,0.987240,0.988702,0.987319,0.929992,0.985004,0.985343,0.983424,0.987808,0.987585,0.986689,0.986478,0.986464,0.986139,0.947301,0.952625,0.959290,0.966599,0.974876,0.973422,0.976124,0.897572,0.975051,0.975996,0.972689,0.972934,0.979361,0.982831,0.983730,0.980584,0.980971,0.983867,0.941289,0.983643,0.983158,0.984003,0.984325,0.981350,0.982318,0.980293,0.980758,0.980675,0.951416,0.955662,0.965860,0.967581,0.977254,0.978289,0.975333,0.902506,0.974740,0.970676,0.969649,0.969583,0.973591,0.981038,0.974101,0.979659,0.981349,0.982081,0.971897,0.995142,0.994925,0.994276,0.994316,0.994062,0.993654,0.993755,0.993520,0.993579,0.977693,0.982592,0.992128,0.992404,0.994433,0.998233,0.998990,0.930102,0.998073,0.996266,0.993698,0.993510,0.993306,0.994473,0.994983,0.995236,0.995617,0.995582,0.978939,0.992112,0.991792,0.991388,0.991332,0.991569,0.991569,0.991264,0.991014,0.990640,0.983641,0.987398,0.993317,0.994467,0.994293,0.997423,1.000000,0.938283,0.998080,0.997057,0.994728,0.993469,0.994264,0.993599,0.992654,0.992099,0.992913,0.991991,0.981395,0.984510,0.983221,0.985405,0.984102,0.983003,0.985523,0.984763,0.985231,0.983218,0.988130,0.990121,0.990393,0.993506,0.994711,0.994318,0.998291,0.948123,0.997066,0.996157,0.994370,0.991771,0.993467,0.990067,0.986470,0.988094,0.987209,0.987169,0.980823,0.979199,0.982275,0.980802,0.981996,0.982686,0.981522,0.983514,0.979745,0.980405,0.988982,0.992404,0.992639,0.989035,0.993380,0.993097,0.997361,0.952026,0.997754,0.996200,0.994077,0.991643,0.993373,0.988693,0.987568,0.988758,0.987211,0.986168
allando_v_sin_a8_f3_v5,0.942968,0.934652,0.935018,0.932768,0.932346,0.931951,0.931423,0.931105,0.930851,0.930780,0.944691,0.945034,0.949696,0.952288,0.950996,0.953140,0.950338,0.950056,0.947907,0.945798,0.942439,0.945017,0.943996,0.940166,0.937895,0.937036,0.935962,0.935330,0.941349,0.935445,0.938866,0.940929,0.940634,0.940166,0.939861,0.939780,0.939468,0.938437,0.946905,0.949961,0.953051,0.952541,0.952147,0.954082,0.948926,0.950761,0.947520,0.944548,0.943206,0.944160,0.942456,0.941473,0.930720,0.931264,0.937287,0.935933,0.945373,0.926983,0.928651,0.926378,0.929240,0.932057,0.933329,0.932992,0.931576,0.931501,0.951306,0.951394,0.952116,0.951788,0.952823,0.953661,0.951193,0.960467,0.947316,0.945012,0.943431,0.941783,0.943426,0.942516,0.937998,0.930491,0.929493,0.930803,0.952148,0.929888,0.928716,0.932379,0.931291,0.927586,0.925655,0.924744,0.928868,0.925027,0.951520,0.949105,0.952572,0.953729,0.952649,0.952739,0.946105,0.964350,0.945673,0.941503,0.943091,0.940343,0.938172,0.944824,0.933600,0.936223,0.934206,0.934873,0.970648,0.930607,0.930302,0.929482,0.929047,0.928597,0.927958,0.928112,0.928250,0.928325,0.961931,0.954296,0.950178,0.944942,0.944300,0.941567,0.936713,0.995222,0.934775,0.933163,0.930677,0.928753,0.928050,0.929552,0.930594,0.931470,0.931438,0.930768,0.965425,0.929578,0.929562,0.929180,0.927765,0.927803,0.926602,0.927819,0.927268,0.925953,0.958051,0.950285,0.946921,0.944805,0.939743,0.940557,0.938283,1.000000,0.936537,0.935773,0.932279,0.931937,0.930284,0.929273,0.930484,0.929081,0.930899,0.928459,0.963704,0.917574,0.916311,0.919068,0.916609,0.915479,0.918623,0.919174,0.918704,0.916453,0.959004,0.951845,0.946876,0.945394,0.945240,0.943143,0.941311,0.996932,0.939724,0.939132,0.934795,0.933627,0.933915,0.929723,0.924292,0.925070,0.921816,0.922534,0.962090,0.915238,0.918013,0.916157,0.917238,0.919348,0.918283,0.921246,0.915296,0.914622,0.954336,0.951243,0.947368,0.940550,0.940607,0.939415,0.941488,0.994251,0.940358,0.937745,0.935084,0.934196,0.937273,0.932320,0.929192,0.930505,0.924985,0.924569
allando_v_sin_a8_f3_v50,0.919836,0.988834,0.988494,0.987566,0.987710,0.987521,0.987350,0.987230,0.987118,0.987099,0.933864,0.942182,0.949666,0.958059,0.967898,0.973631,0.974946,0.878269,0.976811,0.978464,0.975131,0.979761,0.981900,0.988198,0.989956,0.988986,0.989222,0.989119,0.919334,0.988238,0.987586,0.986252,0.986069,0.985787,0.985434,0.985622,0.985526,0.985402,0.938795,0.948106,0.954545,0.961993,0.971139,0.974662,0.975945,0.879094,0.977646,0.979106,0.976696,0.981245,0.981888,0.983579,0.980572,0.988469,0.989794,0.988520,0.929106,0.985177,0.986447,0.983885,0.989100,0.988674,0.987869,0.987745,0.987611,0.987470,0.946782,0.950987,0.956663,0.963768,0.972114,0.974822,0.976804,0.896479,0.978125,0.978407,0.975579,0.974238,0.980622,0.982868,0.984329,0.980496,0.980531,0.983564,0.940603,0.983894,0.983534,0.984053,0.984732,0.981445,0.982346,0.980619,0.981384,0.981224,0.949571,0.953324,0.963437,0.965852,0.975368,0.978961,0.976354,0.901896,0.978047,0.973859,0.972543,0.970264,0.975053,0.981422,0.976188,0.979125,0.981025,0.982069,0.970249,0.995980,0.995844,0.995209,0.995161,0.994899,0.994626,0.994717,0.994534,0.994592,0.975354,0.980923,0.990036,0.990673,0.992901,0.996191,0.997762,0.928284,0.998669,0.997277,0.995787,0.995720,0.995359,0.996318,0.996627,0.996652,0.996618,0.996597,0.977625,0.993089,0.992871,0.992524,0.992444,0.992838,0.992630,0.992408,0.992306,0.992057,0.981439,0.986080,0.991566,0.992604,0.993139,0.995723,0.998080,0.936537,1.000000,0.997901,0.996669,0.995572,0.995726,0.995101,0.994047,0.993626,0.993908,0.993375,0.980386,0.984942,0.984284,0.986433,0.985784,0.984289,0.986426,0.985926,0.985888,0.984360,0.986917,0.988627,0.989319,0.992229,0.993455,0.993713,0.996994,0.946375,0.998233,0.997236,0.996453,0.994215,0.994866,0.992478,0.987352,0.989361,0.987606,0.988564,0.981185,0.979283,0.984567,0.981686,0.984712,0.984271,0.984502,0.983981,0.981042,0.980536,0.987126,0.991147,0.991548,0.988517,0.992012,0.992824,0.996388,0.950782,0.998140,0.997215,0.996262,0.993966,0.994979,0.991053,0.988374,0.989764,0.987437,0.987380
allando_v_sin_a8_f3_v55,0.916438,0.990961,0.990664,0.989689,0.990017,0.989895,0.989730,0.989601,0.989495,0.989468,0.931310,0.939659,0.948070,0.955212,0.964460,0.969728,0.974195,0.876922,0.975338,0.974845,0.972295,0.978953,0.981747,0.988790,0.991631,0.990853,0.991323,0.991228,0.915389,0.990588,0.989700,0.988327,0.988122,0.987850,0.987493,0.987619,0.987543,0.987475,0.936269,0.946433,0.953340,0.959333,0.967718,0.970797,0.975235,0.877757,0.976295,0.975132,0.973994,0.980719,0.982128,0.984297,0.980566,0.989456,0.991677,0.990659,0.925310,0.987828,0.988762,0.986797,0.991584,0.991269,0.990488,0.990342,0.990270,0.990070,0.945324,0.949977,0.955657,0.961266,0.968858,0.970418,0.976248,0.894037,0.976579,0.973979,0.972763,0.973087,0.980451,0.983335,0.983692,0.981691,0.982690,0.985450,0.937625,0.985270,0.985985,0.985099,0.985751,0.983461,0.984410,0.983212,0.983297,0.983219,0.947863,0.952632,0.963063,0.964148,0.971552,0.974755,0.976200,0.899388,0.975910,0.969286,0.969638,0.968891,0.974842,0.981104,0.976337,0.980598,0.982173,0.983778,0.969721,0.997396,0.997128,0.996682,0.996807,0.996633,0.996198,0.996229,0.996207,0.996290,0.976489,0.981797,0.990899,0.991320,0.992886,0.995336,0.997097,0.928285,0.998516,0.998971,0.997750,0.997601,0.997537,0.998290,0.998425,0.998244,0.998005,0.997750,0.977396,0.995443,0.995355,0.994940,0.994945,0.995210,0.995015,0.994696,0.994735,0.994622,0.982577,0.987195,0.992806,0.993568,0.993346,0.995851,0.997057,0.935773,0.997901,1.000000,0.998517,0.997397,0.997750,0.997239,0.996385,0.996121,0.996119,0.995693,0.980017,0.988938,0.988060,0.990531,0.990267,0.988938,0.990290,0.989756,0.989799,0.988305,0.987621,0.989883,0.990454,0.994049,0.994760,0.993714,0.995466,0.945509,0.997919,0.999027,0.997904,0.995896,0.996092,0.993172,0.989320,0.991314,0.989425,0.990664,0.980258,0.983083,0.986776,0.985266,0.988212,0.987728,0.988692,0.988087,0.985138,0.985252,0.987947,0.992425,0.992930,0.990276,0.993612,0.993361,0.996749,0.949907,0.997952,0.998628,0.997270,0.995490,0.995841,0.991554,0.990279,0.991707,0.989236,0.989140
allando_v_sin_a8_f3_v60,0.912942,0.991144,0.990862,0.989973,0.990358,0.990182,0.990029,0.989924,0.989807,0.989761,0.928698,0.937047,0.946601,0.952319,0.960784,0.966586,0.973279,0.874308,0.974656,0.972843,0.971271,0.977099,0.980594,0.987726,0.991550,0.990924,0.991343,0.991388,0.911970,0.990677,0.989823,0.988496,0.988285,0.988019,0.987652,0.987783,0.987686,0.987600,0.933718,0.944066,0.951794,0.956479,0.963905,0.967638,0.974550,0.875117,0.975698,0.973322,0.973180,0.978403,0.981501,0.982467,0.979969,0.988820,0.991706,0.990841,0.922205,0.986126,0.987391,0.985609,0.991370,0.991150,0.990576,0.990515,0.990446,0.990306,0.943409,0.947348,0.953979,0.958474,0.964882,0.967464,0.975346,0.890956,0.976160,0.972269,0.971872,0.971421,0.979354,0.981493,0.982771,0.980666,0.982448,0.983872,0.935160,0.983548,0.983927,0.984136,0.984516,0.983164,0.983523,0.983102,0.982362,0.982090,0.945613,0.950000,0.960750,0.961642,0.968059,0.972004,0.975773,0.896614,0.975643,0.967640,0.968564,0.967443,0.973797,0.978984,0.977070,0.978087,0.980609,0.982398,0.966996,0.997278,0.997066,0.996659,0.996706,0.996539,0.996252,0.996231,0.996134,0.996265,0.974177,0.978836,0.988829,0.990360,0.991410,0.992871,0.995212,0.924970,0.997368,0.998485,0.998722,0.998348,0.998436,0.998821,0.998709,0.998288,0.997877,0.997556,0.975115,0.995613,0.995600,0.995071,0.995235,0.995420,0.995186,0.994913,0.995067,0.995041,0.980066,0.984655,0.990117,0.992407,0.992525,0.994122,0.994728,0.932279,0.996669,0.998517,1.000000,0.997988,0.998001,0.997649,0.996725,0.996560,0.996250,0.995923,0.977578,0.988613,0.987788,0.989641,0.990012,0.988224,0.990042,0.989450,0.989736,0.988407,0.985128,0.988143,0.988019,0.991703,0.993887,0.992607,0.992968,0.942113,0.996776,0.997434,0.998678,0.996275,0.995672,0.993174,0.989660,0.991422,0.989478,0.990881,0.978234,0.982369,0.986492,0.984118,0.987906,0.986934,0.989796,0.986666,0.985612,0.984745,0.985731,0.990305,0.991246,0.988395,0.992745,0.993020,0.994634,0.947096,0.996606,0.996902,0.998115,0.995724,0.995290,0.991335,0.990346,0.991675,0.989379,0.988691
allando_v_sin_a8_f3_v65,0.910433,0.991129,0.990890,0.990044,0.990404,0.990310,0.990167,0.990044,0.989949,0.989911,0.926673,0.934592,0.943589,0.949683,0.957449,0.963670,0.970312,0.871810,0.974862,0.973380,0.971856,0.978032,0.980924,0.987889,0.991654,0.991030,0.991508,0.991419,0.909579,0.990511,0.989692,0.988292,0.988069,0.987841,0.987491,0.987665,0.987663,0.987564,0.931599,0.941367,0.948494,0.953925,0.960624,0.965188,0.971572,0.872632,0.976055,0.974268,0.973427,0.979537,0.981415,0.982572,0.979103,0.988589,0.991401,0.990692,0.919737,0.985034,0.987321,0.984887,0.990912,0.990849,0.990298,0.990183,0.990145,0.989981,0.940765,0.944246,0.950837,0.956084,0.962016,0.965281,0.972033,0.888428,0.975881,0.973491,0.972025,0.972685,0.980032,0.981352,0.981298,0.979364,0.980592,0.983592,0.932309,0.981684,0.983162,0.983533,0.983877,0.981579,0.982420,0.981720,0.982327,0.981042,0.942361,0.946858,0.957816,0.960705,0.965327,0.969702,0.972573,0.894459,0.974128,0.969515,0.968778,0.968579,0.975366,0.979097,0.974334,0.976872,0.979188,0.981036,0.965368,0.996729,0.996519,0.996201,0.996257,0.996135,0.995846,0.995770,0.995774,0.995865,0.971702,0.977085,0.987506,0.989190,0.991151,0.991892,0.993923,0.924055,0.996235,0.997276,0.998128,0.998511,0.998659,0.998649,0.998405,0.997846,0.997331,0.997001,0.973916,0.995271,0.995170,0.994751,0.994894,0.995284,0.994910,0.994602,0.994827,0.994956,0.978018,0.983052,0.989042,0.991224,0.991916,0.993467,0.993469,0.931937,0.995572,0.997397,0.997988,1.000000,0.998167,0.997597,0.996614,0.996339,0.995887,0.995748,0.976919,0.987785,0.987096,0.988998,0.989017,0.987680,0.989597,0.989479,0.989265,0.988108,0.983551,0.986451,0.986881,0.990630,0.992704,0.992687,0.991803,0.941503,0.995172,0.995987,0.996728,0.998289,0.996438,0.994243,0.990621,0.991823,0.988715,0.990525,0.977597,0.981756,0.986013,0.982866,0.987458,0.986761,0.988783,0.986217,0.984071,0.983767,0.984424,0.989318,0.990019,0.987402,0.991940,0.992692,0.993788,0.946496,0.995052,0.995597,0.996290,0.997709,0.996020,0.992589,0.991186,0.991787,0.988299,0.988875
allando_v_sin_a8_f3_v70,0.908355,0.994034,0.993906,0.993361,0.993722,0.993670,0.993566,0.993493,0.993423,0.993412,0.925077,0.933249,0.941612,0.947839,0.956133,0.961332,0.967208,0.868721,0.969331,0.970506,0.969050,0.975035,0.978052,0.987134,0.993677,0.993562,0.994195,0.994170,0.907154,0.993763,0.992990,0.991742,0.991608,0.991422,0.991075,0.991271,0.991308,0.991332,0.929844,0.939648,0.946793,0.952309,0.959354,0.962929,0.968461,0.869560,0.970508,0.970858,0.970789,0.976808,0.978611,0.981055,0.978492,0.988869,0.993877,0.993802,0.917361,0.986503,0.988401,0.987184,0.993272,0.993930,0.993744,0.993638,0.993766,0.993542,0.939070,0.942622,0.949214,0.954330,0.960631,0.962956,0.969419,0.884941,0.970646,0.969782,0.969180,0.969045,0.976744,0.979699,0.980206,0.978815,0.980832,0.983497,0.929751,0.982519,0.983982,0.984121,0.984617,0.983244,0.984201,0.983058,0.983430,0.982873,0.941023,0.945712,0.956650,0.957981,0.963652,0.967199,0.969266,0.890734,0.969985,0.965447,0.965987,0.964414,0.971343,0.976897,0.972161,0.975762,0.978356,0.980600,0.965380,0.998757,0.998652,0.998491,0.998373,0.998279,0.998314,0.998198,0.998140,0.998233,0.973063,0.977627,0.987746,0.989428,0.991655,0.992841,0.995113,0.923207,0.996911,0.997718,0.997611,0.998295,0.998458,0.999109,0.999149,0.999001,0.998859,0.998669,0.973453,0.998803,0.998742,0.998474,0.998554,0.998746,0.998516,0.998391,0.998445,0.998502,0.979223,0.984020,0.989681,0.991960,0.992208,0.993932,0.994264,0.930284,0.995726,0.997750,0.998001,0.998167,1.000000,0.999873,0.999488,0.999365,0.999143,0.998998,0.976320,0.990133,0.989566,0.991940,0.992132,0.991135,0.993083,0.992783,0.993219,0.991972,0.984232,0.987562,0.988174,0.991466,0.993396,0.992781,0.992927,0.939663,0.995508,0.996370,0.996534,0.996692,0.997044,0.995183,0.991262,0.993111,0.990603,0.991939,0.977297,0.983195,0.987554,0.985785,0.989744,0.989664,0.990671,0.989842,0.987405,0.987615,0.984505,0.989776,0.990651,0.987834,0.992416,0.992607,0.994515,0.944283,0.995323,0.995440,0.995468,0.995652,0.995793,0.992592,0.991150,0.992411,0.989828,0.989485
allando_v_sin_a8_f3_v75,0.906972,0.994369,0.994292,0.993771,0.994194,0.994136,0.994023,0.993924,0.993853,0.993848,0.924339,0.931831,0.940095,0.946067,0.954553,0.959895,0.965856,0.867309,0.968059,0.969043,0.967963,0.974332,0.977489,0.986801,0.993825,0.993851,0.994528,0.994519,0.905698,0.994118,0.993383,0.992100,0.991969,0.991774,0.991403,0.991644,0.991721,0.991805,0.928950,0.938154,0.945268,0.950496,0.957752,0.961579,0.967058,0.868165,0.969212,0.969316,0.969650,0.975886,0.978023,0.980439,0.977734,0.988503,0.994063,0.994151,0.915815,0.986222,0.988210,0.986991,0.993286,0.994146,0.994060,0.993966,0.994136,0.993906,0.938162,0.941078,0.947592,0.952496,0.959023,0.961699,0.968069,0.883452,0.969290,0.968310,0.968055,0.968403,0.976088,0.979044,0.979439,0.978061,0.980336,0.982903,0.928185,0.982042,0.983395,0.983642,0.984034,0.982991,0.983845,0.983215,0.983573,0.982561,0.940120,0.944175,0.955025,0.956467,0.962075,0.965968,0.967929,0.889253,0.968535,0.964004,0.964877,0.963771,0.970364,0.976073,0.971262,0.974734,0.977611,0.979824,0.964574,0.998773,0.998683,0.998544,0.998357,0.998284,0.998386,0.998267,0.998213,0.998294,0.972432,0.976691,0.986715,0.988465,0.990821,0.992074,0.994576,0.922290,0.996394,0.997296,0.997274,0.997883,0.998105,0.998875,0.998969,0.998877,0.998747,0.998564,0.972762,0.999177,0.999181,0.998795,0.998839,0.999045,0.998845,0.998749,0.998825,0.998837,0.978454,0.982986,0.988729,0.991181,0.991351,0.993103,0.993599,0.929273,0.995101,0.997239,0.997649,0.997597,0.999873,1.000000,0.999770,0.999646,0.999491,0.999289,0.975609,0.990010,0.989467,0.991880,0.992235,0.991213,0.993181,0.992929,0.993445,0.992187,0.983429,0.987151,0.987330,0.990668,0.992669,0.992004,0.992267,0.938619,0.994826,0.995731,0.995992,0.995790,0.996554,0.994847,0.991382,0.993182,0.990384,0.991705,0.976307,0.982835,0.987201,0.985709,0.989559,0.989541,0.990563,0.989745,0.987341,0.987570,0.983695,0.989100,0.990067,0.987124,0.991608,0.991690,0.993715,0.943261,0.994609,0.994705,0.994846,0.994615,0.995156,0.992063,0.991060,0.992309,0.989489,0.989129
allando_v_sin_a8_f3_v80,0.908024,0.995349,0.995307,0.994943,0.995289,0.995274,0.995203,0.995113,0.995050,0.995049,0.925365,0.932645,0.940058,0.945682,0.953595,0.958799,0.964799,0.868010,0.966608,0.967958,0.967427,0.973937,0.977112,0.986680,0.994287,0.994750,0.995328,0.995454,0.906675,0.995193,0.994561,0.993415,0.993308,0.993134,0.992774,0.993018,0.993113,0.993226,0.929859,0.938860,0.945137,0.950064,0.956764,0.960599,0.965891,0.868906,0.967735,0.968103,0.969132,0.975375,0.977556,0.980272,0.977604,0.988545,0.994817,0.995203,0.916745,0.986060,0.988120,0.987405,0.993679,0.994926,0.994997,0.994955,0.995131,0.994930,0.938881,0.941601,0.947296,0.951979,0.958145,0.960772,0.967074,0.883987,0.967698,0.967161,0.967524,0.967963,0.975682,0.978812,0.979340,0.977905,0.980251,0.982777,0.928820,0.981772,0.983253,0.983782,0.984257,0.982930,0.983762,0.983734,0.984338,0.983266,0.940738,0.944665,0.954713,0.955920,0.961054,0.964889,0.966595,0.889928,0.967059,0.962753,0.964423,0.963355,0.969930,0.975811,0.970869,0.974488,0.977418,0.979600,0.965560,0.998623,0.998552,0.998459,0.998273,0.998218,0.998333,0.998255,0.998253,0.998328,0.973030,0.977139,0.986339,0.987968,0.990406,0.991309,0.993589,0.923483,0.995337,0.996311,0.996190,0.996847,0.997144,0.998138,0.998441,0.998569,0.998553,0.998373,0.973470,0.999672,0.999699,0.999402,0.999340,0.999477,0.999251,0.999275,0.999309,0.999325,0.978759,0.983346,0.988389,0.990843,0.990648,0.992438,0.992654,0.930484,0.994047,0.996385,0.996725,0.996614,0.999488,0.999770,1.000000,0.999840,0.999810,0.999719,0.976112,0.990097,0.989576,0.991978,0.992297,0.991379,0.993551,0.993431,0.993868,0.992570,0.983672,0.987574,0.987675,0.990553,0.992329,0.991433,0.991461,0.939684,0.993848,0.994931,0.995073,0.994881,0.996158,0.994899,0.991374,0.993129,0.990491,0.991726,0.976716,0.982723,0.987096,0.985573,0.989363,0.989633,0.990445,0.990025,0.987236,0.987590,0.983861,0.989074,0.990183,0.987185,0.991086,0.990896,0.992897,0.944198,0.993578,0.993682,0.993699,0.993512,0.994605,0.992030,0.990976,0.992207,0.989505,0.989051
allando_v_sin_a8_f3_v85,0.907568,0.995363,0.995337,0.995060,0.995380,0.995364,0.995286,0.995219,0.995171,0.995178,0.924163,0.932020,0.939714,0.945108,0.953280,0.958531,0.964686,0.867082,0.966421,0.967441,0.966945,0.973516,0.976876,0.986520,0.994439,0.994724,0.995391,0.995410,0.906234,0.995300,0.994645,0.993558,0.993477,0.993325,0.992976,0.993204,0.993298,0.993382,0.928598,0.938306,0.944818,0.949470,0.956419,0.960311,0.965772,0.867973,0.967493,0.967662,0.968665,0.974823,0.977385,0.980041,0.977393,0.988504,0.994834,0.995266,0.916269,0.986251,0.988297,0.987726,0.994052,0.995141,0.995269,0.995188,0.995336,0.995189,0.937725,0.941024,0.946909,0.951330,0.957749,0.960374,0.966860,0.883087,0.967483,0.966589,0.967090,0.967407,0.975430,0.978393,0.979151,0.977828,0.980517,0.982947,0.928468,0.981902,0.983413,0.983985,0.984514,0.983004,0.983988,0.983217,0.983810,0.983294,0.939614,0.944006,0.954186,0.955423,0.960629,0.964487,0.966367,0.889027,0.967005,0.962195,0.964010,0.962744,0.969754,0.975354,0.970971,0.974347,0.977589,0.979777,0.964750,0.998470,0.998404,0.998318,0.998093,0.998029,0.998186,0.998096,0.998117,0.998190,0.972192,0.976305,0.985631,0.987368,0.989723,0.990800,0.993245,0.922053,0.995006,0.996064,0.995998,0.996591,0.996925,0.997912,0.998264,0.998415,0.998370,0.998152,0.972824,0.999587,0.999633,0.999441,0.999389,0.999506,0.999283,0.999322,0.999361,0.999406,0.978426,0.982661,0.987679,0.990198,0.989986,0.991795,0.992099,0.929081,0.993626,0.996121,0.996560,0.996339,0.999365,0.999646,0.999840,1.000000,0.999764,0.999720,0.975438,0.990174,0.989692,0.992106,0.992447,0.991503,0.993683,0.993588,0.994022,0.992738,0.983287,0.986504,0.987012,0.989888,0.991740,0.990781,0.990905,0.938537,0.993535,0.994655,0.994886,0.994608,0.995554,0.994392,0.990876,0.992786,0.990203,0.991525,0.976079,0.982957,0.987228,0.985615,0.989461,0.989557,0.990821,0.990152,0.987475,0.987747,0.983366,0.988653,0.989310,0.986558,0.990508,0.990238,0.992264,0.943139,0.993132,0.993406,0.993466,0.993235,0.993988,0.991439,0.990436,0.991821,0.989137,0.988699
allando_v_sin_a8_f3_v90,0.908238,0.995448,0.995443,0.995110,0.995452,0.995418,0.995330,0.995248,0.995201,0.995210,0.925331,0.932516,0.940698,0.946569,0.954407,0.959388,0.964450,0.868064,0.966047,0.966874,0.966480,0.973316,0.976647,0.986432,0.994417,0.994852,0.995456,0.995548,0.906853,0.995430,0.994913,0.993858,0.993775,0.993596,0.993254,0.993495,0.993587,0.993667,0.929841,0.938927,0.946034,0.951035,0.957639,0.961326,0.965465,0.868986,0.967194,0.967153,0.968262,0.974682,0.977109,0.980144,0.977448,0.988261,0.994969,0.995409,0.916926,0.986025,0.987916,0.987218,0.993666,0.995100,0.995292,0.995239,0.995401,0.995229,0.939025,0.941954,0.948223,0.952996,0.959189,0.961410,0.966908,0.884305,0.967116,0.966199,0.966762,0.967347,0.975158,0.978535,0.979174,0.977834,0.980465,0.982962,0.929083,0.981886,0.983219,0.983944,0.984175,0.982882,0.983664,0.983587,0.984198,0.983075,0.941324,0.944991,0.955411,0.956822,0.961870,0.965631,0.966160,0.890149,0.966581,0.961655,0.963710,0.962740,0.969440,0.975446,0.970646,0.974504,0.977720,0.979769,0.965412,0.998761,0.998704,0.998606,0.998389,0.998330,0.998455,0.998385,0.998365,0.998445,0.973029,0.976814,0.986268,0.988235,0.990669,0.991780,0.993909,0.923658,0.995281,0.995906,0.995514,0.996050,0.996363,0.997596,0.998122,0.998446,0.998581,0.998449,0.973391,0.999821,0.999847,0.999560,0.999470,0.999576,0.999450,0.999474,0.999467,0.999376,0.978873,0.983001,0.988183,0.990905,0.990824,0.992674,0.992913,0.930899,0.993908,0.996119,0.996250,0.995887,0.999143,0.999491,0.999810,0.999764,1.000000,0.999697,0.976000,0.989703,0.989173,0.991593,0.991849,0.990934,0.993175,0.992925,0.993529,0.992109,0.983680,0.987356,0.987348,0.990404,0.992363,0.991591,0.991944,0.940335,0.993785,0.994678,0.994561,0.994004,0.995292,0.994007,0.990604,0.992550,0.989908,0.991134,0.976343,0.982549,0.986570,0.985321,0.988637,0.989055,0.989738,0.989713,0.986731,0.987274,0.983854,0.988918,0.989794,0.986822,0.991223,0.991017,0.993066,0.944799,0.993541,0.993504,0.993151,0.992624,0.993726,0.991034,0.990209,0.991698,0.988818,0.988404
allando_v_sin_a8_f3_v95,0.906145,0.995723,0.995598,0.995418,0.995617,0.995661,0.995674,0.995651,0.995617,0.995619,0.922617,0.930946,0.937949,0.943902,0.951941,0.957333,0.962945,0.864644,0.964771,0.966396,0.966778,0.973664,0.976926,0.986750,0.994227,0.994982,0.995492,0.995718,0.904821,0.995679,0.994907,0.993853,0.993782,0.993642,0.993316,0.993515,0.993587,0.993639,0.927222,0.937393,0.943319,0.948522,0.955335,0.959346,0.964109,0.865562,0.965964,0.966793,0.968515,0.975129,0.977392,0.980476,0.977711,0.988912,0.995064,0.995589,0.915155,0.986399,0.988415,0.987784,0.994108,0.995407,0.995446,0.995481,0.995665,0.995542,0.936371,0.940231,0.945562,0.950628,0.956981,0.959540,0.965383,0.880827,0.965948,0.965872,0.966975,0.967713,0.975478,0.978762,0.979533,0.978186,0.980649,0.983326,0.927303,0.982083,0.983620,0.984039,0.984645,0.982380,0.983551,0.983190,0.984055,0.983996,0.938514,0.943401,0.953060,0.954488,0.959827,0.963789,0.964794,0.886912,0.965630,0.961385,0.963875,0.962971,0.969806,0.975670,0.970775,0.974755,0.977941,0.979898,0.964405,0.998425,0.998384,0.998321,0.998186,0.998115,0.998208,0.998202,0.998204,0.998271,0.971099,0.976283,0.985194,0.986986,0.989592,0.990671,0.992858,0.920918,0.994539,0.995418,0.995249,0.995964,0.996278,0.997485,0.998011,0.998327,0.998407,0.998271,0.972679,0.999771,0.999751,0.999735,0.999700,0.999715,0.999490,0.999538,0.999524,0.999665,0.977559,0.982972,0.987416,0.989891,0.989683,0.991688,0.991991,0.928459,0.993375,0.995693,0.995923,0.995748,0.998998,0.999289,0.999719,0.999720,0.999697,1.000000,0.975312,0.990698,0.990247,0.992546,0.992751,0.991851,0.994013,0.993852,0.994124,0.992785,0.982805,0.986461,0.987440,0.989830,0.991419,0.990547,0.990815,0.937925,0.993074,0.994154,0.994241,0.993906,0.995427,0.994916,0.991415,0.993339,0.990825,0.992037,0.975747,0.983308,0.987650,0.985929,0.989543,0.989812,0.990325,0.990191,0.986961,0.987429,0.983304,0.988395,0.989445,0.986760,0.990226,0.989907,0.992106,0.942448,0.992775,0.992965,0.992783,0.992460,0.993784,0.991939,0.990934,0.992258,0.989479,0.989190
allando_v_sin_a8_f5_v10,0.954651,0.977915,0.977726,0.976148,0.976015,0.975743,0.975353,0.974994,0.974744,0.974612,0.960609,0.961887,0.967358,0.970985,0.975246,0.978725,0.979339,0.913770,0.980020,0.978831,0.974499,0.981815,0.983522,0.984140,0.981075,0.979454,0.979082,0.978506,0.954832,0.978272,0.978559,0.978313,0.978074,0.977718,0.977455,0.977332,0.977146,0.976640,0.964722,0.967261,0.971830,0.973699,0.977303,0.979874,0.978709,0.914650,0.980501,0.978221,0.976014,0.981733,0.982600,0.982936,0.974094,0.979257,0.980472,0.978727,0.962300,0.974269,0.976685,0.972966,0.976271,0.976925,0.976530,0.976232,0.975613,0.975562,0.969327,0.969406,0.973059,0.974441,0.978621,0.979905,0.980704,0.931213,0.979535,0.978788,0.975568,0.979045,0.983964,0.984523,0.980123,0.974551,0.973879,0.976959,0.969147,0.974524,0.974354,0.976762,0.975693,0.971396,0.970908,0.969430,0.972477,0.968887,0.970958,0.970359,0.976518,0.978922,0.979534,0.981608,0.978091,0.936918,0.977840,0.974826,0.974033,0.977815,0.978797,0.985004,0.972745,0.976775,0.976802,0.977156,0.993454,0.976000,0.975685,0.974398,0.973942,0.973479,0.973024,0.972895,0.972921,0.972973,0.988378,0.987081,0.987060,0.982825,0.982531,0.981242,0.979302,0.953938,0.978496,0.977222,0.974462,0.973702,0.973471,0.975035,0.976192,0.976869,0.976879,0.976575,0.998242,0.975039,0.974884,0.974338,0.973634,0.973445,0.972577,0.973068,0.972650,0.972486,0.992975,0.987712,0.986612,0.985459,0.980949,0.982227,0.981395,0.963704,0.980386,0.980017,0.977578,0.976919,0.976320,0.975609,0.976112,0.975438,0.976000,0.975312,1.000000,0.968048,0.966988,0.968878,0.966567,0.965279,0.967765,0.968110,0.967026,0.964858,0.995992,0.990193,0.986586,0.986120,0.986068,0.983730,0.981747,0.970784,0.981780,0.981715,0.979238,0.977701,0.978752,0.978329,0.976961,0.976969,0.972980,0.972877,0.996418,0.964548,0.967999,0.964237,0.965978,0.966406,0.964166,0.966120,0.960731,0.960811,0.993279,0.991710,0.988028,0.981661,0.982481,0.980087,0.982452,0.973316,0.982332,0.981158,0.978943,0.978171,0.980632,0.978043,0.979750,0.979619,0.973849,0.974273
allando_v_sin_a8_f5_v100,0.902921,0.986574,0.986173,0.985517,0.986136,0.986241,0.986283,0.986208,0.986166,0.986126,0.914568,0.922642,0.928426,0.934889,0.943818,0.949241,0.955550,0.858543,0.954009,0.956959,0.958928,0.967782,0.972817,0.982511,0.985795,0.985549,0.986906,0.986888,0.900313,0.987088,0.984521,0.982730,0.982664,0.982491,0.982247,0.982248,0.982234,0.982291,0.918881,0.928788,0.933403,0.939666,0.947295,0.950686,0.956322,0.859433,0.955012,0.958120,0.960169,0.969784,0.974298,0.980051,0.977121,0.987792,0.987786,0.986414,0.910858,0.984126,0.984363,0.983017,0.987752,0.988109,0.987036,0.987096,0.987035,0.986989,0.927269,0.931423,0.936067,0.941862,0.949977,0.949544,0.958137,0.872771,0.955326,0.955154,0.958306,0.961323,0.971704,0.975131,0.978449,0.982576,0.987316,0.989346,0.922218,0.979304,0.982720,0.977343,0.979787,0.977074,0.979074,0.977387,0.977766,0.978178,0.929692,0.935511,0.944474,0.943829,0.950382,0.953482,0.957954,0.878070,0.957763,0.949350,0.954584,0.956870,0.967219,0.970531,0.968505,0.979864,0.985117,0.985131,0.959502,0.990195,0.989896,0.989451,0.989637,0.989497,0.989029,0.988929,0.989157,0.989232,0.965472,0.970156,0.977636,0.979842,0.981752,0.984002,0.985462,0.911282,0.987506,0.989266,0.988039,0.988608,0.989093,0.989931,0.990426,0.990812,0.990651,0.990299,0.967271,0.989460,0.989414,0.989347,0.989519,0.989419,0.989214,0.988980,0.988967,0.989506,0.972525,0.976770,0.979942,0.981853,0.980684,0.985076,0.984510,0.917574,0.984942,0.988938,0.988613,0.987785,0.990133,0.990010,0.990097,0.990174,0.989703,0.990698,0.968048,1.000000,0.998865,0.997014,0.992474,0.991342,0.990538,0.989753,0.990466,0.989444,0.976327,0.979611,0.980804,0.983349,0.983686,0.981189,0.981793,0.926745,0.985248,0.987980,0.987787,0.987246,0.988189,0.989837,0.987053,0.989648,0.991019,0.993316,0.966932,0.996691,0.995979,0.985468,0.987765,0.986705,0.986417,0.987099,0.984306,0.987433,0.982537,0.981950,0.983027,0.980970,0.982433,0.980952,0.984529,0.930179,0.985478,0.987837,0.986353,0.986553,0.986818,0.987792,0.988205,0.989852,0.990352,0.991886
allando_v_sin_a8_f5_v105,0.899649,0.985989,0.985499,0.984890,0.985403,0.985548,0.985632,0.985568,0.985530,0.985519,0.914379,0.922290,0.928018,0.932951,0.943194,0.947993,0.953978,0.856552,0.953524,0.956363,0.958877,0.967567,0.972263,0.981490,0.985253,0.985050,0.986284,0.986323,0.897313,0.986551,0.983930,0.982141,0.982075,0.981902,0.981624,0.981696,0.981707,0.981805,0.918917,0.928151,0.932880,0.937646,0.946561,0.949858,0.955003,0.857408,0.954468,0.957350,0.960103,0.969220,0.973740,0.979235,0.974615,0.985680,0.986618,0.985756,0.908160,0.984037,0.984427,0.982575,0.987397,0.987611,0.986536,0.986578,0.986495,0.986524,0.927063,0.930391,0.935299,0.939645,0.948736,0.949136,0.956529,0.870870,0.954996,0.953931,0.958288,0.960520,0.971161,0.973849,0.975791,0.978256,0.987710,0.989514,0.919282,0.979756,0.982474,0.977035,0.977826,0.976730,0.977672,0.976949,0.977672,0.977864,0.929252,0.934043,0.943507,0.943247,0.949425,0.952893,0.956150,0.876260,0.957651,0.949435,0.954922,0.955761,0.966473,0.969267,0.965440,0.976787,0.985314,0.985194,0.957315,0.989725,0.989410,0.988979,0.989213,0.989109,0.988543,0.988491,0.988758,0.988815,0.964681,0.969584,0.976899,0.979205,0.980947,0.983161,0.984748,0.909906,0.986655,0.988317,0.987451,0.988158,0.988536,0.989385,0.989829,0.990240,0.990095,0.989773,0.965312,0.988966,0.988910,0.988832,0.988970,0.988972,0.988707,0.988461,0.988469,0.988993,0.971263,0.975965,0.979105,0.980797,0.979964,0.983835,0.983221,0.916311,0.984284,0.988060,0.987788,0.987096,0.989566,0.989467,0.989576,0.989692,0.989173,0.990247,0.966988,0.998865,1.000000,0.997733,0.992996,0.991767,0.990539,0.989288,0.990044,0.989285,0.975595,0.978676,0.980169,0.982585,0.982798,0.980766,0.980895,0.925357,0.984314,0.987072,0.986892,0.986169,0.987905,0.989213,0.986275,0.988716,0.987544,0.990741,0.966259,0.996619,0.997840,0.985964,0.988577,0.986942,0.986036,0.987262,0.983820,0.987268,0.980815,0.980991,0.982263,0.980492,0.981588,0.980344,0.983960,0.928927,0.984434,0.986995,0.985581,0.985373,0.986578,0.986679,0.987402,0.988813,0.986988,0.989536
allando_v_sin_a8_f5_v110,0.901626,0.988567,0.988134,0.987374,0.987960,0.988122,0.988134,0.988037,0.987992,0.987985,0.916909,0.924620,0.930197,0.935649,0.945097,0.950499,0.955486,0.859003,0.956106,0.958907,0.960559,0.970486,0.973928,0.983665,0.987686,0.987431,0.988687,0.988679,0.899087,0.988872,0.986541,0.984801,0.984671,0.984492,0.984198,0.984263,0.984314,0.984389,0.920977,0.930457,0.935084,0.940138,0.948500,0.951932,0.956206,0.859937,0.956882,0.959275,0.961811,0.972558,0.974492,0.979732,0.976249,0.986913,0.988657,0.988036,0.909543,0.989703,0.989640,0.986875,0.990659,0.990538,0.989401,0.989216,0.989256,0.989156,0.929204,0.932814,0.937319,0.942194,0.949947,0.951374,0.957772,0.873166,0.958096,0.956571,0.959840,0.963836,0.972133,0.976864,0.976881,0.978640,0.984854,0.988347,0.920711,0.985487,0.987837,0.980918,0.981506,0.979768,0.981447,0.980350,0.981298,0.981253,0.931574,0.936253,0.946273,0.945245,0.951097,0.955327,0.957464,0.878203,0.959052,0.951756,0.956381,0.958005,0.967129,0.972438,0.966675,0.977830,0.982814,0.984117,0.959425,0.991787,0.991535,0.991278,0.991424,0.991320,0.990940,0.990787,0.991025,0.991041,0.967234,0.971602,0.979169,0.980926,0.982944,0.985364,0.986777,0.913028,0.988619,0.990183,0.989326,0.990533,0.990339,0.991343,0.991785,0.992079,0.991937,0.991661,0.967148,0.991424,0.991411,0.991372,0.991436,0.991457,0.991180,0.990926,0.990987,0.991503,0.973769,0.978193,0.981937,0.983181,0.982192,0.985728,0.985405,0.919068,0.986433,0.990531,0.989641,0.988998,0.991940,0.991880,0.991978,0.992106,0.991593,0.992546,0.968878,0.997014,0.997733,1.000000,0.997879,0.997355,0.995104,0.993657,0.993475,0.992597,0.978799,0.981040,0.982680,0.985084,0.984909,0.982796,0.983882,0.928064,0.986509,0.989339,0.988760,0.987907,0.989912,0.990912,0.988269,0.990773,0.989241,0.991674,0.967748,0.993061,0.995531,0.993864,0.994848,0.993412,0.989314,0.993195,0.987351,0.990570,0.980692,0.983884,0.984310,0.982387,0.983658,0.982339,0.987005,0.931507,0.986460,0.988413,0.987259,0.986965,0.988451,0.988391,0.988843,0.990333,0.987767,0.990503
allando_v_sin_a8_f5_v115,0.898775,0.988945,0.988568,0.987719,0.988365,0.988506,0.988478,0.988402,0.988352,0.988358,0.914977,0.922660,0.929374,0.934715,0.943340,0.949688,0.955719,0.857175,0.956738,0.957724,0.958653,0.969043,0.972441,0.982220,0.987377,0.987496,0.988622,0.988773,0.896004,0.988838,0.986848,0.985231,0.985051,0.984867,0.984545,0.984652,0.984731,0.984868,0.918691,0.928857,0.934310,0.938978,0.946714,0.950682,0.956471,0.858131,0.957290,0.957296,0.960181,0.971131,0.972672,0.976263,0.974467,0.985249,0.988375,0.988054,0.906290,0.991264,0.990903,0.987400,0.991258,0.990844,0.989723,0.989587,0.989772,0.989594,0.927536,0.931231,0.936037,0.940997,0.947560,0.950362,0.957650,0.870675,0.958833,0.955241,0.958250,0.962409,0.970180,0.975535,0.975153,0.975267,0.979213,0.982905,0.918231,0.987174,0.988720,0.981428,0.981754,0.980032,0.981900,0.980886,0.981166,0.981529,0.929568,0.934221,0.945656,0.944153,0.949574,0.954456,0.957629,0.875716,0.957938,0.950251,0.954527,0.955892,0.964685,0.971261,0.967503,0.974388,0.976951,0.979195,0.956774,0.991621,0.991447,0.991400,0.991541,0.991505,0.991217,0.991054,0.991127,0.991144,0.965178,0.969457,0.978253,0.979960,0.981872,0.983760,0.985439,0.910980,0.987737,0.989796,0.989488,0.990682,0.990426,0.991406,0.991749,0.991798,0.991573,0.991340,0.964750,0.991880,0.991970,0.991830,0.991981,0.991976,0.991663,0.991457,0.991619,0.992138,0.971768,0.976537,0.981001,0.982578,0.982030,0.984398,0.984102,0.916609,0.985784,0.990267,0.990012,0.989017,0.992132,0.992235,0.992297,0.992447,0.991849,0.992751,0.966567,0.992474,0.992996,0.997879,1.000000,0.999333,0.996631,0.994905,0.994212,0.993614,0.977476,0.979614,0.981236,0.983791,0.984277,0.982286,0.983031,0.925820,0.986326,0.988949,0.989123,0.987664,0.989264,0.989608,0.987613,0.989681,0.988336,0.990506,0.965697,0.985950,0.990359,0.996390,0.998114,0.995772,0.991951,0.994801,0.989173,0.990834,0.976563,0.982488,0.982741,0.980519,0.983074,0.982245,0.986406,0.929568,0.985722,0.987226,0.987539,0.986326,0.987573,0.986933,0.987352,0.988587,0.986660,0.988398
allando_v_sin_a8_f5_v120,0.897802,0.988442,0.988129,0.987317,0.987969,0.988147,0.988129,0.988049,0.988014,0.988031,0.914853,0.922846,0.928726,0.934009,0.942089,0.947994,0.953750,0.855275,0.954861,0.957692,0.958560,0.968643,0.971261,0.981806,0.986956,0.986968,0.988155,0.988276,0.895110,0.988379,0.986427,0.984789,0.984597,0.984419,0.984130,0.984236,0.984352,0.984512,0.918669,0.928740,0.933678,0.938487,0.945534,0.949147,0.954410,0.856284,0.955664,0.957074,0.959866,0.971088,0.971134,0.975649,0.974024,0.984798,0.987810,0.987578,0.905647,0.991676,0.991609,0.988988,0.991547,0.990979,0.989758,0.989493,0.989754,0.989485,0.927337,0.931046,0.935746,0.940491,0.946376,0.948803,0.955657,0.868879,0.956887,0.955057,0.957683,0.962191,0.968738,0.975196,0.974100,0.974652,0.978044,0.982148,0.917111,0.987145,0.989538,0.982270,0.982339,0.980870,0.983046,0.982030,0.982642,0.982774,0.929488,0.934615,0.945535,0.943491,0.948201,0.952964,0.955583,0.874060,0.955875,0.950073,0.954017,0.955499,0.963375,0.970867,0.964356,0.973697,0.975421,0.977682,0.955505,0.990520,0.990410,0.990462,0.990654,0.990656,0.990399,0.990174,0.990266,0.990274,0.964737,0.968723,0.977590,0.978936,0.981195,0.982816,0.984289,0.909795,0.986461,0.988350,0.987764,0.989392,0.989005,0.990029,0.990387,0.990488,0.990357,0.990217,0.963403,0.991027,0.991096,0.991040,0.991181,0.991226,0.990924,0.990727,0.990867,0.991421,0.971105,0.975802,0.980489,0.982001,0.981199,0.983607,0.983003,0.915479,0.984289,0.988938,0.988224,0.987680,0.991135,0.991213,0.991379,0.991503,0.990934,0.991851,0.965279,0.991342,0.991767,0.997355,0.999333,1.000000,0.997476,0.995772,0.994719,0.994039,0.976481,0.978903,0.980729,0.983252,0.983625,0.981620,0.981977,0.924669,0.984470,0.987407,0.987034,0.986215,0.988758,0.989143,0.987270,0.989212,0.987762,0.989484,0.964412,0.984602,0.989202,0.996677,0.998123,0.997224,0.990833,0.995650,0.989130,0.991725,0.975019,0.981552,0.981880,0.979842,0.982373,0.981342,0.985535,0.928338,0.984148,0.985537,0.985320,0.984894,0.986778,0.986200,0.986841,0.987840,0.985941,0.987980
allando_v_sin_a8_f5_v125,0.900808,0.990741,0.990574,0.990021,0.990522,0.990631,0.990635,0.990577,0.990553,0.990566,0.918822,0.926903,0.932537,0.937900,0.945429,0.950439,0.956675,0.858149,0.958005,0.960744,0.960656,0.969992,0.973226,0.983521,0.989231,0.989554,0.990471,0.990670,0.898213,0.990533,0.989090,0.987705,0.987527,0.987353,0.987060,0.987198,0.987323,0.987492,0.922645,0.933080,0.937773,0.942467,0.948628,0.951811,0.957304,0.859159,0.958925,0.960183,0.962336,0.971523,0.973172,0.976924,0.975601,0.986047,0.990097,0.990139,0.908392,0.988869,0.990312,0.992308,0.994408,0.993451,0.992251,0.992066,0.992403,0.992070,0.931422,0.935781,0.939898,0.944354,0.949589,0.951739,0.958776,0.872129,0.958604,0.958758,0.960138,0.963634,0.971018,0.976078,0.976242,0.974749,0.977972,0.981383,0.919913,0.984865,0.986849,0.987719,0.986699,0.984461,0.986435,0.985889,0.986531,0.987337,0.933800,0.939496,0.948702,0.947662,0.951840,0.956019,0.958196,0.877428,0.956986,0.953776,0.956626,0.958868,0.965259,0.972349,0.966412,0.972552,0.975322,0.977031,0.958158,0.992290,0.992254,0.992328,0.992453,0.992451,0.992388,0.992208,0.992328,0.992369,0.968053,0.972180,0.980444,0.981454,0.983649,0.984568,0.986299,0.912621,0.988150,0.989755,0.989180,0.990309,0.990309,0.991511,0.991957,0.992135,0.992152,0.992066,0.966042,0.993348,0.993384,0.993406,0.993540,0.993585,0.993290,0.993188,0.993256,0.993730,0.974007,0.979130,0.983020,0.985082,0.984111,0.985902,0.985523,0.918623,0.986426,0.990290,0.990042,0.989597,0.993083,0.993181,0.993551,0.993683,0.993175,0.994013,0.967765,0.990538,0.990539,0.995104,0.996631,0.997476,1.000000,0.999119,0.997769,0.996864,0.978286,0.982085,0.983771,0.985776,0.986803,0.984874,0.984575,0.927872,0.986742,0.989032,0.988985,0.988026,0.990907,0.991163,0.989892,0.991059,0.989747,0.990794,0.967127,0.982944,0.987720,0.992393,0.994795,0.996230,0.994106,0.996567,0.992050,0.993352,0.976012,0.983827,0.984869,0.983026,0.985564,0.984248,0.986656,0.931764,0.986513,0.987307,0.987365,0.986583,0.988979,0.988195,0.989195,0.989587,0.987924,0.988676
allando_v_sin_a8_f5_v130,0.901864,0.990689,0.990644,0.990156,0.990672,0.990785,0.990760,0.990687,0.990660,0.990664,0.919094,0.927353,0.931191,0.936990,0.944020,0.949799,0.956584,0.858762,0.958340,0.960289,0.960673,0.969910,0.973755,0.983738,0.989330,0.989610,0.990582,0.990627,0.899203,0.990360,0.989026,0.987695,0.987542,0.987393,0.987065,0.987210,0.987379,0.987595,0.922557,0.933716,0.936279,0.941449,0.947217,0.951235,0.957037,0.859747,0.959159,0.959769,0.962132,0.971040,0.973588,0.976821,0.974872,0.986219,0.990122,0.990106,0.908895,0.986661,0.988931,0.992216,0.994202,0.993407,0.992212,0.992058,0.992428,0.992039,0.931376,0.936300,0.938333,0.943439,0.948411,0.951240,0.958371,0.872484,0.958373,0.958860,0.960045,0.963924,0.971848,0.975893,0.976315,0.974678,0.975953,0.980177,0.920539,0.982062,0.984707,0.986351,0.988121,0.984894,0.987646,0.985766,0.987053,0.987984,0.933191,0.940042,0.947306,0.947098,0.950810,0.955113,0.957791,0.877841,0.956168,0.953502,0.956496,0.959960,0.965779,0.972382,0.966799,0.971631,0.973886,0.975695,0.959017,0.991663,0.991644,0.991719,0.991821,0.991819,0.991849,0.991653,0.991862,0.991864,0.968665,0.973053,0.979756,0.980024,0.982535,0.983241,0.985241,0.913159,0.987463,0.989308,0.988804,0.989762,0.989918,0.991107,0.991576,0.991702,0.991596,0.991473,0.966822,0.993107,0.993162,0.993263,0.993336,0.993385,0.993032,0.993020,0.993079,0.993577,0.974769,0.979839,0.982846,0.984390,0.982795,0.985122,0.984763,0.919174,0.985926,0.989756,0.989450,0.989479,0.992783,0.992929,0.993431,0.993588,0.992925,0.993852,0.968110,0.989753,0.989288,0.993657,0.994905,0.995772,0.999119,1.000000,0.998450,0.997769,0.977967,0.982312,0.984402,0.985793,0.986308,0.984205,0.983722,0.928169,0.986382,0.988615,0.988515,0.987936,0.990425,0.991559,0.990332,0.991697,0.990457,0.991252,0.967039,0.981638,0.986306,0.989499,0.992633,0.994871,0.994796,0.996454,0.993133,0.993712,0.975835,0.983886,0.985087,0.983594,0.984581,0.982943,0.985371,0.932125,0.985959,0.986707,0.986697,0.986323,0.988511,0.988695,0.989517,0.990166,0.988437,0.989007
allando_v_sin_a8_f5_v135,0.899064,0.990605,0.990680,0.990134,0.990904,0.990974,0.990868,0.990784,0.990747,0.990762,0.918265,0.926366,0.930252,0.935304,0.943824,0.948596,0.956577,0.857259,0.956586,0.959543,0.961348,0.968138,0.971914,0.982494,0.989554,0.989568,0.990791,0.990611,0.896456,0.990270,0.988952,0.987612,0.987550,0.987385,0.987072,0.987241,0.987373,0.987718,0.922433,0.932844,0.935539,0.939980,0.947214,0.950243,0.957349,0.858212,0.957524,0.958481,0.962928,0.969471,0.972248,0.975721,0.972773,0.984694,0.990061,0.990043,0.906596,0.985323,0.987288,0.990821,0.993229,0.993341,0.992395,0.992332,0.992866,0.992350,0.931373,0.935506,0.937910,0.941743,0.948692,0.950337,0.958781,0.871054,0.956886,0.957108,0.960983,0.961459,0.970028,0.973739,0.974423,0.974277,0.976576,0.979824,0.918495,0.980531,0.982821,0.984173,0.985705,0.987723,0.989572,0.985755,0.985831,0.987203,0.933135,0.939864,0.946873,0.945501,0.951067,0.954275,0.958442,0.876538,0.955660,0.952185,0.957483,0.957419,0.964250,0.969860,0.965033,0.970169,0.973849,0.976830,0.957638,0.992212,0.992147,0.992229,0.992192,0.992226,0.992405,0.992171,0.992243,0.992226,0.971190,0.973000,0.979234,0.979786,0.982056,0.983281,0.986074,0.912816,0.987893,0.989703,0.989073,0.989931,0.990351,0.991397,0.991814,0.991991,0.991922,0.991797,0.965286,0.993549,0.993666,0.993572,0.993754,0.993740,0.993426,0.993454,0.993470,0.993915,0.976718,0.980059,0.982757,0.984366,0.982503,0.985024,0.985231,0.918704,0.985888,0.989799,0.989736,0.989265,0.993219,0.993445,0.993868,0.994022,0.993529,0.994124,0.967026,0.990466,0.990044,0.993475,0.994212,0.994719,0.997769,0.998450,1.000000,0.999608,0.977468,0.982752,0.984741,0.985941,0.986389,0.983699,0.983859,0.927773,0.986508,0.988678,0.988415,0.987859,0.990491,0.990985,0.989025,0.990720,0.989327,0.989910,0.966755,0.982361,0.986684,0.987873,0.991118,0.993173,0.994160,0.996079,0.996362,0.996929,0.975736,0.983470,0.985391,0.983941,0.984098,0.982596,0.985382,0.931769,0.986259,0.986849,0.986558,0.986161,0.988302,0.987832,0.988227,0.989519,0.988353,0.987298
allando_v_sin_a8_f5_v140,0.896722,0.989211,0.989318,0.988742,0.989600,0.989682,0.989539,0.989451,0.989409,0.989433,0.916400,0.924865,0.928290,0.933006,0.941642,0.946549,0.955340,0.854890,0.955420,0.958298,0.960794,0.966903,0.970611,0.981009,0.988234,0.988109,0.989423,0.989193,0.894187,0.988758,0.987369,0.985977,0.985928,0.985785,0.985450,0.985642,0.985783,0.986166,0.920592,0.931346,0.933382,0.937665,0.945000,0.948125,0.956281,0.855788,0.956249,0.957073,0.962370,0.968296,0.971106,0.974118,0.971296,0.983483,0.988628,0.988536,0.904271,0.984081,0.986126,0.989596,0.991923,0.992015,0.991046,0.991017,0.991597,0.991059,0.929647,0.933698,0.935627,0.939370,0.946318,0.948283,0.957292,0.868352,0.955708,0.955634,0.960409,0.959925,0.968923,0.972143,0.973066,0.972668,0.975176,0.978328,0.916333,0.979171,0.981584,0.982585,0.984632,0.987886,0.989669,0.985075,0.985121,0.986545,0.930918,0.937927,0.944805,0.943294,0.948996,0.952113,0.957063,0.873872,0.954514,0.950829,0.956831,0.955661,0.963164,0.968389,0.964573,0.968686,0.972399,0.975562,0.955632,0.990765,0.990664,0.990748,0.990692,0.990752,0.990965,0.990694,0.990758,0.990747,0.969957,0.971488,0.977433,0.978014,0.980253,0.981152,0.984136,0.910789,0.986274,0.988303,0.987884,0.988780,0.989252,0.990185,0.990525,0.990609,0.990463,0.990331,0.963082,0.992056,0.992199,0.992081,0.992297,0.992333,0.991959,0.991979,0.992033,0.992548,0.975198,0.978539,0.981069,0.982631,0.980868,0.983153,0.983218,0.916453,0.984360,0.988305,0.988407,0.988108,0.991972,0.992187,0.992570,0.992738,0.992109,0.992785,0.964858,0.989444,0.989285,0.992597,0.993614,0.994039,0.996864,0.997769,0.999608,1.000000,0.975360,0.980990,0.983312,0.984257,0.984659,0.982014,0.981673,0.925281,0.984976,0.987195,0.987124,0.986822,0.989413,0.990142,0.987801,0.989412,0.988092,0.989147,0.964971,0.981060,0.986084,0.986622,0.990728,0.992398,0.994124,0.995521,0.997401,0.997485,0.973673,0.981453,0.983684,0.982457,0.982171,0.980941,0.983470,0.929367,0.984471,0.985268,0.985228,0.984997,0.987216,0.987037,0.986852,0.988010,0.987159,0.986247
allando_v_sin_a8_f5_v15,0.947330,0.983003,0.982788,0.981276,0.981339,0.981139,0.980780,0.980482,0.980254,0.980168,0.957520,0.961942,0.966541,0.970317,0.975386,0.978397,0.980783,0.908543,0.978738,0.979371,0.975156,0.980180,0.981914,0.985560,0.984910,0.983628,0.983737,0.983403,0.947000,0.983162,0.983077,0.982572,0.982329,0.981965,0.981684,0.981597,0.981386,0.981059,0.962268,0.967281,0.970861,0.973305,0.977561,0.978893,0.980467,0.909435,0.978983,0.978275,0.977028,0.981372,0.981311,0.983178,0.977634,0.983280,0.984966,0.983302,0.955896,0.982559,0.983090,0.981564,0.983884,0.983473,0.982669,0.982280,0.981831,0.981592,0.968023,0.969391,0.972028,0.973804,0.978527,0.978227,0.982157,0.925738,0.979125,0.977744,0.976314,0.974657,0.981328,0.984052,0.982666,0.978302,0.978732,0.981688,0.964098,0.982053,0.982266,0.982608,0.982696,0.978999,0.978759,0.977025,0.978285,0.976856,0.969509,0.970736,0.977133,0.976230,0.979894,0.980839,0.979894,0.931188,0.979192,0.973214,0.974052,0.971678,0.975914,0.983747,0.975748,0.980224,0.980423,0.981948,0.989298,0.983827,0.983430,0.982355,0.982041,0.981661,0.981198,0.981094,0.981098,0.981160,0.991643,0.990681,0.992247,0.989043,0.988479,0.988488,0.986809,0.951271,0.986179,0.985320,0.982551,0.981980,0.981587,0.982954,0.983856,0.984425,0.984553,0.984159,0.994146,0.982780,0.982630,0.982126,0.981527,0.981370,0.980716,0.981003,0.980618,0.980433,0.996701,0.993163,0.992613,0.991766,0.987851,0.989063,0.988130,0.959004,0.986917,0.987621,0.985128,0.983551,0.984232,0.983429,0.983672,0.983287,0.983680,0.982805,0.995992,0.976327,0.975595,0.978799,0.977476,0.976481,0.978286,0.977967,0.977468,0.975360,1.000000,0.995339,0.993036,0.992460,0.991761,0.988460,0.987873,0.967237,0.988220,0.988651,0.986208,0.984344,0.985100,0.983250,0.978339,0.979972,0.978828,0.979026,0.995409,0.971990,0.975917,0.975339,0.976771,0.976972,0.975159,0.977989,0.971978,0.972269,0.995742,0.997252,0.994047,0.988339,0.988765,0.986382,0.989249,0.970044,0.988472,0.987595,0.985489,0.984467,0.986230,0.982771,0.980715,0.982313,0.979898,0.978912
allando_v_sin_a8_f5_v20,0.933901,0.984616,0.984458,0.982835,0.983246,0.983067,0.982773,0.982410,0.982125,0.981962,0.953695,0.955430,0.958015,0.962865,0.969955,0.973102,0.976470,0.897397,0.974980,0.975262,0.973148,0.978361,0.981083,0.985658,0.985889,0.985195,0.985048,0.985298,0.932793,0.984448,0.984269,0.983231,0.982941,0.982481,0.982025,0.982064,0.981900,0.981752,0.958611,0.961290,0.962914,0.966526,0.972568,0.974092,0.976400,0.898340,0.975574,0.974028,0.974900,0.979514,0.980832,0.982559,0.976962,0.983430,0.986134,0.984856,0.942243,0.980941,0.982793,0.983861,0.985404,0.985306,0.984421,0.984087,0.983954,0.983456,0.965954,0.964318,0.964966,0.967831,0.973521,0.973688,0.978886,0.914069,0.975087,0.973411,0.973802,0.973117,0.980095,0.982384,0.980995,0.977224,0.977700,0.980338,0.952152,0.979982,0.980292,0.982522,0.982875,0.983467,0.982225,0.985163,0.985635,0.982685,0.967522,0.966911,0.971178,0.970739,0.974863,0.976485,0.976744,0.919492,0.974155,0.968777,0.971384,0.970913,0.974670,0.981096,0.973240,0.977593,0.978694,0.980259,0.982963,0.986961,0.986513,0.985650,0.985498,0.985246,0.984880,0.984695,0.984771,0.984838,0.991735,0.991531,0.991849,0.989088,0.988800,0.988980,0.988660,0.945063,0.988775,0.988524,0.986121,0.985548,0.985485,0.986674,0.987238,0.987562,0.987613,0.987179,0.988173,0.986660,0.986625,0.985742,0.985142,0.985043,0.984555,0.984713,0.984350,0.984305,0.993973,0.994743,0.993749,0.992643,0.988893,0.990595,0.990121,0.951845,0.988627,0.989883,0.988143,0.986451,0.987562,0.987151,0.987574,0.986504,0.987356,0.986461,0.990193,0.979611,0.978676,0.981040,0.979614,0.978903,0.982085,0.982312,0.982752,0.980990,0.995339,1.000000,0.995320,0.994611,0.993256,0.989548,0.989173,0.959454,0.990063,0.990610,0.988658,0.986609,0.988302,0.986391,0.982734,0.983529,0.981365,0.981746,0.989529,0.973570,0.977267,0.975064,0.977292,0.978900,0.979272,0.980776,0.978355,0.978321,0.992548,0.995710,0.997847,0.991212,0.989534,0.987505,0.990163,0.962654,0.990201,0.989024,0.987562,0.986162,0.988723,0.985306,0.984421,0.985266,0.982525,0.980946
allando_v_sin_a8_f5_v25,0.929375,0.984892,0.984576,0.983715,0.983459,0.983517,0.983486,0.983467,0.983425,0.983481,0.944766,0.955071,0.954306,0.960013,0.967050,0.969783,0.974449,0.890758,0.972722,0.974012,0.973383,0.976957,0.979228,0.984466,0.985347,0.985284,0.985040,0.985159,0.928657,0.984418,0.983876,0.983258,0.983119,0.982946,0.982820,0.982873,0.982729,0.982711,0.949608,0.961079,0.958924,0.963899,0.969818,0.970648,0.974856,0.891523,0.973386,0.972627,0.975067,0.978655,0.978883,0.981087,0.975640,0.983974,0.985652,0.984636,0.938191,0.981489,0.982503,0.984448,0.985805,0.985805,0.984584,0.984668,0.984597,0.984194,0.956977,0.963988,0.961164,0.965191,0.970920,0.970292,0.976366,0.907667,0.973345,0.972144,0.973999,0.970894,0.978403,0.981033,0.980579,0.976816,0.976734,0.980110,0.948215,0.979410,0.980457,0.981815,0.983729,0.981788,0.982803,0.981013,0.981926,0.983271,0.958240,0.967018,0.968915,0.967206,0.973086,0.973302,0.974640,0.912759,0.973229,0.967446,0.971545,0.968428,0.972638,0.980156,0.972586,0.977005,0.977487,0.979483,0.979049,0.987162,0.986750,0.986066,0.986777,0.986533,0.985582,0.986204,0.986179,0.986114,0.986500,0.993931,0.992075,0.988195,0.988447,0.988796,0.988300,0.939861,0.988482,0.988450,0.986289,0.986126,0.986054,0.987330,0.987908,0.988275,0.988450,0.988162,0.984444,0.987049,0.986736,0.986961,0.986693,0.986625,0.986049,0.986303,0.985880,0.985833,0.990986,0.998285,0.995039,0.992335,0.988419,0.990710,0.990393,0.946876,0.989319,0.990454,0.988019,0.986881,0.988174,0.987330,0.987675,0.987012,0.987348,0.987440,0.986586,0.980804,0.980169,0.982680,0.981236,0.980729,0.983771,0.984402,0.984741,0.983312,0.993036,0.995320,1.000000,0.996363,0.993142,0.989412,0.989399,0.954758,0.990416,0.991186,0.988774,0.987208,0.988738,0.987144,0.982432,0.983871,0.983074,0.983166,0.986971,0.974179,0.978771,0.976114,0.978868,0.980372,0.980582,0.982572,0.980157,0.980152,0.990621,0.994690,0.996102,0.994157,0.989914,0.987257,0.990658,0.958031,0.990562,0.989484,0.987546,0.986716,0.988908,0.986229,0.983870,0.985043,0.983933,0.981930
allando_v_sin_a8_f5_v30,0.927928,0.986824,0.986561,0.985498,0.985513,0.985465,0.985299,0.985170,0.985077,0.985107,0.943148,0.954116,0.957359,0.963382,0.970003,0.972753,0.976194,0.890118,0.975662,0.975998,0.972875,0.978354,0.980454,0.985987,0.987880,0.987304,0.987266,0.987227,0.927052,0.986499,0.986097,0.985212,0.985019,0.984741,0.984496,0.984596,0.984498,0.984539,0.947836,0.960382,0.962184,0.967292,0.972746,0.973782,0.976589,0.890946,0.976640,0.975026,0.974657,0.980260,0.980321,0.983336,0.977479,0.985111,0.987715,0.986724,0.935916,0.983484,0.984187,0.984711,0.987222,0.987476,0.986498,0.986463,0.986307,0.986046,0.955711,0.964159,0.964931,0.969065,0.974091,0.973425,0.978671,0.907093,0.976546,0.974230,0.973577,0.972729,0.979723,0.983033,0.981406,0.978949,0.979276,0.982346,0.946593,0.981643,0.982795,0.983631,0.984250,0.982486,0.983419,0.981990,0.982396,0.982351,0.957980,0.967395,0.972599,0.971139,0.975444,0.976532,0.977190,0.911677,0.975261,0.969857,0.971215,0.969957,0.974378,0.981676,0.973215,0.979006,0.979551,0.981588,0.977575,0.990705,0.990344,0.989688,0.990474,0.990277,0.989116,0.989406,0.989611,0.989834,0.984885,0.991295,0.995025,0.992151,0.992326,0.992504,0.991956,0.938482,0.992109,0.991968,0.989559,0.989605,0.989515,0.990722,0.991172,0.991413,0.991659,0.991521,0.983516,0.989965,0.989635,0.989350,0.989133,0.989338,0.989224,0.988862,0.988672,0.988342,0.989520,0.994431,0.998596,0.995377,0.992534,0.994435,0.993506,0.945394,0.992229,0.994049,0.991703,0.990630,0.991466,0.990668,0.990553,0.989888,0.990404,0.989830,0.986120,0.983349,0.982585,0.985084,0.983791,0.983252,0.985776,0.985793,0.985941,0.984257,0.992460,0.994611,0.996363,1.000000,0.996617,0.993514,0.993055,0.953515,0.993812,0.994946,0.992492,0.990897,0.992123,0.989486,0.985500,0.986802,0.984699,0.985079,0.986399,0.977476,0.981155,0.979460,0.981713,0.983109,0.982379,0.984873,0.981134,0.982466,0.990528,0.994677,0.995751,0.993933,0.994518,0.992149,0.994741,0.956930,0.994305,0.993838,0.991426,0.990695,0.992264,0.988327,0.986953,0.988124,0.985407,0.984406
allando_v_sin_a8_f5_v35,0.928811,0.988465,0.988251,0.987125,0.987287,0.987118,0.986873,0.986738,0.986622,0.986594,0.942998,0.950123,0.962351,0.967488,0.971151,0.973232,0.977139,0.889965,0.977626,0.977062,0.974221,0.979610,0.981770,0.987485,0.989737,0.988866,0.988936,0.988863,0.928033,0.988265,0.988070,0.987272,0.987054,0.986775,0.986530,0.986574,0.986472,0.986282,0.947916,0.956639,0.967610,0.971606,0.973424,0.974378,0.977582,0.890699,0.978838,0.976843,0.976367,0.981253,0.982025,0.984319,0.980337,0.986716,0.989666,0.988548,0.937462,0.984360,0.985185,0.984633,0.988404,0.988718,0.988152,0.987978,0.987821,0.987602,0.956098,0.960517,0.970646,0.973421,0.974937,0.974425,0.979944,0.907058,0.978260,0.976511,0.975188,0.974658,0.981371,0.984936,0.983384,0.980690,0.981361,0.983587,0.948381,0.982648,0.983755,0.986642,0.985447,0.984037,0.983706,0.983224,0.983274,0.981463,0.958970,0.963791,0.976431,0.976029,0.976806,0.977780,0.978085,0.912361,0.976505,0.971968,0.972700,0.971954,0.975570,0.983630,0.976326,0.979670,0.980637,0.982648,0.977322,0.992887,0.992739,0.992063,0.992375,0.992140,0.991527,0.991424,0.991399,0.991590,0.983680,0.986656,0.996328,0.996506,0.996314,0.994455,0.993281,0.937734,0.993442,0.993247,0.991692,0.991481,0.991402,0.992439,0.992846,0.993075,0.993461,0.993351,0.983937,0.991835,0.991473,0.990997,0.990974,0.991051,0.990853,0.990715,0.990506,0.990149,0.988052,0.990750,0.995784,0.998664,0.997012,0.997320,0.994711,0.945240,0.993455,0.994760,0.993887,0.992704,0.993396,0.992669,0.992329,0.991740,0.992363,0.991419,0.986068,0.983686,0.982798,0.984909,0.984277,0.983625,0.986803,0.986308,0.986389,0.984659,0.991761,0.993256,0.993142,0.996617,0.999999,0.997988,0.994651,0.953712,0.994918,0.995471,0.993895,0.992406,0.994003,0.990772,0.988266,0.989185,0.987026,0.987454,0.985870,0.978274,0.981993,0.980285,0.982803,0.984512,0.983510,0.984668,0.981452,0.982161,0.990454,0.993881,0.994219,0.990669,0.998222,0.997040,0.996741,0.957503,0.995424,0.994449,0.992967,0.992104,0.994221,0.989239,0.989324,0.990329,0.987692,0.986724
allando_v_sin_a8_f5_v40,0.925977,0.987417,0.987166,0.986109,0.986174,0.986006,0.985772,0.985658,0.985562,0.985535,0.940923,0.946788,0.960648,0.967420,0.970339,0.972987,0.974903,0.886484,0.978567,0.977711,0.973780,0.979663,0.981125,0.986494,0.988996,0.988041,0.987914,0.987778,0.925264,0.987173,0.987124,0.986324,0.986112,0.985832,0.985544,0.985662,0.985630,0.985326,0.945382,0.952874,0.965760,0.971485,0.972831,0.974378,0.975394,0.887248,0.979818,0.978274,0.975766,0.981083,0.981151,0.983248,0.978059,0.985072,0.988330,0.987466,0.934210,0.982458,0.983805,0.981818,0.986652,0.987064,0.986688,0.986462,0.986289,0.986188,0.953106,0.956385,0.968473,0.973623,0.974567,0.974868,0.977670,0.903933,0.979045,0.978015,0.974634,0.975196,0.980978,0.983938,0.981108,0.977776,0.979101,0.981762,0.944849,0.981068,0.981802,0.985413,0.982777,0.980631,0.980214,0.979978,0.981486,0.978607,0.955997,0.959164,0.973917,0.978235,0.976617,0.977966,0.975581,0.909218,0.975995,0.974305,0.972283,0.972097,0.974970,0.982824,0.973173,0.976978,0.978679,0.980362,0.973849,0.992550,0.992488,0.991870,0.992070,0.991828,0.991304,0.991218,0.991199,0.991350,0.979131,0.982669,0.994344,0.996049,0.997372,0.994879,0.993265,0.935017,0.993130,0.992243,0.991085,0.990987,0.990680,0.991845,0.992255,0.992510,0.992968,0.993010,0.980953,0.991027,0.990545,0.990107,0.990146,0.990374,0.990217,0.990025,0.989846,0.989392,0.983531,0.986543,0.992914,0.996638,0.997825,0.997121,0.994318,0.943143,0.993713,0.993714,0.992607,0.992687,0.992781,0.992004,0.991433,0.990781,0.991591,0.990547,0.983730,0.981189,0.980766,0.982796,0.982286,0.981620,0.984874,0.984205,0.983699,0.982014,0.988460,0.989548,0.989412,0.993514,0.997988,1.000000,0.995452,0.951267,0.994404,0.994313,0.992734,0.991664,0.993664,0.990200,0.988158,0.988895,0.984577,0.985630,0.983369,0.976621,0.981013,0.978974,0.981755,0.983437,0.981318,0.982518,0.977956,0.979017,0.986927,0.990770,0.990944,0.987384,0.997673,0.998326,0.996802,0.955148,0.994879,0.993695,0.992108,0.991349,0.993982,0.988334,0.989082,0.989792,0.985012,0.985688
allando_v_sin_a8_f5_v45,0.922430,0.986478,0.986194,0.985154,0.985266,0.985054,0.984851,0.984726,0.984642,0.984645,0.936703,0.943645,0.953888,0.963761,0.972676,0.975714,0.973982,0.882649,0.975434,0.976308,0.970939,0.977670,0.979300,0.985085,0.987798,0.986936,0.987000,0.986818,0.921762,0.986271,0.986091,0.985074,0.984918,0.984593,0.984321,0.984480,0.984403,0.984249,0.941566,0.950083,0.959869,0.967954,0.976086,0.977075,0.974488,0.883505,0.976466,0.976906,0.972950,0.979231,0.979101,0.981611,0.977566,0.983908,0.987383,0.986547,0.931062,0.982863,0.983655,0.981763,0.986280,0.986636,0.986090,0.985900,0.985739,0.985619,0.949713,0.954676,0.962561,0.969930,0.977916,0.977381,0.977376,0.901473,0.976850,0.976397,0.972102,0.973038,0.978332,0.981665,0.980719,0.976959,0.977936,0.981134,0.942300,0.982659,0.981508,0.983281,0.982177,0.979262,0.979917,0.978550,0.979605,0.978981,0.954356,0.957408,0.969016,0.972064,0.979625,0.980624,0.975088,0.906107,0.975244,0.971799,0.969655,0.969785,0.972538,0.979988,0.971165,0.976563,0.979108,0.979977,0.972133,0.993579,0.993460,0.992881,0.992875,0.992618,0.992271,0.992465,0.992279,0.992320,0.977879,0.982276,0.991163,0.991808,0.993746,0.997223,0.997302,0.932834,0.996001,0.993986,0.991502,0.991390,0.990937,0.992383,0.993062,0.993517,0.993973,0.993964,0.978649,0.991232,0.990904,0.990521,0.990410,0.990676,0.990690,0.990477,0.990196,0.989658,0.983014,0.986451,0.992262,0.993104,0.993383,0.996004,0.998291,0.941311,0.996994,0.995466,0.992968,0.991803,0.992927,0.992267,0.991461,0.990905,0.991944,0.990815,0.981747,0.981793,0.980895,0.983882,0.983031,0.981977,0.984575,0.983722,0.983859,0.981673,0.987873,0.989173,0.989399,0.993055,0.994651,0.995452,1.000000,0.950168,0.997380,0.996154,0.993931,0.991082,0.992509,0.989029,0.985612,0.987059,0.984197,0.984459,0.981246,0.977234,0.980587,0.981285,0.981760,0.983012,0.980720,0.983533,0.978413,0.979232,0.986296,0.990399,0.990638,0.987411,0.993388,0.993662,0.997829,0.953637,0.997602,0.995718,0.993541,0.990830,0.992635,0.987540,0.986835,0.988247,0.984617,0.984283
allando_v_sin_a8_f5_v5,0.946447,0.944780,0.945091,0.942934,0.942494,0.942071,0.941596,0.941284,0.941039,0.940964,0.948801,0.951235,0.956421,0.959433,0.959077,0.961057,0.959696,0.948064,0.956705,0.954995,0.951498,0.953710,0.952960,0.950478,0.948134,0.947040,0.946024,0.945442,0.946083,0.945695,0.948874,0.950748,0.950461,0.949999,0.949817,0.949679,0.949269,0.948255,0.953184,0.957263,0.960535,0.960250,0.960531,0.962106,0.958749,0.948784,0.956628,0.954054,0.952564,0.953255,0.951675,0.950998,0.941351,0.942597,0.947841,0.946091,0.952795,0.939117,0.940227,0.938284,0.941042,0.943158,0.944134,0.943796,0.942325,0.942323,0.958473,0.959268,0.960163,0.959548,0.961549,0.961633,0.960557,0.960726,0.956419,0.954488,0.953113,0.950064,0.952266,0.951934,0.948807,0.941663,0.940992,0.942454,0.960039,0.941468,0.940526,0.944091,0.943293,0.939176,0.937186,0.936190,0.939435,0.936453,0.959268,0.957431,0.960715,0.961077,0.962213,0.962258,0.956309,0.966089,0.956230,0.950619,0.952346,0.948494,0.947165,0.953928,0.944702,0.946849,0.945345,0.946096,0.973335,0.940303,0.939991,0.939177,0.938793,0.938366,0.937696,0.937849,0.937959,0.938025,0.966383,0.959804,0.957873,0.953313,0.952505,0.950871,0.946583,0.988886,0.944550,0.942611,0.939984,0.938083,0.937406,0.939013,0.940230,0.941194,0.941189,0.940547,0.971482,0.939023,0.939038,0.938635,0.937317,0.937329,0.936267,0.937398,0.936886,0.935616,0.965384,0.957759,0.955032,0.953570,0.948758,0.949957,0.948123,0.996932,0.946375,0.945509,0.942113,0.941503,0.939663,0.938619,0.939684,0.938537,0.940335,0.937925,0.970784,0.926745,0.925357,0.928064,0.925820,0.924669,0.927872,0.928169,0.927773,0.925281,0.967237,0.959454,0.954758,0.953515,0.953712,0.951267,0.950168,1.000000,0.948961,0.948124,0.944048,0.942753,0.942545,0.938151,0.931874,0.933244,0.930926,0.931311,0.969733,0.924821,0.927444,0.925453,0.926413,0.928021,0.927709,0.930025,0.924174,0.923398,0.962904,0.960039,0.955789,0.949535,0.949497,0.948356,0.950620,0.999172,0.949692,0.947443,0.944727,0.943611,0.945885,0.940545,0.936677,0.938476,0.933813,0.932921
allando_v_sin_a8_f5_v50,0.921919,0.988648,0.988388,0.987311,0.987499,0.987274,0.987062,0.986950,0.986840,0.986829,0.935765,0.943583,0.952970,0.961326,0.971158,0.975969,0.978080,0.883618,0.978711,0.977197,0.972504,0.978336,0.981479,0.986867,0.989779,0.988939,0.989005,0.988928,0.921447,0.988317,0.987926,0.986852,0.986698,0.986435,0.986123,0.986250,0.986118,0.985973,0.940841,0.950729,0.958595,0.965351,0.974461,0.977037,0.979056,0.884308,0.979499,0.977577,0.974578,0.979694,0.982054,0.983011,0.979226,0.987027,0.989806,0.988635,0.930476,0.984246,0.985543,0.983952,0.988927,0.988894,0.988265,0.988239,0.987994,0.987941,0.950232,0.954930,0.961165,0.967452,0.975654,0.977039,0.980834,0.901157,0.980190,0.976671,0.973695,0.973109,0.980803,0.982580,0.983106,0.979612,0.980138,0.982830,0.943108,0.983092,0.982890,0.983796,0.984439,0.981927,0.982473,0.981005,0.981107,0.981141,0.953157,0.957371,0.967917,0.970041,0.977959,0.979972,0.979539,0.906107,0.978784,0.972044,0.970957,0.969880,0.975336,0.980864,0.977589,0.978691,0.980878,0.982148,0.972164,0.995045,0.994838,0.994245,0.994218,0.993963,0.993696,0.993819,0.993675,0.993761,0.978034,0.983028,0.990584,0.991113,0.992229,0.994847,0.996495,0.931719,0.997333,0.996776,0.995141,0.994795,0.994694,0.995602,0.995924,0.995877,0.995727,0.995515,0.979028,0.993028,0.992894,0.992445,0.992413,0.992661,0.992474,0.992266,0.992179,0.991895,0.983472,0.987884,0.992494,0.992776,0.992611,0.995079,0.997066,0.939724,0.998233,0.997919,0.996776,0.995172,0.995508,0.994826,0.993848,0.993535,0.993785,0.993074,0.981780,0.985248,0.984314,0.986509,0.986326,0.984470,0.986742,0.986382,0.986508,0.984976,0.988220,0.990063,0.990416,0.993812,0.994918,0.994404,0.997380,0.948961,1.000000,0.998847,0.997818,0.995198,0.994473,0.991444,0.987166,0.988954,0.987057,0.988360,0.982475,0.979997,0.983956,0.981878,0.985010,0.984392,0.987049,0.985186,0.983247,0.982143,0.987250,0.991147,0.991859,0.989207,0.993008,0.993591,0.996883,0.953028,0.999205,0.998234,0.997392,0.994958,0.994794,0.990267,0.988642,0.990234,0.987825,0.987072
allando_v_sin_a8_f5_v55,0.920944,0.989752,0.989489,0.988437,0.988706,0.988559,0.988347,0.988225,0.988113,0.988099,0.935138,0.943236,0.952281,0.959708,0.968853,0.973940,0.977265,0.882874,0.977510,0.976331,0.972470,0.978719,0.981567,0.987386,0.990610,0.989877,0.990102,0.990031,0.920148,0.989450,0.988834,0.987685,0.987521,0.987282,0.986973,0.987069,0.986953,0.986863,0.940172,0.950124,0.957555,0.963723,0.972079,0.974904,0.978140,0.883579,0.978321,0.976596,0.974424,0.980446,0.982059,0.983885,0.980030,0.987967,0.990699,0.989665,0.929396,0.985973,0.986962,0.985425,0.990022,0.990048,0.989388,0.989326,0.989110,0.989059,0.949272,0.953990,0.960128,0.965856,0.973284,0.974762,0.980038,0.899711,0.979210,0.975364,0.973321,0.973287,0.980740,0.983148,0.983491,0.981050,0.981762,0.984397,0.941649,0.984248,0.984762,0.984452,0.985085,0.982905,0.983481,0.982320,0.982305,0.982273,0.951811,0.956665,0.967513,0.968521,0.975205,0.977540,0.978872,0.904684,0.978049,0.970801,0.970646,0.969642,0.975412,0.981263,0.976784,0.980441,0.982060,0.983610,0.972457,0.995625,0.995339,0.994806,0.994940,0.994734,0.994258,0.994370,0.994388,0.994490,0.978796,0.983722,0.991195,0.991317,0.992303,0.994185,0.995562,0.931739,0.997023,0.997572,0.996035,0.995779,0.995704,0.996535,0.996768,0.996686,0.996418,0.996063,0.979141,0.993996,0.993915,0.993474,0.993437,0.993666,0.993403,0.993179,0.993148,0.992970,0.984088,0.988526,0.993344,0.993259,0.992608,0.995081,0.996157,0.939132,0.997236,0.999027,0.997434,0.995987,0.996370,0.995731,0.994931,0.994655,0.994678,0.994154,0.981715,0.987980,0.987072,0.989339,0.988949,0.987407,0.989032,0.988615,0.988678,0.987195,0.988651,0.990610,0.991186,0.994946,0.995471,0.994313,0.996154,0.948124,0.998847,1.000000,0.998468,0.996121,0.995645,0.992615,0.988400,0.990135,0.988551,0.989921,0.982444,0.982718,0.986249,0.984338,0.987343,0.986789,0.988568,0.987621,0.984989,0.984853,0.987928,0.991736,0.992548,0.990120,0.993690,0.993591,0.996805,0.951995,0.998493,0.999193,0.997708,0.995834,0.995850,0.991525,0.990029,0.991473,0.989322,0.988872
allando_v_sin_a8_f5_v60,0.917542,0.989748,0.989452,0.988447,0.988777,0.988593,0.988386,0.988289,0.988160,0.988120,0.931315,0.939696,0.948894,0.956075,0.964697,0.970838,0.975914,0.879390,0.976800,0.974400,0.970775,0.977004,0.980713,0.986513,0.990298,0.989670,0.989904,0.989976,0.916569,0.989278,0.988577,0.987384,0.987200,0.986965,0.986611,0.986733,0.986583,0.986485,0.936188,0.946790,0.954220,0.960024,0.967866,0.971562,0.976982,0.880065,0.977530,0.974952,0.972969,0.978424,0.981286,0.982065,0.980180,0.987813,0.990549,0.989565,0.925988,0.984682,0.985955,0.984104,0.989776,0.989648,0.989075,0.989084,0.988889,0.988884,0.945755,0.950610,0.956440,0.962233,0.969104,0.971600,0.978651,0.895455,0.978656,0.973863,0.971849,0.971573,0.979650,0.981577,0.983901,0.979981,0.980914,0.982907,0.938710,0.983607,0.983113,0.983266,0.984406,0.981879,0.982409,0.981327,0.980856,0.981431,0.948322,0.952876,0.963611,0.964844,0.971560,0.974769,0.977904,0.900518,0.977663,0.969062,0.968868,0.967974,0.974517,0.979560,0.977673,0.978688,0.981382,0.982011,0.969814,0.995573,0.995324,0.994807,0.994832,0.994623,0.994291,0.994372,0.994299,0.994436,0.975678,0.980618,0.988982,0.990068,0.990728,0.992201,0.994095,0.927618,0.996268,0.997297,0.996979,0.996589,0.996534,0.997081,0.997134,0.996804,0.996360,0.995934,0.976891,0.993902,0.993881,0.993411,0.993479,0.993649,0.993335,0.993124,0.993215,0.993181,0.981340,0.985916,0.990732,0.991703,0.991626,0.993384,0.994370,0.934795,0.996453,0.997904,0.998678,0.996728,0.996534,0.995992,0.995073,0.994886,0.994561,0.994241,0.979238,0.987787,0.986892,0.988760,0.989123,0.987034,0.988985,0.988515,0.988415,0.987124,0.986208,0.988658,0.988774,0.992492,0.993895,0.992734,0.993931,0.944048,0.997818,0.998468,1.000000,0.996602,0.995076,0.992758,0.988641,0.990086,0.989049,0.990717,0.980187,0.982022,0.986074,0.983654,0.987459,0.986110,0.989646,0.986493,0.985235,0.984067,0.986040,0.989961,0.991116,0.988186,0.992297,0.992658,0.994682,0.948483,0.997199,0.997673,0.999486,0.996119,0.995169,0.991544,0.989879,0.990998,0.989481,0.988924
allando_v_sin_a8_f5_v65,0.914915,0.989505,0.989328,0.988519,0.988822,0.988736,0.988558,0.988454,0.988355,0.988339,0.929360,0.937971,0.946505,0.953142,0.960245,0.966246,0.972315,0.877052,0.973960,0.974752,0.971369,0.975829,0.978513,0.985365,0.989886,0.989400,0.989763,0.989742,0.914328,0.989020,0.988367,0.987145,0.986989,0.986843,0.986597,0.986721,0.986635,0.986544,0.934637,0.944521,0.951001,0.957244,0.963261,0.967217,0.973546,0.877708,0.974929,0.975569,0.973331,0.978102,0.979277,0.980940,0.978768,0.987222,0.990177,0.989297,0.924254,0.982877,0.985026,0.983184,0.989094,0.989309,0.988894,0.988839,0.988672,0.988596,0.943644,0.947236,0.953542,0.959451,0.964814,0.967207,0.974511,0.892967,0.975960,0.974359,0.971802,0.970201,0.977987,0.979746,0.981102,0.979810,0.979613,0.982314,0.936549,0.979978,0.982224,0.981905,0.983460,0.980434,0.981322,0.980180,0.980267,0.979289,0.944772,0.949774,0.960767,0.961936,0.967459,0.970218,0.974020,0.898788,0.975637,0.969956,0.968737,0.966048,0.975146,0.977984,0.975380,0.977657,0.978505,0.980975,0.967840,0.994395,0.994133,0.993750,0.993800,0.993647,0.993362,0.993353,0.993346,0.993524,0.973421,0.978181,0.987225,0.988675,0.989909,0.990139,0.991558,0.926266,0.994188,0.995309,0.995396,0.996485,0.996681,0.996460,0.996228,0.995741,0.995245,0.994707,0.974972,0.993365,0.993260,0.992948,0.993033,0.993361,0.992872,0.992700,0.992825,0.993042,0.979288,0.984085,0.989093,0.990303,0.990617,0.992266,0.991771,0.933627,0.994215,0.995896,0.996275,0.998289,0.996692,0.995790,0.994881,0.994608,0.994004,0.993906,0.977701,0.987246,0.986169,0.987907,0.987664,0.986215,0.988026,0.987936,0.987859,0.986822,0.984344,0.986609,0.987208,0.990897,0.992406,0.991664,0.991082,0.942753,0.995198,0.996121,0.996602,1.000000,0.995751,0.993810,0.987855,0.989425,0.988270,0.990204,0.980006,0.981382,0.985531,0.981385,0.986781,0.985731,0.988598,0.985508,0.983654,0.983162,0.984729,0.988353,0.989181,0.986407,0.991082,0.992155,0.992967,0.947195,0.994546,0.995294,0.995784,0.999577,0.995627,0.993073,0.989126,0.990132,0.988585,0.988350
allando_v_sin_a8_f5_v70,0.913965,0.991479,0.991272,0.990531,0.990819,0.990782,0.990675,0.990553,0.990450,0.990452,0.931061,0.938998,0.946251,0.952359,0.959705,0.963442,0.969353,0.873097,0.970804,0.977930,0.976328,0.979060,0.979274,0.987074,0.991700,0.991367,0.991759,0.991774,0.913357,0.990952,0.990249,0.988903,0.988719,0.988528,0.988252,0.988488,0.988455,0.988485,0.936851,0.944509,0.950975,0.956885,0.962938,0.964998,0.970826,0.873886,0.972252,0.978116,0.978003,0.981882,0.979584,0.982104,0.979688,0.988297,0.991683,0.991200,0.924051,0.985531,0.987242,0.985922,0.991079,0.991417,0.990922,0.990743,0.990805,0.990657,0.944589,0.946633,0.954081,0.958779,0.964004,0.965700,0.972000,0.889486,0.972489,0.977139,0.976257,0.973398,0.978341,0.981323,0.981506,0.979222,0.980975,0.983163,0.935180,0.982333,0.983637,0.984364,0.984273,0.983361,0.983272,0.983106,0.983623,0.982086,0.946040,0.950175,0.961045,0.961760,0.967057,0.969298,0.971350,0.895965,0.972441,0.973791,0.973409,0.968260,0.973072,0.979645,0.971688,0.977158,0.978795,0.981056,0.967926,0.995848,0.995684,0.995427,0.995479,0.995386,0.995130,0.995059,0.994983,0.995127,0.974902,0.978921,0.988593,0.989323,0.991643,0.991780,0.993215,0.926155,0.994905,0.995351,0.995131,0.996264,0.996013,0.996530,0.996451,0.996322,0.996256,0.996102,0.975209,0.994868,0.994759,0.994384,0.994408,0.994884,0.994394,0.994203,0.994253,0.994454,0.979978,0.984438,0.990302,0.992164,0.992095,0.993510,0.993467,0.933915,0.994866,0.996092,0.995672,0.996438,0.997044,0.996554,0.996158,0.995554,0.995292,0.995427,0.978752,0.988189,0.987905,0.989912,0.989264,0.988758,0.990907,0.990425,0.990491,0.989413,0.985100,0.988302,0.988738,0.992123,0.994003,0.993664,0.992509,0.942545,0.994473,0.995645,0.995076,0.995751,1.000000,0.997047,0.990790,0.991645,0.989486,0.990629,0.981591,0.982111,0.987796,0.984513,0.989003,0.988969,0.987176,0.988274,0.984722,0.985572,0.985299,0.989764,0.991087,0.988156,0.992742,0.992912,0.994655,0.946692,0.994718,0.994799,0.994471,0.995044,0.999390,0.995408,0.991782,0.991918,0.989974,0.989784
allando_v_sin_a8_f5_v75,0.913032,0.991776,0.991555,0.991021,0.991251,0.991230,0.991127,0.990996,0.990894,0.990873,0.926782,0.934948,0.938800,0.946053,0.952190,0.958835,0.963944,0.868822,0.966337,0.973217,0.974458,0.978201,0.979477,0.988066,0.991841,0.991552,0.992100,0.992012,0.911611,0.991415,0.990287,0.988813,0.988664,0.988520,0.988196,0.988415,0.988444,0.988485,0.931640,0.940482,0.943605,0.950841,0.955944,0.960548,0.965073,0.869742,0.967803,0.974136,0.975867,0.981244,0.979596,0.982677,0.980134,0.990281,0.992341,0.991593,0.921964,0.984465,0.987390,0.985460,0.991142,0.991805,0.991192,0.991147,0.991228,0.991158,0.938979,0.942085,0.946556,0.953349,0.957989,0.961375,0.966439,0.883969,0.968015,0.973831,0.974232,0.973197,0.978754,0.981680,0.982862,0.980640,0.980383,0.984334,0.932354,0.981125,0.983028,0.983199,0.985558,0.981909,0.983763,0.981495,0.983176,0.981660,0.940486,0.945781,0.954121,0.955864,0.960679,0.964833,0.965708,0.890553,0.967825,0.969399,0.970930,0.968071,0.973123,0.979693,0.971998,0.977741,0.979007,0.980130,0.967707,0.994089,0.994035,0.993622,0.993572,0.993409,0.993239,0.993136,0.993148,0.993284,0.971850,0.976505,0.984197,0.985159,0.988205,0.988178,0.989684,0.921531,0.992102,0.992370,0.992107,0.993411,0.993186,0.994151,0.994493,0.994605,0.994514,0.994458,0.975664,0.993735,0.993623,0.993511,0.993440,0.993801,0.993293,0.993147,0.993219,0.993633,0.978459,0.982462,0.986529,0.988577,0.988173,0.990352,0.990067,0.929723,0.992478,0.993172,0.993174,0.994243,0.995183,0.994847,0.994899,0.994392,0.994007,0.994916,0.978329,0.989837,0.989213,0.990912,0.989608,0.989143,0.991163,0.991559,0.990985,0.990142,0.983250,0.986391,0.987144,0.989486,0.990772,0.990200,0.989029,0.938151,0.991444,0.992615,0.992758,0.993810,0.997047,1.000000,0.992910,0.994073,0.992568,0.993389,0.979658,0.983248,0.988995,0.984197,0.988703,0.988723,0.986627,0.987803,0.984512,0.985407,0.984514,0.988429,0.989471,0.986765,0.989263,0.988977,0.990751,0.942212,0.991436,0.991773,0.991655,0.992851,0.996104,0.998247,0.993380,0.993554,0.991445,0.992455
allando_v_sin_a8_f5_v80,0.906985,0.988672,0.988363,0.987486,0.987912,0.987870,0.987741,0.987562,0.987478,0.987358,0.922191,0.924904,0.933774,0.939907,0.947857,0.954264,0.959029,0.860955,0.965962,0.964078,0.964409,0.978865,0.982986,0.988956,0.989904,0.989096,0.989521,0.989111,0.904849,0.988267,0.986941,0.985361,0.985138,0.984889,0.984489,0.984614,0.984811,0.984757,0.924979,0.931712,0.939500,0.944828,0.951133,0.956909,0.959526,0.862007,0.967798,0.964630,0.965565,0.978558,0.982781,0.983895,0.976325,0.986754,0.988915,0.988501,0.913496,0.982213,0.986153,0.983284,0.987710,0.988402,0.987661,0.987584,0.987733,0.987615,0.933023,0.935021,0.942725,0.947733,0.952634,0.957923,0.961509,0.876765,0.965870,0.965100,0.963830,0.977337,0.982422,0.984289,0.977750,0.975354,0.977553,0.980949,0.924550,0.978697,0.979929,0.982699,0.980386,0.978902,0.980106,0.979933,0.982393,0.978865,0.936019,0.939486,0.950188,0.955132,0.954774,0.961858,0.961503,0.882605,0.960336,0.961154,0.960972,0.975862,0.976290,0.981040,0.967651,0.972802,0.975427,0.975863,0.965486,0.990510,0.990505,0.990052,0.990025,0.989836,0.989753,0.989402,0.989593,0.989563,0.967838,0.972779,0.981388,0.982151,0.984887,0.984108,0.985991,0.915094,0.987631,0.988942,0.989006,0.989257,0.989557,0.990562,0.991019,0.990976,0.990676,0.990725,0.975139,0.990423,0.990323,0.989984,0.990125,0.990199,0.989747,0.989643,0.989722,0.990135,0.973678,0.977957,0.983074,0.985708,0.984627,0.986523,0.986470,0.924292,0.987352,0.989320,0.989660,0.990621,0.991262,0.991382,0.991374,0.990876,0.990604,0.991415,0.976961,0.987053,0.986275,0.988269,0.987613,0.987270,0.989892,0.990332,0.989025,0.987801,0.978339,0.982734,0.982432,0.985500,0.988266,0.988158,0.985612,0.931874,0.987166,0.988400,0.988641,0.987855,0.990790,0.992910,1.000000,0.997517,0.990431,0.990646,0.970862,0.980208,0.983838,0.982692,0.985045,0.986504,0.984189,0.985018,0.981958,0.982902,0.979228,0.984402,0.985182,0.982274,0.986371,0.985317,0.986718,0.936365,0.987304,0.987224,0.987316,0.986743,0.989547,0.989326,0.998916,0.995851,0.988376,0.990843
allando_v_sin_a8_f5_v85,0.907430,0.990098,0.989851,0.989098,0.989493,0.989450,0.989337,0.989175,0.989112,0.989026,0.920466,0.924930,0.933632,0.940228,0.947691,0.954569,0.958315,0.861688,0.964896,0.963576,0.966169,0.977085,0.981691,0.989732,0.990966,0.990207,0.990830,0.990424,0.905112,0.989961,0.988519,0.986963,0.986790,0.986585,0.986162,0.986311,0.986488,0.986425,0.923523,0.931662,0.939421,0.945199,0.951081,0.957050,0.958955,0.862729,0.966494,0.964665,0.967451,0.977591,0.981944,0.984186,0.977514,0.988748,0.990682,0.989997,0.913918,0.983381,0.987198,0.984131,0.989357,0.990128,0.989423,0.989345,0.989506,0.989371,0.931817,0.934814,0.942663,0.948115,0.952736,0.957829,0.960764,0.877247,0.965306,0.964876,0.965758,0.974508,0.981387,0.983807,0.979438,0.979276,0.978532,0.983046,0.925134,0.979534,0.981508,0.982292,0.982009,0.979363,0.981203,0.979686,0.982171,0.979531,0.934806,0.938874,0.949878,0.954470,0.954994,0.961807,0.960605,0.882995,0.961326,0.960344,0.962583,0.971822,0.975170,0.980697,0.969208,0.975159,0.977049,0.978797,0.965704,0.992425,0.992494,0.992045,0.991969,0.991762,0.991740,0.991423,0.991524,0.991511,0.968224,0.973434,0.982245,0.983486,0.986336,0.986112,0.988022,0.916160,0.989917,0.990483,0.990384,0.991123,0.990985,0.992187,0.992694,0.992746,0.992559,0.992648,0.975323,0.992395,0.992211,0.992021,0.992146,0.992206,0.991900,0.991742,0.991835,0.992128,0.975020,0.979151,0.984209,0.986978,0.986167,0.988408,0.988094,0.925070,0.989361,0.991314,0.991422,0.991823,0.993111,0.993182,0.993129,0.992786,0.992550,0.993339,0.976969,0.989648,0.988716,0.990773,0.989681,0.989212,0.991059,0.991697,0.990720,0.989412,0.979972,0.983529,0.983871,0.986802,0.989185,0.988895,0.987059,0.933244,0.988954,0.990135,0.990086,0.989425,0.991645,0.994073,0.997517,1.000000,0.992007,0.992834,0.972287,0.983154,0.987017,0.984107,0.986904,0.988325,0.985879,0.986778,0.983570,0.984656,0.981576,0.986118,0.986638,0.983697,0.987802,0.986752,0.988645,0.937740,0.989512,0.989349,0.988839,0.988528,0.990556,0.990684,0.996886,0.998760,0.989087,0.992550
allando_v_sin_a8_f5_v90,0.913182,0.987899,0.987612,0.986890,0.987454,0.987406,0.987239,0.987179,0.987098,0.987011,0.916704,0.925986,0.931624,0.942665,0.945567,0.953221,0.959469,0.861122,0.958243,0.962205,0.961921,0.970513,0.975018,0.985130,0.987152,0.986698,0.988084,0.987996,0.910485,0.987544,0.985801,0.984216,0.984058,0.983916,0.983681,0.983635,0.983553,0.983501,0.920770,0.932869,0.937197,0.947878,0.949425,0.953613,0.960019,0.862118,0.959782,0.963312,0.963588,0.973442,0.975414,0.979904,0.983437,0.991886,0.989759,0.987675,0.920704,0.983079,0.983795,0.983246,0.987939,0.988236,0.987203,0.987234,0.987369,0.987100,0.929216,0.935851,0.940326,0.950932,0.952263,0.952900,0.961803,0.875954,0.959360,0.963623,0.961692,0.966455,0.974079,0.980231,0.985763,0.984538,0.978441,0.982669,0.932307,0.978210,0.981727,0.980258,0.985906,0.977532,0.982013,0.977602,0.978231,0.978771,0.932107,0.940966,0.949522,0.948757,0.954201,0.957313,0.962089,0.881936,0.959272,0.954984,0.957186,0.962982,0.968674,0.977535,0.977227,0.981706,0.976948,0.977086,0.966600,0.990169,0.990159,0.989614,0.989666,0.989443,0.989239,0.989037,0.988894,0.989062,0.966676,0.971521,0.980517,0.981267,0.984240,0.984711,0.985538,0.914066,0.988227,0.989369,0.987975,0.988467,0.988769,0.989860,0.990542,0.990751,0.990812,0.990698,0.974220,0.989694,0.989534,0.989627,0.989697,0.989511,0.989193,0.989204,0.989088,0.989559,0.974938,0.978519,0.981980,0.985579,0.984180,0.987976,0.987209,0.921816,0.987606,0.989425,0.989478,0.988715,0.990603,0.990384,0.990491,0.990203,0.989908,0.990825,0.972980,0.991019,0.987544,0.989241,0.988336,0.987762,0.989747,0.990457,0.989327,0.988092,0.978828,0.981365,0.983074,0.984699,0.987026,0.984577,0.984197,0.930926,0.987057,0.988551,0.989049,0.988270,0.989486,0.992568,0.990431,0.992007,1.000000,0.998019,0.971273,0.982307,0.984886,0.982725,0.985460,0.985469,0.984483,0.984868,0.982913,0.983070,0.983687,0.985037,0.984898,0.981216,0.985766,0.984086,0.986203,0.934485,0.987234,0.987532,0.987594,0.987440,0.988273,0.991477,0.990728,0.990908,0.998072,0.995541
allando_v_sin_a8_f5_v95,0.913973,0.988917,0.988648,0.987840,0.988426,0.988399,0.988238,0.988185,0.988113,0.988047,0.918422,0.926769,0.933695,0.943460,0.946806,0.954969,0.959500,0.863307,0.960566,0.962202,0.963257,0.971630,0.976754,0.986023,0.988185,0.987692,0.989009,0.989000,0.911273,0.988575,0.986692,0.985109,0.984958,0.984862,0.984584,0.984588,0.984553,0.984441,0.922161,0.933542,0.938642,0.948150,0.950211,0.955487,0.960044,0.864233,0.961628,0.963848,0.964959,0.974055,0.977436,0.981286,0.985197,0.993846,0.990809,0.988587,0.921224,0.983966,0.985414,0.983436,0.989023,0.989177,0.988168,0.988240,0.988262,0.988114,0.930830,0.936232,0.941221,0.950943,0.952714,0.954772,0.961640,0.877679,0.961633,0.963579,0.962911,0.966967,0.975944,0.980435,0.986709,0.985715,0.981087,0.985074,0.933023,0.979645,0.983007,0.980930,0.985989,0.978362,0.982012,0.978491,0.979715,0.979137,0.933120,0.939699,0.949628,0.950140,0.954399,0.958672,0.961269,0.883433,0.961491,0.955578,0.958562,0.962923,0.970814,0.977747,0.979778,0.983130,0.980008,0.979885,0.966652,0.991366,0.991318,0.990781,0.990851,0.990629,0.990407,0.990206,0.990153,0.990303,0.966968,0.972084,0.980862,0.982611,0.985123,0.985211,0.986152,0.915425,0.989444,0.990537,0.989683,0.990327,0.990380,0.991413,0.991964,0.992074,0.992032,0.991812,0.973850,0.990829,0.990712,0.990749,0.990829,0.990736,0.990390,0.990358,0.990338,0.990805,0.974646,0.978800,0.982376,0.985770,0.985005,0.988378,0.987169,0.922534,0.988564,0.990664,0.990881,0.990525,0.991939,0.991705,0.991726,0.991525,0.991134,0.992037,0.972877,0.993316,0.990741,0.991674,0.990506,0.989484,0.990794,0.991252,0.989910,0.989147,0.979026,0.981746,0.983166,0.985079,0.987454,0.985630,0.984459,0.931311,0.988360,0.989921,0.990717,0.990204,0.990629,0.993389,0.990646,0.992834,0.998019,1.000000,0.971442,0.985958,0.988835,0.983821,0.987619,0.986886,0.987299,0.986018,0.984241,0.984254,0.984441,0.984846,0.985037,0.981625,0.985900,0.985167,0.986722,0.934987,0.988034,0.989014,0.989262,0.989181,0.989712,0.992222,0.991229,0.992215,0.995630,0.998007
allando_v_sin_a8_f7_v10,0.950798,0.977286,0.977159,0.975835,0.975569,0.975320,0.974987,0.974693,0.974443,0.974398,0.958630,0.963904,0.967676,0.970609,0.975145,0.977943,0.981091,0.912491,0.978703,0.984095,0.979374,0.978605,0.977939,0.980066,0.979550,0.978396,0.977961,0.977719,0.952394,0.977553,0.978121,0.977945,0.977769,0.977503,0.977348,0.977314,0.976977,0.976567,0.965095,0.968703,0.971608,0.973689,0.977742,0.978864,0.981612,0.913161,0.979322,0.983220,0.981161,0.980409,0.977662,0.978665,0.972517,0.977776,0.979712,0.978071,0.961395,0.972965,0.974523,0.972846,0.976295,0.976664,0.976386,0.976143,0.975521,0.975538,0.969889,0.969776,0.973374,0.974804,0.978933,0.979218,0.982736,0.929994,0.979810,0.982911,0.980736,0.973915,0.978589,0.979550,0.979032,0.973736,0.973002,0.974858,0.968536,0.973111,0.973321,0.975166,0.975448,0.971766,0.970572,0.969295,0.970764,0.968885,0.970197,0.970900,0.977110,0.977183,0.980981,0.980586,0.980398,0.936487,0.981303,0.980119,0.979362,0.970696,0.973925,0.981073,0.972466,0.975321,0.974994,0.976606,0.989126,0.976149,0.975768,0.974588,0.974150,0.973751,0.973289,0.973338,0.973176,0.973351,0.986953,0.986241,0.986409,0.982322,0.982002,0.980412,0.978812,0.952737,0.978632,0.977324,0.974973,0.974875,0.974464,0.975695,0.976579,0.977192,0.977246,0.976883,0.993168,0.975363,0.975228,0.974726,0.974053,0.974112,0.973126,0.973562,0.973189,0.973107,0.991589,0.987634,0.986442,0.985077,0.981393,0.981606,0.980823,0.962090,0.981185,0.980258,0.978234,0.977597,0.977297,0.976307,0.976716,0.976079,0.976343,0.975747,0.996418,0.966932,0.966259,0.967748,0.965697,0.964412,0.967127,0.967039,0.966755,0.964971,0.995409,0.989529,0.986971,0.986399,0.985870,0.983369,0.981246,0.969733,0.982475,0.982444,0.980187,0.980006,0.981591,0.979658,0.970862,0.972287,0.971273,0.971442,1.000000,0.962672,0.968606,0.962624,0.966861,0.966390,0.964741,0.965625,0.961189,0.960780,0.992146,0.991034,0.987849,0.981810,0.982582,0.981185,0.982500,0.972399,0.982805,0.981888,0.980192,0.980544,0.983540,0.980220,0.974283,0.975411,0.973507,0.971704
allando_v_sin_a8_f7_v100,0.902211,0.980050,0.979530,0.978732,0.979328,0.979436,0.979508,0.979399,0.979369,0.979325,0.913482,0.920035,0.928644,0.933960,0.943495,0.947695,0.951935,0.858192,0.951128,0.953283,0.955014,0.965027,0.970200,0.978492,0.980396,0.979416,0.980779,0.980606,0.900281,0.981019,0.978126,0.976302,0.976227,0.976057,0.975898,0.975828,0.975776,0.975666,0.918094,0.926241,0.933642,0.938614,0.946817,0.949704,0.952474,0.859041,0.951993,0.955713,0.956217,0.966272,0.972166,0.978416,0.973281,0.982615,0.981742,0.980121,0.910735,0.979209,0.979599,0.976471,0.981781,0.981938,0.980776,0.980694,0.980358,0.980468,0.926493,0.929352,0.936030,0.940241,0.949449,0.948075,0.954686,0.873438,0.952279,0.951621,0.954259,0.958476,0.969365,0.971499,0.973723,0.977785,0.988366,0.989640,0.921826,0.975288,0.978639,0.972418,0.973402,0.971167,0.971855,0.971111,0.972270,0.971149,0.929548,0.932550,0.943098,0.943495,0.948885,0.951953,0.953887,0.878331,0.956013,0.946449,0.951012,0.954378,0.965506,0.966410,0.962909,0.977012,0.986672,0.985578,0.955344,0.983853,0.983466,0.982894,0.983048,0.982874,0.982302,0.982105,0.982433,0.982482,0.960763,0.964146,0.972579,0.975989,0.977295,0.980082,0.980845,0.907920,0.982099,0.983369,0.981955,0.982360,0.982630,0.983460,0.984003,0.984529,0.984344,0.983929,0.963355,0.982104,0.981995,0.981881,0.982029,0.981931,0.981802,0.981532,0.981478,0.981924,0.967561,0.970409,0.974064,0.976445,0.975674,0.980427,0.979199,0.915238,0.979283,0.983083,0.982369,0.981756,0.983195,0.982835,0.982723,0.982957,0.982549,0.983308,0.964548,0.996691,0.996619,0.993061,0.985950,0.984602,0.982944,0.981638,0.982361,0.981060,0.971990,0.973570,0.974179,0.977476,0.978274,0.976621,0.977234,0.924821,0.979997,0.982718,0.982022,0.981382,0.982111,0.983248,0.980208,0.983154,0.982307,0.985958,0.962672,1.000000,0.996080,0.980611,0.981822,0.979999,0.979570,0.980656,0.976469,0.981088,0.979890,0.976424,0.976972,0.975211,0.978047,0.976649,0.980424,0.928190,0.980846,0.983828,0.981317,0.981601,0.981727,0.981798,0.983326,0.985385,0.982652,0.986844
allando_v_sin_a8_f7_v105,0.905770,0.984849,0.984321,0.983650,0.984077,0.984181,0.984243,0.984155,0.984110,0.984114,0.919649,0.927481,0.933707,0.937582,0.946756,0.951540,0.956753,0.860812,0.956623,0.961851,0.965073,0.970460,0.973734,0.982307,0.984852,0.984123,0.985179,0.985184,0.904417,0.985256,0.982702,0.980909,0.980826,0.980694,0.980454,0.980551,0.980499,0.980491,0.924644,0.932732,0.937860,0.941970,0.950079,0.953252,0.957987,0.861608,0.957415,0.963310,0.966200,0.972122,0.975243,0.980483,0.975693,0.986181,0.985829,0.984525,0.915426,0.983936,0.984475,0.981463,0.986686,0.986417,0.985248,0.985179,0.984948,0.985107,0.932134,0.934048,0.939954,0.943557,0.951946,0.952909,0.958790,0.875985,0.958799,0.959823,0.964352,0.963326,0.972889,0.975084,0.977320,0.979324,0.988177,0.989801,0.925942,0.980606,0.982895,0.977260,0.978023,0.976300,0.976818,0.976045,0.977238,0.976940,0.933952,0.936851,0.946910,0.946971,0.953239,0.956336,0.958148,0.881768,0.963252,0.955925,0.961144,0.957955,0.968383,0.971303,0.966860,0.978119,0.986227,0.986461,0.957869,0.987956,0.987698,0.987186,0.987277,0.987126,0.986655,0.986523,0.986699,0.986748,0.964235,0.967983,0.976294,0.979144,0.980814,0.982647,0.983864,0.910534,0.985887,0.986721,0.986214,0.987172,0.986986,0.987799,0.988196,0.988611,0.988433,0.988166,0.965937,0.986192,0.986102,0.986015,0.986097,0.986249,0.985888,0.985677,0.985718,0.986259,0.970752,0.974290,0.977912,0.980111,0.979898,0.983119,0.982275,0.918013,0.984567,0.986776,0.986492,0.986013,0.987554,0.987201,0.987096,0.987228,0.986570,0.987650,0.967999,0.995979,0.997840,0.995531,0.990359,0.989202,0.987720,0.986306,0.986684,0.986084,0.975917,0.977267,0.978771,0.981155,0.981993,0.981013,0.980587,0.927444,0.983956,0.986249,0.986074,0.985531,0.987796,0.988995,0.983838,0.987017,0.984886,0.988835,0.968606,0.996080,0.999999,0.985323,0.988650,0.986156,0.983899,0.985124,0.981201,0.984462,0.980821,0.980056,0.981025,0.978920,0.981087,0.980711,0.983823,0.931285,0.984220,0.986841,0.985538,0.985294,0.987240,0.987314,0.986127,0.988064,0.985141,0.989097
allando_v_sin_a8_f7_v110,0.901531,0.984133,0.983643,0.982479,0.983163,0.983264,0.983194,0.983064,0.983010,0.983006,0.916834,0.923119,0.931370,0.937273,0.944681,0.950630,0.953662,0.858130,0.954801,0.957908,0.957058,0.968749,0.969693,0.979271,0.983186,0.982797,0.983850,0.983903,0.899102,0.983974,0.982094,0.980482,0.980217,0.979990,0.979791,0.979809,0.979826,0.979826,0.920480,0.928839,0.936414,0.941509,0.948478,0.951380,0.954075,0.859201,0.955588,0.957357,0.958440,0.971210,0.969016,0.973379,0.972528,0.980998,0.983589,0.983097,0.909215,0.991840,0.990053,0.984566,0.987218,0.986478,0.985146,0.984697,0.984792,0.984654,0.928681,0.931519,0.938338,0.943646,0.949001,0.951291,0.955820,0.872581,0.958232,0.955545,0.956299,0.963225,0.966771,0.974835,0.971770,0.971804,0.975299,0.979573,0.920259,0.988970,0.989457,0.980055,0.978615,0.975852,0.977818,0.977127,0.977677,0.977187,0.932110,0.934695,0.947941,0.945413,0.950596,0.955439,0.955760,0.877237,0.957019,0.950539,0.952836,0.956044,0.961289,0.970501,0.961991,0.972878,0.973365,0.975044,0.954722,0.986206,0.986117,0.986114,0.986149,0.986069,0.985827,0.985501,0.985466,0.985430,0.962168,0.964430,0.974742,0.976479,0.978637,0.981292,0.981999,0.909565,0.983205,0.984347,0.983515,0.985012,0.984010,0.985252,0.985759,0.985976,0.985915,0.985869,0.962235,0.985272,0.985346,0.985149,0.985253,0.985258,0.984995,0.984761,0.984883,0.985326,0.968496,0.971173,0.977013,0.978694,0.978308,0.980601,0.980802,0.916157,0.981686,0.985266,0.984118,0.982866,0.985785,0.985709,0.985573,0.985615,0.985321,0.985929,0.964237,0.985468,0.985964,0.993864,0.996390,0.996677,0.992393,0.989499,0.987873,0.986622,0.975339,0.975064,0.976114,0.979460,0.980285,0.978974,0.981285,0.925453,0.981878,0.984338,0.983654,0.981385,0.984513,0.984197,0.982692,0.984107,0.982725,0.983821,0.962624,0.980611,0.985323,1.000000,0.997284,0.994864,0.984437,0.992462,0.982243,0.985296,0.972211,0.978708,0.977618,0.974865,0.979597,0.978849,0.984252,0.928614,0.981793,0.982622,0.982625,0.980632,0.983073,0.982095,0.983294,0.983815,0.981469,0.984203
allando_v_sin_a8_f7_v115,0.902291,0.987170,0.986797,0.985795,0.986410,0.986527,0.986463,0.986375,0.986316,0.986340,0.918443,0.926070,0.933163,0.937965,0.945420,0.951704,0.957791,0.859965,0.959049,0.962957,0.962529,0.970649,0.971925,0.981333,0.986013,0.985812,0.986737,0.986895,0.900286,0.986788,0.985061,0.983494,0.983267,0.983120,0.982865,0.982976,0.983008,0.983069,0.922598,0.931619,0.937541,0.942125,0.948958,0.952399,0.958794,0.860866,0.959657,0.962274,0.963878,0.973312,0.971864,0.974907,0.973787,0.983996,0.986578,0.986067,0.910644,0.991712,0.991329,0.986602,0.990172,0.989211,0.988011,0.987703,0.987817,0.987678,0.930994,0.933111,0.939292,0.944111,0.949188,0.952410,0.959186,0.873474,0.961958,0.960253,0.961699,0.964228,0.969631,0.975548,0.974180,0.973758,0.976598,0.980414,0.922096,0.988118,0.989745,0.981573,0.981473,0.979103,0.980831,0.980039,0.980366,0.980170,0.932395,0.935915,0.948709,0.946726,0.951750,0.956083,0.959384,0.878900,0.961266,0.955875,0.958072,0.956704,0.964523,0.972032,0.966823,0.973786,0.974213,0.976710,0.955997,0.989084,0.988976,0.989016,0.989009,0.988981,0.988862,0.988562,0.988457,0.988490,0.963786,0.966870,0.977024,0.978701,0.980792,0.981975,0.983257,0.911078,0.985754,0.987458,0.987461,0.989186,0.988405,0.989179,0.989387,0.989289,0.988981,0.988865,0.963650,0.988596,0.988692,0.988534,0.988708,0.988857,0.988394,0.988221,0.988441,0.989049,0.970058,0.973905,0.979248,0.981056,0.981141,0.982531,0.981996,0.917238,0.984712,0.988212,0.987906,0.987458,0.989744,0.989559,0.989363,0.989461,0.988637,0.989543,0.965978,0.987765,0.988577,0.994848,0.998114,0.998123,0.994795,0.992633,0.991118,0.990728,0.976771,0.977292,0.978868,0.981713,0.982803,0.981755,0.981760,0.926413,0.985010,0.987343,0.987459,0.986781,0.989003,0.988703,0.985045,0.986904,0.985460,0.987619,0.966861,0.981822,0.988650,0.997284,1.000000,0.996517,0.990237,0.993972,0.986944,0.988519,0.974099,0.980610,0.980256,0.977665,0.981930,0.982032,0.985588,0.930170,0.984319,0.985653,0.986418,0.985873,0.987679,0.986695,0.985453,0.986234,0.984635,0.986888
allando_v_sin_a8_f7_v120,0.901773,0.987110,0.986909,0.986061,0.986685,0.986815,0.986752,0.986653,0.986614,0.986652,0.919427,0.926969,0.933945,0.938596,0.945265,0.950522,0.955588,0.859826,0.957637,0.961979,0.962256,0.970273,0.971181,0.981016,0.985920,0.985932,0.986856,0.986941,0.899539,0.986735,0.985279,0.983801,0.983598,0.983419,0.983185,0.983324,0.983438,0.983579,0.923436,0.932652,0.938735,0.942965,0.948613,0.951574,0.956255,0.860810,0.958456,0.961223,0.963555,0.972752,0.970669,0.974743,0.972941,0.982542,0.986320,0.986169,0.909909,0.989030,0.989666,0.989560,0.990425,0.989574,0.988388,0.988028,0.988313,0.988025,0.931804,0.934682,0.940860,0.945011,0.949154,0.951909,0.957429,0.873816,0.959590,0.959751,0.961251,0.964389,0.968799,0.975666,0.972833,0.973162,0.974188,0.978542,0.921072,0.985565,0.988035,0.983618,0.982353,0.980646,0.982685,0.981858,0.983116,0.982531,0.934035,0.937948,0.949770,0.948148,0.951362,0.955445,0.956849,0.879296,0.957537,0.955403,0.957877,0.957635,0.963239,0.972287,0.963231,0.971964,0.972265,0.975364,0.957243,0.989203,0.989220,0.989284,0.989320,0.989331,0.989279,0.988969,0.988948,0.988962,0.966263,0.968957,0.978767,0.980226,0.982292,0.982856,0.983743,0.913303,0.985612,0.986860,0.986488,0.988335,0.987501,0.988485,0.988819,0.988936,0.988925,0.988899,0.964372,0.989192,0.989209,0.989118,0.989259,0.989354,0.988935,0.988878,0.988967,0.989493,0.971566,0.975348,0.980754,0.982869,0.982520,0.983628,0.982686,0.919348,0.984271,0.987728,0.986934,0.986761,0.989664,0.989541,0.989633,0.989557,0.989055,0.989812,0.966406,0.986705,0.986942,0.993412,0.995772,0.997224,0.996230,0.994871,0.993173,0.992398,0.976972,0.978900,0.980372,0.983109,0.984512,0.983437,0.983012,0.928021,0.984392,0.986789,0.986110,0.985731,0.988969,0.988723,0.986504,0.988325,0.985469,0.986886,0.966390,0.979999,0.986156,0.994864,0.996517,1.000000,0.989942,0.995243,0.988090,0.990543,0.973532,0.981202,0.981347,0.978696,0.983251,0.983025,0.985944,0.931687,0.984117,0.984805,0.984650,0.984501,0.987286,0.986082,0.986308,0.987558,0.984191,0.986275
allando_v_sin_a8_f7_v125,0.900371,0.986928,0.986919,0.986195,0.986813,0.986813,0.986751,0.986711,0.986671,0.986670,0.918194,0.925642,0.932803,0.936720,0.945492,0.951711,0.961182,0.864745,0.961824,0.958125,0.956840,0.964944,0.971110,0.978601,0.985612,0.985983,0.986646,0.986811,0.897913,0.986311,0.985235,0.984133,0.984009,0.983893,0.983577,0.983681,0.983722,0.983868,0.921665,0.932984,0.937261,0.940391,0.948058,0.952443,0.962021,0.865385,0.961725,0.957527,0.958928,0.965283,0.972527,0.972067,0.969365,0.981210,0.986378,0.986099,0.906472,0.981398,0.983534,0.986686,0.990615,0.989192,0.988182,0.988259,0.988412,0.988129,0.932191,0.935801,0.938345,0.941882,0.948295,0.952103,0.962356,0.876801,0.961695,0.955677,0.957217,0.957549,0.969913,0.970163,0.972140,0.970160,0.972971,0.975460,0.920097,0.977413,0.979601,0.981588,0.983280,0.982141,0.983164,0.982136,0.981620,0.983191,0.932473,0.937909,0.946736,0.946358,0.951355,0.955365,0.962035,0.881522,0.959447,0.950669,0.953311,0.953804,0.964099,0.966713,0.970222,0.967415,0.971073,0.973748,0.955661,0.989145,0.988965,0.989004,0.988940,0.988931,0.989114,0.988948,0.989003,0.989058,0.966638,0.969858,0.977218,0.978900,0.979517,0.980111,0.982715,0.913667,0.985853,0.988731,0.989079,0.988983,0.989492,0.990145,0.990265,0.989889,0.989230,0.988875,0.962887,0.989676,0.989883,0.989715,0.990010,0.989964,0.989555,0.989542,0.989746,0.990185,0.971857,0.977117,0.979741,0.981343,0.980725,0.981928,0.981522,0.918283,0.984502,0.988692,0.989796,0.988783,0.990671,0.990563,0.990445,0.990821,0.989738,0.990325,0.964166,0.986417,0.986036,0.989314,0.991951,0.990833,0.994106,0.994796,0.994160,0.994124,0.975159,0.979272,0.980582,0.982379,0.983510,0.981318,0.980720,0.927709,0.987049,0.988568,0.989646,0.988598,0.987176,0.986627,0.984189,0.985879,0.984483,0.987299,0.964741,0.979570,0.983899,0.984437,0.990237,0.989942,1.000000,0.993074,0.994018,0.991661,0.972410,0.980106,0.981667,0.980293,0.981799,0.981813,0.982689,0.932229,0.985350,0.986881,0.988142,0.987200,0.986040,0.984066,0.983942,0.985438,0.983931,0.983826
allando_v_sin_a8_f7_v130,0.901253,0.987815,0.987735,0.986910,0.987617,0.987753,0.987630,0.987506,0.987471,0.987490,0.919639,0.926842,0.932711,0.938142,0.946357,0.951003,0.956158,0.861750,0.956838,0.959299,0.958826,0.967993,0.969698,0.979742,0.986548,0.986716,0.987767,0.987740,0.898524,0.987494,0.986219,0.984914,0.984781,0.984583,0.984284,0.984413,0.984506,0.984725,0.923498,0.933125,0.937917,0.942533,0.949711,0.952335,0.956622,0.862649,0.957505,0.958177,0.960540,0.970405,0.969440,0.973760,0.971225,0.981385,0.986920,0.987027,0.907883,0.987110,0.987638,0.988987,0.991106,0.990725,0.989543,0.989244,0.989603,0.989176,0.932434,0.936246,0.940241,0.944278,0.950539,0.952174,0.958381,0.874773,0.958173,0.956354,0.958460,0.960909,0.967435,0.973405,0.971769,0.971083,0.974106,0.978072,0.919515,0.983233,0.985249,0.983515,0.984291,0.983320,0.984886,0.982847,0.983510,0.984478,0.934653,0.939911,0.949766,0.947506,0.952444,0.955810,0.957340,0.879334,0.956136,0.951443,0.955070,0.954875,0.962119,0.969605,0.961976,0.970401,0.972333,0.975061,0.957577,0.989315,0.989185,0.989310,0.989249,0.989263,0.989351,0.989069,0.989109,0.989084,0.969491,0.971304,0.978930,0.979556,0.981509,0.983097,0.984304,0.915820,0.985663,0.987134,0.985950,0.987270,0.986901,0.988196,0.988727,0.988955,0.988881,0.988816,0.963949,0.989792,0.989842,0.989762,0.989854,0.989871,0.989576,0.989482,0.989523,0.989882,0.974728,0.977941,0.982310,0.982894,0.981265,0.983639,0.983514,0.921246,0.983981,0.988087,0.986666,0.986217,0.989842,0.989745,0.990025,0.990152,0.989713,0.990191,0.966120,0.987099,0.987262,0.993195,0.994801,0.995650,0.996567,0.996454,0.996079,0.995521,0.977989,0.980776,0.982572,0.984873,0.984668,0.982518,0.983533,0.930025,0.985186,0.987621,0.986493,0.985508,0.988274,0.987803,0.985018,0.986778,0.984868,0.986018,0.965625,0.980656,0.985124,0.992462,0.993972,0.995243,0.993074,1.000000,0.992792,0.995006,0.973939,0.982424,0.983035,0.981363,0.982819,0.981584,0.985919,0.933340,0.984750,0.985544,0.984653,0.984239,0.986523,0.984891,0.984884,0.986057,0.983761,0.984983
allando_v_sin_a8_f7_v135,0.896520,0.984110,0.984344,0.983409,0.984532,0.984485,0.984209,0.984118,0.984043,0.984038,0.916417,0.924199,0.928806,0.933242,0.942866,0.947312,0.957101,0.858514,0.955677,0.955737,0.957006,0.962201,0.967106,0.976155,0.984028,0.983259,0.984493,0.984092,0.893876,0.983427,0.982253,0.980996,0.980987,0.980845,0.980543,0.980637,0.980639,0.980972,0.920727,0.931690,0.934046,0.937611,0.946062,0.948345,0.958088,0.859267,0.956096,0.953724,0.958892,0.963316,0.968096,0.969065,0.966192,0.978286,0.983937,0.983340,0.903111,0.979241,0.981195,0.985534,0.987443,0.987356,0.986434,0.986397,0.986978,0.986332,0.930938,0.934939,0.936232,0.939090,0.946711,0.948148,0.958963,0.870779,0.955715,0.951975,0.957135,0.954664,0.965405,0.967327,0.969201,0.968320,0.970357,0.973035,0.916389,0.975285,0.976945,0.978267,0.981000,0.987869,0.989170,0.982976,0.981673,0.983984,0.932220,0.938891,0.945456,0.942384,0.949401,0.951617,0.958742,0.875499,0.953977,0.946730,0.953323,0.951040,0.959301,0.963495,0.964106,0.964569,0.968477,0.971960,0.952792,0.986057,0.985881,0.985961,0.985789,0.985852,0.986265,0.985841,0.985732,0.985743,0.970510,0.968976,0.974190,0.974793,0.975746,0.976979,0.980704,0.910659,0.983032,0.985326,0.984665,0.984982,0.985506,0.986204,0.986370,0.986132,0.985701,0.985522,0.959346,0.986346,0.986611,0.986346,0.986682,0.986577,0.986199,0.986269,0.986304,0.986801,0.974306,0.976218,0.978063,0.979019,0.976892,0.979125,0.979745,0.915296,0.981042,0.985138,0.985612,0.984071,0.987405,0.987341,0.987236,0.987475,0.986731,0.986961,0.960731,0.984306,0.983820,0.987351,0.989173,0.989130,0.992050,0.993133,0.996362,0.997401,0.971978,0.978355,0.980157,0.981134,0.981452,0.977956,0.978413,0.924174,0.983247,0.984989,0.985235,0.983654,0.984722,0.984512,0.981958,0.983570,0.982913,0.984241,0.961189,0.976469,0.981201,0.982243,0.986944,0.988090,0.994018,0.992792,1.000000,0.997969,0.969326,0.977139,0.980343,0.979009,0.978185,0.977444,0.979984,0.928329,0.982277,0.983025,0.983581,0.982074,0.982913,0.981803,0.981561,0.983101,0.983278,0.981303
allando_v_sin_a8_f7_v140,0.894993,0.984572,0.984758,0.983857,0.984991,0.985031,0.984772,0.984643,0.984598,0.984626,0.915549,0.923249,0.928141,0.932552,0.942277,0.945757,0.953991,0.856778,0.952816,0.955092,0.956661,0.962891,0.966113,0.976623,0.984549,0.983731,0.985160,0.984703,0.891999,0.984284,0.982831,0.981379,0.981364,0.981190,0.980921,0.981056,0.981128,0.981541,0.919863,0.929944,0.933473,0.937328,0.945670,0.947173,0.954745,0.857645,0.953653,0.953425,0.958248,0.965033,0.966833,0.970759,0.966679,0.978633,0.984341,0.983956,0.901600,0.981446,0.982796,0.986266,0.987763,0.988121,0.987164,0.987011,0.987599,0.986985,0.929412,0.933223,0.936263,0.938872,0.946860,0.946734,0.956329,0.868855,0.953325,0.950985,0.956193,0.955191,0.964161,0.968255,0.968183,0.969569,0.973563,0.976339,0.913773,0.976921,0.979486,0.978660,0.980111,0.987295,0.988499,0.983121,0.982338,0.983547,0.931325,0.938025,0.945900,0.942386,0.948380,0.950430,0.955889,0.873344,0.952162,0.946114,0.952605,0.950472,0.958578,0.963843,0.959129,0.966774,0.970896,0.974475,0.952183,0.986724,0.986533,0.986624,0.986596,0.986695,0.986852,0.986441,0.986449,0.986452,0.970096,0.968917,0.975248,0.976015,0.977396,0.978763,0.981601,0.910133,0.983226,0.985178,0.983946,0.984853,0.985141,0.986056,0.986331,0.986388,0.986194,0.986138,0.958851,0.986967,0.987121,0.986800,0.987113,0.987125,0.986939,0.986820,0.986859,0.987234,0.974074,0.975680,0.979275,0.979893,0.977920,0.980421,0.980405,0.914622,0.980536,0.985252,0.984745,0.983767,0.987615,0.987570,0.987590,0.987747,0.987274,0.987429,0.960811,0.987433,0.987268,0.990570,0.990834,0.991725,0.993352,0.993712,0.996929,0.997485,0.972269,0.978321,0.980152,0.982466,0.982161,0.979017,0.979232,0.923398,0.982143,0.984853,0.984067,0.983162,0.985572,0.985407,0.982902,0.984656,0.983070,0.984254,0.960780,0.981088,0.984462,0.985296,0.988519,0.990543,0.991661,0.995006,0.997969,1.000000,0.970482,0.977516,0.980446,0.979638,0.979574,0.978338,0.981497,0.927088,0.981942,0.983192,0.982204,0.981833,0.983440,0.982211,0.982719,0.984168,0.983198,0.982689
allando_v_sin_a8_f7_v15,0.942794,0.982269,0.981908,0.980429,0.980655,0.980480,0.980177,0.979920,0.979711,0.979598,0.946674,0.952324,0.957904,0.964357,0.968503,0.972385,0.975022,0.897897,0.972859,0.974571,0.973561,0.979086,0.981988,0.986572,0.984059,0.982520,0.983212,0.982848,0.942422,0.982558,0.981624,0.980663,0.980453,0.980102,0.979839,0.979711,0.979437,0.979020,0.951844,0.958317,0.962648,0.968103,0.971150,0.973156,0.974998,0.898811,0.973630,0.975310,0.975159,0.980865,0.982237,0.985676,0.982053,0.987497,0.985234,0.982571,0.952285,0.980956,0.981310,0.978009,0.982215,0.982063,0.981157,0.980866,0.980398,0.980154,0.958409,0.960999,0.964433,0.969116,0.973399,0.971739,0.976679,0.916114,0.973229,0.974700,0.974275,0.973887,0.981643,0.984543,0.986866,0.984685,0.984345,0.986722,0.961427,0.979573,0.981201,0.979379,0.981954,0.975966,0.976700,0.974211,0.975736,0.973830,0.960572,0.962649,0.969582,0.969325,0.974355,0.975736,0.975294,0.921577,0.975819,0.968331,0.971379,0.970885,0.976722,0.983593,0.979276,0.985995,0.985874,0.985712,0.987281,0.984821,0.984365,0.983164,0.982996,0.982600,0.981950,0.981806,0.981770,0.981903,0.985234,0.986177,0.989993,0.988354,0.988606,0.989215,0.987490,0.945538,0.987392,0.986383,0.983609,0.983035,0.982849,0.984064,0.984973,0.985584,0.985779,0.985361,0.992638,0.982920,0.982667,0.982333,0.981796,0.981527,0.981023,0.981228,0.980796,0.980749,0.991705,0.989671,0.990232,0.991001,0.987505,0.990516,0.988982,0.954336,0.987126,0.987947,0.985731,0.984424,0.984505,0.983695,0.983861,0.983366,0.983854,0.983304,0.993279,0.982537,0.980815,0.980692,0.976563,0.975019,0.976012,0.975835,0.975736,0.973673,0.995742,0.992548,0.990621,0.990528,0.990454,0.986927,0.986296,0.962904,0.987250,0.987928,0.986040,0.984729,0.985299,0.984514,0.979228,0.981576,0.983687,0.984441,0.992146,0.979890,0.980821,0.972211,0.974099,0.973532,0.972410,0.973939,0.969326,0.970482,1.000000,0.996238,0.993207,0.987087,0.988061,0.985696,0.988846,0.965854,0.988377,0.988178,0.985669,0.985283,0.986653,0.984985,0.982546,0.984270,0.984133,0.984373
allando_v_sin_a8_f7_v20,0.933311,0.986349,0.986053,0.984622,0.984868,0.984706,0.984395,0.984117,0.983907,0.983806,0.944436,0.950317,0.954485,0.960188,0.966430,0.970666,0.975229,0.893165,0.974959,0.976248,0.974516,0.980588,0.982769,0.988479,0.987934,0.986650,0.987182,0.986815,0.932389,0.986159,0.985555,0.984512,0.984233,0.983823,0.983446,0.983436,0.983248,0.983024,0.949429,0.956620,0.959705,0.964212,0.969478,0.971797,0.975609,0.894192,0.975928,0.975904,0.976344,0.982347,0.982576,0.984788,0.979959,0.987137,0.987958,0.986266,0.942153,0.985113,0.985892,0.984878,0.987809,0.986924,0.985810,0.985413,0.985220,0.984796,0.956583,0.959365,0.961583,0.965567,0.970863,0.971230,0.976861,0.910563,0.975376,0.975785,0.975500,0.975283,0.982117,0.985377,0.984286,0.980720,0.980995,0.984413,0.952115,0.983359,0.984157,0.984778,0.985698,0.981711,0.982243,0.979966,0.981107,0.980083,0.958526,0.961608,0.968150,0.968198,0.973317,0.975907,0.976323,0.916052,0.975157,0.970897,0.972583,0.972149,0.976205,0.984307,0.976693,0.981340,0.981620,0.983107,0.982772,0.989389,0.988991,0.988040,0.987875,0.987554,0.987058,0.986865,0.986837,0.986916,0.986197,0.988044,0.992103,0.989835,0.990623,0.991636,0.991192,0.942848,0.991119,0.990564,0.988523,0.987983,0.987695,0.988945,0.989621,0.989904,0.989993,0.989765,0.989526,0.988148,0.987921,0.987501,0.987047,0.986959,0.986490,0.986479,0.986206,0.986151,0.992879,0.992424,0.993613,0.993796,0.990965,0.992843,0.992404,0.951243,0.991147,0.992425,0.990305,0.989318,0.989776,0.989100,0.989074,0.988653,0.988918,0.988395,0.991710,0.981950,0.980991,0.983884,0.982488,0.981552,0.983827,0.983886,0.983470,0.981453,0.997252,0.995710,0.994690,0.994677,0.993881,0.990770,0.990399,0.960039,0.991147,0.991736,0.989961,0.988353,0.989764,0.988429,0.984402,0.986118,0.985037,0.984846,0.991034,0.976424,0.980056,0.978708,0.980610,0.981202,0.980106,0.982424,0.977139,0.977516,0.996238,1.000000,0.997517,0.992312,0.992084,0.989535,0.992680,0.963614,0.992046,0.991225,0.989439,0.988456,0.990421,0.987587,0.986066,0.987280,0.984880,0.983907
allando_v_sin_a8_f7_v25,0.928093,0.987131,0.986766,0.985413,0.985650,0.985559,0.985357,0.985066,0.984793,0.984628,0.945104,0.950393,0.951932,0.957561,0.964975,0.968622,0.973962,0.890659,0.973301,0.974777,0.973383,0.978238,0.981036,0.987286,0.987956,0.987394,0.987398,0.987657,0.926918,0.986760,0.986120,0.984872,0.984550,0.984073,0.983540,0.983606,0.983418,0.983348,0.950348,0.956456,0.956965,0.961515,0.967877,0.969781,0.974495,0.891632,0.974219,0.973994,0.975192,0.980012,0.980946,0.983222,0.978094,0.986172,0.988249,0.987042,0.937111,0.983037,0.984451,0.985078,0.987746,0.987411,0.986320,0.986082,0.986075,0.985565,0.957583,0.959294,0.959122,0.962928,0.969275,0.969471,0.976064,0.907148,0.973446,0.973487,0.974159,0.972364,0.980156,0.982756,0.982468,0.978882,0.979697,0.982762,0.947159,0.981166,0.981676,0.983199,0.984282,0.983273,0.983016,0.983332,0.984097,0.984132,0.959224,0.962062,0.966187,0.965964,0.971823,0.973894,0.975106,0.912732,0.973250,0.968888,0.971308,0.969774,0.974217,0.981467,0.974073,0.978595,0.980048,0.981710,0.978796,0.990112,0.989710,0.988905,0.988949,0.988703,0.988143,0.988002,0.988045,0.988113,0.986393,0.989106,0.991381,0.989034,0.989630,0.990754,0.991099,0.939881,0.991561,0.991337,0.989409,0.988992,0.988901,0.990070,0.990544,0.990736,0.990794,0.990561,0.985426,0.989385,0.989121,0.988623,0.988091,0.988036,0.987664,0.987594,0.987322,0.987323,0.991008,0.993598,0.993773,0.993102,0.990450,0.992701,0.992639,0.947368,0.991548,0.992930,0.991246,0.990019,0.990651,0.990067,0.990183,0.989310,0.989794,0.989445,0.988028,0.983027,0.982263,0.984310,0.982741,0.981880,0.984869,0.985087,0.985391,0.983684,0.994047,0.997847,0.996102,0.995751,0.994219,0.990944,0.990638,0.955789,0.991859,0.992548,0.991116,0.989181,0.991087,0.989471,0.985182,0.986638,0.984898,0.985037,0.987849,0.976972,0.981025,0.977618,0.980256,0.981347,0.981667,0.983035,0.980343,0.980446,0.993207,0.997517,1.000000,0.994188,0.991868,0.989693,0.992795,0.959511,0.992778,0.991900,0.990590,0.989119,0.991493,0.988321,0.986613,0.987678,0.985318,0.983837
allando_v_sin_a8_f7_v30,0.920896,0.984445,0.984086,0.983328,0.983066,0.983095,0.983021,0.982890,0.982775,0.982834,0.937475,0.949030,0.947928,0.952747,0.961138,0.964616,0.970813,0.884021,0.970181,0.970297,0.969539,0.974252,0.977047,0.983207,0.985080,0.984900,0.984784,0.984883,0.920256,0.984017,0.983272,0.982237,0.982003,0.981685,0.981352,0.981512,0.981455,0.981682,0.942694,0.955574,0.952733,0.956879,0.964422,0.966387,0.971525,0.885077,0.971255,0.969201,0.971180,0.975805,0.977251,0.979279,0.972715,0.983210,0.985014,0.984224,0.929789,0.979975,0.981227,0.982820,0.985221,0.985359,0.983919,0.984384,0.984114,0.984134,0.950428,0.958781,0.955034,0.958411,0.965692,0.966101,0.972651,0.900642,0.970440,0.968484,0.970136,0.968188,0.976281,0.978581,0.977038,0.974299,0.976464,0.979813,0.939984,0.976985,0.977954,0.979780,0.980773,0.980164,0.980797,0.979107,0.979726,0.981113,0.951718,0.962096,0.962791,0.962050,0.968061,0.970396,0.972270,0.905654,0.969572,0.964404,0.967381,0.965866,0.970441,0.976790,0.968540,0.973655,0.976259,0.978419,0.971608,0.987273,0.986878,0.986250,0.987262,0.987070,0.985689,0.986132,0.987419,0.986980,0.980075,0.990791,0.987908,0.984971,0.985642,0.987055,0.987789,0.932822,0.988173,0.988302,0.986479,0.986326,0.986521,0.987764,0.988230,0.988469,0.988538,0.988472,0.978537,0.986624,0.986274,0.986169,0.985833,0.986491,0.986576,0.985575,0.985756,0.985333,0.985355,0.993694,0.991227,0.989074,0.986297,0.988858,0.989035,0.940550,0.988517,0.990276,0.988395,0.987402,0.987834,0.987124,0.987185,0.986558,0.986822,0.986760,0.981661,0.980970,0.980492,0.982387,0.980519,0.979842,0.983026,0.983594,0.983941,0.982457,0.988339,0.991212,0.994157,0.993933,0.990669,0.987384,0.987411,0.949535,0.989207,0.990120,0.988186,0.986407,0.988156,0.986765,0.982274,0.983697,0.981216,0.981625,0.981810,0.975211,0.978920,0.974865,0.977665,0.978696,0.980293,0.981363,0.979009,0.979638,0.987087,0.992312,0.994188,1.000000,0.988808,0.986297,0.989559,0.953401,0.990099,0.989457,0.987607,0.986276,0.988209,0.984964,0.983646,0.984792,0.981903,0.981145
allando_v_sin_a8_f7_v35,0.923085,0.987074,0.986775,0.985773,0.985912,0.985750,0.985538,0.985429,0.985340,0.985320,0.936769,0.944714,0.958504,0.964326,0.966560,0.968697,0.973038,0.883846,0.974114,0.973958,0.970625,0.976849,0.978461,0.985382,0.988265,0.987375,0.987505,0.987426,0.922332,0.986942,0.986584,0.985709,0.985457,0.985182,0.984968,0.985009,0.984891,0.984664,0.941872,0.951500,0.963997,0.968717,0.969181,0.969874,0.973743,0.884634,0.975526,0.974449,0.972922,0.978860,0.978983,0.982025,0.978115,0.985103,0.988136,0.987065,0.932010,0.982835,0.983232,0.982212,0.987022,0.987139,0.986569,0.986340,0.986202,0.985996,0.950358,0.955526,0.966745,0.970927,0.970814,0.969746,0.975765,0.901224,0.974990,0.973948,0.971653,0.971950,0.978151,0.982655,0.980819,0.978565,0.979961,0.982378,0.943088,0.980548,0.982171,0.984839,0.983134,0.980205,0.980163,0.980096,0.979871,0.978041,0.953538,0.958678,0.973169,0.973271,0.972930,0.974085,0.974696,0.906517,0.973522,0.969417,0.968874,0.968727,0.972425,0.981034,0.973734,0.977753,0.978600,0.980517,0.972306,0.992108,0.991976,0.991353,0.991774,0.991554,0.990799,0.990665,0.990658,0.990915,0.978311,0.982188,0.994943,0.995865,0.996072,0.993932,0.992337,0.932590,0.992285,0.992004,0.990743,0.990571,0.990408,0.991567,0.991882,0.992077,0.992624,0.992650,0.980060,0.990737,0.990247,0.989829,0.989899,0.990002,0.990005,0.989642,0.989497,0.989049,0.983588,0.986786,0.993395,0.997454,0.997665,0.996889,0.993380,0.940607,0.992012,0.993612,0.992745,0.991940,0.992416,0.991608,0.991086,0.990508,0.991223,0.990226,0.982481,0.982433,0.981588,0.983658,0.983074,0.982373,0.985564,0.984581,0.984098,0.982171,0.988765,0.989534,0.989914,0.994518,0.998222,0.997673,0.993388,0.949497,0.993008,0.993690,0.992297,0.991082,0.992742,0.989263,0.986371,0.987802,0.985766,0.985900,0.982582,0.978047,0.981087,0.979597,0.981930,0.983251,0.981799,0.982819,0.978185,0.979574,0.988061,0.992084,0.991868,0.988808,1.000000,0.998280,0.996500,0.953513,0.994227,0.993525,0.991964,0.991235,0.993085,0.987937,0.987659,0.988811,0.985851,0.985297
allando_v_sin_a8_f7_v40,0.920585,0.986329,0.986029,0.985032,0.985163,0.984971,0.984765,0.984680,0.984586,0.984568,0.935667,0.942881,0.958500,0.964642,0.966760,0.969545,0.973179,0.882464,0.975183,0.974942,0.971253,0.976095,0.977549,0.984253,0.987514,0.986692,0.986593,0.986664,0.920286,0.986082,0.985913,0.985031,0.984793,0.984528,0.984326,0.984412,0.984274,0.983958,0.941002,0.949483,0.963582,0.969026,0.969521,0.970838,0.974150,0.883224,0.976594,0.975681,0.973536,0.978248,0.978299,0.980692,0.977583,0.984188,0.987334,0.986284,0.930227,0.981742,0.982448,0.980572,0.985981,0.986106,0.985716,0.985490,0.985322,0.985173,0.949879,0.953222,0.966116,0.971425,0.971009,0.970917,0.975935,0.900074,0.976474,0.975004,0.972236,0.971164,0.977324,0.981324,0.979770,0.977287,0.978773,0.980839,0.941699,0.979920,0.981203,0.983789,0.981454,0.979295,0.978691,0.979176,0.979272,0.976632,0.952623,0.955932,0.971952,0.973863,0.973519,0.975059,0.974875,0.905508,0.975013,0.970854,0.969509,0.967412,0.972018,0.979814,0.973579,0.976532,0.977445,0.979541,0.969621,0.992223,0.992104,0.991560,0.991845,0.991641,0.991080,0.990926,0.990795,0.991061,0.975834,0.979139,0.992975,0.996251,0.996566,0.993897,0.992402,0.931321,0.992681,0.992107,0.991273,0.991359,0.991079,0.991961,0.992110,0.992188,0.992673,0.992728,0.977245,0.990453,0.989956,0.989494,0.989653,0.989827,0.989800,0.989482,0.989353,0.988908,0.980529,0.984041,0.991216,0.996008,0.998537,0.996629,0.993097,0.939415,0.992824,0.993361,0.993020,0.992692,0.992607,0.991690,0.990896,0.990238,0.991017,0.989907,0.980087,0.980952,0.980344,0.982339,0.982245,0.981342,0.984248,0.982943,0.982596,0.980941,0.986382,0.987505,0.987257,0.992149,0.997040,0.998326,0.993662,0.948356,0.993591,0.993591,0.992658,0.992155,0.992912,0.988977,0.985317,0.986752,0.984086,0.985167,0.981185,0.976649,0.980711,0.978849,0.982032,0.983025,0.981813,0.981584,0.977444,0.978338,0.985696,0.989535,0.989693,0.986297,0.998280,1.000000,0.996601,0.952656,0.994526,0.993603,0.992642,0.992384,0.993481,0.987870,0.986689,0.987919,0.984657,0.984660
allando_v_sin_a8_f7_v45,0.920787,0.987984,0.987623,0.986493,0.986695,0.986554,0.986356,0.986227,0.986134,0.986126,0.934829,0.942485,0.954061,0.962435,0.969015,0.972002,0.973447,0.881802,0.974516,0.975661,0.972066,0.978475,0.979737,0.986541,0.989161,0.988224,0.988425,0.988341,0.920269,0.987811,0.987307,0.986140,0.985920,0.985608,0.985361,0.985474,0.985343,0.985158,0.940328,0.949115,0.959893,0.966945,0.972404,0.973556,0.974365,0.882642,0.975922,0.976112,0.974152,0.981103,0.980021,0.983096,0.979377,0.986172,0.988944,0.987872,0.930230,0.985964,0.986133,0.983201,0.988001,0.988219,0.987562,0.987290,0.987157,0.986953,0.949002,0.953503,0.962858,0.969023,0.973994,0.973495,0.976623,0.899997,0.976358,0.975399,0.973056,0.973251,0.978909,0.983719,0.981813,0.979317,0.980938,0.983892,0.941791,0.984451,0.984924,0.984289,0.983008,0.980619,0.980927,0.979968,0.980681,0.979282,0.952733,0.956537,0.969973,0.971172,0.976194,0.977822,0.975350,0.905014,0.975377,0.970861,0.970421,0.968951,0.973359,0.981807,0.973481,0.979806,0.980723,0.982439,0.971789,0.994537,0.994355,0.993853,0.994069,0.993877,0.993326,0.993307,0.993129,0.993246,0.977800,0.982095,0.992800,0.993864,0.995434,0.997071,0.996531,0.932935,0.996193,0.995104,0.993177,0.993524,0.992940,0.994058,0.994402,0.994573,0.994929,0.994956,0.979059,0.992496,0.992096,0.991730,0.991678,0.991916,0.991926,0.991594,0.991405,0.990972,0.983337,0.987131,0.993622,0.995440,0.995851,0.997746,0.997361,0.941488,0.996388,0.996749,0.994634,0.993788,0.994515,0.993715,0.992897,0.992264,0.993066,0.992106,0.982452,0.984529,0.983960,0.987005,0.986406,0.985535,0.986656,0.985371,0.985382,0.983470,0.989249,0.990163,0.990658,0.994741,0.996741,0.996802,0.997829,0.950620,0.996883,0.996805,0.994682,0.992967,0.994655,0.990751,0.986718,0.988645,0.986203,0.986722,0.982500,0.980424,0.983823,0.984252,0.985588,0.985944,0.982689,0.985919,0.979984,0.981497,0.988846,0.992680,0.992795,0.989559,0.996500,0.996601,1.000000,0.954398,0.997939,0.996710,0.994587,0.993286,0.995115,0.989577,0.988423,0.989897,0.986780,0.986803
allando_v_sin_a8_f7_v5,0.945831,0.949035,0.949321,0.947250,0.946807,0.946374,0.945928,0.945620,0.945375,0.945292,0.949815,0.952869,0.958505,0.960860,0.961130,0.963259,0.963322,0.944092,0.961086,0.958551,0.955490,0.957581,0.957058,0.955008,0.952543,0.951315,0.950241,0.949704,0.946302,0.949882,0.952958,0.954724,0.954426,0.953957,0.953777,0.953644,0.953241,0.952233,0.954698,0.959372,0.962715,0.961950,0.962609,0.964602,0.962688,0.944838,0.961195,0.957736,0.956647,0.956954,0.955926,0.954956,0.945074,0.947024,0.952077,0.950314,0.953658,0.943420,0.944932,0.943037,0.945891,0.947655,0.948540,0.948200,0.946759,0.946764,0.960807,0.961444,0.962459,0.961174,0.963333,0.964082,0.963921,0.958945,0.960693,0.958193,0.957266,0.953898,0.956330,0.955730,0.952481,0.945188,0.944983,0.946381,0.961706,0.945475,0.944562,0.948607,0.947702,0.944223,0.941989,0.941451,0.944363,0.941436,0.961664,0.959706,0.962857,0.963472,0.964653,0.965430,0.960104,0.964904,0.960508,0.954468,0.956306,0.952368,0.951063,0.957542,0.948885,0.949714,0.948903,0.950122,0.973530,0.944771,0.944450,0.943622,0.943245,0.942835,0.942216,0.942329,0.942428,0.942493,0.967821,0.961844,0.961099,0.957065,0.956124,0.954470,0.950724,0.984619,0.948941,0.947111,0.944965,0.942987,0.942345,0.943800,0.944941,0.945786,0.945703,0.945070,0.973386,0.943475,0.943499,0.943053,0.941823,0.941822,0.940776,0.941866,0.941415,0.940219,0.967535,0.960614,0.958386,0.957458,0.953028,0.953892,0.952026,0.994251,0.950782,0.949907,0.947096,0.946496,0.944283,0.943261,0.944198,0.943139,0.944799,0.942448,0.973316,0.930179,0.928927,0.931507,0.929568,0.928338,0.931764,0.932125,0.931769,0.929367,0.970044,0.962654,0.958031,0.956930,0.957503,0.955148,0.953637,0.999172,0.953028,0.951995,0.948483,0.947195,0.946692,0.942212,0.936365,0.937740,0.934485,0.934987,0.972399,0.928190,0.931285,0.928614,0.930170,0.931687,0.932229,0.933340,0.928329,0.927088,0.965854,0.963614,0.959511,0.953401,0.953513,0.952656,0.954398,1.000000,0.953668,0.951541,0.949306,0.948083,0.949984,0.944175,0.940772,0.942593,0.937184,0.936394
allando_v_sin_a8_f7_v50,0.920940,0.988306,0.988015,0.986917,0.987113,0.986890,0.986689,0.986559,0.986449,0.986431,0.934340,0.942349,0.952237,0.960779,0.970256,0.974538,0.976654,0.882396,0.977389,0.976887,0.973113,0.978374,0.981337,0.987345,0.989638,0.988670,0.988780,0.988678,0.920505,0.988029,0.987537,0.986347,0.986169,0.985879,0.985588,0.985718,0.985559,0.985394,0.939784,0.949420,0.958187,0.965162,0.973702,0.975976,0.977689,0.883164,0.978531,0.977427,0.975122,0.979975,0.981885,0.983677,0.979591,0.987196,0.989598,0.988325,0.929804,0.984234,0.985423,0.983597,0.988556,0.988575,0.987858,0.987773,0.987601,0.987472,0.948893,0.953954,0.961064,0.967343,0.975084,0.975958,0.979622,0.900174,0.978758,0.976629,0.974165,0.973284,0.980636,0.983020,0.983263,0.980398,0.980878,0.983605,0.941967,0.982988,0.982787,0.983728,0.983911,0.981638,0.982167,0.980521,0.980709,0.980549,0.952266,0.956823,0.967637,0.969746,0.977500,0.979816,0.978836,0.905055,0.977806,0.972082,0.971547,0.970309,0.974967,0.981261,0.976043,0.979191,0.981502,0.982716,0.971916,0.995003,0.994836,0.994225,0.994284,0.994040,0.993675,0.993746,0.993582,0.993668,0.977709,0.982800,0.990944,0.991478,0.992902,0.995549,0.997116,0.931911,0.997613,0.996710,0.994911,0.994708,0.994497,0.995449,0.995718,0.995685,0.995646,0.995559,0.979249,0.992813,0.992588,0.992148,0.992134,0.992390,0.992302,0.992008,0.991898,0.991537,0.983479,0.987684,0.992876,0.993488,0.993397,0.995998,0.997754,0.940358,0.998140,0.997952,0.996606,0.995052,0.995323,0.994609,0.993578,0.993132,0.993541,0.992775,0.982332,0.985478,0.984434,0.986460,0.985722,0.984148,0.986513,0.985959,0.986259,0.984471,0.988472,0.990201,0.990562,0.994305,0.995424,0.994879,0.997602,0.949692,0.999205,0.998493,0.997199,0.994546,0.994718,0.991436,0.987304,0.989512,0.987234,0.988034,0.982805,0.980846,0.984220,0.981793,0.984319,0.984117,0.985350,0.984750,0.982277,0.981942,0.988377,0.992046,0.992778,0.990099,0.994227,0.994526,0.997939,0.953668,1.000000,0.998664,0.997331,0.994898,0.995392,0.990665,0.989224,0.991115,0.988108,0.987479
allando_v_sin_a8_f7_v55,0.920049,0.988639,0.988320,0.987266,0.987523,0.987342,0.987153,0.987019,0.986909,0.986881,0.933334,0.941519,0.951191,0.958812,0.968158,0.973162,0.976298,0.881053,0.976976,0.976191,0.972624,0.978271,0.981247,0.987477,0.989829,0.988881,0.989133,0.989004,0.919609,0.988391,0.987608,0.986322,0.986151,0.985896,0.985618,0.985702,0.985536,0.985391,0.938810,0.948538,0.956739,0.963033,0.971470,0.974313,0.977363,0.881766,0.977950,0.977020,0.974518,0.979970,0.981978,0.984517,0.979750,0.987928,0.989906,0.988559,0.929127,0.984932,0.985878,0.983890,0.989099,0.988945,0.988164,0.988095,0.987850,0.987805,0.947793,0.952601,0.959403,0.965210,0.973098,0.974064,0.978974,0.898364,0.978434,0.975657,0.973514,0.972693,0.980561,0.982644,0.983484,0.981725,0.982973,0.985453,0.941112,0.983265,0.983872,0.983684,0.984226,0.981567,0.982007,0.980672,0.980673,0.980540,0.950743,0.955147,0.966150,0.967786,0.975194,0.977790,0.978376,0.903405,0.978293,0.971131,0.970766,0.969266,0.975435,0.980699,0.976546,0.980840,0.983347,0.984616,0.970738,0.995069,0.994779,0.994189,0.994311,0.994094,0.993575,0.993630,0.993599,0.993720,0.976571,0.981546,0.990123,0.990785,0.991892,0.994367,0.995783,0.929545,0.997077,0.997104,0.995469,0.995199,0.995081,0.995931,0.996175,0.996110,0.995862,0.995619,0.978273,0.992747,0.992613,0.992148,0.992160,0.992408,0.992256,0.991912,0.991887,0.991684,0.982632,0.986609,0.992188,0.992455,0.992400,0.995085,0.996200,0.937745,0.997215,0.998628,0.996902,0.995597,0.995440,0.994705,0.993682,0.993406,0.993504,0.992965,0.981158,0.987837,0.986995,0.988413,0.987226,0.985537,0.987307,0.986707,0.986849,0.985268,0.987595,0.989024,0.989484,0.993838,0.994449,0.993695,0.995718,0.947443,0.998234,0.999193,0.997673,0.995294,0.994799,0.991773,0.987224,0.989349,0.987532,0.989014,0.981888,0.983828,0.986841,0.982622,0.985653,0.984805,0.986881,0.985544,0.983025,0.983192,0.988178,0.991225,0.991900,0.989457,0.993525,0.993603,0.996710,0.951541,0.998664,1.000000,0.997654,0.995653,0.995472,0.991116,0.989348,0.991022,0.988221,0.988386
allando_v_sin_a8_f7_v60,0.917626,0.988671,0.988328,0.987223,0.987552,0.987323,0.987119,0.987016,0.986875,0.986832,0.931164,0.939606,0.949155,0.956286,0.965064,0.971133,0.976475,0.879870,0.977557,0.975427,0.972077,0.977694,0.981049,0.986539,0.989586,0.988748,0.988876,0.988961,0.917095,0.988121,0.987446,0.986220,0.986002,0.985749,0.985420,0.985542,0.985335,0.985180,0.936518,0.946818,0.954658,0.960292,0.968477,0.971972,0.977786,0.880527,0.978397,0.976146,0.974216,0.979012,0.981627,0.982042,0.980470,0.987422,0.989646,0.988448,0.926793,0.984155,0.985393,0.983224,0.989023,0.988615,0.987937,0.987915,0.987683,0.987685,0.946168,0.950783,0.956825,0.962587,0.969596,0.972182,0.979155,0.896273,0.979530,0.975079,0.973165,0.972493,0.979900,0.981608,0.984016,0.979630,0.980870,0.982749,0.939473,0.983535,0.982482,0.982757,0.983667,0.981213,0.981521,0.980496,0.979817,0.980622,0.948915,0.952864,0.963578,0.965135,0.972468,0.975843,0.979019,0.901352,0.978935,0.970592,0.970296,0.969032,0.974851,0.979691,0.977721,0.978577,0.981779,0.982040,0.968804,0.994612,0.994360,0.993852,0.993864,0.993660,0.993314,0.993362,0.993227,0.993347,0.974347,0.979163,0.987965,0.989182,0.989849,0.991738,0.993851,0.927269,0.995899,0.996657,0.996576,0.996099,0.995938,0.996396,0.996345,0.995921,0.995436,0.995064,0.976206,0.992422,0.992390,0.991881,0.991972,0.992196,0.991904,0.991630,0.991749,0.991700,0.980222,0.984570,0.989625,0.990720,0.991146,0.992744,0.994077,0.935084,0.996262,0.997270,0.998115,0.996290,0.995468,0.994846,0.993699,0.993466,0.993151,0.992783,0.978943,0.986353,0.985581,0.987259,0.987539,0.985320,0.987365,0.986697,0.986558,0.985228,0.985489,0.987562,0.987546,0.991426,0.992967,0.992108,0.993541,0.944727,0.997392,0.997708,0.999486,0.995784,0.994471,0.991655,0.987316,0.988839,0.987594,0.989262,0.980192,0.981317,0.985538,0.982625,0.986418,0.984650,0.988142,0.984653,0.983581,0.982204,0.985669,0.989439,0.990590,0.987607,0.991964,0.992642,0.994587,0.949306,0.997331,0.997654,1.000000,0.995847,0.995107,0.991065,0.989032,0.990101,0.988349,0.987914
allando_v_sin_a8_f7_v65,0.916002,0.988166,0.987953,0.987040,0.987342,0.987235,0.987042,0.986915,0.986813,0.986789,0.929604,0.938089,0.947406,0.954183,0.961285,0.967107,0.973099,0.877962,0.974699,0.975548,0.971909,0.976221,0.978741,0.985471,0.988992,0.988219,0.988530,0.988486,0.915674,0.987715,0.987016,0.985743,0.985565,0.985408,0.985198,0.985289,0.985158,0.984992,0.935150,0.944716,0.952038,0.958415,0.964369,0.968139,0.974330,0.878606,0.975812,0.976572,0.973828,0.978617,0.979601,0.981466,0.979053,0.987023,0.989211,0.988005,0.925482,0.982556,0.984599,0.982285,0.988127,0.988118,0.987560,0.987447,0.987235,0.987141,0.944203,0.947707,0.954735,0.960665,0.965815,0.967897,0.975241,0.894168,0.976753,0.975227,0.972228,0.970696,0.978277,0.980176,0.981254,0.980438,0.980285,0.982820,0.937691,0.979807,0.982225,0.981617,0.982997,0.979739,0.980565,0.979489,0.979423,0.978156,0.945517,0.950301,0.961685,0.962857,0.968479,0.971354,0.975120,0.899811,0.976836,0.970859,0.969320,0.966712,0.975813,0.978474,0.975523,0.978654,0.979170,0.981538,0.967906,0.993222,0.992927,0.992479,0.992543,0.992371,0.992043,0.991981,0.991937,0.992125,0.972959,0.977625,0.986872,0.988312,0.989493,0.989923,0.991251,0.926372,0.993788,0.994750,0.994680,0.995796,0.995876,0.995575,0.995271,0.994710,0.994175,0.993660,0.975290,0.991893,0.991741,0.991402,0.991502,0.991843,0.991379,0.991144,0.991263,0.991462,0.978993,0.983560,0.988800,0.989944,0.990412,0.992213,0.991643,0.934196,0.993966,0.995490,0.995724,0.997709,0.995652,0.994615,0.993512,0.993235,0.992624,0.992460,0.978171,0.986553,0.985373,0.986965,0.986326,0.984894,0.986583,0.986323,0.986161,0.984997,0.984467,0.986162,0.986716,0.990695,0.992104,0.991349,0.990830,0.943611,0.994958,0.995834,0.996119,0.999577,0.995044,0.992851,0.986743,0.988528,0.987440,0.989181,0.980544,0.981601,0.985294,0.980632,0.985873,0.984501,0.987200,0.984239,0.982074,0.981833,0.985283,0.988456,0.989119,0.986276,0.991235,0.992384,0.993286,0.948083,0.994898,0.995653,0.995847,1.000000,0.995585,0.992835,0.988709,0.989709,0.988045,0.987986
allando_v_sin_a8_f7_v70,0.917161,0.989666,0.989410,0.988458,0.988744,0.988672,0.988518,0.988362,0.988237,0.988224,0.933244,0.940921,0.949168,0.955416,0.962411,0.966350,0.971630,0.876722,0.973597,0.979822,0.978758,0.981214,0.981251,0.987695,0.990470,0.989761,0.990058,0.990044,0.916911,0.989097,0.988445,0.987096,0.986880,0.986667,0.986391,0.986603,0.986506,0.986414,0.939333,0.946660,0.953969,0.959848,0.965651,0.967952,0.973075,0.877449,0.974977,0.980523,0.980469,0.983846,0.981603,0.983621,0.980680,0.988222,0.990324,0.989405,0.927515,0.984892,0.986688,0.984736,0.989751,0.989647,0.988991,0.988750,0.988696,0.988581,0.947148,0.948956,0.956880,0.961823,0.966565,0.968644,0.974313,0.893532,0.975272,0.979591,0.978819,0.975777,0.980512,0.982904,0.982992,0.980064,0.981561,0.983607,0.938722,0.982551,0.983681,0.984635,0.984389,0.983012,0.982537,0.982673,0.983357,0.981348,0.948603,0.951965,0.963398,0.964742,0.969709,0.972226,0.973617,0.899841,0.975476,0.976456,0.976370,0.970961,0.975604,0.981772,0.974138,0.978892,0.980312,0.982384,0.969868,0.994377,0.994147,0.993755,0.993816,0.993680,0.993333,0.993245,0.993184,0.993342,0.975766,0.979726,0.989029,0.989613,0.991638,0.991626,0.992676,0.929039,0.994428,0.994780,0.994677,0.995590,0.995151,0.995568,0.995416,0.995207,0.995060,0.994799,0.977079,0.993136,0.992992,0.992573,0.992539,0.993054,0.992484,0.992281,0.992325,0.992503,0.980697,0.984859,0.990496,0.992294,0.992314,0.993673,0.993373,0.937273,0.994979,0.995841,0.995290,0.996020,0.995793,0.995156,0.994605,0.993988,0.993726,0.993784,0.980632,0.986818,0.986578,0.988451,0.987573,0.986778,0.988979,0.988511,0.988302,0.987216,0.986230,0.988723,0.988908,0.992264,0.994221,0.993982,0.992635,0.945885,0.994794,0.995850,0.995169,0.995627,0.999390,0.996104,0.989547,0.990556,0.988273,0.989712,0.983540,0.981727,0.987240,0.983073,0.987679,0.987286,0.986040,0.986523,0.982913,0.983440,0.986653,0.990421,0.991493,0.988209,0.993085,0.993481,0.995115,0.949984,0.995392,0.995472,0.995107,0.995585,1.000000,0.995646,0.991428,0.991635,0.989078,0.989402
allando_v_sin_a8_f7_v75,0.915461,0.988739,0.988464,0.987753,0.988029,0.987995,0.987840,0.987689,0.987563,0.987548,0.927193,0.936826,0.940274,0.948870,0.953023,0.960223,0.965056,0.870728,0.966099,0.974183,0.976239,0.978932,0.979595,0.987338,0.988975,0.988447,0.989057,0.988996,0.914464,0.988113,0.986962,0.985409,0.985225,0.985076,0.984800,0.984990,0.984915,0.984869,0.932506,0.942504,0.944843,0.953604,0.956921,0.961423,0.966017,0.871623,0.967379,0.975387,0.977445,0.982242,0.979536,0.982612,0.981334,0.989654,0.989784,0.988392,0.925276,0.982890,0.985214,0.983193,0.988471,0.988623,0.987765,0.987657,0.987684,0.987557,0.939761,0.944007,0.947510,0.956240,0.959012,0.961815,0.967275,0.886665,0.968060,0.975117,0.975636,0.973751,0.978467,0.981470,0.984103,0.982152,0.980003,0.983923,0.935880,0.980139,0.982333,0.981907,0.985925,0.979834,0.982785,0.979921,0.981350,0.979924,0.941118,0.947226,0.954867,0.956050,0.961667,0.965280,0.966736,0.893131,0.969389,0.970056,0.972581,0.968718,0.973589,0.980175,0.974855,0.979860,0.979510,0.980087,0.968880,0.991346,0.991169,0.990651,0.990681,0.990492,0.990173,0.990115,0.990074,0.990300,0.971698,0.976171,0.983239,0.983927,0.987020,0.986833,0.987777,0.923860,0.990447,0.990815,0.990544,0.991818,0.991438,0.992118,0.992308,0.992326,0.992211,0.991905,0.976039,0.990591,0.990482,0.990391,0.990194,0.990584,0.989955,0.989877,0.989897,0.990359,0.978052,0.981745,0.985364,0.987327,0.986917,0.989447,0.988693,0.932320,0.991053,0.991554,0.991335,0.992589,0.992592,0.992063,0.992030,0.991439,0.991034,0.991939,0.978043,0.987792,0.986679,0.988391,0.986933,0.986200,0.988195,0.988695,0.987832,0.987037,0.982771,0.985306,0.986229,0.988327,0.989239,0.988334,0.987540,0.940545,0.990267,0.991525,0.991544,0.993073,0.995408,0.998247,0.989326,0.990684,0.991477,0.992222,0.980220,0.981798,0.987314,0.982095,0.986695,0.986082,0.984066,0.984891,0.981803,0.982211,0.984985,0.987587,0.988321,0.984964,0.987937,0.987870,0.989577,0.944175,0.990665,0.991116,0.991065,0.992835,0.995646,1.000000,0.991498,0.991634,0.991339,0.991575
allando_v_sin_a8_f7_v80,0.911644,0.988723,0.988367,0.987318,0.987761,0.987703,0.987537,0.987335,0.987237,0.987121,0.925655,0.928559,0.938067,0.944470,0.952092,0.958520,0.962414,0.865498,0.968557,0.967291,0.967981,0.981716,0.985424,0.990706,0.990364,0.989229,0.989680,0.989247,0.909837,0.988346,0.986938,0.985333,0.985090,0.984835,0.984487,0.984562,0.984673,0.984533,0.929018,0.935549,0.943900,0.949524,0.955705,0.961198,0.962911,0.866557,0.970393,0.968267,0.969097,0.981568,0.985424,0.986717,0.979184,0.988464,0.989474,0.988608,0.918791,0.983132,0.986813,0.983635,0.987992,0.988486,0.987586,0.987451,0.987492,0.987394,0.937239,0.939052,0.947204,0.952562,0.957280,0.961891,0.965072,0.881848,0.968736,0.968314,0.967131,0.980003,0.984710,0.986494,0.980416,0.978486,0.980787,0.983799,0.930146,0.980047,0.981560,0.983650,0.981659,0.979486,0.980572,0.980613,0.983027,0.979140,0.940228,0.943290,0.954367,0.959046,0.958979,0.965552,0.965021,0.887604,0.964321,0.964254,0.964556,0.978593,0.979307,0.983493,0.970822,0.976927,0.979109,0.979211,0.968974,0.990573,0.990473,0.989934,0.989917,0.989704,0.989513,0.989145,0.989322,0.989314,0.970642,0.975091,0.982791,0.983309,0.985925,0.985390,0.987044,0.919478,0.988698,0.989882,0.989756,0.989996,0.990109,0.990979,0.991361,0.991323,0.990985,0.990925,0.978092,0.989897,0.989804,0.989427,0.989483,0.989558,0.989034,0.988960,0.988991,0.989401,0.976163,0.979844,0.984378,0.986733,0.985534,0.987844,0.987568,0.929192,0.988374,0.990279,0.990346,0.991186,0.991150,0.991060,0.990976,0.990436,0.990209,0.990934,0.979750,0.988205,0.987402,0.988843,0.987352,0.986841,0.989195,0.989517,0.988227,0.986852,0.980715,0.984421,0.983870,0.986953,0.989324,0.989082,0.986835,0.936677,0.988642,0.990029,0.989879,0.989126,0.991782,0.993380,0.998916,0.996886,0.990728,0.991229,0.974283,0.983326,0.986127,0.983294,0.985453,0.986308,0.983942,0.984884,0.981561,0.982719,0.982546,0.986066,0.986613,0.983646,0.987659,0.986689,0.988423,0.940772,0.989224,0.989348,0.989032,0.988709,0.991428,0.991498,1.000000,0.997125,0.989931,0.992574
allando_v_sin_a8_f7_v85,0.912655,0.989532,0.989267,0.988322,0.988751,0.988676,0.988513,0.988324,0.988239,0.988156,0.925269,0.929665,0.939375,0.945686,0.952824,0.959449,0.962260,0.867649,0.967896,0.966324,0.969122,0.979225,0.983812,0.990800,0.990794,0.989793,0.990379,0.989955,0.910711,0.989394,0.987965,0.986444,0.986261,0.986031,0.985658,0.985753,0.985859,0.985723,0.928834,0.936560,0.945155,0.950562,0.956311,0.961976,0.962734,0.868696,0.969317,0.967587,0.970444,0.979520,0.984328,0.986420,0.979391,0.989194,0.990544,0.989500,0.919690,0.983421,0.987012,0.983925,0.988870,0.989564,0.988751,0.988665,0.988708,0.988605,0.937210,0.939993,0.948262,0.953375,0.958083,0.962518,0.964953,0.884001,0.968248,0.967381,0.968631,0.976433,0.983476,0.985120,0.981109,0.981526,0.980877,0.985015,0.931178,0.980238,0.982177,0.982806,0.982439,0.979914,0.981324,0.980116,0.982456,0.979374,0.940215,0.943703,0.954881,0.959296,0.959702,0.965922,0.964396,0.889644,0.964844,0.962897,0.965839,0.974136,0.977835,0.982192,0.971735,0.977904,0.980134,0.981874,0.969303,0.991894,0.991874,0.991308,0.991256,0.991016,0.990871,0.990565,0.990698,0.990701,0.971771,0.975992,0.983718,0.984937,0.987261,0.987066,0.988656,0.921276,0.990365,0.990854,0.990532,0.991078,0.990868,0.991917,0.992371,0.992465,0.992265,0.992198,0.978125,0.991417,0.991262,0.990961,0.991016,0.991038,0.990674,0.990565,0.990591,0.990830,0.977895,0.981041,0.985456,0.987988,0.986873,0.989371,0.988758,0.930505,0.989764,0.991707,0.991675,0.991787,0.992411,0.992309,0.992207,0.991821,0.991698,0.992258,0.979619,0.989852,0.988813,0.990333,0.988587,0.987840,0.989587,0.990166,0.989519,0.988010,0.982313,0.985266,0.985043,0.988124,0.990329,0.989792,0.988247,0.938476,0.990234,0.991473,0.990998,0.990132,0.991918,0.993554,0.995851,0.998760,0.990908,0.992215,0.975411,0.985385,0.988064,0.983815,0.986234,0.987558,0.985438,0.986057,0.983101,0.984168,0.984270,0.987280,0.987678,0.984792,0.988811,0.987919,0.989897,0.942593,0.991115,0.991022,0.990101,0.989709,0.991635,0.991634,0.997125,1.000000,0.989736,0.993051
allando_v_sin_a8_f7_v90,0.915630,0.986718,0.986421,0.985589,0.986153,0.986091,0.985911,0.985853,0.985751,0.985684,0.921323,0.930859,0.936571,0.946490,0.950054,0.956657,0.964941,0.866274,0.960475,0.965644,0.964371,0.971185,0.975236,0.984243,0.986178,0.985685,0.986844,0.986896,0.913485,0.986254,0.984692,0.983167,0.983014,0.982836,0.982651,0.982601,0.982452,0.982451,0.926065,0.937449,0.941795,0.951628,0.954080,0.957094,0.965635,0.867233,0.961979,0.965706,0.965972,0.973999,0.975904,0.979685,0.982566,0.990275,0.988598,0.986540,0.924082,0.982602,0.982605,0.982973,0.986908,0.987194,0.986137,0.986215,0.986299,0.986025,0.934376,0.940246,0.944813,0.954285,0.956809,0.956333,0.967418,0.881557,0.961638,0.965327,0.964028,0.966401,0.974129,0.979377,0.984779,0.983495,0.979312,0.982324,0.935829,0.977909,0.980951,0.979492,0.984546,0.978615,0.982242,0.978157,0.977948,0.978985,0.936738,0.946049,0.953935,0.952236,0.958624,0.960017,0.967640,0.887701,0.962356,0.957461,0.959974,0.963402,0.969095,0.976750,0.976994,0.981245,0.977746,0.978091,0.967677,0.989181,0.989070,0.988513,0.988622,0.988430,0.988142,0.988002,0.987835,0.987997,0.969834,0.973515,0.981399,0.981852,0.984316,0.984646,0.985536,0.917459,0.987942,0.989688,0.988086,0.988176,0.988879,0.989497,0.989931,0.990049,0.990028,0.989766,0.974569,0.988537,0.988446,0.988373,0.988443,0.988294,0.987881,0.987978,0.987793,0.988234,0.976985,0.979989,0.982733,0.985927,0.984262,0.987920,0.987211,0.924985,0.987437,0.989236,0.989379,0.988299,0.989828,0.989489,0.989505,0.989137,0.988818,0.989479,0.973849,0.990352,0.986988,0.987767,0.986660,0.985941,0.987924,0.988437,0.988353,0.987159,0.979898,0.982525,0.983933,0.985407,0.987692,0.985012,0.984617,0.933813,0.987825,0.989322,0.989481,0.988585,0.989974,0.991445,0.988376,0.989087,0.998072,0.995630,0.973507,0.982652,0.985141,0.981469,0.984635,0.984191,0.983931,0.983761,0.983278,0.983198,0.984133,0.984880,0.985318,0.981903,0.985851,0.984657,0.986780,0.937184,0.988108,0.988221,0.988349,0.988045,0.989078,0.991339,0.989931,0.989736,1.000000,0.993924
allando_v_sin_a8_f7_v95,0.918352,0.987476,0.987247,0.986243,0.986822,0.986798,0.986603,0.986510,0.986434,0.986362,0.922058,0.928637,0.936534,0.946160,0.949435,0.957690,0.960210,0.865926,0.962872,0.964083,0.965187,0.974486,0.978676,0.987062,0.987779,0.986777,0.987906,0.987694,0.915850,0.987237,0.985295,0.983661,0.983473,0.983369,0.983128,0.983114,0.983118,0.982933,0.925513,0.935043,0.941474,0.950949,0.953027,0.958749,0.960402,0.866928,0.964223,0.965816,0.966356,0.976643,0.979004,0.983059,0.984193,0.994019,0.989669,0.987185,0.924794,0.983991,0.986098,0.982419,0.987594,0.987881,0.986757,0.986709,0.986647,0.986552,0.933788,0.937960,0.944342,0.953851,0.955342,0.958162,0.962418,0.880887,0.963890,0.965513,0.964142,0.970811,0.977815,0.982466,0.986151,0.985682,0.981694,0.986143,0.935737,0.980160,0.983521,0.980892,0.984744,0.977453,0.980976,0.977756,0.979852,0.977753,0.936476,0.941643,0.952323,0.954028,0.956252,0.961653,0.961942,0.886408,0.962544,0.957987,0.960300,0.967112,0.972728,0.979570,0.976386,0.984082,0.981182,0.980519,0.967545,0.989326,0.989324,0.988776,0.988817,0.988591,0.988391,0.988038,0.988067,0.988096,0.967183,0.971927,0.980102,0.981667,0.984563,0.984520,0.985124,0.916435,0.988089,0.988857,0.987729,0.988498,0.988242,0.989297,0.989892,0.990027,0.989900,0.989872,0.974929,0.988079,0.987923,0.987924,0.987954,0.987942,0.987597,0.987543,0.987516,0.987924,0.974307,0.977781,0.981628,0.984645,0.983774,0.987525,0.986168,0.924569,0.987380,0.989140,0.988691,0.988875,0.989485,0.989129,0.989051,0.988699,0.988404,0.989190,0.974273,0.991886,0.989536,0.990503,0.988398,0.987980,0.988676,0.989007,0.987298,0.986247,0.978912,0.980946,0.981930,0.984406,0.986724,0.985688,0.984283,0.932921,0.987072,0.988872,0.988924,0.988350,0.989784,0.992455,0.990843,0.992550,0.995541,0.998007,0.971704,0.986844,0.989097,0.984203,0.986888,0.986275,0.983826,0.984983,0.981303,0.982689,0.984373,0.983907,0.983837,0.981145,0.985297,0.984660,0.986803,0.936394,0.987479,0.988386,0.987914,0.987986,0.989402,0.991575,0.992574,0.993051,0.993924,1.000000
