,allando_v_sin_a2_f1_v10,allando_v_sin_a2_f1_v100,allando_v_sin_a2_f1_v105,allando_v_sin_a2_f1_v110,allando_v_sin_a2_f1_v115,allando_v_sin_a2_f1_v120,allando_v_sin_a2_f1_v125,allando_v_sin_a2_f1_v130,allando_v_sin_a2_f1_v135,allando_v_sin_a2_f1_v140,allando_v_sin_a2_f1_v15,allando_v_sin_a2_f1_v20,allando_v_sin_a2_f1_v25,allando_v_sin_a2_f1_v30,allando_v_sin_a2_f1_v35,allando_v_sin_a2_f1_v40,allando_v_sin_a2_f1_v45,allando_v_sin_a2_f1_v5,allando_v_sin_a2_f1_v50,allando_v_sin_a2_f1_v55,allando_v_sin_a2_f1_v60,allando_v_sin_a2_f1_v65,allando_v_sin_a2_f1_v70,allando_v_sin_a2_f1_v75,allando_v_sin_a2_f1_v80,allando_v_sin_a2_f1_v85,allando_v_sin_a2_f1_v90,allando_v_sin_a2_f1_v95,allando_v_sin_a2_f3_v10,allando_v_sin_a2_f3_v100,allando_v_sin_a2_f3_v105,allando_v_sin_a2_f3_v110,allando_v_sin_a2_f3_v115,allando_v_sin_a2_f3_v120,allando_v_sin_a2_f3_v125,allando_v_sin_a2_f3_v130,allando_v_sin_a2_f3_v135,allando_v_sin_a2_f3_v140,allando_v_sin_a2_f3_v15,allando_v_sin_a2_f3_v20,allando_v_sin_a2_f3_v25,allando_v_sin_a2_f3_v30,allando_v_sin_a2_f3_v35,allando_v_sin_a2_f3_v40,allando_v_sin_a2_f3_v45,allando_v_sin_a2_f3_v5,allando_v_sin_a2_f3_v50,allando_v_sin_a2_f3_v55,allando_v_sin_a2_f3_v60,allando_v_sin_a2_f3_v65,allando_v_sin_a2_f3_v70,allando_v_sin_a2_f3_v75,allando_v_sin_a2_f3_v80,allando_v_sin_a2_f3_v85,allando_v_sin_a2_f3_v90,allando_v_sin_a2_f3_v95,allando_v_sin_a2_f5_v10,allando_v_sin_a2_f5_v100,allando_v_sin_a2_f5_v105,allando_v_sin_a2_f5_v110,allando_v_sin_a2_f5_v115,allando_v_sin_a2_f5_v120,allando_v_sin_a2_f5_v125,allando_v_sin_a2_f5_v130,allando_v_sin_a2_f5_v135,allando_v_sin_a2_f5_v140,allando_v_sin_a2_f5_v15,allando_v_sin_a2_f5_v20,allando_v_sin_a2_f5_v25,allando_v_sin_a2_f5_v30,allando_v_sin_a2_f5_v35,allando_v_sin_a2_f5_v40,allando_v_sin_a2_f5_v45,allando_v_sin_a2_f5_v5,allando_v_sin_a2_f5_v50,allando_v_sin_a2_f5_v55,allando_v_sin_a2_f5_v60,allando_v_sin_a2_f5_v65,allando_v_sin_a2_f5_v70,allando_v_sin_a2_f5_v75,allando_v_sin_a2_f5_v80,allando_v_sin_a2_f5_v85,allando_v_sin_a2_f5_v90,allando_v_sin_a2_f5_v95,allando_v_sin_a2_f7_v10,allando_v_sin_a2_f7_v100,allando_v_sin_a2_f7_v105,allando_v_sin_a2_f7_v110,allando_v_sin_a2_f7_v115,allando_v_sin_a2_f7_v120,allando_v_sin_a2_f7_v125,allando_v_sin_a2_f7_v130,allando_v_sin_a2_f7_v135,allando_v_sin_a2_f7_v140,allando_v_sin_a2_f7_v15,allando_v_sin_a2_f7_v20,allando_v_sin_a2_f7_v25,allando_v_sin_a2_f7_v30,allando_v_sin_a2_f7_v35,allando_v_sin_a2_f7_v40,allando_v_sin_a2_f7_v45,allando_v_sin_a2_f7_v5,allando_v_sin_a2_f7_v50,allando_v_sin_a2_f7_v55,allando_v_sin_a2_f7_v60,allando_v_sin_a2_f7_v65,allando_v_sin_a2_f7_v70,allando_v_sin_a2_f7_v75,allando_v_sin_a2_f7_v80,allando_v_sin_a2_f7_v85,allando_v_sin_a2_f7_v90,allando_v_sin_a2_f7_v95,allando_v_sin_a8_f1_v10,allando_v_sin_a8_f1_v100,allando_v_sin_a8_f1_v105,allando_v_sin_a8_f1_v110,allando_v_sin_a8_f1_v115,allando_v_sin_a8_f1_v120,allando_v_sin_a8_f1_v125,allando_v_sin_a8_f1_v130,allando_v_sin_a8_f1_v135,allando_v_sin_a8_f1_v140,allando_v_sin_a8_f1_v15,allando_v_sin_a8_f1_v20,allando_v_sin_a8_f1_v25,allando_v_sin_a8_f1_v30,allando_v_sin_a8_f1_v35,allando_v_sin_a8_f1_v40,allando_v_sin_a8_f1_v45,allando_v_sin_a8_f1_v5,allando_v_sin_a8_f1_v50,allando_v_sin_a8_f1_v55,allando_v_sin_a8_f1_v60,allando_v_sin_a8_f1_v65,allando_v_sin_a8_f1_v70,allando_v_sin_a8_f1_v75,allando_v_sin_a8_f1_v80,allando_v_sin_a8_f1_v85,allando_v_sin_a8_f1_v90,allando_v_sin_a8_f1_v95,allando_v_sin_a8_f3_v10,allando_v_sin_a8_f3_v100,allando_v_sin_a8_f3_v105,allando_v_sin_a8_f3_v110,allando_v_sin_a8_f3_v115,allando_v_sin_a8_f3_v120,allando_v_sin_a8_f3_v125,allando_v_sin_a8_f3_v130,allando_v_sin_a8_f3_v135,allando_v_sin_a8_f3_v140,allando_v_sin_a8_f3_v15,allando_v_sin_a8_f3_v20,allando_v_sin_a8_f3_v25,allando_v_sin_a8_f3_v30,allando_v_sin_a8_f3_v35,allando_v_sin_a8_f3_v40,allando_v_sin_a8_f3_v45,allando_v_sin_a8_f3_v5,allando_v_sin_a8_f3_v50,allando_v_sin_a8_f3_v55,allando_v_sin_a8_f3_v60,allando_v_sin_a8_f3_v65,allando_v_sin_a8_f3_v70,allando_v_sin_a8_f3_v75,allando_v_sin_a8_f3_v80,allando_v_sin_a8_f3_v85,allando_v_sin_a8_f3_v90,allando_v_sin_a8_f3_v95,allando_v_sin_a8_f5_v10,allando_v_sin_a8_f5_v100,allando_v_sin_a8_f5_v105,allando_v_sin_a8_f5_v110,allando_v_sin_a8_f5_v115,allando_v_sin_a8_f5_v120,allando_v_sin_a8_f5_v125,allando_v_sin_a8_f5_v130,allando_v_sin_a8_f5_v135,allando_v_sin_a8_f5_v140,allando_v_sin_a8_f5_v15,allando_v_sin_a8_f5_v20,allando_v_sin_a8_f5_v25,allando_v_sin_a8_f5_v30,allando_v_sin_a8_f5_v35,allando_v_sin_a8_f5_v40,allando_v_sin_a8_f5_v45,allando_v_sin_a8_f5_v5,allando_v_sin_a8_f5_v50,allando_v_sin_a8_f5_v55,allando_v_sin_a8_f5_v60,allando_v_sin_a8_f5_v65,allando_v_sin_a8_f5_v70,allando_v_sin_a8_f5_v75,allando_v_sin_a8_f5_v80,allando_v_sin_a8_f5_v85,allando_v_sin_a8_f5_v90,allando_v_sin_a8_f5_v95,allando_v_sin_a8_f7_v10,allando_v_sin_a8_f7_v100,allando_v_sin_a8_f7_v105,allando_v_sin_a8_f7_v110,allando_v_sin_a8_f7_v115,allando_v_sin_a8_f7_v120,allando_v_sin_a8_f7_v125,allando_v_sin_a8_f7_v130,allando_v_sin_a8_f7_v135,allando_v_sin_a8_f7_v140,allando_v_sin_a8_f7_v15,allando_v_sin_a8_f7_v20,allando_v_sin_a8_f7_v25,allando_v_sin_a8_f7_v30,allando_v_sin_a8_f7_v35,allando_v_sin_a8_f7_v40,allando_v_sin_a8_f7_v45,allando_v_sin_a8_f7_v5,allando_v_sin_a8_f7_v50,allando_v_sin_a8_f7_v55,allando_v_sin_a8_f7_v60,allando_v_sin_a8_f7_v65,allando_v_sin_a8_f7_v70,allando_v_sin_a8_f7_v75,allando_v_sin_a8_f7_v80,allando_v_sin_a8_f7_v85,allando_v_sin_a8_f7_v90,allando_v_sin_a8_f7_v95
allando_v_sin_a2_f1_v10,1.000000,0.894013,0.893928,0.892641,0.892087,0.891745,0.891083,0.890979,0.890782,0.890686,0.973336,0.963571,0.960207,0.956776,0.945112,0.943838,0.940104,0.946250,0.932788,0.927889,0.917443,0.918858,0.921464,0.914130,0.899532,0.896347,0.895687,0.894272,0.970511,0.886878,0.888794,0.887554,0.887495,0.887370,0.886962,0.886783,0.886661,0.887765,0.948479,0.944063,0.942242,0.938429,0.929848,0.930199,0.925195,0.933807,0.919776,0.916338,0.908801,0.905998,0.908197,0.907604,0.903411,0.903333,0.892847,0.889734,0.961504,0.896915,0.896904,0.890987,0.889940,0.887016,0.885881,0.886216,0.884859,0.885431,0.942446,0.940602,0.935044,0.932187,0.929229,0.927009,0.924864,0.936138,0.915280,0.916290,0.907884,0.902170,0.909348,0.910010,0.914119,0.905538,0.899684,0.901215,0.957300,0.899257,0.897629,0.901165,0.904259,0.894268,0.896090,0.892274,0.895252,0.891207,0.941450,0.934475,0.931506,0.929694,0.924814,0.921982,0.916986,0.935933,0.915775,0.908517,0.906826,0.905402,0.905784,0.912689,0.910512,0.910634,0.903983,0.902849,0.943626,0.890390,0.890502,0.889095,0.889277,0.888411,0.887700,0.887564,0.887647,0.887682,0.931217,0.919447,0.915349,0.910706,0.906352,0.903914,0.899239,0.924425,0.898452,0.895624,0.890322,0.887675,0.887123,0.888842,0.890628,0.891671,0.891656,0.891704,0.928486,0.880369,0.879852,0.880043,0.879050,0.879320,0.878546,0.879112,0.878047,0.877612,0.918681,0.905838,0.902975,0.901419,0.895520,0.897867,0.894630,0.910707,0.893301,0.891319,0.887320,0.884042,0.881771,0.880085,0.880593,0.880444,0.881260,0.879740,0.925151,0.874432,0.872787,0.874299,0.871596,0.871359,0.873580,0.874060,0.870085,0.867964,0.917039,0.905734,0.900862,0.900055,0.901218,0.897932,0.894083,0.910050,0.894246,0.893556,0.890343,0.886988,0.887240,0.887795,0.881574,0.882225,0.886425,0.885227,0.921890,0.876755,0.879781,0.875173,0.875048,0.870963,0.874142,0.873892,0.870190,0.868713,0.912807,0.904647,0.899966,0.893454,0.895701,0.892368,0.893151,0.909850,0.892774,0.892613,0.889690,0.887115,0.889707,0.888772,0.884848,0.886308,0.889018,0.890830
allando_v_sin_a2_f1_v100,0.894013,1.000000,0.988241,0.954611,0.983014,0.982485,0.982183,0.982111,0.981805,0.981806,0.905975,0.914025,0.918657,0.922153,0.926571,0.931876,0.938592,0.855975,0.938679,0.938598,0.939523,0.944650,0.949576,0.957030,0.958985,0.951111,0.982435,0.988664,0.888369,0.954529,0.964451,0.948476,0.948210,0.947689,0.946722,0.947188,0.947548,0.943766,0.905221,0.913439,0.918281,0.920741,0.924737,0.929852,0.933697,0.851513,0.933742,0.932872,0.935554,0.939602,0.944068,0.947235,0.942432,0.954907,0.954299,0.950594,0.895981,0.956054,0.957833,0.954042,0.957594,0.955873,0.951271,0.952744,0.953094,0.956105,0.913699,0.917437,0.920062,0.922201,0.927769,0.930320,0.934624,0.859974,0.930904,0.933888,0.935185,0.932041,0.942467,0.946262,0.947798,0.944635,0.949734,0.952109,0.905884,0.950080,0.950234,0.951940,0.953109,0.950084,0.952046,0.950984,0.951963,0.952356,0.916164,0.919376,0.925513,0.926811,0.928289,0.931907,0.932286,0.865504,0.932080,0.928707,0.932166,0.931594,0.937388,0.943055,0.939126,0.942486,0.945819,0.947315,0.930112,0.961793,0.962216,0.962509,0.963049,0.962730,0.962645,0.962692,0.962679,0.962738,0.937225,0.939383,0.946827,0.949865,0.951289,0.952772,0.956319,0.890720,0.958655,0.959154,0.958193,0.958164,0.958426,0.960259,0.961696,0.962446,0.962852,0.962509,0.934526,0.958394,0.958423,0.957495,0.958104,0.958071,0.959807,0.957069,0.957289,0.959906,0.938943,0.940783,0.945089,0.948047,0.947611,0.950224,0.949990,0.895251,0.951531,0.955188,0.954901,0.953821,0.959118,0.955999,0.956774,0.956598,0.955541,0.958585,0.940250,0.948129,0.949235,0.950963,0.951386,0.951312,0.953123,0.952515,0.951128,0.949712,0.943777,0.946799,0.946791,0.949143,0.951141,0.949387,0.948121,0.901739,0.950900,0.952135,0.952427,0.951610,0.954813,0.957135,0.953476,0.955173,0.951491,0.950528,0.940040,0.945120,0.949381,0.947730,0.949594,0.945544,0.950783,0.950020,0.947809,0.947992,0.943501,0.948362,0.949693,0.947763,0.950451,0.948815,0.950737,0.905935,0.950571,0.951695,0.951095,0.949744,0.952622,0.952626,0.952214,0.953609,0.950944,0.950703
allando_v_sin_a2_f1_v105,0.893928,0.988241,1.000000,0.955443,0.985452,0.984661,0.983993,0.984035,0.983751,0.983808,0.905988,0.913855,0.918530,0.921772,0.926038,0.931504,0.938174,0.856630,0.938408,0.938261,0.939198,0.943972,0.948905,0.957130,0.959452,0.951775,0.981529,0.984764,0.888408,0.952848,0.965350,0.949389,0.949072,0.948588,0.947713,0.948187,0.948620,0.944599,0.905218,0.913228,0.917910,0.920369,0.924319,0.929447,0.933213,0.852070,0.933275,0.932369,0.935015,0.938878,0.943259,0.946421,0.941537,0.954316,0.954512,0.950624,0.895844,0.955187,0.957331,0.953704,0.956831,0.955321,0.951922,0.953220,0.953953,0.956722,0.913910,0.917156,0.919797,0.921816,0.927260,0.929899,0.934167,0.860470,0.930460,0.933265,0.934733,0.931502,0.941832,0.945676,0.947164,0.944109,0.948870,0.951219,0.905445,0.949316,0.949705,0.951353,0.952551,0.949929,0.951782,0.950750,0.951767,0.951631,0.915926,0.918847,0.925028,0.926331,0.927575,0.931319,0.931616,0.865749,0.931445,0.927940,0.931636,0.930905,0.936730,0.942393,0.938320,0.941725,0.944979,0.946467,0.930086,0.961705,0.962387,0.962674,0.962884,0.962473,0.962941,0.962734,0.962588,0.962692,0.937364,0.939042,0.946433,0.949648,0.951162,0.952420,0.956105,0.891030,0.958262,0.958608,0.957538,0.957481,0.957838,0.959554,0.961119,0.961776,0.962238,0.961971,0.934074,0.958060,0.958260,0.957255,0.957808,0.957833,0.959566,0.957040,0.957065,0.959856,0.938753,0.940358,0.944685,0.947614,0.947046,0.949642,0.949411,0.895539,0.950976,0.954599,0.954321,0.953360,0.958423,0.955569,0.956023,0.956324,0.955608,0.958259,0.939941,0.947515,0.948539,0.950566,0.950959,0.951078,0.952632,0.952133,0.951352,0.949793,0.943416,0.946545,0.946363,0.948643,0.950778,0.948962,0.947782,0.901989,0.950470,0.951729,0.951934,0.951121,0.954407,0.956583,0.952995,0.954611,0.950965,0.950057,0.939753,0.944463,0.948692,0.947369,0.949228,0.945333,0.950440,0.949863,0.947631,0.948070,0.942965,0.947872,0.949091,0.947179,0.949872,0.948235,0.950281,0.906034,0.950113,0.951194,0.950587,0.949263,0.952176,0.952153,0.951770,0.953154,0.950366,0.950200
allando_v_sin_a2_f1_v110,0.892641,0.954611,0.955443,1.000000,0.959128,0.958783,0.958893,0.958848,0.958866,0.958821,0.904682,0.913223,0.917411,0.920380,0.924526,0.929905,0.936621,0.854704,0.936480,0.936672,0.937715,0.942147,0.946945,0.957659,0.963976,0.975505,0.955861,0.954353,0.887495,0.953040,0.951491,0.959732,0.959423,0.959169,0.958660,0.959086,0.959546,0.964688,0.904098,0.912906,0.917127,0.919371,0.923256,0.928419,0.932541,0.850354,0.932301,0.931829,0.934489,0.937899,0.942202,0.945437,0.940732,0.953172,0.951485,0.953185,0.894821,0.954651,0.956557,0.953645,0.955403,0.957113,0.956670,0.957340,0.958387,0.958820,0.912339,0.916333,0.918680,0.920487,0.925999,0.928536,0.932962,0.858803,0.929106,0.932210,0.933952,0.930082,0.940594,0.944369,0.946318,0.943496,0.948336,0.950523,0.904606,0.948485,0.948992,0.951135,0.952283,0.949371,0.951443,0.950362,0.951381,0.951823,0.914540,0.918243,0.924197,0.925263,0.926836,0.930390,0.930776,0.864466,0.930784,0.927067,0.930942,0.929590,0.935718,0.941149,0.937485,0.940705,0.944239,0.945801,0.929134,0.962967,0.963913,0.964229,0.962535,0.962504,0.964230,0.964008,0.963470,0.963270,0.935895,0.938304,0.945378,0.948725,0.950218,0.951495,0.955265,0.889011,0.957650,0.958018,0.957250,0.957465,0.957548,0.959156,0.960865,0.961635,0.960624,0.962435,0.933369,0.960263,0.959670,0.960557,0.958870,0.959058,0.959819,0.961039,0.960171,0.958780,0.938082,0.940435,0.944328,0.947537,0.947000,0.949557,0.949255,0.894054,0.950995,0.954594,0.954397,0.953441,0.955887,0.958079,0.956862,0.958821,0.958331,0.960159,0.939017,0.947406,0.948628,0.950500,0.950829,0.951013,0.952827,0.952420,0.951902,0.950376,0.942714,0.945489,0.946055,0.948277,0.950299,0.948608,0.947333,0.900629,0.950174,0.951474,0.951709,0.950978,0.954360,0.956595,0.952768,0.954544,0.950911,0.949767,0.939461,0.944568,0.948966,0.947118,0.949344,0.945466,0.950665,0.949921,0.947648,0.948056,0.942463,0.947493,0.948709,0.947313,0.949809,0.948133,0.950060,0.904856,0.950099,0.951155,0.950427,0.949311,0.952072,0.952309,0.951587,0.953008,0.950461,0.950028
allando_v_sin_a2_f1_v115,0.892087,0.983014,0.985452,0.959128,1.000000,0.991983,0.991058,0.991197,0.991000,0.990853,0.904535,0.912299,0.916772,0.919883,0.924116,0.929700,0.936373,0.853985,0.936419,0.936686,0.937798,0.942518,0.947271,0.958033,0.961478,0.954430,0.980535,0.981421,0.886938,0.951868,0.967638,0.952195,0.951961,0.951625,0.950777,0.951330,0.951917,0.947778,0.904110,0.912181,0.916716,0.919089,0.922943,0.928065,0.932249,0.849702,0.932183,0.931755,0.934463,0.938265,0.942636,0.945868,0.941429,0.954382,0.956582,0.952750,0.894506,0.955138,0.957281,0.954125,0.957495,0.956159,0.954195,0.955672,0.955824,0.958464,0.912636,0.915822,0.918446,0.920362,0.925876,0.928407,0.933086,0.858306,0.929435,0.932391,0.934178,0.930804,0.941106,0.945137,0.946831,0.944245,0.948869,0.951100,0.904126,0.949031,0.949687,0.951550,0.952961,0.950456,0.952323,0.951172,0.952034,0.951929,0.914646,0.917572,0.923862,0.924917,0.926382,0.930034,0.930592,0.863585,0.930527,0.926882,0.930790,0.929811,0.935947,0.941568,0.937975,0.941362,0.944647,0.946237,0.928946,0.963309,0.964139,0.964484,0.963182,0.963006,0.964727,0.964399,0.963904,0.963783,0.936309,0.937835,0.945401,0.948916,0.950437,0.951723,0.955794,0.888656,0.958111,0.958602,0.957691,0.957827,0.957918,0.959577,0.961191,0.961879,0.962697,0.962707,0.933486,0.959388,0.959606,0.958402,0.958917,0.958873,0.960776,0.958381,0.958377,0.961265,0.938606,0.940109,0.944457,0.947664,0.947156,0.949729,0.949502,0.893801,0.951051,0.954926,0.954806,0.953918,0.958280,0.956207,0.956551,0.957945,0.957194,0.958682,0.939414,0.948438,0.949421,0.951313,0.951933,0.952353,0.953761,0.953401,0.953078,0.951496,0.943134,0.946335,0.946243,0.948714,0.950888,0.949164,0.947885,0.900548,0.950670,0.952064,0.952407,0.951732,0.955069,0.957332,0.953543,0.955302,0.951814,0.950911,0.939161,0.945181,0.949341,0.947795,0.950109,0.946385,0.951439,0.950702,0.948574,0.949151,0.942750,0.947865,0.949026,0.947062,0.949954,0.948342,0.950341,0.904510,0.950131,0.951284,0.950701,0.949619,0.952408,0.952687,0.952080,0.953571,0.951041,0.950716
allando_v_sin_a2_f1_v120,0.891745,0.982485,0.984661,0.958783,0.991983,1.000000,0.993215,0.993118,0.993220,0.993840,0.904211,0.912228,0.916539,0.919471,0.923717,0.929274,0.936081,0.853535,0.936120,0.936588,0.937612,0.942367,0.947105,0.957773,0.961296,0.954222,0.980098,0.980856,0.886689,0.952107,0.967290,0.952227,0.951973,0.951702,0.950803,0.951356,0.951916,0.947707,0.903869,0.912075,0.916369,0.918671,0.922478,0.927636,0.931922,0.849267,0.931848,0.931573,0.934122,0.938203,0.942379,0.945735,0.941184,0.954321,0.956533,0.952705,0.894151,0.955139,0.957201,0.954222,0.957318,0.956264,0.954180,0.955368,0.956000,0.958505,0.912137,0.915529,0.917980,0.919946,0.925384,0.927905,0.932655,0.857766,0.929009,0.931992,0.933791,0.930569,0.940833,0.944907,0.946630,0.944098,0.948796,0.951016,0.903704,0.949013,0.949702,0.951475,0.952804,0.950197,0.952157,0.951040,0.952043,0.952030,0.914150,0.917360,0.923541,0.924469,0.925871,0.929517,0.930183,0.863107,0.930149,0.926601,0.930516,0.929590,0.935798,0.941414,0.937712,0.941347,0.944555,0.946157,0.928797,0.963276,0.963973,0.964425,0.963324,0.963227,0.964777,0.964587,0.964134,0.964056,0.936133,0.937926,0.945304,0.948813,0.950405,0.951659,0.955643,0.888330,0.958028,0.958570,0.957752,0.957859,0.957953,0.959658,0.961373,0.962059,0.962808,0.962793,0.933296,0.959446,0.959613,0.958535,0.959002,0.958999,0.960796,0.958602,0.958515,0.961506,0.938374,0.940212,0.944445,0.947657,0.947089,0.949681,0.949291,0.893537,0.950941,0.954900,0.954638,0.953962,0.958375,0.956225,0.956707,0.957952,0.957120,0.958815,0.939110,0.948576,0.949615,0.951513,0.952127,0.952496,0.953940,0.953557,0.953105,0.951507,0.943074,0.946279,0.946340,0.948733,0.950791,0.949073,0.947763,0.900174,0.950586,0.952017,0.952323,0.951751,0.955099,0.957346,0.953507,0.955249,0.951874,0.950910,0.938978,0.945318,0.949495,0.947918,0.950218,0.946527,0.951613,0.950965,0.948509,0.949180,0.942613,0.947803,0.948976,0.947041,0.949778,0.948140,0.950203,0.904153,0.949955,0.951146,0.950469,0.949560,0.952361,0.952609,0.952101,0.953535,0.951001,0.950747
allando_v_sin_a2_f1_v125,0.891083,0.982183,0.983993,0.958893,0.991058,0.993215,1.000000,0.995311,0.994807,0.993786,0.903705,0.911894,0.916066,0.918914,0.923257,0.928659,0.935569,0.852905,0.935630,0.936249,0.937262,0.942118,0.946884,0.957670,0.961055,0.954264,0.979483,0.980403,0.886192,0.951976,0.967358,0.952410,0.952025,0.951761,0.951124,0.951763,0.952278,0.947976,0.903406,0.911698,0.915942,0.918179,0.922067,0.927218,0.931661,0.848678,0.931488,0.931391,0.933908,0.937834,0.942118,0.945511,0.940856,0.954130,0.956411,0.952827,0.893641,0.954951,0.956970,0.954083,0.957182,0.956224,0.954449,0.955894,0.956016,0.958563,0.911631,0.915172,0.917550,0.919474,0.924976,0.927463,0.932299,0.857211,0.928645,0.931613,0.933489,0.930207,0.940518,0.944515,0.946296,0.943803,0.948585,0.950848,0.903196,0.948796,0.949533,0.951233,0.952503,0.949771,0.951915,0.950876,0.951943,0.952165,0.913706,0.917112,0.923120,0.924063,0.925532,0.929113,0.929872,0.862559,0.929834,0.926295,0.930242,0.929260,0.935522,0.941003,0.937330,0.940965,0.944342,0.945941,0.928368,0.963355,0.964075,0.964472,0.963147,0.962984,0.964787,0.964679,0.964244,0.964110,0.935673,0.937842,0.945126,0.948679,0.950355,0.951577,0.955490,0.887772,0.957851,0.958383,0.957611,0.957829,0.957950,0.959582,0.961180,0.961869,0.962651,0.962829,0.932908,0.959525,0.959633,0.958600,0.959081,0.958964,0.960947,0.958769,0.958680,0.961774,0.937893,0.940245,0.944325,0.947543,0.946901,0.949548,0.949235,0.893073,0.950850,0.954756,0.954506,0.953812,0.958162,0.956102,0.956613,0.957924,0.957124,0.958818,0.938751,0.948608,0.949642,0.951504,0.952053,0.952348,0.953867,0.953669,0.953116,0.951372,0.942683,0.945866,0.946295,0.948580,0.950550,0.948864,0.947631,0.899738,0.950386,0.951817,0.952074,0.951524,0.955022,0.957259,0.953373,0.955153,0.951668,0.950770,0.938702,0.945404,0.949613,0.947839,0.950167,0.946440,0.951649,0.951016,0.948408,0.948924,0.942320,0.947555,0.948794,0.946992,0.949596,0.947971,0.950073,0.903730,0.949822,0.950965,0.950230,0.949299,0.952227,0.952508,0.951963,0.953406,0.950903,0.950594
allando_v_sin_a2_f1_v130,0.890979,0.982111,0.984035,0.958848,0.991197,0.993118,0.995311,1.000000,0.995496,0.994479,0.903216,0.911841,0.916000,0.918947,0.923203,0.928523,0.935450,0.852721,0.935450,0.935991,0.937117,0.941869,0.946653,0.957593,0.961050,0.954240,0.979437,0.980200,0.886045,0.952020,0.967367,0.952628,0.952182,0.951918,0.951277,0.951978,0.952472,0.948144,0.902996,0.911714,0.915859,0.918198,0.922062,0.927150,0.931641,0.848509,0.931403,0.931212,0.933774,0.937643,0.942007,0.945442,0.940819,0.954031,0.956460,0.952955,0.893444,0.954885,0.956818,0.954023,0.957158,0.956154,0.954440,0.956199,0.956131,0.958741,0.911270,0.915176,0.917459,0.919433,0.924946,0.927308,0.932186,0.856986,0.928581,0.931372,0.933315,0.929923,0.940279,0.944312,0.946161,0.943585,0.948500,0.950725,0.903057,0.948698,0.949493,0.951184,0.952395,0.949616,0.951743,0.950697,0.951665,0.952152,0.913337,0.917123,0.923038,0.923970,0.925484,0.928971,0.929768,0.862364,0.929796,0.926063,0.930083,0.928968,0.935328,0.940806,0.937228,0.940816,0.944233,0.945828,0.928257,0.963353,0.964224,0.964596,0.963218,0.963055,0.964824,0.964817,0.964374,0.964216,0.935447,0.937928,0.945262,0.948814,0.950465,0.951677,0.955570,0.887647,0.958010,0.958515,0.957755,0.957941,0.958036,0.959659,0.961248,0.961928,0.962679,0.962863,0.932744,0.959607,0.959706,0.958700,0.959276,0.959155,0.961018,0.958920,0.958830,0.961945,0.937699,0.940362,0.944304,0.947507,0.946871,0.949542,0.949206,0.892848,0.950866,0.954818,0.954584,0.953779,0.958238,0.956143,0.956604,0.957959,0.957132,0.958881,0.938559,0.948653,0.949710,0.951538,0.952081,0.952268,0.953890,0.953711,0.953216,0.951488,0.942436,0.945590,0.946434,0.948592,0.950551,0.948846,0.947626,0.899535,0.950404,0.951877,0.952146,0.951486,0.954952,0.957180,0.953313,0.955048,0.951655,0.950762,0.938523,0.945429,0.949638,0.947876,0.950167,0.946440,0.951594,0.951014,0.948601,0.949097,0.942210,0.947454,0.948589,0.947067,0.949636,0.948002,0.950094,0.903540,0.949849,0.951030,0.950307,0.949291,0.952141,0.952435,0.951870,0.953277,0.950875,0.950525
allando_v_sin_a2_f1_v135,0.890782,0.981805,0.983751,0.958866,0.991000,0.993220,0.994807,0.995496,1.000000,0.996060,0.902931,0.911642,0.915790,0.918756,0.923003,0.928374,0.935227,0.852462,0.935192,0.935792,0.936980,0.941735,0.946488,0.957489,0.961001,0.954255,0.979417,0.980284,0.885815,0.952025,0.967213,0.952648,0.952146,0.951933,0.951211,0.951871,0.952517,0.948249,0.902635,0.911514,0.915687,0.918067,0.921867,0.926939,0.931401,0.848243,0.931207,0.931078,0.933610,0.937484,0.941816,0.945252,0.940661,0.953994,0.956481,0.953097,0.893254,0.954881,0.956751,0.954000,0.957114,0.956156,0.954474,0.956032,0.956251,0.958832,0.910980,0.915030,0.917329,0.919305,0.924794,0.927130,0.931961,0.856770,0.928371,0.931211,0.933172,0.929752,0.940152,0.944185,0.946041,0.943533,0.948471,0.950724,0.902826,0.948625,0.949473,0.951160,0.952386,0.949483,0.951650,0.950543,0.951657,0.951991,0.913010,0.916939,0.922897,0.923791,0.925294,0.928783,0.929509,0.862112,0.929604,0.925816,0.929878,0.928755,0.935198,0.940609,0.937106,0.940701,0.944149,0.945751,0.927998,0.963326,0.964192,0.964576,0.963252,0.963133,0.964772,0.964819,0.964434,0.964314,0.935081,0.937741,0.945089,0.948679,0.950385,0.951565,0.955509,0.887478,0.957854,0.958398,0.957625,0.957858,0.958002,0.959620,0.961264,0.961980,0.962670,0.962809,0.932484,0.959668,0.959742,0.958848,0.959354,0.959238,0.961042,0.958898,0.958893,0.962079,0.937430,0.940292,0.944255,0.947462,0.946898,0.949526,0.949194,0.892648,0.950814,0.954742,0.954523,0.953770,0.958255,0.956103,0.956623,0.957995,0.957164,0.958927,0.938388,0.948727,0.949788,0.951583,0.952118,0.952359,0.953931,0.953710,0.953224,0.951626,0.942307,0.945420,0.946484,0.948548,0.950556,0.948823,0.947619,0.899400,0.950365,0.951817,0.952103,0.951511,0.954963,0.957202,0.953273,0.955085,0.951738,0.950813,0.938357,0.945466,0.949684,0.947876,0.950212,0.946462,0.951562,0.950935,0.948622,0.949231,0.942079,0.947343,0.948328,0.946941,0.949636,0.948005,0.950110,0.903355,0.949791,0.950952,0.950241,0.949285,0.952113,0.952389,0.951803,0.953236,0.950887,0.950506
allando_v_sin_a2_f1_v140,0.890686,0.981806,0.983808,0.958821,0.990853,0.993840,0.993786,0.994479,0.996060,1.000000,0.902730,0.911742,0.915815,0.918835,0.923143,0.928421,0.935276,0.852383,0.935183,0.935782,0.937032,0.941595,0.946284,0.957398,0.961052,0.954336,0.979575,0.980248,0.885763,0.952105,0.967061,0.952661,0.952211,0.951951,0.951311,0.952002,0.952592,0.948340,0.902519,0.911671,0.915775,0.918174,0.921976,0.927020,0.931407,0.848226,0.931199,0.931081,0.933709,0.937493,0.941741,0.945230,0.940622,0.954063,0.956465,0.953051,0.893225,0.954910,0.956757,0.954094,0.957181,0.956248,0.954511,0.955957,0.956334,0.959063,0.910910,0.915210,0.917465,0.919427,0.924913,0.927274,0.931977,0.856767,0.928435,0.931210,0.933271,0.929705,0.940094,0.944172,0.945988,0.943564,0.948502,0.950750,0.902801,0.948614,0.949461,0.951182,0.952368,0.949515,0.951691,0.950582,0.951637,0.952018,0.912946,0.917125,0.922978,0.923897,0.925385,0.928865,0.929470,0.862088,0.929645,0.925857,0.929956,0.928610,0.935097,0.940565,0.936969,0.940675,0.944101,0.945720,0.927992,0.963331,0.964195,0.964578,0.963421,0.963260,0.964789,0.964953,0.964568,0.964503,0.935069,0.937882,0.945137,0.948681,0.950342,0.951570,0.955546,0.887478,0.957907,0.958455,0.957673,0.957836,0.957960,0.959610,0.961284,0.962007,0.962718,0.962812,0.932445,0.959728,0.959811,0.959006,0.959520,0.959389,0.961206,0.959060,0.959033,0.962135,0.937435,0.940474,0.944354,0.947499,0.946952,0.949636,0.949289,0.892668,0.950915,0.954780,0.954554,0.953772,0.958383,0.956206,0.956737,0.958095,0.957266,0.959094,0.938373,0.948784,0.949863,0.951703,0.952224,0.952520,0.954098,0.953821,0.953341,0.951756,0.942387,0.945488,0.946692,0.948720,0.950702,0.949016,0.947791,0.899461,0.950483,0.951910,0.952166,0.951575,0.955055,0.957280,0.953335,0.955164,0.951786,0.950868,0.938455,0.945556,0.949755,0.948009,0.950331,0.946679,0.951644,0.951089,0.948661,0.949383,0.942121,0.947415,0.948329,0.947139,0.949770,0.948166,0.950258,0.903432,0.949917,0.951036,0.950291,0.949348,0.952177,0.952475,0.951849,0.953298,0.950927,0.950593
allando_v_sin_a2_f1_v15,0.973336,0.905975,0.905988,0.904682,0.904535,0.904211,0.903705,0.903216,0.902931,0.902730,1.000000,0.976894,0.970361,0.960584,0.955129,0.950902,0.949819,0.936763,0.943555,0.940917,0.930436,0.930666,0.931514,0.923674,0.911784,0.908786,0.907364,0.906739,0.954936,0.898029,0.900092,0.897835,0.897646,0.897339,0.896758,0.896858,0.896910,0.898228,0.967393,0.954210,0.950076,0.941193,0.938701,0.937886,0.934890,0.923468,0.929635,0.926549,0.920355,0.915591,0.917247,0.915829,0.904508,0.907199,0.902293,0.900887,0.951528,0.908710,0.910126,0.907687,0.903673,0.900055,0.898568,0.898698,0.897680,0.897962,0.961942,0.949226,0.943313,0.934316,0.935828,0.935153,0.933642,0.930758,0.924733,0.924254,0.918837,0.911211,0.917103,0.915979,0.912981,0.904672,0.908692,0.908574,0.949063,0.910694,0.907853,0.914088,0.911375,0.913897,0.910260,0.916750,0.918236,0.909340,0.959160,0.944362,0.940155,0.938105,0.933306,0.930902,0.926920,0.933680,0.925544,0.921710,0.919250,0.915201,0.914143,0.918186,0.908685,0.909669,0.910809,0.912041,0.940662,0.905050,0.904735,0.903696,0.903903,0.903398,0.902704,0.902532,0.902830,0.902917,0.948079,0.933814,0.928438,0.923545,0.918669,0.916415,0.913335,0.923256,0.912073,0.910075,0.906268,0.903559,0.903395,0.904389,0.905506,0.906172,0.906170,0.905770,0.930049,0.895319,0.895266,0.894049,0.893264,0.894101,0.893111,0.893399,0.892608,0.892339,0.929851,0.919055,0.915966,0.913313,0.908629,0.908513,0.906197,0.912822,0.905181,0.904334,0.901219,0.897987,0.896409,0.895251,0.896036,0.894892,0.896585,0.894272,0.929470,0.884140,0.885484,0.887479,0.885705,0.886300,0.889391,0.889066,0.887248,0.885470,0.925428,0.923524,0.914338,0.913325,0.913358,0.910740,0.906197,0.911232,0.905903,0.905560,0.901961,0.899248,0.902148,0.899534,0.894752,0.893202,0.888122,0.887827,0.928304,0.886276,0.891857,0.888739,0.889387,0.886655,0.890028,0.890331,0.888112,0.887376,0.915501,0.914419,0.915366,0.908363,0.907782,0.905767,0.905608,0.913020,0.904606,0.904314,0.901639,0.899044,0.904028,0.898912,0.897217,0.897244,0.893311,0.892948
allando_v_sin_a2_f1_v20,0.963571,0.914025,0.913855,0.913223,0.912299,0.912228,0.911894,0.911841,0.911642,0.911742,0.976894,1.000000,0.975920,0.967230,0.960438,0.955999,0.956217,0.926647,0.947199,0.948667,0.939885,0.934885,0.935052,0.928759,0.917861,0.915958,0.914669,0.914336,0.950237,0.905668,0.907504,0.905075,0.905016,0.904753,0.904256,0.904315,0.904290,0.906342,0.960247,0.971764,0.954532,0.948556,0.945171,0.942998,0.944033,0.915123,0.934654,0.935047,0.930480,0.922619,0.922265,0.921736,0.913403,0.916789,0.909465,0.908572,0.952340,0.918102,0.917476,0.917654,0.913021,0.908664,0.906716,0.907228,0.906398,0.906778,0.956952,0.965807,0.948583,0.942379,0.943526,0.940124,0.941800,0.926074,0.931133,0.933232,0.929643,0.914773,0.921581,0.921543,0.923320,0.914724,0.916877,0.916922,0.952150,0.919409,0.917474,0.921975,0.923341,0.920703,0.921272,0.920629,0.921149,0.921719,0.954353,0.962249,0.947594,0.941622,0.941482,0.936317,0.935556,0.929547,0.935466,0.929978,0.929753,0.917891,0.918795,0.924734,0.919160,0.919245,0.919090,0.920930,0.941975,0.913444,0.913141,0.912472,0.913956,0.913429,0.911551,0.912304,0.912994,0.913407,0.947329,0.945632,0.937968,0.931361,0.926617,0.925575,0.921839,0.921874,0.921210,0.919180,0.914947,0.913154,0.912905,0.913866,0.914693,0.915340,0.915682,0.915459,0.931111,0.904295,0.903872,0.903981,0.903233,0.904312,0.904017,0.903514,0.902916,0.902387,0.934316,0.930618,0.926844,0.922181,0.917295,0.917629,0.915030,0.913574,0.914778,0.913803,0.910564,0.907060,0.905775,0.903940,0.904185,0.903827,0.904747,0.903944,0.932490,0.893463,0.894627,0.896639,0.894715,0.895668,0.898881,0.898856,0.896743,0.895494,0.931496,0.926901,0.926168,0.925719,0.921935,0.917887,0.914539,0.915766,0.915107,0.915061,0.911682,0.909150,0.911345,0.908952,0.898834,0.898906,0.898634,0.897437,0.935118,0.894409,0.901251,0.896603,0.898562,0.895736,0.899125,0.899059,0.897551,0.896585,0.922486,0.921763,0.922239,0.921369,0.917170,0.914473,0.914688,0.917591,0.914029,0.913888,0.911405,0.908909,0.913122,0.909818,0.901626,0.903160,0.904322,0.901076
allando_v_sin_a2_f1_v25,0.960207,0.918657,0.918530,0.917411,0.916772,0.916539,0.916066,0.916000,0.915790,0.915815,0.970361,0.975920,1.000000,0.983473,0.974364,0.968319,0.965504,0.925527,0.959701,0.953802,0.944478,0.943044,0.943242,0.935714,0.923653,0.920894,0.919834,0.919181,0.947005,0.908990,0.911394,0.909192,0.909099,0.908881,0.908442,0.908445,0.908332,0.909382,0.955965,0.956962,0.969491,0.961983,0.954908,0.952271,0.949844,0.912231,0.944746,0.939130,0.933618,0.927961,0.929704,0.928534,0.919901,0.919760,0.913388,0.911798,0.949759,0.922510,0.921593,0.918301,0.915410,0.911172,0.909751,0.910118,0.909167,0.909858,0.956919,0.957302,0.965447,0.956631,0.952705,0.949179,0.949034,0.923338,0.940772,0.936949,0.932370,0.922124,0.928606,0.929208,0.927529,0.920463,0.924463,0.922487,0.952623,0.924707,0.922497,0.928761,0.924477,0.923422,0.920934,0.923495,0.922657,0.918832,0.956991,0.952667,0.960392,0.956835,0.949506,0.945297,0.941979,0.927274,0.941997,0.933287,0.932541,0.924357,0.925480,0.930938,0.926348,0.924513,0.925237,0.927188,0.947526,0.922106,0.921957,0.920993,0.922012,0.921320,0.920061,0.920215,0.920484,0.920718,0.950284,0.943797,0.948383,0.946925,0.940933,0.936875,0.931807,0.926713,0.930147,0.927959,0.924108,0.921835,0.921228,0.922008,0.922876,0.923412,0.923762,0.923460,0.934957,0.910177,0.909640,0.909249,0.908856,0.909771,0.909302,0.909053,0.908326,0.907557,0.934772,0.928028,0.931225,0.933042,0.929897,0.927569,0.922183,0.916810,0.920670,0.920613,0.918398,0.914597,0.912317,0.910432,0.909681,0.909413,0.911074,0.909089,0.936030,0.897067,0.898290,0.899994,0.899171,0.899262,0.902311,0.900492,0.898400,0.896710,0.934091,0.927449,0.923449,0.927055,0.931888,0.929666,0.922564,0.918522,0.922313,0.921930,0.918674,0.915579,0.916444,0.910694,0.905620,0.905543,0.902224,0.902342,0.936698,0.900388,0.904883,0.902147,0.902998,0.900044,0.903723,0.902368,0.899628,0.898967,0.925885,0.923643,0.921540,0.918154,0.928337,0.927319,0.923584,0.921013,0.921347,0.921004,0.918375,0.915642,0.918764,0.910922,0.908610,0.910276,0.907546,0.906364
allando_v_sin_a2_f1_v30,0.956776,0.922153,0.921772,0.920380,0.919883,0.919471,0.918914,0.918947,0.918756,0.918835,0.960584,0.967230,0.983473,1.000000,0.983965,0.977242,0.969706,0.917022,0.963817,0.958131,0.947021,0.946656,0.947752,0.940490,0.927240,0.924399,0.923686,0.922747,0.944238,0.912946,0.914813,0.912832,0.912765,0.912401,0.911815,0.911883,0.911653,0.912138,0.949769,0.955701,0.967922,0.971478,0.962243,0.959960,0.953479,0.905233,0.949202,0.944956,0.936260,0.933898,0.934338,0.934381,0.928767,0.927379,0.918192,0.916168,0.946711,0.927078,0.925932,0.921458,0.918973,0.914856,0.912978,0.913381,0.912543,0.913218,0.951588,0.956976,0.964107,0.966516,0.960551,0.955319,0.952770,0.915681,0.943810,0.942699,0.934128,0.926093,0.932673,0.935228,0.936849,0.928533,0.927098,0.927978,0.953363,0.930463,0.927985,0.933126,0.932449,0.925770,0.926598,0.925516,0.925858,0.923422,0.955529,0.954612,0.962607,0.962311,0.956704,0.951927,0.945571,0.919797,0.945454,0.936797,0.934219,0.929419,0.930031,0.937724,0.933652,0.933596,0.931432,0.930798,0.951130,0.929172,0.929037,0.928089,0.928813,0.928081,0.926934,0.927358,0.927190,0.927470,0.951064,0.947711,0.952748,0.951573,0.947879,0.945058,0.940042,0.926934,0.938401,0.935333,0.929885,0.927916,0.927225,0.928467,0.929606,0.930168,0.930773,0.930689,0.939268,0.916317,0.915417,0.915226,0.914893,0.915716,0.915605,0.915175,0.914239,0.913386,0.938706,0.933508,0.937732,0.938821,0.936817,0.937163,0.932299,0.919708,0.929401,0.928113,0.924584,0.920953,0.918965,0.916889,0.915342,0.915399,0.916758,0.915102,0.939218,0.902773,0.902419,0.904620,0.903762,0.903843,0.907057,0.905677,0.902900,0.900779,0.937603,0.932035,0.928833,0.932554,0.936883,0.935739,0.931733,0.921044,0.930027,0.928663,0.925230,0.921448,0.922035,0.917329,0.911076,0.911488,0.912464,0.911186,0.939508,0.905391,0.908421,0.907734,0.907381,0.904163,0.907069,0.907213,0.903518,0.902786,0.932171,0.929170,0.926965,0.922785,0.934124,0.933231,0.931614,0.922796,0.929516,0.928263,0.925151,0.921995,0.924714,0.919176,0.914651,0.916320,0.917031,0.915571
allando_v_sin_a2_f1_v35,0.945112,0.926571,0.926038,0.924526,0.924116,0.923717,0.923257,0.923203,0.923003,0.923143,0.955129,0.960438,0.974364,0.983965,1.000000,0.986010,0.977881,0.910884,0.972610,0.965457,0.953141,0.952898,0.954424,0.945905,0.932595,0.929493,0.928632,0.927489,0.934556,0.917503,0.918887,0.917007,0.916834,0.916423,0.915797,0.915962,0.915699,0.916127,0.947266,0.951658,0.962581,0.963660,0.969421,0.965163,0.958163,0.899495,0.954165,0.948468,0.939340,0.937636,0.940614,0.939320,0.929670,0.929714,0.921933,0.920416,0.937053,0.932913,0.932544,0.927996,0.924683,0.920206,0.917862,0.918372,0.917784,0.918470,0.950168,0.954023,0.959563,0.958735,0.965044,0.961212,0.957679,0.911087,0.949175,0.945097,0.937774,0.931127,0.938956,0.938540,0.937402,0.928805,0.933493,0.933063,0.944006,0.936135,0.931851,0.936190,0.933247,0.932555,0.930894,0.931035,0.930550,0.929674,0.953686,0.952110,0.959022,0.959714,0.962246,0.958287,0.951530,0.914249,0.949803,0.941670,0.938149,0.934368,0.935376,0.939696,0.932310,0.933818,0.937125,0.936994,0.952372,0.936893,0.936652,0.935452,0.935999,0.935291,0.934242,0.934773,0.934640,0.934777,0.955268,0.954741,0.956235,0.953347,0.949797,0.951161,0.950291,0.924609,0.947704,0.944715,0.938264,0.935937,0.935615,0.936723,0.937664,0.938142,0.938395,0.938383,0.938849,0.922796,0.922097,0.921619,0.921440,0.922448,0.922247,0.921591,0.920620,0.920000,0.941654,0.938788,0.942450,0.939962,0.937345,0.939420,0.940845,0.917371,0.937809,0.936027,0.931774,0.927525,0.926231,0.924256,0.922065,0.922278,0.923575,0.921895,0.942456,0.910558,0.911614,0.912959,0.911398,0.910827,0.913507,0.911610,0.910237,0.908478,0.941503,0.937773,0.934434,0.937927,0.939456,0.938156,0.939664,0.919899,0.938782,0.936721,0.932721,0.927594,0.928300,0.922421,0.917998,0.917834,0.914358,0.913644,0.942763,0.913761,0.916473,0.914039,0.913701,0.909824,0.914757,0.914331,0.911982,0.911315,0.935068,0.934015,0.933032,0.929827,0.935108,0.934679,0.937246,0.922041,0.937839,0.936471,0.932842,0.928085,0.930623,0.922338,0.921257,0.922366,0.919667,0.917931
allando_v_sin_a2_f1_v40,0.943838,0.931876,0.931504,0.929905,0.929700,0.929274,0.928659,0.928523,0.928374,0.928421,0.950902,0.955999,0.968319,0.977242,0.986010,1.000000,0.982863,0.910653,0.978490,0.968823,0.957999,0.958273,0.960639,0.952001,0.937541,0.934423,0.933664,0.932444,0.935421,0.923244,0.924320,0.922398,0.922252,0.921837,0.921034,0.921143,0.920921,0.921247,0.945358,0.950760,0.959990,0.962868,0.967719,0.971701,0.961850,0.900596,0.959320,0.952152,0.944010,0.943916,0.947416,0.946106,0.937231,0.938310,0.928161,0.925868,0.938579,0.939209,0.939981,0.933520,0.931266,0.926396,0.923894,0.924239,0.923453,0.924338,0.949758,0.953678,0.956666,0.959492,0.965810,0.968699,0.961930,0.911636,0.956026,0.950781,0.943207,0.939063,0.946248,0.946409,0.945887,0.936362,0.937489,0.938725,0.946138,0.942270,0.938319,0.941151,0.940241,0.936437,0.936605,0.935502,0.936161,0.935040,0.952332,0.950986,0.958030,0.961190,0.963272,0.965309,0.956131,0.914773,0.955855,0.945741,0.942871,0.941958,0.943104,0.947324,0.941165,0.941372,0.942607,0.941684,0.957446,0.941121,0.941152,0.939769,0.940152,0.939415,0.938609,0.939005,0.938799,0.938809,0.955395,0.956534,0.957327,0.954339,0.952151,0.953941,0.952933,0.925535,0.953281,0.949989,0.943992,0.941282,0.940517,0.941875,0.943178,0.943486,0.943135,0.943070,0.943818,0.928714,0.928223,0.927820,0.927595,0.928478,0.928201,0.927607,0.926987,0.926252,0.944654,0.941847,0.945239,0.942446,0.940595,0.943171,0.944677,0.920576,0.944796,0.942372,0.938598,0.934958,0.932263,0.930455,0.928338,0.928475,0.929702,0.928358,0.947291,0.917519,0.918025,0.920012,0.919208,0.918304,0.919951,0.918810,0.916360,0.914825,0.946102,0.942324,0.938412,0.942003,0.942904,0.942020,0.944610,0.923066,0.945315,0.943324,0.940410,0.934947,0.933573,0.930341,0.925961,0.926423,0.923238,0.923034,0.946904,0.919383,0.922744,0.921329,0.921270,0.916302,0.922252,0.920395,0.917668,0.916105,0.940232,0.939679,0.938221,0.934795,0.938701,0.938685,0.941849,0.925618,0.943632,0.942884,0.940144,0.935259,0.935951,0.930674,0.929167,0.930567,0.927444,0.927345
allando_v_sin_a2_f1_v45,0.940104,0.938592,0.938174,0.936621,0.936373,0.936081,0.935569,0.935450,0.935227,0.935276,0.949819,0.956217,0.965504,0.969706,0.977881,0.982863,1.000000,0.910032,0.985986,0.976756,0.966442,0.964347,0.964861,0.956633,0.943794,0.940371,0.939827,0.938954,0.931895,0.929259,0.930032,0.928165,0.927933,0.927532,0.926948,0.926985,0.926728,0.927165,0.944672,0.951650,0.957680,0.957902,0.962208,0.963735,0.971645,0.899943,0.962846,0.954950,0.949602,0.947397,0.951182,0.947613,0.938051,0.942470,0.933756,0.931749,0.935989,0.944807,0.944439,0.941564,0.938331,0.932993,0.930418,0.930771,0.930110,0.930972,0.949922,0.953880,0.955073,0.954085,0.960757,0.961245,0.969367,0.909780,0.959176,0.953557,0.949480,0.941159,0.950000,0.948916,0.948654,0.940203,0.943106,0.942783,0.944270,0.945202,0.942601,0.945754,0.945982,0.945368,0.945126,0.942981,0.941187,0.942267,0.950110,0.952878,0.957550,0.957590,0.960694,0.959205,0.966721,0.913741,0.960055,0.949404,0.947946,0.943550,0.945269,0.948793,0.947269,0.943452,0.945273,0.946158,0.954895,0.946884,0.946644,0.945539,0.945959,0.945393,0.944508,0.944857,0.944666,0.944723,0.958252,0.958444,0.962593,0.958365,0.955325,0.955023,0.955028,0.922919,0.955830,0.955721,0.952734,0.949133,0.950005,0.949853,0.950397,0.949751,0.948809,0.948539,0.943908,0.934218,0.933865,0.933236,0.933270,0.934217,0.933707,0.933015,0.932696,0.932535,0.947750,0.945742,0.948064,0.946679,0.944092,0.945191,0.945457,0.918259,0.946838,0.947207,0.945568,0.941701,0.938436,0.936950,0.934691,0.935016,0.935143,0.934199,0.948562,0.924226,0.924298,0.925276,0.925539,0.924324,0.926543,0.925959,0.924591,0.923887,0.948799,0.945772,0.943388,0.945577,0.946705,0.943734,0.942997,0.922684,0.947789,0.946988,0.945717,0.941441,0.939868,0.936412,0.931125,0.930510,0.930212,0.928069,0.950368,0.924066,0.928390,0.924701,0.927716,0.921586,0.931987,0.925763,0.927778,0.924655,0.943196,0.944536,0.943823,0.941319,0.943323,0.942485,0.943526,0.925767,0.946309,0.946308,0.945711,0.941405,0.941601,0.936101,0.933306,0.933585,0.936202,0.930412
allando_v_sin_a2_f1_v5,0.946250,0.855975,0.856630,0.854704,0.853985,0.853535,0.852905,0.852721,0.852462,0.852383,0.936763,0.926647,0.925527,0.917022,0.910884,0.910653,0.910032,1.000000,0.901899,0.892166,0.880683,0.879784,0.881666,0.870992,0.861916,0.859189,0.857578,0.856550,0.928290,0.850393,0.854276,0.855592,0.855427,0.855263,0.855081,0.854903,0.854616,0.854153,0.916527,0.910254,0.908055,0.898852,0.895796,0.896087,0.894929,0.979539,0.886775,0.877482,0.871044,0.866087,0.868857,0.864168,0.854961,0.855297,0.854356,0.852124,0.916777,0.853773,0.853717,0.849965,0.850539,0.849315,0.849927,0.850129,0.848413,0.848747,0.909835,0.906769,0.901085,0.893537,0.894674,0.894781,0.895528,0.964445,0.884356,0.876689,0.871168,0.861135,0.869549,0.866523,0.865489,0.856003,0.857510,0.856738,0.911542,0.856058,0.853228,0.857896,0.857476,0.855041,0.852984,0.851714,0.853613,0.849995,0.906833,0.900931,0.898383,0.896111,0.891711,0.888654,0.888203,0.960105,0.883626,0.873525,0.871364,0.864654,0.865564,0.869861,0.866289,0.863794,0.860998,0.861602,0.906201,0.853173,0.853118,0.852328,0.852670,0.852022,0.851099,0.851131,0.851368,0.851568,0.900129,0.887823,0.881694,0.876273,0.869472,0.866682,0.862354,0.943615,0.861473,0.860577,0.856999,0.853195,0.852802,0.853804,0.854718,0.854955,0.854329,0.853766,0.889792,0.844215,0.844057,0.843882,0.842553,0.843302,0.842539,0.843171,0.842521,0.841094,0.885404,0.873002,0.868790,0.864778,0.859664,0.859549,0.856578,0.922209,0.856203,0.856177,0.852957,0.849643,0.846501,0.844609,0.844998,0.844059,0.845447,0.842569,0.889192,0.834498,0.834052,0.836017,0.834349,0.833128,0.835328,0.835388,0.832780,0.830601,0.882989,0.873501,0.866775,0.866615,0.866862,0.862793,0.858763,0.915947,0.860284,0.859725,0.856399,0.853389,0.850796,0.848017,0.839997,0.840693,0.838978,0.839246,0.888416,0.837330,0.839498,0.836490,0.837375,0.833836,0.842989,0.838938,0.836697,0.834950,0.872938,0.869348,0.867314,0.861325,0.861262,0.859093,0.859056,0.912289,0.859135,0.858458,0.856663,0.853855,0.854071,0.848913,0.843638,0.846062,0.844780,0.843441
allando_v_sin_a2_f1_v50,0.932788,0.938679,0.938408,0.936480,0.936419,0.936120,0.935630,0.935450,0.935192,0.935183,0.943555,0.947199,0.959701,0.963817,0.972610,0.978490,0.985986,0.901899,1.000000,0.978229,0.969094,0.969915,0.971639,0.960795,0.945196,0.941256,0.940548,0.939301,0.924453,0.928945,0.929892,0.927688,0.927410,0.926987,0.926119,0.926259,0.926239,0.926628,0.936697,0.942780,0.951798,0.952376,0.957664,0.961864,0.962982,0.891480,0.969184,0.954595,0.949234,0.949812,0.955093,0.950450,0.937459,0.942619,0.933375,0.931394,0.926779,0.943816,0.946194,0.939053,0.937522,0.932027,0.929483,0.929593,0.929061,0.929947,0.942193,0.945558,0.949767,0.949519,0.955009,0.960332,0.961594,0.901431,0.964558,0.953960,0.948656,0.946951,0.955144,0.951448,0.946393,0.937048,0.940127,0.941991,0.935379,0.944690,0.941616,0.946911,0.943885,0.942707,0.942102,0.941411,0.942507,0.940356,0.943428,0.943714,0.951619,0.958726,0.955896,0.958771,0.959141,0.905549,0.958580,0.951904,0.948295,0.950499,0.949960,0.952555,0.944856,0.940861,0.943374,0.943934,0.953343,0.948569,0.948424,0.947396,0.947514,0.946896,0.946358,0.946429,0.946331,0.946314,0.954014,0.956926,0.963118,0.960138,0.957460,0.956443,0.956651,0.919660,0.957271,0.956663,0.955502,0.952063,0.952240,0.952450,0.952568,0.951605,0.950442,0.950225,0.943623,0.935124,0.934581,0.933909,0.934059,0.935394,0.934742,0.933709,0.933673,0.933432,0.943142,0.942625,0.946702,0.945649,0.944714,0.944926,0.945064,0.915802,0.947667,0.947819,0.946262,0.945431,0.939864,0.938300,0.935557,0.936112,0.935994,0.935343,0.947696,0.921810,0.923007,0.925019,0.925651,0.924543,0.926981,0.926795,0.923447,0.922863,0.945188,0.943200,0.940613,0.944351,0.946515,0.946840,0.943596,0.918031,0.947713,0.946726,0.945885,0.942109,0.940302,0.937435,0.936889,0.935898,0.927989,0.928244,0.947019,0.922720,0.927601,0.925323,0.928312,0.923098,0.932106,0.925944,0.925740,0.922938,0.939937,0.943062,0.941979,0.939704,0.943609,0.943904,0.943883,0.922943,0.946363,0.946617,0.946264,0.942385,0.942829,0.936475,0.939039,0.938623,0.931201,0.932456
allando_v_sin_a2_f1_v55,0.927889,0.938598,0.938261,0.936672,0.936686,0.936588,0.936249,0.935991,0.935792,0.935782,0.940917,0.948667,0.953802,0.958131,0.965457,0.968823,0.976756,0.892166,0.978229,1.000000,0.979500,0.971242,0.966464,0.959256,0.943748,0.940588,0.940694,0.939156,0.921494,0.928925,0.930024,0.926744,0.926607,0.926296,0.925603,0.925753,0.925619,0.926871,0.937414,0.941560,0.945489,0.948467,0.953634,0.954425,0.958211,0.882768,0.955800,0.966032,0.958779,0.954065,0.948999,0.948374,0.939171,0.943880,0.933464,0.931688,0.927665,0.945287,0.946299,0.941661,0.938598,0.932679,0.930041,0.929821,0.929527,0.930314,0.939295,0.940715,0.944650,0.945298,0.951890,0.952931,0.955910,0.893221,0.952909,0.964357,0.957732,0.946389,0.948854,0.948887,0.948034,0.939719,0.941526,0.942296,0.934170,0.945640,0.943651,0.946915,0.945980,0.944129,0.943876,0.941885,0.942273,0.941417,0.940248,0.941171,0.947442,0.948620,0.953643,0.952405,0.953981,0.899959,0.956498,0.964099,0.957754,0.946971,0.945167,0.951438,0.940880,0.943136,0.943196,0.944444,0.948461,0.947252,0.946970,0.946228,0.946265,0.945838,0.945289,0.945385,0.945005,0.945178,0.951118,0.951675,0.959927,0.956607,0.955931,0.955962,0.956029,0.914662,0.955807,0.954882,0.951321,0.950600,0.949857,0.949933,0.950174,0.949764,0.949183,0.948933,0.939357,0.934502,0.933773,0.933377,0.933369,0.935023,0.934096,0.933311,0.932982,0.933230,0.941944,0.939949,0.944711,0.944359,0.943845,0.944194,0.945215,0.912337,0.947504,0.945465,0.942713,0.942126,0.939209,0.937451,0.935067,0.935398,0.935147,0.935271,0.944923,0.923480,0.924391,0.926330,0.925097,0.925822,0.928114,0.927227,0.924928,0.924111,0.944046,0.941873,0.940634,0.943148,0.944578,0.944714,0.943049,0.915248,0.944811,0.944487,0.942203,0.941590,0.946073,0.943103,0.933510,0.933229,0.930538,0.928567,0.951012,0.923633,0.931468,0.927008,0.930912,0.926008,0.927237,0.927121,0.924558,0.923861,0.940298,0.942943,0.942133,0.938261,0.941868,0.941982,0.943418,0.919169,0.944201,0.944459,0.942768,0.941818,0.947686,0.943193,0.936233,0.935828,0.934988,0.932283
allando_v_sin_a2_f1_v60,0.917443,0.939523,0.939198,0.937715,0.937798,0.937612,0.937262,0.937117,0.936980,0.937032,0.930436,0.939885,0.944478,0.947021,0.953141,0.957999,0.966442,0.880683,0.969094,0.979500,1.000000,0.978317,0.971080,0.962809,0.944607,0.941149,0.941469,0.940067,0.911293,0.929941,0.930166,0.926874,0.926649,0.926281,0.925570,0.925934,0.925880,0.926966,0.928440,0.933787,0.937082,0.938470,0.942873,0.945878,0.950197,0.871659,0.949473,0.958680,0.969753,0.958765,0.952552,0.951752,0.940612,0.946315,0.934244,0.932036,0.919525,0.946680,0.948326,0.942857,0.940194,0.934217,0.931353,0.931262,0.931273,0.931926,0.931941,0.933384,0.937141,0.937325,0.942159,0.945494,0.947849,0.883753,0.947541,0.959300,0.969734,0.951098,0.952172,0.951529,0.950660,0.945806,0.944756,0.944866,0.926972,0.947150,0.945548,0.947591,0.947159,0.947365,0.947061,0.944717,0.945021,0.944224,0.932984,0.933391,0.938596,0.940517,0.944081,0.945648,0.945985,0.890912,0.952659,0.957814,0.968598,0.949354,0.947836,0.952990,0.943201,0.945952,0.946189,0.949079,0.943890,0.947931,0.947782,0.947105,0.947273,0.946839,0.946192,0.946359,0.945861,0.945928,0.948043,0.948930,0.956294,0.955160,0.955313,0.954356,0.954323,0.911473,0.955058,0.952666,0.952302,0.951171,0.950194,0.950696,0.950728,0.950272,0.949734,0.949684,0.937047,0.935753,0.935165,0.935156,0.935053,0.936758,0.935759,0.934848,0.934945,0.935074,0.939655,0.939318,0.942492,0.943687,0.942323,0.942654,0.942512,0.910239,0.945483,0.944234,0.943015,0.942464,0.939627,0.938130,0.936227,0.936605,0.936309,0.937341,0.942805,0.927036,0.928712,0.929793,0.928010,0.928562,0.929873,0.929284,0.928750,0.928641,0.942660,0.942003,0.941959,0.942062,0.943880,0.942610,0.939854,0.914085,0.942298,0.942481,0.941073,0.940414,0.946747,0.946088,0.936149,0.937914,0.932120,0.931478,0.947951,0.926533,0.936127,0.927559,0.931957,0.927794,0.927271,0.928065,0.927393,0.927029,0.940993,0.943003,0.942505,0.939383,0.940509,0.940142,0.941631,0.917490,0.942168,0.942353,0.941241,0.939800,0.948003,0.946456,0.938263,0.939793,0.935044,0.934609
allando_v_sin_a2_f1_v65,0.918858,0.944650,0.943972,0.942147,0.942518,0.942367,0.942118,0.941869,0.941735,0.941595,0.930666,0.934885,0.943044,0.946656,0.952898,0.958273,0.964347,0.879784,0.969915,0.971242,0.978317,1.000000,0.984688,0.973471,0.950112,0.946743,0.946912,0.945471,0.909873,0.934932,0.934178,0.930966,0.930667,0.930303,0.929393,0.929503,0.929561,0.930258,0.924629,0.929220,0.935819,0.937328,0.942966,0.947839,0.947878,0.869553,0.952377,0.953577,0.956533,0.964649,0.962733,0.961111,0.946989,0.951674,0.938799,0.936797,0.916264,0.954456,0.956446,0.948074,0.945394,0.939265,0.936052,0.936023,0.935818,0.936533,0.929675,0.931527,0.935707,0.937636,0.943923,0.948263,0.948338,0.882023,0.950383,0.955013,0.958168,0.962617,0.962217,0.962375,0.955235,0.947762,0.951014,0.952784,0.924921,0.954788,0.953045,0.954616,0.951762,0.949171,0.949784,0.948964,0.951061,0.948127,0.932586,0.931762,0.939869,0.944084,0.944217,0.948854,0.946543,0.887426,0.949896,0.952886,0.956792,0.961701,0.957408,0.961770,0.947947,0.952277,0.953223,0.953016,0.946686,0.952785,0.952641,0.951815,0.951888,0.951473,0.950881,0.950790,0.950607,0.950653,0.947777,0.950320,0.959970,0.958850,0.959583,0.959634,0.958700,0.912696,0.958687,0.957481,0.957165,0.954805,0.954337,0.955089,0.955665,0.955252,0.954516,0.954350,0.942666,0.940304,0.939601,0.939550,0.939533,0.940751,0.939971,0.938922,0.938949,0.939177,0.940220,0.940697,0.945549,0.946139,0.944431,0.946169,0.946269,0.910124,0.947779,0.948389,0.946087,0.946341,0.943150,0.942120,0.940436,0.940627,0.940488,0.941683,0.948338,0.933709,0.935227,0.937536,0.936372,0.936608,0.937066,0.936548,0.933495,0.932594,0.945691,0.945026,0.943606,0.945483,0.947094,0.946412,0.944364,0.914396,0.945787,0.946581,0.945079,0.943489,0.947760,0.948474,0.948201,0.946419,0.938870,0.937805,0.945427,0.934512,0.939420,0.937266,0.938200,0.933892,0.933553,0.935409,0.930620,0.931257,0.944627,0.947230,0.945340,0.942112,0.944621,0.942988,0.945947,0.918001,0.945385,0.945921,0.944678,0.942462,0.948837,0.947662,0.949837,0.947713,0.939939,0.941948
allando_v_sin_a2_f1_v70,0.921464,0.949576,0.948905,0.946945,0.947271,0.947105,0.946884,0.946653,0.946488,0.946284,0.931514,0.935052,0.943242,0.947752,0.954424,0.960639,0.964861,0.881666,0.971639,0.966464,0.971080,0.984688,1.000000,0.978456,0.955030,0.951263,0.951875,0.950513,0.910611,0.939916,0.938973,0.936028,0.935841,0.935414,0.934392,0.934506,0.934581,0.934772,0.923940,0.929618,0.936071,0.938468,0.944540,0.951186,0.950597,0.871257,0.955695,0.951481,0.953778,0.960810,0.968989,0.964518,0.950989,0.956545,0.943781,0.941777,0.916524,0.956997,0.960118,0.951903,0.950244,0.944131,0.940872,0.940870,0.940772,0.941391,0.930324,0.933453,0.936497,0.939521,0.945717,0.950833,0.951031,0.882936,0.951578,0.952607,0.954312,0.959903,0.968420,0.964956,0.959836,0.951782,0.955311,0.957374,0.926228,0.957618,0.955689,0.957576,0.955996,0.952793,0.953731,0.952333,0.954953,0.952220,0.933853,0.933758,0.940647,0.946331,0.945326,0.951388,0.948744,0.887682,0.950390,0.948760,0.952906,0.962852,0.963767,0.963962,0.953769,0.955275,0.958706,0.957273,0.950574,0.957797,0.957570,0.956750,0.956772,0.956286,0.955726,0.955638,0.955588,0.955602,0.951062,0.954488,0.962099,0.961851,0.961821,0.962650,0.963707,0.913653,0.963814,0.963339,0.962105,0.959202,0.959257,0.960237,0.961023,0.960386,0.959461,0.959155,0.947360,0.945473,0.944862,0.944972,0.944994,0.945977,0.945227,0.944380,0.944212,0.944407,0.944541,0.945562,0.949117,0.949850,0.948000,0.950689,0.950543,0.911086,0.951540,0.952956,0.951336,0.950836,0.948086,0.946947,0.945208,0.945585,0.945794,0.946962,0.951921,0.940635,0.941784,0.942916,0.941650,0.941175,0.942204,0.942119,0.939148,0.937995,0.949105,0.949503,0.947404,0.949069,0.950912,0.949441,0.947544,0.915571,0.950590,0.950891,0.950336,0.947364,0.950021,0.951681,0.954350,0.953048,0.945178,0.944689,0.946735,0.941689,0.944703,0.940150,0.941432,0.936782,0.941680,0.939171,0.937542,0.936338,0.949608,0.951583,0.950206,0.946877,0.948431,0.946559,0.949365,0.919449,0.950476,0.951079,0.950187,0.946926,0.951182,0.950249,0.955764,0.954445,0.945984,0.948135
allando_v_sin_a2_f1_v75,0.914130,0.957030,0.957130,0.957659,0.958033,0.957773,0.957670,0.957593,0.957489,0.957398,0.923674,0.928759,0.935714,0.940490,0.945905,0.952001,0.956633,0.870992,0.960795,0.959256,0.962809,0.973471,0.978456,1.000000,0.963721,0.961020,0.960687,0.957933,0.904076,0.947998,0.948944,0.945985,0.945348,0.944948,0.944214,0.944662,0.944937,0.944478,0.918474,0.924730,0.930796,0.934653,0.939581,0.945909,0.947010,0.862397,0.950974,0.950206,0.952701,0.958631,0.962905,0.966064,0.954133,0.962461,0.953047,0.951255,0.911890,0.962664,0.965050,0.958228,0.957242,0.951676,0.951842,0.951755,0.952192,0.952023,0.926048,0.928764,0.932288,0.935645,0.941446,0.945301,0.947079,0.874004,0.946513,0.949835,0.951367,0.954100,0.961543,0.964053,0.960820,0.956353,0.958752,0.961890,0.921497,0.960180,0.959948,0.960872,0.960912,0.957256,0.959416,0.957570,0.959480,0.957196,0.929335,0.930092,0.936972,0.941151,0.941766,0.947446,0.945591,0.879156,0.946904,0.945314,0.949437,0.955692,0.957197,0.962291,0.952999,0.957591,0.959369,0.959400,0.945348,0.964991,0.965051,0.964375,0.963098,0.962586,0.963633,0.963219,0.962750,0.962694,0.948618,0.951753,0.959763,0.961132,0.962666,0.964245,0.966474,0.904847,0.967822,0.966865,0.965367,0.963488,0.963214,0.964687,0.965146,0.965398,0.964773,0.965138,0.946445,0.954251,0.953748,0.953829,0.953596,0.954464,0.954112,0.953191,0.953227,0.953894,0.946375,0.946737,0.951711,0.954254,0.953078,0.956141,0.955918,0.905824,0.956645,0.958787,0.957217,0.956396,0.955551,0.954384,0.953631,0.954588,0.954566,0.955342,0.951175,0.948867,0.949531,0.951272,0.949844,0.950285,0.951221,0.950846,0.949147,0.947162,0.951539,0.953267,0.951822,0.953797,0.955882,0.954058,0.952554,0.911902,0.955031,0.955683,0.954861,0.952649,0.955930,0.958431,0.958884,0.959716,0.953562,0.952225,0.947871,0.948772,0.951837,0.948455,0.949295,0.945259,0.947732,0.947862,0.944996,0.945491,0.952531,0.955709,0.955091,0.951787,0.953878,0.951910,0.954881,0.916489,0.955265,0.956132,0.954467,0.952308,0.955923,0.956427,0.959740,0.960101,0.953236,0.955081
allando_v_sin_a2_f1_v80,0.899532,0.958985,0.959452,0.963976,0.961478,0.961296,0.961055,0.961050,0.961001,0.961052,0.911784,0.917861,0.923653,0.927240,0.932595,0.937541,0.943794,0.861916,0.945196,0.943748,0.944607,0.950112,0.955030,0.963721,1.000000,0.965302,0.962142,0.959543,0.893067,0.950769,0.954583,0.953859,0.953378,0.953144,0.952501,0.952927,0.953077,0.951760,0.910025,0.917265,0.923060,0.925306,0.929965,0.935085,0.938225,0.856830,0.939420,0.937961,0.940030,0.944205,0.948919,0.951344,0.944437,0.955717,0.956550,0.953698,0.900455,0.957246,0.959456,0.955224,0.955347,0.957997,0.954193,0.957009,0.955094,0.953525,0.918654,0.921160,0.924911,0.926472,0.932383,0.935363,0.938833,0.865649,0.936249,0.938236,0.939545,0.937489,0.947188,0.950562,0.950004,0.946371,0.951907,0.954180,0.910506,0.952393,0.952188,0.954239,0.954055,0.953541,0.954900,0.953006,0.954091,0.952879,0.921381,0.923103,0.930189,0.932370,0.933031,0.937172,0.936973,0.871205,0.936919,0.934123,0.937257,0.938113,0.942724,0.947903,0.941970,0.945315,0.949005,0.950200,0.933503,0.962873,0.962797,0.962948,0.962802,0.962449,0.962733,0.962525,0.962790,0.962706,0.940955,0.941287,0.949236,0.951634,0.952985,0.954454,0.958524,0.894126,0.960396,0.960328,0.959778,0.959303,0.959292,0.960545,0.961871,0.962100,0.961670,0.962582,0.937626,0.957475,0.957722,0.956546,0.956411,0.957262,0.958584,0.957560,0.955803,0.957849,0.941844,0.941812,0.946574,0.949479,0.949103,0.951348,0.951438,0.898455,0.952707,0.956105,0.955588,0.954780,0.956426,0.957648,0.956416,0.958374,0.957704,0.955857,0.943461,0.947226,0.948303,0.950268,0.949876,0.950300,0.951826,0.951346,0.951201,0.949552,0.945975,0.948502,0.947526,0.950597,0.952665,0.951237,0.949603,0.904884,0.952222,0.953242,0.953240,0.951951,0.955182,0.957012,0.954991,0.956278,0.950818,0.949532,0.942713,0.945787,0.949697,0.947538,0.949308,0.945288,0.949925,0.949582,0.948115,0.948604,0.945413,0.950496,0.951001,0.948910,0.952104,0.950334,0.952406,0.909600,0.952393,0.953295,0.952467,0.950901,0.953942,0.953251,0.954610,0.955711,0.950722,0.950960
allando_v_sin_a2_f1_v85,0.896347,0.951111,0.951775,0.975505,0.954430,0.954222,0.954264,0.954240,0.954255,0.954336,0.908786,0.915958,0.920894,0.924399,0.929493,0.934423,0.940371,0.859189,0.941256,0.940588,0.941149,0.946743,0.951263,0.961020,0.965302,1.000000,0.952780,0.951098,0.890089,0.948459,0.948296,0.962575,0.962221,0.962154,0.961766,0.962125,0.962218,0.963419,0.907651,0.915525,0.920362,0.922514,0.926936,0.931903,0.935146,0.854696,0.935781,0.934014,0.936215,0.940248,0.944608,0.947156,0.940689,0.953452,0.950376,0.950703,0.897437,0.954523,0.956572,0.952905,0.955206,0.956401,0.954304,0.955231,0.955020,0.956948,0.915811,0.918923,0.921649,0.923216,0.929212,0.932104,0.935815,0.862999,0.932744,0.934407,0.935993,0.933582,0.943321,0.946819,0.946820,0.943517,0.948667,0.950864,0.907301,0.949374,0.949219,0.951650,0.952061,0.950012,0.951533,0.950781,0.951971,0.951452,0.918497,0.921040,0.927233,0.929109,0.930119,0.933880,0.933803,0.868631,0.933420,0.930308,0.933639,0.933730,0.938672,0.944193,0.938582,0.942204,0.945707,0.946805,0.931389,0.962217,0.962440,0.962492,0.961314,0.961288,0.962378,0.962214,0.961691,0.961497,0.938438,0.940238,0.947221,0.949838,0.951481,0.952684,0.956428,0.893116,0.958202,0.958637,0.957707,0.957303,0.957158,0.958918,0.960432,0.960996,0.959907,0.962075,0.935418,0.958056,0.957346,0.957794,0.956485,0.956964,0.957811,0.959834,0.958458,0.957142,0.939317,0.940852,0.945444,0.947929,0.947371,0.949734,0.949857,0.897226,0.951097,0.954505,0.954027,0.953009,0.954870,0.957559,0.955332,0.958064,0.957644,0.958840,0.940837,0.945922,0.947113,0.949007,0.949048,0.949369,0.951256,0.950787,0.950086,0.948462,0.943819,0.946730,0.946406,0.948931,0.950922,0.949646,0.948163,0.903160,0.950705,0.951832,0.951768,0.950583,0.953902,0.955811,0.953179,0.954645,0.949658,0.948405,0.940814,0.943618,0.947700,0.946174,0.948034,0.944433,0.949380,0.948744,0.946287,0.946703,0.943155,0.948343,0.949604,0.947883,0.950340,0.948793,0.950855,0.907720,0.950772,0.951591,0.950819,0.949232,0.952256,0.951809,0.952592,0.953761,0.949766,0.949346
allando_v_sin_a2_f1_v90,0.895687,0.982435,0.981529,0.955861,0.980535,0.980098,0.979483,0.979437,0.979417,0.979575,0.907364,0.914669,0.919834,0.923686,0.928632,0.933664,0.939827,0.857578,0.940548,0.940694,0.941469,0.946912,0.951875,0.960687,0.962142,0.952780,1.000000,0.984717,0.889682,0.952933,0.966095,0.948623,0.948100,0.947626,0.946811,0.947356,0.947722,0.943782,0.906736,0.914384,0.919468,0.921952,0.926247,0.931351,0.934966,0.853160,0.935476,0.934500,0.937185,0.941550,0.945789,0.948714,0.942955,0.956005,0.956580,0.951566,0.897049,0.956342,0.958280,0.954580,0.957788,0.954995,0.952571,0.953943,0.954435,0.957257,0.914737,0.917914,0.920990,0.923069,0.928944,0.931652,0.935681,0.861484,0.932411,0.934999,0.936596,0.934065,0.944034,0.947762,0.948481,0.945816,0.950764,0.952957,0.907274,0.950888,0.951094,0.952941,0.953806,0.951654,0.953610,0.951707,0.952976,0.952146,0.917662,0.920277,0.926965,0.928590,0.930078,0.933743,0.934005,0.867400,0.933578,0.930646,0.934222,0.934357,0.939505,0.945305,0.940261,0.944386,0.947524,0.948452,0.931869,0.963421,0.963926,0.963841,0.963439,0.963123,0.963673,0.963849,0.963403,0.963303,0.939245,0.940397,0.948058,0.950886,0.952369,0.954060,0.957847,0.892874,0.960102,0.960447,0.959305,0.958901,0.958887,0.960790,0.962287,0.963038,0.963805,0.963387,0.936093,0.958579,0.958561,0.957606,0.958422,0.958363,0.960232,0.957210,0.957626,0.959917,0.940635,0.941511,0.946130,0.948972,0.948570,0.951248,0.951271,0.897230,0.952483,0.956145,0.955472,0.954586,0.959039,0.956496,0.956438,0.957558,0.956962,0.959036,0.941632,0.948437,0.949367,0.951080,0.951298,0.951480,0.953255,0.952795,0.952052,0.950655,0.944855,0.947609,0.947188,0.949850,0.952012,0.950548,0.949078,0.903088,0.951665,0.952856,0.952809,0.951892,0.955324,0.957489,0.954643,0.956212,0.952196,0.951160,0.941507,0.946177,0.949829,0.948443,0.950127,0.946505,0.951279,0.950925,0.948942,0.949486,0.944948,0.950018,0.950690,0.948755,0.951627,0.949932,0.952163,0.907882,0.952047,0.952943,0.952091,0.950558,0.953757,0.953532,0.954067,0.955381,0.952013,0.952106
allando_v_sin_a2_f1_v95,0.894272,0.988664,0.984764,0.954353,0.981421,0.980856,0.980403,0.980200,0.980284,0.980248,0.906739,0.914336,0.919181,0.922747,0.927489,0.932444,0.938954,0.856550,0.939301,0.939156,0.940067,0.945471,0.950513,0.957933,0.959543,0.951098,0.984717,1.000000,0.888533,0.954349,0.964397,0.947893,0.947674,0.947096,0.946139,0.946609,0.946966,0.943140,0.906110,0.913820,0.918767,0.921256,0.925377,0.930411,0.934013,0.852078,0.934360,0.933373,0.935999,0.940230,0.944679,0.947704,0.942825,0.955232,0.954624,0.950650,0.896123,0.956011,0.957948,0.954203,0.957628,0.955503,0.951284,0.952552,0.952979,0.955985,0.914485,0.917673,0.920578,0.922521,0.928210,0.930835,0.935046,0.860540,0.931293,0.934124,0.935528,0.932654,0.943021,0.946868,0.947997,0.944950,0.950275,0.952688,0.906426,0.950233,0.950374,0.952251,0.953331,0.950503,0.952350,0.951542,0.952672,0.952393,0.917309,0.919999,0.926274,0.927604,0.928975,0.932714,0.932871,0.866420,0.932511,0.929345,0.932818,0.932629,0.938228,0.943853,0.939318,0.943127,0.946561,0.947874,0.930667,0.962188,0.962670,0.962588,0.963038,0.962707,0.962594,0.962603,0.962615,0.962829,0.937982,0.939747,0.947160,0.950199,0.951621,0.953256,0.956980,0.891511,0.959099,0.959471,0.958575,0.958275,0.958674,0.960513,0.961955,0.962688,0.963137,0.962859,0.935126,0.958336,0.958410,0.957445,0.958120,0.958056,0.959892,0.956899,0.957212,0.959705,0.939289,0.941118,0.945458,0.948362,0.947947,0.950552,0.950435,0.895818,0.951737,0.955417,0.954974,0.954088,0.959194,0.956078,0.956747,0.956617,0.955768,0.958723,0.940664,0.948398,0.949182,0.950789,0.951142,0.951128,0.953054,0.952427,0.951128,0.949743,0.944000,0.947460,0.947048,0.949462,0.951458,0.949672,0.948326,0.902112,0.951001,0.952192,0.952502,0.951576,0.954957,0.957254,0.953858,0.955443,0.951614,0.950734,0.940598,0.945670,0.949382,0.947666,0.949426,0.945685,0.950712,0.950153,0.947793,0.948171,0.944197,0.949079,0.950390,0.948268,0.950857,0.949237,0.951246,0.906761,0.951033,0.952056,0.951464,0.950046,0.953140,0.952938,0.952927,0.954178,0.951218,0.951164
allando_v_sin_a2_f3_v10,0.970511,0.888369,0.888408,0.887495,0.886938,0.886689,0.886192,0.886045,0.885815,0.885763,0.954936,0.950237,0.947005,0.944238,0.934556,0.935421,0.931895,0.928290,0.924453,0.921494,0.911293,0.909873,0.910611,0.904076,0.893067,0.890089,0.889682,0.888533,1.000000,0.890812,0.891974,0.891938,0.891732,0.891534,0.891475,0.891128,0.890884,0.890585,0.966818,0.957193,0.954914,0.950461,0.941847,0.940878,0.935610,0.940342,0.929788,0.926721,0.918674,0.915049,0.916663,0.915931,0.909468,0.907067,0.896513,0.892296,0.965057,0.896839,0.896894,0.890924,0.889597,0.887010,0.885592,0.885008,0.884222,0.884473,0.945870,0.943006,0.937716,0.934233,0.930846,0.928755,0.926338,0.935919,0.916944,0.919024,0.910198,0.903144,0.909502,0.909946,0.913825,0.904983,0.900003,0.901170,0.961259,0.899613,0.898180,0.901984,0.904838,0.895244,0.896359,0.893131,0.895781,0.891796,0.945207,0.937902,0.934450,0.932414,0.928174,0.924978,0.919964,0.936380,0.919889,0.912580,0.910341,0.907544,0.907444,0.913727,0.911171,0.911054,0.904951,0.904139,0.933757,0.882809,0.883005,0.881869,0.881429,0.880610,0.880517,0.880325,0.879830,0.879856,0.921399,0.909935,0.906426,0.901701,0.897841,0.895102,0.891014,0.905828,0.890566,0.887678,0.882088,0.880317,0.879429,0.880740,0.883001,0.884003,0.884104,0.884414,0.938123,0.883834,0.883693,0.883519,0.882670,0.882449,0.882028,0.882658,0.881954,0.881400,0.928209,0.913632,0.910334,0.908246,0.902338,0.905227,0.902240,0.920879,0.901496,0.898270,0.893499,0.889969,0.886228,0.884711,0.884580,0.884463,0.885113,0.882964,0.925237,0.871994,0.870690,0.872058,0.868949,0.868875,0.871209,0.871782,0.867795,0.865791,0.916383,0.904142,0.899884,0.898859,0.900195,0.896813,0.893117,0.909947,0.893463,0.892509,0.889125,0.886068,0.886403,0.886234,0.879494,0.880073,0.883902,0.882531,0.923892,0.875731,0.879291,0.873647,0.873779,0.869436,0.872379,0.871760,0.868114,0.866341,0.912942,0.904314,0.899365,0.893451,0.895592,0.892725,0.893310,0.910956,0.893122,0.892962,0.889959,0.887614,0.890211,0.888517,0.883905,0.885237,0.887682,0.889022
allando_v_sin_a2_f3_v100,0.886878,0.954529,0.952848,0.953040,0.951868,0.952107,0.951976,0.952020,0.952025,0.952105,0.898029,0.905668,0.908990,0.912946,0.917503,0.923244,0.929259,0.850393,0.928945,0.928925,0.929941,0.934932,0.939916,0.947998,0.950769,0.948459,0.952933,0.954349,0.890812,1.000000,0.954562,0.947088,0.946862,0.946373,0.945603,0.946152,0.946526,0.949076,0.908027,0.916875,0.922344,0.924716,0.928987,0.933644,0.937155,0.856407,0.937334,0.936315,0.938468,0.942801,0.947748,0.951167,0.945366,0.956832,0.962105,0.961684,0.894985,0.955019,0.956788,0.953220,0.956268,0.953334,0.955234,0.951596,0.953935,0.955004,0.912612,0.916305,0.919611,0.921372,0.927073,0.929307,0.933398,0.859369,0.929381,0.931592,0.932839,0.929762,0.940373,0.944277,0.945783,0.943230,0.948991,0.951383,0.905512,0.949419,0.949634,0.951259,0.952215,0.949383,0.951253,0.950423,0.951508,0.951904,0.915898,0.918963,0.925439,0.926812,0.927976,0.931567,0.931469,0.865922,0.931393,0.927406,0.930886,0.930454,0.936564,0.942031,0.937694,0.941959,0.945755,0.947105,0.923294,0.956075,0.956364,0.956907,0.957682,0.957475,0.957216,0.957051,0.956932,0.957131,0.929806,0.931451,0.938732,0.942257,0.943829,0.945503,0.949980,0.883176,0.952022,0.952766,0.952234,0.952478,0.952402,0.954591,0.955771,0.956847,0.956515,0.956703,0.937804,0.959454,0.960069,0.961364,0.961650,0.960938,0.961147,0.959552,0.961170,0.960020,0.942140,0.943761,0.947979,0.951379,0.951032,0.953661,0.953408,0.898980,0.954515,0.958177,0.957631,0.956614,0.959678,0.958470,0.959845,0.961025,0.961182,0.962371,0.939410,0.947788,0.949025,0.950494,0.950378,0.950445,0.952144,0.951557,0.949963,0.948756,0.942713,0.945795,0.945504,0.947991,0.950184,0.948574,0.947153,0.901416,0.949796,0.951182,0.951073,0.950026,0.953049,0.955443,0.952068,0.954091,0.950444,0.949025,0.940073,0.945857,0.949523,0.947467,0.948937,0.945051,0.949981,0.949565,0.946877,0.947447,0.943532,0.947886,0.949067,0.947126,0.950105,0.948335,0.950386,0.906571,0.950117,0.951267,0.950310,0.948897,0.951772,0.951718,0.951692,0.953307,0.950249,0.950271
allando_v_sin_a2_f3_v105,0.888794,0.964451,0.965350,0.951491,0.967638,0.967290,0.967358,0.967367,0.967213,0.967061,0.900092,0.907504,0.911394,0.914813,0.918887,0.924320,0.930032,0.854276,0.929892,0.930024,0.930166,0.934178,0.938973,0.948944,0.954583,0.948296,0.966095,0.964397,0.891974,0.954562,1.000000,0.951088,0.950389,0.949956,0.949071,0.949896,0.950491,0.946836,0.909135,0.917592,0.923240,0.925552,0.929391,0.933895,0.937316,0.860097,0.937491,0.935875,0.938053,0.941693,0.946194,0.948988,0.943188,0.954225,0.957951,0.952028,0.895052,0.951858,0.954120,0.950832,0.954554,0.953797,0.949827,0.952181,0.951035,0.955425,0.912981,0.916279,0.919589,0.921263,0.926531,0.929019,0.932789,0.862090,0.928811,0.930789,0.932014,0.928565,0.938727,0.942614,0.943547,0.940291,0.945857,0.947961,0.905409,0.946778,0.946931,0.949160,0.949735,0.947198,0.948666,0.948125,0.949221,0.949337,0.916265,0.918923,0.925417,0.927063,0.927687,0.931163,0.930812,0.868500,0.930529,0.926661,0.930051,0.928926,0.934526,0.940224,0.935591,0.938907,0.942666,0.944081,0.923965,0.955379,0.956518,0.956761,0.955502,0.955122,0.956983,0.956454,0.955593,0.955592,0.930985,0.931443,0.938509,0.942168,0.943748,0.945127,0.948941,0.886927,0.950733,0.951027,0.950501,0.950509,0.950371,0.951883,0.953556,0.954133,0.954448,0.955318,0.937241,0.959097,0.959760,0.957695,0.959312,0.958552,0.960060,0.958110,0.958417,0.960203,0.941603,0.942856,0.946818,0.950292,0.950046,0.952416,0.952132,0.901540,0.953209,0.956509,0.955799,0.954739,0.958024,0.956497,0.956451,0.957744,0.957597,0.958258,0.938257,0.943794,0.945181,0.947038,0.947324,0.947434,0.949425,0.948743,0.948206,0.946318,0.941553,0.944357,0.943683,0.946339,0.948613,0.946983,0.945555,0.903208,0.948090,0.949156,0.949046,0.947977,0.951241,0.953143,0.949500,0.951547,0.947279,0.946137,0.939212,0.941670,0.945759,0.944397,0.946120,0.942302,0.947353,0.946900,0.944108,0.944697,0.941172,0.945942,0.946985,0.944892,0.948238,0.946769,0.948598,0.908079,0.948347,0.949127,0.948337,0.946872,0.949789,0.949170,0.948964,0.950521,0.947233,0.946799
allando_v_sin_a2_f3_v110,0.887554,0.948476,0.949389,0.959732,0.952195,0.952227,0.952410,0.952628,0.952648,0.952661,0.897835,0.905075,0.909192,0.912832,0.917007,0.922398,0.928165,0.855592,0.927688,0.926744,0.926874,0.930966,0.936028,0.945985,0.953859,0.962575,0.948623,0.947893,0.891938,0.947088,0.951088,1.000000,0.988597,0.988781,0.989498,0.989961,0.989304,0.961108,0.908072,0.916569,0.922220,0.924248,0.927709,0.931822,0.935331,0.861746,0.935188,0.933200,0.935507,0.938733,0.942967,0.945486,0.939919,0.949865,0.949671,0.950265,0.894161,0.948422,0.950488,0.947520,0.949589,0.953652,0.949129,0.949703,0.950424,0.953203,0.911798,0.915429,0.918927,0.919929,0.924815,0.927038,0.930731,0.862713,0.926441,0.927699,0.928739,0.925237,0.935056,0.938636,0.939928,0.936502,0.942202,0.944401,0.904527,0.943200,0.943325,0.946239,0.946570,0.943974,0.945456,0.944699,0.945827,0.946282,0.914738,0.917523,0.923753,0.925200,0.925542,0.928525,0.928079,0.869217,0.927838,0.923493,0.926937,0.925749,0.931211,0.936641,0.932374,0.935229,0.939056,0.940518,0.921042,0.952515,0.952813,0.953341,0.951933,0.951961,0.953392,0.953011,0.952286,0.952019,0.926950,0.927562,0.935058,0.938054,0.939577,0.940690,0.945054,0.885827,0.946827,0.947128,0.946527,0.946526,0.946283,0.948088,0.950197,0.950552,0.949544,0.951996,0.935029,0.957163,0.957717,0.956442,0.955471,0.955485,0.956874,0.958568,0.956547,0.958041,0.939048,0.940471,0.943937,0.947488,0.947149,0.949332,0.949045,0.901527,0.949971,0.953273,0.952632,0.951476,0.953424,0.955114,0.953605,0.956604,0.955167,0.956578,0.935649,0.939659,0.940879,0.943045,0.943214,0.943498,0.945780,0.945232,0.944444,0.942701,0.938628,0.940978,0.940649,0.942875,0.945379,0.943922,0.942345,0.902706,0.944646,0.945726,0.945530,0.944580,0.947529,0.949211,0.945466,0.947452,0.943414,0.942762,0.936860,0.937569,0.941607,0.940606,0.942550,0.938784,0.944130,0.943495,0.940679,0.941143,0.938262,0.942711,0.943357,0.941328,0.944823,0.943318,0.944834,0.907431,0.944526,0.945230,0.944564,0.943288,0.946090,0.945387,0.945050,0.946641,0.943463,0.942989
allando_v_sin_a2_f3_v115,0.887495,0.948210,0.949072,0.959423,0.951961,0.951973,0.952025,0.952182,0.952146,0.952211,0.897646,0.905016,0.909099,0.912765,0.916834,0.922252,0.927933,0.855427,0.927410,0.926607,0.926649,0.930667,0.935841,0.945348,0.953378,0.962221,0.948100,0.947674,0.891732,0.946862,0.950389,0.988597,1.000000,0.992356,0.989992,0.989870,0.989209,0.960630,0.907824,0.916444,0.922148,0.924057,0.927529,0.931657,0.935113,0.861477,0.934960,0.932957,0.935173,0.938356,0.942544,0.945179,0.939391,0.949576,0.950681,0.951091,0.893837,0.948144,0.950298,0.947237,0.949687,0.953610,0.948652,0.949290,0.950313,0.952869,0.911366,0.915074,0.918644,0.919644,0.924601,0.926839,0.930480,0.862433,0.926233,0.927531,0.928619,0.925008,0.934901,0.938553,0.939833,0.936374,0.942095,0.944290,0.904293,0.942904,0.943073,0.945979,0.946519,0.943893,0.945237,0.944449,0.945606,0.946050,0.914446,0.917323,0.923589,0.925090,0.925389,0.928399,0.927889,0.868923,0.927691,0.923350,0.926801,0.925466,0.931050,0.936468,0.932168,0.935059,0.938895,0.940363,0.920991,0.951823,0.952348,0.952843,0.951825,0.951838,0.953070,0.952695,0.952033,0.951856,0.926838,0.927622,0.934866,0.938042,0.939516,0.940573,0.944887,0.885642,0.946721,0.947022,0.946329,0.946293,0.946058,0.947959,0.949921,0.950352,0.949205,0.951691,0.934782,0.957388,0.958043,0.956544,0.955680,0.955612,0.956827,0.958547,0.956575,0.958057,0.938814,0.940340,0.943768,0.947250,0.946913,0.949125,0.948831,0.901255,0.949727,0.953045,0.952306,0.951200,0.953179,0.955078,0.953452,0.956740,0.955726,0.956378,0.935441,0.939755,0.940845,0.942895,0.943256,0.943524,0.945593,0.945136,0.944312,0.942674,0.938457,0.940558,0.940409,0.942605,0.945163,0.943676,0.942068,0.902442,0.944457,0.945629,0.945434,0.944410,0.947416,0.949221,0.945333,0.947378,0.943279,0.942619,0.936769,0.937583,0.941680,0.940515,0.942640,0.938882,0.944230,0.943540,0.940687,0.941160,0.938167,0.942505,0.943104,0.941138,0.944688,0.943211,0.944814,0.907206,0.944536,0.945246,0.944496,0.943197,0.946019,0.945263,0.944945,0.946599,0.943349,0.942925
allando_v_sin_a2_f3_v120,0.887370,0.947689,0.948588,0.959169,0.951625,0.951702,0.951761,0.951918,0.951933,0.951951,0.897339,0.904753,0.908881,0.912401,0.916423,0.921837,0.927532,0.855263,0.926987,0.926296,0.926281,0.930303,0.935414,0.944948,0.953144,0.962154,0.947626,0.947096,0.891534,0.946373,0.949956,0.988781,0.992356,1.000000,0.992018,0.991444,0.990592,0.961156,0.907419,0.916168,0.921827,0.923636,0.926950,0.931078,0.934617,0.861242,0.934409,0.932510,0.934659,0.937756,0.941970,0.944618,0.938996,0.949238,0.950071,0.950605,0.893739,0.947686,0.949844,0.946914,0.949305,0.953368,0.948509,0.949117,0.950063,0.952772,0.911025,0.914798,0.918260,0.919241,0.924107,0.926314,0.930058,0.862185,0.925793,0.927113,0.928154,0.924452,0.934360,0.938023,0.939437,0.936021,0.941700,0.943869,0.904005,0.942497,0.942733,0.945655,0.946178,0.943516,0.944893,0.943997,0.945170,0.945527,0.913943,0.916901,0.923159,0.924579,0.924902,0.927871,0.927429,0.868636,0.927313,0.922973,0.926384,0.924985,0.930663,0.936101,0.931883,0.934753,0.938507,0.939948,0.920644,0.951583,0.952012,0.952605,0.951383,0.951585,0.952908,0.952504,0.951817,0.951617,0.926253,0.927131,0.934305,0.937517,0.938888,0.939920,0.944275,0.885100,0.946151,0.946535,0.945816,0.945872,0.945628,0.947533,0.949535,0.949948,0.948890,0.951343,0.934204,0.957017,0.957673,0.956186,0.955344,0.955334,0.956623,0.958460,0.956401,0.957849,0.938262,0.939972,0.943271,0.946775,0.946431,0.948608,0.948268,0.900605,0.949313,0.952569,0.951823,0.950751,0.952678,0.954611,0.953128,0.956380,0.955321,0.956063,0.934993,0.939447,0.940539,0.942577,0.942928,0.943245,0.945372,0.944911,0.943995,0.942394,0.937976,0.940028,0.940109,0.942218,0.944740,0.943298,0.941653,0.901916,0.944114,0.945231,0.945068,0.944139,0.947073,0.948872,0.944955,0.946981,0.943028,0.942391,0.936446,0.937348,0.941401,0.940167,0.942340,0.938625,0.944021,0.943293,0.940425,0.940851,0.937740,0.942066,0.942559,0.940753,0.944376,0.942905,0.944456,0.906681,0.944211,0.944915,0.944176,0.942984,0.945731,0.945065,0.944659,0.946293,0.943075,0.942721
allando_v_sin_a2_f3_v125,0.886962,0.946722,0.947713,0.958660,0.950777,0.950803,0.951124,0.951277,0.951211,0.951311,0.896758,0.904256,0.908442,0.911815,0.915797,0.921034,0.926948,0.855081,0.926119,0.925603,0.925570,0.929393,0.934392,0.944214,0.952501,0.961766,0.946811,0.946139,0.891475,0.945603,0.949071,0.989498,0.989992,0.992018,1.000000,0.993602,0.992438,0.961306,0.907061,0.915790,0.921397,0.923142,0.926418,0.930381,0.933968,0.861031,0.933608,0.931820,0.933968,0.936930,0.941048,0.943810,0.938373,0.948598,0.948804,0.949676,0.893619,0.947011,0.949035,0.946123,0.948520,0.952650,0.948133,0.948615,0.949253,0.952060,0.910730,0.914536,0.918065,0.918853,0.923630,0.925716,0.929517,0.862007,0.925139,0.926476,0.927431,0.923630,0.933466,0.937286,0.938653,0.935376,0.941019,0.943172,0.903751,0.941862,0.942172,0.945035,0.945474,0.942887,0.944327,0.943306,0.944409,0.944564,0.913603,0.916635,0.922870,0.924027,0.924404,0.927273,0.926915,0.868437,0.926777,0.922406,0.925760,0.924282,0.929979,0.935449,0.931303,0.934280,0.937916,0.939386,0.919656,0.950871,0.951247,0.951771,0.950537,0.950713,0.952299,0.951886,0.951071,0.950833,0.925358,0.926081,0.933338,0.936536,0.937948,0.939000,0.943320,0.884080,0.945184,0.945489,0.944757,0.944887,0.944708,0.946606,0.948672,0.949165,0.948010,0.950514,0.933440,0.956131,0.956736,0.955487,0.954493,0.954560,0.955976,0.957819,0.955751,0.957053,0.937571,0.939453,0.942537,0.946055,0.945668,0.947840,0.947446,0.899857,0.948479,0.951692,0.950992,0.949915,0.951810,0.953770,0.952242,0.955458,0.954330,0.955308,0.934231,0.938680,0.939788,0.941787,0.941988,0.942419,0.944704,0.944176,0.943341,0.941603,0.937297,0.939063,0.939575,0.941569,0.944101,0.942600,0.940914,0.901294,0.943397,0.944469,0.944270,0.943370,0.946280,0.948060,0.944039,0.946150,0.942336,0.941671,0.935816,0.936676,0.940698,0.939481,0.941638,0.937861,0.943254,0.942573,0.939722,0.940193,0.936918,0.941160,0.941493,0.939873,0.943611,0.942104,0.943656,0.906035,0.943425,0.944066,0.943389,0.942284,0.944983,0.944344,0.943861,0.945542,0.942509,0.942047
allando_v_sin_a2_f3_v130,0.886783,0.947188,0.948187,0.959086,0.951330,0.951356,0.951763,0.951978,0.951871,0.952002,0.896858,0.904315,0.908445,0.911883,0.915962,0.921143,0.926985,0.854903,0.926259,0.925753,0.925934,0.929503,0.934506,0.944662,0.952927,0.962125,0.947356,0.946609,0.891128,0.946152,0.949896,0.989961,0.989870,0.991444,0.993602,1.000000,0.993794,0.962232,0.906962,0.915780,0.921329,0.923123,0.926541,0.930548,0.934044,0.860819,0.933810,0.932121,0.934445,0.937189,0.941332,0.944085,0.938537,0.948882,0.949044,0.949659,0.893303,0.947195,0.949271,0.946355,0.948808,0.952950,0.948920,0.949575,0.949961,0.952558,0.910688,0.914569,0.918051,0.918875,0.923782,0.925952,0.929640,0.861705,0.925391,0.926818,0.927972,0.923859,0.933773,0.937513,0.938843,0.935422,0.941147,0.943281,0.903486,0.942006,0.942240,0.945164,0.945521,0.943014,0.944496,0.943622,0.944753,0.944912,0.913607,0.916640,0.922825,0.924084,0.924531,0.927466,0.926938,0.868150,0.926918,0.922681,0.926180,0.924328,0.930039,0.935525,0.931206,0.934176,0.937949,0.939438,0.919724,0.951601,0.951911,0.952480,0.951147,0.951276,0.952999,0.952694,0.951857,0.951578,0.925565,0.926549,0.933632,0.936869,0.938287,0.939363,0.943767,0.884231,0.945608,0.945931,0.945263,0.945438,0.945194,0.947107,0.949179,0.949637,0.948583,0.951085,0.933558,0.956613,0.957251,0.956005,0.954965,0.955095,0.956567,0.958407,0.956342,0.957612,0.937740,0.939661,0.942883,0.946398,0.946024,0.948230,0.947909,0.900054,0.949048,0.952203,0.951549,0.950418,0.952470,0.954344,0.952903,0.955906,0.954762,0.955764,0.934472,0.939031,0.940219,0.942271,0.942426,0.942833,0.945148,0.944711,0.943828,0.942144,0.937527,0.939476,0.939976,0.942038,0.944463,0.943042,0.941425,0.901417,0.943917,0.944953,0.944756,0.943837,0.946788,0.948615,0.944543,0.946598,0.942610,0.941945,0.936031,0.936912,0.941026,0.939784,0.941983,0.938223,0.943590,0.943032,0.940140,0.940613,0.937111,0.941417,0.941806,0.940326,0.943890,0.942472,0.944000,0.906162,0.943825,0.944425,0.943805,0.942614,0.945383,0.944727,0.944188,0.945815,0.942601,0.942238
allando_v_sin_a2_f3_v135,0.886661,0.947548,0.948620,0.959546,0.951917,0.951916,0.952278,0.952472,0.952517,0.952592,0.896910,0.904290,0.908332,0.911653,0.915699,0.920921,0.926728,0.854616,0.926239,0.925619,0.925880,0.929561,0.934581,0.944937,0.953077,0.962218,0.947722,0.946966,0.890884,0.946526,0.950491,0.989304,0.989209,0.990592,0.992438,0.993794,1.000000,0.963129,0.906796,0.915591,0.921156,0.922910,0.926353,0.930482,0.933763,0.860571,0.933782,0.931986,0.934381,0.937176,0.941364,0.944072,0.938479,0.948979,0.949175,0.949806,0.893015,0.947295,0.949475,0.946531,0.948937,0.953010,0.949491,0.950129,0.950415,0.953085,0.910464,0.914357,0.917807,0.918573,0.923505,0.925809,0.929293,0.861540,0.925254,0.926689,0.927833,0.923927,0.933837,0.937518,0.938669,0.935323,0.941091,0.943319,0.903129,0.941990,0.942280,0.945299,0.945572,0.943051,0.944572,0.943711,0.945056,0.945004,0.913298,0.916382,0.922562,0.924039,0.924238,0.927282,0.926536,0.867929,0.926587,0.922527,0.926001,0.924324,0.929995,0.935423,0.930899,0.933900,0.937794,0.939349,0.919814,0.951955,0.952447,0.952992,0.951538,0.951673,0.953469,0.953017,0.952380,0.952095,0.925722,0.926851,0.933857,0.937071,0.938543,0.939614,0.943956,0.884315,0.945790,0.946112,0.945424,0.945693,0.945458,0.947395,0.949394,0.949920,0.948920,0.951456,0.933611,0.956934,0.957522,0.956209,0.955264,0.955406,0.956903,0.958657,0.956654,0.957966,0.937751,0.939697,0.942999,0.946480,0.946181,0.948355,0.948003,0.899952,0.949138,0.952336,0.951700,0.950732,0.952772,0.954553,0.953300,0.956165,0.954953,0.956149,0.934511,0.939257,0.940434,0.942509,0.942715,0.943138,0.945413,0.944951,0.944267,0.942563,0.937498,0.939525,0.940035,0.942103,0.944570,0.943167,0.941496,0.901335,0.943882,0.944980,0.944814,0.943993,0.947016,0.948865,0.944964,0.946970,0.942741,0.942108,0.935946,0.937113,0.941215,0.940036,0.942215,0.938526,0.943825,0.943312,0.940399,0.940987,0.937090,0.941539,0.941905,0.940530,0.944105,0.942596,0.944141,0.906049,0.943885,0.944494,0.943829,0.942765,0.945555,0.944889,0.944503,0.946135,0.942676,0.942448
allando_v_sin_a2_f3_v140,0.887765,0.943766,0.944599,0.964688,0.947778,0.947707,0.947976,0.948144,0.948249,0.948340,0.898228,0.906342,0.909382,0.912138,0.916127,0.921247,0.927165,0.854153,0.926628,0.926871,0.926966,0.930258,0.934772,0.944478,0.951760,0.963419,0.943782,0.943140,0.890585,0.949076,0.946836,0.961108,0.960630,0.961156,0.961306,0.962232,0.963129,1.000000,0.906831,0.915985,0.920995,0.922695,0.926310,0.930442,0.933981,0.860034,0.933681,0.931981,0.934421,0.937194,0.941328,0.944111,0.938369,0.949203,0.948753,0.952141,0.893040,0.948067,0.950255,0.947619,0.949482,0.952850,0.955490,0.955009,0.952993,0.953916,0.910135,0.914370,0.917304,0.918360,0.923693,0.925979,0.929649,0.861539,0.925293,0.927157,0.928823,0.924452,0.934740,0.938423,0.939467,0.936052,0.941675,0.943887,0.902771,0.942377,0.942681,0.945623,0.946060,0.943754,0.945448,0.944595,0.945792,0.945905,0.913298,0.916916,0.922947,0.924139,0.924650,0.927633,0.927226,0.867458,0.926941,0.922942,0.926644,0.924483,0.930238,0.935745,0.931103,0.934230,0.938048,0.939730,0.921424,0.952527,0.953202,0.953840,0.952269,0.952249,0.954276,0.953791,0.953012,0.952911,0.927919,0.929052,0.935220,0.938550,0.940184,0.941256,0.945094,0.886131,0.946601,0.946995,0.946510,0.946866,0.946594,0.948153,0.949859,0.950605,0.949805,0.952243,0.933698,0.957712,0.957438,0.958025,0.956596,0.956750,0.957381,0.959152,0.958262,0.957265,0.938190,0.940165,0.943638,0.946936,0.946501,0.948715,0.948396,0.899578,0.949565,0.952796,0.952112,0.951083,0.952867,0.955213,0.954925,0.956762,0.956753,0.956846,0.935209,0.940535,0.941769,0.943813,0.944166,0.944556,0.946694,0.946361,0.945805,0.944297,0.938542,0.940630,0.941152,0.943608,0.945653,0.944007,0.942507,0.901436,0.944916,0.945960,0.945786,0.945011,0.948426,0.950266,0.946474,0.948252,0.943986,0.942475,0.936361,0.937846,0.942172,0.940879,0.942921,0.939535,0.944632,0.944204,0.941563,0.942128,0.937240,0.942194,0.942867,0.941981,0.945149,0.943534,0.945223,0.906141,0.944934,0.945627,0.944765,0.943555,0.946460,0.945724,0.945392,0.946913,0.943629,0.943051
allando_v_sin_a2_f3_v15,0.948479,0.905221,0.905218,0.904098,0.904110,0.903869,0.903406,0.902996,0.902635,0.902519,0.967393,0.960247,0.955965,0.949769,0.947266,0.945358,0.944672,0.916527,0.936697,0.937414,0.928440,0.924629,0.923940,0.918474,0.910025,0.907651,0.906736,0.906110,0.966818,0.908027,0.909135,0.908072,0.907824,0.907419,0.907061,0.906962,0.906796,0.906831,1.000000,0.974403,0.968593,0.958844,0.955866,0.953416,0.950952,0.929103,0.944139,0.942735,0.936647,0.930989,0.931830,0.930315,0.917798,0.917761,0.912174,0.909931,0.954788,0.914780,0.915936,0.914164,0.909609,0.906080,0.904292,0.903412,0.903113,0.903017,0.967958,0.954433,0.949720,0.940866,0.942896,0.941144,0.940424,0.925015,0.930108,0.931541,0.927161,0.916032,0.921770,0.921097,0.919085,0.910860,0.915962,0.915218,0.954024,0.916913,0.914087,0.920359,0.917643,0.921467,0.916772,0.923930,0.924286,0.916151,0.965866,0.951537,0.947398,0.944032,0.940975,0.937506,0.934248,0.931336,0.933759,0.929891,0.928197,0.920093,0.919857,0.923959,0.914928,0.916109,0.917847,0.919467,0.934693,0.903525,0.903493,0.902622,0.902211,0.901721,0.901597,0.901334,0.900981,0.901006,0.941966,0.928516,0.923036,0.918726,0.914210,0.912550,0.910827,0.908988,0.910461,0.908226,0.903780,0.902015,0.901584,0.902294,0.903834,0.904576,0.904560,0.904649,0.942140,0.905704,0.905992,0.904349,0.903739,0.903995,0.903626,0.903811,0.903290,0.902920,0.945508,0.933771,0.929914,0.927262,0.922111,0.922971,0.920984,0.924268,0.919789,0.917972,0.914175,0.910975,0.908033,0.907132,0.906939,0.906023,0.907256,0.904496,0.933939,0.889292,0.890936,0.892496,0.890231,0.890844,0.894066,0.893453,0.892373,0.890727,0.930262,0.928514,0.919433,0.918302,0.918704,0.915681,0.911573,0.916257,0.911541,0.911208,0.907325,0.904954,0.908493,0.904991,0.898409,0.897297,0.893194,0.892354,0.935311,0.892109,0.898029,0.893523,0.894561,0.891722,0.894539,0.895080,0.893312,0.892555,0.921181,0.920000,0.921176,0.914421,0.913623,0.911863,0.911837,0.918154,0.910803,0.910642,0.907827,0.905514,0.911022,0.905147,0.901645,0.901934,0.899119,0.897554
allando_v_sin_a2_f3_v20,0.944063,0.913439,0.913228,0.912906,0.912181,0.912075,0.911698,0.911714,0.911514,0.911671,0.954210,0.971764,0.956962,0.955701,0.951658,0.950760,0.951650,0.910254,0.942780,0.941560,0.933787,0.929220,0.929618,0.924730,0.917265,0.915525,0.914384,0.913820,0.957193,0.916875,0.917592,0.916569,0.916444,0.916168,0.915790,0.915780,0.915591,0.915985,0.974403,1.000000,0.975193,0.967875,0.963046,0.959639,0.960411,0.921774,0.950977,0.947721,0.943291,0.937219,0.938708,0.937128,0.927340,0.928418,0.920619,0.918553,0.951607,0.924269,0.924046,0.924281,0.919232,0.915388,0.913012,0.912907,0.912397,0.912626,0.959891,0.971139,0.954115,0.948781,0.949552,0.946187,0.948127,0.920090,0.937467,0.936911,0.934131,0.920792,0.928510,0.928579,0.929797,0.921054,0.923350,0.923694,0.955765,0.925964,0.924047,0.929365,0.930861,0.928084,0.928765,0.927874,0.927945,0.928922,0.959077,0.968520,0.954150,0.948715,0.948046,0.943308,0.942545,0.926149,0.941715,0.933599,0.934688,0.925019,0.926403,0.931676,0.927764,0.926087,0.926320,0.927911,0.937355,0.913735,0.913692,0.913183,0.914224,0.913739,0.912392,0.913074,0.913112,0.913570,0.942777,0.941867,0.934078,0.928593,0.923316,0.922776,0.920519,0.910581,0.920473,0.918663,0.915004,0.912626,0.912663,0.913334,0.914840,0.915418,0.915535,0.915838,0.945972,0.916062,0.915984,0.915688,0.915174,0.915585,0.915636,0.915296,0.915017,0.914393,0.949818,0.946243,0.942107,0.937593,0.932303,0.932667,0.930094,0.927746,0.929287,0.928691,0.924837,0.920754,0.918012,0.916441,0.916359,0.916185,0.916696,0.915096,0.937175,0.899797,0.900712,0.902524,0.900997,0.901660,0.905081,0.905180,0.903255,0.901978,0.936157,0.932107,0.931591,0.931291,0.928059,0.923701,0.920654,0.920749,0.921920,0.921614,0.918443,0.915513,0.916704,0.914442,0.905746,0.905966,0.905851,0.904263,0.939708,0.900868,0.906721,0.902524,0.904260,0.901593,0.906615,0.905509,0.905119,0.903458,0.928361,0.927899,0.928148,0.927918,0.924005,0.921187,0.921349,0.923749,0.921074,0.920937,0.918713,0.915620,0.918933,0.915639,0.908788,0.910259,0.911052,0.907687
allando_v_sin_a2_f3_v25,0.942242,0.918281,0.917910,0.917127,0.916716,0.916369,0.915942,0.915859,0.915687,0.915775,0.950076,0.954532,0.969491,0.967922,0.962581,0.959990,0.957680,0.908055,0.951798,0.945489,0.937082,0.935819,0.936071,0.930796,0.923060,0.920362,0.919468,0.918767,0.954914,0.922344,0.923240,0.922220,0.922148,0.921827,0.921397,0.921329,0.921156,0.920995,0.968593,0.975193,1.000000,0.985060,0.975496,0.970803,0.966466,0.919769,0.961967,0.954472,0.948771,0.944479,0.947247,0.945435,0.935499,0.932715,0.926342,0.923888,0.947852,0.930472,0.929918,0.926203,0.923254,0.919625,0.917818,0.917317,0.916776,0.917122,0.959143,0.961292,0.971974,0.963671,0.960449,0.956278,0.955577,0.918803,0.946747,0.942555,0.938549,0.928919,0.935668,0.936873,0.934934,0.927571,0.932088,0.930794,0.955114,0.933429,0.930622,0.937483,0.933061,0.931827,0.929572,0.931678,0.930643,0.927486,0.962603,0.958888,0.967849,0.965261,0.957753,0.953767,0.949075,0.923571,0.948450,0.939268,0.939531,0.932523,0.933541,0.939239,0.933812,0.932637,0.934234,0.935343,0.940014,0.921920,0.922162,0.921414,0.921552,0.920893,0.920575,0.920563,0.919945,0.920201,0.943673,0.937027,0.942843,0.942958,0.936822,0.933229,0.929808,0.913247,0.928519,0.926158,0.922247,0.920216,0.919606,0.920338,0.921834,0.922454,0.922884,0.923373,0.950185,0.923973,0.923723,0.922828,0.922816,0.923042,0.923001,0.922805,0.922485,0.921578,0.951312,0.943919,0.947897,0.950156,0.946495,0.944792,0.940023,0.932426,0.937399,0.937258,0.934315,0.929710,0.926549,0.924940,0.923880,0.923992,0.925069,0.922286,0.942206,0.904790,0.905805,0.907521,0.906769,0.906914,0.910197,0.908347,0.906461,0.904509,0.940191,0.934174,0.930100,0.933830,0.939300,0.936807,0.930777,0.924449,0.930219,0.929464,0.926216,0.922209,0.923415,0.917981,0.913807,0.914084,0.910515,0.909746,0.942985,0.908397,0.912042,0.910197,0.910166,0.907592,0.910851,0.910225,0.907380,0.906864,0.932948,0.931263,0.929098,0.925614,0.936546,0.935012,0.931995,0.927249,0.929925,0.929284,0.926655,0.923071,0.926419,0.918387,0.917296,0.918998,0.915619,0.914356
allando_v_sin_a2_f3_v30,0.938429,0.920741,0.920369,0.919371,0.919089,0.918671,0.918179,0.918198,0.918067,0.918174,0.941193,0.948556,0.961983,0.971478,0.963660,0.962868,0.957902,0.898852,0.952376,0.948467,0.938470,0.937328,0.938468,0.934653,0.925306,0.922514,0.921952,0.921256,0.950461,0.924716,0.925552,0.924248,0.924057,0.923636,0.923142,0.923123,0.922910,0.922695,0.958844,0.967875,0.985060,1.000000,0.983212,0.977855,0.969854,0.910251,0.965659,0.960301,0.951854,0.949648,0.948791,0.948799,0.941686,0.938536,0.929566,0.926295,0.944691,0.933590,0.932693,0.928080,0.925609,0.921886,0.919604,0.919292,0.918744,0.919160,0.952289,0.958184,0.967111,0.970364,0.964148,0.958644,0.956393,0.910493,0.947250,0.946685,0.938735,0.930799,0.937214,0.940536,0.941888,0.934150,0.933547,0.934783,0.953073,0.936486,0.934336,0.939625,0.938969,0.932531,0.933318,0.932003,0.932293,0.930034,0.956929,0.957547,0.966638,0.966762,0.961126,0.956418,0.949783,0.914994,0.949643,0.941087,0.939088,0.934488,0.935325,0.943075,0.938360,0.939578,0.937577,0.937004,0.941417,0.926953,0.927170,0.926424,0.926498,0.925879,0.925455,0.925570,0.924801,0.925103,0.942463,0.938853,0.945791,0.945901,0.942422,0.940103,0.935888,0.910854,0.934903,0.931012,0.925920,0.924480,0.923984,0.925177,0.926793,0.927535,0.928004,0.928674,0.952683,0.928640,0.928147,0.927589,0.927354,0.927649,0.927733,0.927531,0.927003,0.926113,0.952777,0.948236,0.952679,0.954520,0.953012,0.953664,0.948594,0.932262,0.945288,0.943461,0.939367,0.935516,0.932004,0.929732,0.928242,0.928273,0.929572,0.927037,0.943291,0.909944,0.909473,0.911584,0.910412,0.910724,0.913919,0.912472,0.909916,0.907841,0.941696,0.936938,0.934102,0.937971,0.942624,0.941733,0.937735,0.923609,0.935827,0.934508,0.930956,0.927382,0.928300,0.924249,0.918163,0.918815,0.919992,0.917974,0.944264,0.912296,0.915130,0.914307,0.913988,0.911011,0.913226,0.914027,0.910208,0.909927,0.937506,0.934700,0.932590,0.928793,0.940433,0.939825,0.938140,0.925738,0.935821,0.934447,0.931121,0.928298,0.931179,0.925983,0.921871,0.923309,0.924359,0.922652
allando_v_sin_a2_f3_v35,0.929848,0.924737,0.924319,0.923256,0.922943,0.922478,0.922067,0.922062,0.921867,0.921976,0.938701,0.945171,0.954908,0.962243,0.969421,0.967719,0.962208,0.895796,0.957664,0.953634,0.942873,0.942966,0.944540,0.939581,0.929965,0.926936,0.926247,0.925377,0.941847,0.928987,0.929391,0.927709,0.927529,0.926950,0.926418,0.926541,0.926353,0.926310,0.955866,0.963046,0.975496,0.983212,1.000000,0.987499,0.978039,0.906776,0.972994,0.966276,0.957191,0.954818,0.955782,0.953817,0.942381,0.940669,0.933244,0.930487,0.936482,0.939147,0.938984,0.934247,0.931116,0.926798,0.924354,0.924211,0.923732,0.924070,0.951106,0.955350,0.961088,0.962386,0.970103,0.966038,0.962194,0.907818,0.953433,0.949622,0.943032,0.936500,0.943198,0.943619,0.942333,0.933881,0.938895,0.938982,0.945590,0.942695,0.938290,0.942188,0.939712,0.939052,0.937704,0.937169,0.936830,0.936509,0.955913,0.955367,0.962776,0.963772,0.967517,0.963509,0.956807,0.911975,0.954685,0.946762,0.944015,0.940391,0.941163,0.945348,0.937481,0.939966,0.943198,0.942846,0.940256,0.933104,0.933074,0.932279,0.932318,0.931650,0.931309,0.931624,0.930838,0.931022,0.945130,0.943850,0.946467,0.944964,0.941643,0.944491,0.944937,0.909631,0.942812,0.939171,0.933757,0.931610,0.931288,0.932472,0.933937,0.934342,0.934163,0.934731,0.954029,0.934365,0.934094,0.933379,0.933115,0.933657,0.933731,0.933294,0.932844,0.931977,0.956614,0.954196,0.957302,0.954958,0.952940,0.955351,0.957875,0.932212,0.954271,0.951670,0.946273,0.941997,0.938524,0.936367,0.934326,0.934477,0.935579,0.933178,0.946163,0.916882,0.917673,0.919215,0.917338,0.917031,0.919503,0.917682,0.916501,0.914515,0.945253,0.942229,0.939491,0.942844,0.943839,0.942754,0.945541,0.923595,0.944411,0.942214,0.938078,0.932674,0.933748,0.928739,0.923930,0.924097,0.921115,0.919619,0.947669,0.920028,0.922754,0.920769,0.920230,0.916114,0.920351,0.920738,0.918088,0.917698,0.939954,0.939449,0.938407,0.935864,0.940561,0.940068,0.943433,0.926041,0.943959,0.942442,0.938824,0.933789,0.936604,0.928952,0.927631,0.928687,0.926487,0.924400
allando_v_sin_a2_f3_v40,0.930199,0.929852,0.929447,0.928419,0.928065,0.927636,0.927218,0.927150,0.926939,0.927020,0.937886,0.942998,0.952271,0.959960,0.965163,0.971701,0.963735,0.896087,0.961864,0.954425,0.945878,0.947839,0.951186,0.945909,0.935085,0.931903,0.931351,0.930411,0.940878,0.933644,0.933895,0.931822,0.931657,0.931078,0.930381,0.930548,0.930482,0.930442,0.953416,0.959639,0.970803,0.977855,0.987499,1.000000,0.981313,0.906506,0.978833,0.969803,0.960781,0.959101,0.961806,0.959752,0.946760,0.946515,0.938109,0.935202,0.936760,0.942819,0.944814,0.937986,0.936081,0.931747,0.929170,0.928867,0.928322,0.928887,0.950389,0.953502,0.958323,0.960996,0.968514,0.973304,0.963943,0.907969,0.958316,0.952434,0.946293,0.942918,0.949797,0.949597,0.947661,0.938070,0.941677,0.943273,0.946194,0.946127,0.942238,0.946028,0.944272,0.941476,0.941023,0.940523,0.941726,0.940012,0.954709,0.953032,0.960630,0.965143,0.966308,0.970431,0.958555,0.912447,0.958851,0.949425,0.947109,0.947214,0.948132,0.951249,0.943070,0.944112,0.947246,0.946340,0.943902,0.937871,0.938035,0.937143,0.937086,0.936396,0.936138,0.936366,0.935707,0.935762,0.945993,0.945528,0.947475,0.946796,0.944208,0.946800,0.947634,0.912068,0.947720,0.944567,0.939980,0.937358,0.936664,0.938144,0.939582,0.939881,0.939251,0.939797,0.958163,0.939363,0.939175,0.938560,0.938166,0.938751,0.938600,0.938266,0.937999,0.937096,0.958564,0.955993,0.958395,0.956738,0.955012,0.958193,0.959254,0.935423,0.959630,0.955946,0.951287,0.947572,0.943056,0.941390,0.939476,0.939616,0.940502,0.938508,0.950547,0.921830,0.922689,0.924324,0.922948,0.922201,0.924127,0.923082,0.920909,0.919165,0.948273,0.945463,0.941930,0.945679,0.946519,0.945849,0.948338,0.926639,0.948976,0.946933,0.943525,0.938373,0.937449,0.934955,0.931419,0.931989,0.926868,0.926321,0.950557,0.924716,0.927745,0.925366,0.925261,0.920685,0.926292,0.924998,0.922054,0.921020,0.943621,0.943434,0.941973,0.939456,0.942832,0.942905,0.946325,0.929580,0.948232,0.947119,0.944072,0.939287,0.940554,0.934976,0.934929,0.936240,0.931064,0.931612
allando_v_sin_a2_f3_v45,0.925195,0.933697,0.933213,0.932541,0.932249,0.931922,0.931661,0.931641,0.931401,0.931407,0.934890,0.944033,0.949844,0.953479,0.958163,0.961850,0.971645,0.894929,0.962982,0.958211,0.950197,0.947878,0.950597,0.947010,0.938225,0.935146,0.934966,0.934013,0.935610,0.937155,0.937316,0.935331,0.935113,0.934617,0.933968,0.934044,0.933763,0.933981,0.950952,0.960411,0.966466,0.969854,0.978039,0.981313,1.000000,0.905172,0.984997,0.975342,0.968648,0.963796,0.964874,0.959795,0.947332,0.949437,0.941865,0.938843,0.933123,0.946815,0.946453,0.943362,0.940705,0.935518,0.933056,0.932844,0.932565,0.932797,0.948765,0.952483,0.954642,0.953904,0.961119,0.961637,0.970767,0.904823,0.960633,0.954579,0.951433,0.941491,0.949925,0.948772,0.948739,0.940689,0.944798,0.944328,0.943548,0.947055,0.944489,0.947770,0.947810,0.947984,0.947235,0.945309,0.942989,0.944682,0.949921,0.953219,0.958308,0.957952,0.962277,0.960262,0.969290,0.910429,0.962878,0.952484,0.951320,0.945125,0.946945,0.950513,0.949414,0.945161,0.947145,0.948292,0.939237,0.941121,0.940931,0.940297,0.940525,0.939975,0.939489,0.939637,0.939037,0.939216,0.945935,0.945045,0.948993,0.947479,0.944059,0.945406,0.947706,0.907305,0.949121,0.949652,0.947004,0.943702,0.944245,0.944336,0.944914,0.944181,0.942815,0.942885,0.954872,0.942709,0.942692,0.941881,0.941781,0.942254,0.941935,0.941489,0.941592,0.941040,0.958283,0.958908,0.960558,0.960164,0.958272,0.958761,0.959410,0.928044,0.960962,0.960411,0.957993,0.953805,0.948006,0.945997,0.943785,0.943938,0.943723,0.942134,0.948201,0.926200,0.926598,0.927166,0.927366,0.925979,0.928259,0.927572,0.926597,0.925939,0.948502,0.946316,0.944850,0.947106,0.948247,0.945494,0.944280,0.922060,0.949631,0.948980,0.947574,0.943370,0.942080,0.938141,0.932522,0.932337,0.931971,0.929705,0.952217,0.926211,0.931252,0.926747,0.930358,0.924075,0.934647,0.927926,0.930565,0.927233,0.944248,0.945934,0.945351,0.943254,0.945391,0.944871,0.945723,0.926671,0.948650,0.948999,0.948613,0.944161,0.944508,0.938526,0.935266,0.935583,0.938432,0.932192
allando_v_sin_a2_f3_v5,0.933807,0.851513,0.852070,0.850354,0.849702,0.849267,0.848678,0.848509,0.848243,0.848226,0.923468,0.915123,0.912231,0.905233,0.899495,0.900596,0.899943,0.979539,0.891480,0.882768,0.871659,0.869553,0.871257,0.862397,0.856830,0.854696,0.853160,0.852078,0.940342,0.856407,0.860097,0.861746,0.861477,0.861242,0.861031,0.860819,0.860571,0.860034,0.929103,0.921774,0.919769,0.910251,0.906776,0.906506,0.905172,1.000000,0.897454,0.887379,0.880822,0.876468,0.879409,0.874685,0.863831,0.861522,0.860377,0.857612,0.915874,0.853683,0.853748,0.849912,0.850454,0.849835,0.850122,0.849529,0.848322,0.848573,0.908487,0.905397,0.899627,0.892149,0.893337,0.893432,0.894085,0.962920,0.882992,0.875594,0.870052,0.860118,0.868474,0.865644,0.864603,0.855257,0.857025,0.856414,0.910578,0.855877,0.853103,0.857841,0.857467,0.854990,0.853084,0.851927,0.853887,0.850249,0.905882,0.900047,0.897221,0.895113,0.890670,0.887791,0.887100,0.958296,0.882359,0.872446,0.870473,0.864038,0.864918,0.869197,0.865548,0.863205,0.860400,0.861071,0.897755,0.846870,0.847099,0.846572,0.846554,0.845833,0.845339,0.845309,0.845205,0.845413,0.890847,0.877969,0.872670,0.868153,0.861692,0.858958,0.855322,0.933014,0.854589,0.853825,0.850153,0.846562,0.846143,0.847001,0.848222,0.848526,0.847949,0.847618,0.899393,0.850334,0.850445,0.849992,0.848844,0.849095,0.848648,0.849388,0.848978,0.847323,0.895190,0.882121,0.878143,0.873948,0.868974,0.869514,0.866951,0.932945,0.866101,0.865222,0.861642,0.858278,0.853534,0.851943,0.851649,0.851069,0.851938,0.848331,0.887951,0.834264,0.833751,0.835787,0.834003,0.832833,0.835029,0.835149,0.832616,0.830388,0.881683,0.872629,0.865750,0.865746,0.865818,0.861859,0.857912,0.914506,0.859345,0.858963,0.855527,0.852430,0.849829,0.847329,0.839724,0.840677,0.838919,0.838839,0.887446,0.837005,0.839087,0.836320,0.836978,0.833543,0.842314,0.838511,0.836074,0.834512,0.872363,0.868868,0.866779,0.860963,0.860632,0.858435,0.858399,0.911437,0.858396,0.857727,0.855954,0.853118,0.853393,0.848429,0.843367,0.845796,0.844389,0.843170
allando_v_sin_a2_f3_v50,0.919776,0.933742,0.933275,0.932301,0.932183,0.931848,0.931488,0.931403,0.931207,0.931199,0.929635,0.934654,0.944746,0.949202,0.954165,0.959320,0.962846,0.886775,0.969184,0.955800,0.949473,0.952377,0.955695,0.950974,0.939420,0.935781,0.935476,0.934360,0.929788,0.937334,0.937491,0.935188,0.934960,0.934409,0.933608,0.933810,0.933782,0.933681,0.944139,0.950977,0.961967,0.965659,0.972994,0.978833,0.984997,0.897454,1.000000,0.977804,0.969768,0.968606,0.970518,0.964724,0.948826,0.950533,0.941794,0.939033,0.924990,0.945959,0.948729,0.941542,0.940201,0.935018,0.932402,0.932038,0.931747,0.932126,0.941970,0.944878,0.950576,0.950755,0.956047,0.961171,0.962253,0.897446,0.965895,0.955748,0.950249,0.948817,0.955977,0.953162,0.947716,0.938956,0.942563,0.944304,0.935585,0.947003,0.944229,0.949933,0.946602,0.945792,0.944880,0.944279,0.945232,0.942773,0.944492,0.945062,0.953196,0.960530,0.957109,0.960281,0.960751,0.902722,0.960491,0.954364,0.950482,0.953194,0.951591,0.954681,0.946144,0.943198,0.945636,0.946251,0.937555,0.941661,0.941719,0.940968,0.941199,0.940520,0.940234,0.940135,0.939679,0.939700,0.940903,0.942208,0.947941,0.947481,0.945650,0.945550,0.947713,0.903672,0.949397,0.949278,0.948252,0.945218,0.944786,0.945122,0.945558,0.944655,0.943121,0.943461,0.956538,0.944076,0.943851,0.942993,0.943027,0.943696,0.943458,0.942788,0.943039,0.942357,0.955063,0.956009,0.960951,0.961607,0.960451,0.960708,0.960812,0.926192,0.962513,0.961705,0.959575,0.958674,0.949901,0.947920,0.945295,0.945368,0.945111,0.943542,0.948865,0.923931,0.925087,0.926980,0.927259,0.926447,0.928973,0.928761,0.925783,0.924749,0.946149,0.944509,0.942182,0.946006,0.948601,0.948877,0.945157,0.918790,0.948927,0.948312,0.947519,0.943768,0.942452,0.939739,0.939642,0.938723,0.930714,0.930293,0.948906,0.924832,0.929649,0.927310,0.930250,0.925321,0.933298,0.927843,0.927445,0.925119,0.942125,0.945258,0.944003,0.941853,0.946047,0.946175,0.946141,0.924295,0.948227,0.948554,0.948425,0.944592,0.945346,0.938795,0.941785,0.941141,0.933902,0.935029
allando_v_sin_a2_f3_v55,0.916338,0.932872,0.932369,0.931829,0.931755,0.931573,0.931391,0.931212,0.931078,0.931081,0.926549,0.935047,0.939130,0.944956,0.948468,0.952152,0.954950,0.877482,0.954595,0.966032,0.958680,0.953577,0.951481,0.950206,0.937961,0.934014,0.934500,0.933373,0.926721,0.936315,0.935875,0.933200,0.932957,0.932510,0.931820,0.932121,0.931986,0.931981,0.942735,0.947721,0.954472,0.960301,0.966276,0.969803,0.975342,0.887379,0.977804,1.000000,0.980905,0.973330,0.965942,0.964049,0.952750,0.951964,0.941179,0.938049,0.926534,0.946531,0.948188,0.942418,0.940604,0.935102,0.931953,0.931182,0.931115,0.931475,0.937922,0.939043,0.944515,0.946541,0.952384,0.953920,0.955090,0.889430,0.953694,0.968061,0.959446,0.948623,0.950672,0.950842,0.950740,0.942832,0.944653,0.945532,0.934876,0.947268,0.945809,0.949125,0.948584,0.944747,0.944557,0.942854,0.943786,0.942261,0.939822,0.939630,0.947212,0.950155,0.954322,0.953850,0.952895,0.896633,0.958372,0.966715,0.959252,0.949207,0.948217,0.953768,0.943879,0.946937,0.946959,0.947725,0.934118,0.940622,0.940616,0.940076,0.939904,0.939486,0.939224,0.939146,0.938399,0.938676,0.936685,0.936106,0.944677,0.944050,0.944407,0.945528,0.947170,0.898989,0.948162,0.946377,0.945127,0.944245,0.942680,0.942952,0.943316,0.942917,0.941918,0.942435,0.952115,0.942608,0.942301,0.941898,0.941731,0.942761,0.942222,0.941587,0.941730,0.941566,0.952622,0.951228,0.956520,0.958482,0.959119,0.960145,0.959825,0.921257,0.962259,0.958738,0.956184,0.956564,0.948910,0.946597,0.944276,0.944290,0.943683,0.943090,0.945673,0.926041,0.926966,0.928474,0.926377,0.926999,0.929334,0.928458,0.925721,0.924393,0.944503,0.942012,0.940558,0.943363,0.945493,0.946366,0.944739,0.915576,0.946031,0.945464,0.944000,0.943723,0.947235,0.945135,0.935583,0.936105,0.933276,0.931634,0.951651,0.927511,0.934481,0.928062,0.931911,0.927059,0.928314,0.927696,0.924207,0.923950,0.942652,0.944298,0.942679,0.938742,0.944022,0.944354,0.945337,0.919971,0.946060,0.946622,0.945142,0.944608,0.949745,0.945731,0.938541,0.938388,0.936134,0.935451
allando_v_sin_a2_f3_v60,0.908801,0.935554,0.935015,0.934489,0.934463,0.934122,0.933908,0.933774,0.933610,0.933709,0.920355,0.930480,0.933618,0.936260,0.939340,0.944010,0.949602,0.871044,0.949234,0.958779,0.969753,0.956533,0.953778,0.952701,0.940030,0.936215,0.937185,0.935999,0.918674,0.938468,0.938053,0.935507,0.935173,0.934659,0.933968,0.934445,0.934381,0.934421,0.936647,0.943291,0.948771,0.951854,0.957191,0.960781,0.968648,0.880822,0.969768,0.980905,1.000000,0.979780,0.970262,0.967001,0.955599,0.954453,0.943220,0.939994,0.919961,0.948899,0.950578,0.945420,0.943278,0.937717,0.934539,0.934004,0.934176,0.934459,0.933650,0.935144,0.939653,0.939165,0.944473,0.947559,0.950040,0.883107,0.949170,0.960233,0.971060,0.951396,0.952789,0.952575,0.952238,0.947106,0.947161,0.947222,0.929137,0.949948,0.947968,0.950915,0.950054,0.950560,0.949852,0.947949,0.947899,0.947236,0.935407,0.935858,0.941677,0.943356,0.947532,0.948445,0.948493,0.890838,0.955054,0.959578,0.970954,0.950758,0.950306,0.955410,0.946939,0.948444,0.948832,0.951953,0.932643,0.941863,0.941757,0.941273,0.941234,0.940796,0.940563,0.940697,0.939829,0.939902,0.938001,0.937359,0.943736,0.943889,0.943571,0.943860,0.945853,0.898728,0.947482,0.945963,0.946466,0.945776,0.944563,0.944622,0.944742,0.944318,0.943340,0.943576,0.949903,0.945155,0.944896,0.944612,0.944366,0.945485,0.944886,0.944186,0.944505,0.944428,0.953415,0.953516,0.955758,0.958911,0.958859,0.958871,0.958432,0.920902,0.960737,0.958803,0.957527,0.956232,0.950371,0.948533,0.946792,0.946582,0.946118,0.946151,0.944984,0.929309,0.931025,0.932153,0.930448,0.930911,0.932620,0.931794,0.931494,0.931062,0.944629,0.944273,0.944190,0.944248,0.946244,0.945106,0.942118,0.915365,0.944432,0.944633,0.943308,0.942890,0.948922,0.948266,0.937900,0.940202,0.934838,0.933910,0.951226,0.929134,0.938463,0.930399,0.934789,0.930584,0.930885,0.931085,0.930634,0.929947,0.944002,0.946206,0.945391,0.942118,0.944007,0.943833,0.944976,0.920390,0.945387,0.945545,0.944689,0.943260,0.951417,0.949179,0.940759,0.942525,0.937916,0.937305
allando_v_sin_a2_f3_v65,0.905998,0.939602,0.938878,0.937899,0.938265,0.938203,0.937834,0.937643,0.937484,0.937493,0.915591,0.922619,0.927961,0.933898,0.937636,0.943916,0.947397,0.866087,0.949812,0.954065,0.958765,0.964649,0.960810,0.958631,0.944205,0.940248,0.941550,0.940230,0.915049,0.942801,0.941693,0.938733,0.938356,0.937756,0.936930,0.937189,0.937176,0.937194,0.930989,0.937219,0.944479,0.949648,0.954818,0.959101,0.963796,0.876468,0.968606,0.973330,0.979780,1.000000,0.980941,0.977765,0.962026,0.961037,0.947543,0.944126,0.914312,0.956853,0.958078,0.949878,0.947473,0.941821,0.938166,0.937401,0.937497,0.937716,0.927965,0.930298,0.935047,0.938241,0.943411,0.946446,0.947756,0.877333,0.949265,0.956286,0.959304,0.960861,0.959096,0.961757,0.956203,0.950031,0.952085,0.954148,0.924482,0.957136,0.956218,0.955649,0.953937,0.950793,0.951698,0.950235,0.952017,0.949660,0.931457,0.931833,0.940711,0.943315,0.944932,0.948294,0.947154,0.884018,0.950964,0.954496,0.958821,0.959289,0.955955,0.962334,0.949019,0.955802,0.954396,0.954604,0.934630,0.945854,0.945717,0.945219,0.945251,0.944794,0.944454,0.944193,0.943651,0.943753,0.936911,0.937955,0.946356,0.946376,0.946906,0.948372,0.949533,0.897397,0.950950,0.950600,0.949788,0.949453,0.948139,0.948365,0.949026,0.948387,0.947349,0.947442,0.953121,0.949569,0.949321,0.949062,0.948940,0.949743,0.949443,0.948365,0.948715,0.948787,0.953251,0.954557,0.958772,0.961258,0.961221,0.962859,0.962805,0.919537,0.963533,0.963826,0.960774,0.960559,0.954726,0.953019,0.951162,0.950770,0.950536,0.950761,0.948375,0.936249,0.937369,0.940187,0.938828,0.939560,0.939163,0.937992,0.935445,0.934501,0.946441,0.946243,0.945288,0.947315,0.948496,0.947658,0.945582,0.913689,0.946826,0.948016,0.945980,0.944985,0.950391,0.951472,0.948137,0.947652,0.942256,0.940345,0.948211,0.936623,0.941944,0.940642,0.941891,0.937663,0.934779,0.938812,0.932558,0.934369,0.947104,0.949698,0.947620,0.944132,0.947211,0.945778,0.949263,0.918384,0.947490,0.948317,0.946703,0.945479,0.952492,0.952020,0.950459,0.948834,0.943537,0.944930
allando_v_sin_a2_f3_v70,0.908197,0.944068,0.943259,0.942202,0.942636,0.942379,0.942118,0.942007,0.941816,0.941741,0.917247,0.922265,0.929704,0.934338,0.940614,0.947416,0.951182,0.868857,0.955093,0.948999,0.952552,0.962733,0.968989,0.962905,0.948919,0.944608,0.945789,0.944679,0.916663,0.947748,0.946194,0.942967,0.942544,0.941970,0.941048,0.941332,0.941364,0.941328,0.931830,0.938708,0.947247,0.948791,0.955782,0.961806,0.964874,0.879409,0.970518,0.965942,0.970262,0.980941,1.000000,0.986314,0.967527,0.966168,0.952505,0.948907,0.913875,0.957183,0.960414,0.952697,0.951493,0.946050,0.942423,0.941991,0.941977,0.942250,0.929990,0.932626,0.936444,0.938281,0.944830,0.949746,0.951059,0.879187,0.951472,0.951250,0.953862,0.958582,0.969388,0.964238,0.959687,0.952802,0.957803,0.958876,0.925840,0.957396,0.955926,0.958328,0.956441,0.954544,0.954709,0.953791,0.955813,0.953299,0.933544,0.933625,0.940899,0.946204,0.945720,0.951499,0.950176,0.885159,0.951449,0.948610,0.953316,0.962304,0.965817,0.963877,0.956209,0.956128,0.960024,0.959452,0.938052,0.949984,0.949914,0.949271,0.949293,0.948735,0.948652,0.948383,0.947889,0.947887,0.940204,0.942055,0.948313,0.949546,0.949114,0.950550,0.952767,0.898251,0.954809,0.955560,0.955346,0.953549,0.953007,0.952645,0.953353,0.952557,0.951322,0.951522,0.957205,0.954338,0.954194,0.953760,0.953816,0.954347,0.954105,0.953165,0.953462,0.953425,0.956144,0.957714,0.960358,0.962773,0.962045,0.964582,0.964821,0.918989,0.965925,0.967176,0.966016,0.964833,0.958922,0.957604,0.955844,0.955605,0.955282,0.955192,0.951229,0.942683,0.943966,0.944160,0.942420,0.941602,0.942913,0.942814,0.940357,0.939401,0.948552,0.949727,0.947651,0.949654,0.951448,0.949828,0.947528,0.914337,0.951243,0.951660,0.950888,0.948266,0.949994,0.951841,0.954665,0.953970,0.946057,0.945747,0.947545,0.944756,0.947220,0.940650,0.942415,0.937354,0.944344,0.939885,0.939514,0.938143,0.950500,0.952085,0.950862,0.947960,0.949722,0.948129,0.950327,0.919516,0.951604,0.952516,0.951600,0.948626,0.952171,0.951130,0.956709,0.955867,0.947575,0.949504
allando_v_sin_a2_f3_v75,0.907604,0.947235,0.946421,0.945437,0.945868,0.945735,0.945511,0.945442,0.945252,0.945230,0.915829,0.921736,0.928534,0.934381,0.939320,0.946106,0.947613,0.864168,0.950450,0.948374,0.951752,0.961111,0.964518,0.966064,0.951344,0.947156,0.948714,0.947704,0.915931,0.951167,0.948988,0.945486,0.945179,0.944618,0.943810,0.944085,0.944072,0.944111,0.930315,0.937128,0.945435,0.948799,0.953817,0.959752,0.959795,0.874685,0.964724,0.964049,0.967001,0.977765,0.986314,1.000000,0.972261,0.970298,0.955728,0.952105,0.914372,0.960736,0.962846,0.955886,0.954459,0.949631,0.945820,0.945305,0.945378,0.945649,0.928291,0.931641,0.936125,0.939248,0.945302,0.947635,0.948123,0.875436,0.946939,0.949976,0.952222,0.955919,0.963569,0.966470,0.961827,0.957850,0.962068,0.964016,0.925328,0.959912,0.960108,0.960326,0.959388,0.955946,0.956784,0.955592,0.958003,0.955541,0.932812,0.933491,0.941091,0.945663,0.945124,0.949962,0.946695,0.881558,0.949528,0.946573,0.951654,0.958745,0.961371,0.965416,0.954511,0.961459,0.963596,0.963844,0.938889,0.952907,0.952981,0.952414,0.952609,0.952075,0.951907,0.951534,0.951052,0.951142,0.941320,0.943184,0.950375,0.952088,0.952376,0.953989,0.955646,0.896911,0.957390,0.957439,0.956008,0.955213,0.954250,0.954412,0.955388,0.955132,0.954255,0.954473,0.957477,0.957436,0.957158,0.956876,0.957033,0.957409,0.957424,0.956427,0.956483,0.956542,0.957446,0.958498,0.962265,0.964592,0.963816,0.967504,0.966797,0.917862,0.966735,0.968142,0.965742,0.965067,0.961057,0.960019,0.958690,0.958410,0.958217,0.958241,0.951975,0.948523,0.949699,0.949715,0.946164,0.946264,0.946877,0.946211,0.943883,0.942424,0.950852,0.951744,0.949946,0.952895,0.954178,0.952366,0.950285,0.913812,0.952375,0.953620,0.951912,0.949972,0.952459,0.954901,0.956344,0.956719,0.950642,0.949681,0.948810,0.951159,0.952750,0.945090,0.945560,0.941579,0.944012,0.944400,0.940611,0.942371,0.954090,0.954340,0.953239,0.950233,0.952985,0.950817,0.953649,0.918707,0.953641,0.955295,0.952139,0.950591,0.954144,0.954079,0.958385,0.958579,0.951271,0.953417
allando_v_sin_a2_f3_v80,0.903411,0.942432,0.941537,0.940732,0.941429,0.941184,0.940856,0.940819,0.940661,0.940622,0.904508,0.913403,0.919901,0.928767,0.929670,0.937231,0.938051,0.854961,0.937459,0.939171,0.940612,0.946989,0.950989,0.954133,0.944437,0.940689,0.942955,0.942825,0.909468,0.945366,0.943188,0.939919,0.939391,0.938996,0.938373,0.938537,0.938479,0.938369,0.917798,0.927340,0.935499,0.941686,0.942381,0.946760,0.947332,0.863831,0.948826,0.952750,0.955599,0.962026,0.967527,0.972261,1.000000,0.968318,0.951284,0.947295,0.911580,0.956208,0.956572,0.950176,0.949909,0.944655,0.940967,0.940488,0.940753,0.940806,0.918456,0.923522,0.927666,0.934231,0.935873,0.937163,0.939339,0.865825,0.935538,0.942096,0.941201,0.941610,0.949662,0.955579,0.962370,0.955305,0.954639,0.956458,0.922651,0.955281,0.954713,0.954834,0.956669,0.949359,0.951543,0.949522,0.950347,0.948988,0.923605,0.925447,0.932899,0.933455,0.936077,0.940128,0.937683,0.871728,0.939902,0.935080,0.939037,0.942449,0.948586,0.954641,0.953639,0.958346,0.955585,0.953722,0.932892,0.947675,0.947725,0.947268,0.947358,0.946808,0.946812,0.946382,0.945673,0.945950,0.931650,0.932894,0.942633,0.945988,0.945918,0.947566,0.948869,0.885386,0.951661,0.951360,0.949666,0.949606,0.948590,0.948465,0.949503,0.949156,0.948884,0.949035,0.946250,0.951451,0.951086,0.950973,0.951286,0.951476,0.951603,0.950736,0.950767,0.951034,0.947472,0.947904,0.951284,0.955768,0.955670,0.959607,0.958925,0.904054,0.959273,0.960381,0.959387,0.957222,0.955011,0.953865,0.952559,0.952402,0.952112,0.952220,0.941026,0.943675,0.942991,0.944060,0.942230,0.942588,0.943598,0.942323,0.938824,0.937368,0.943259,0.944288,0.942449,0.944874,0.948154,0.945292,0.944436,0.902804,0.946620,0.947727,0.948095,0.945826,0.948262,0.950271,0.946647,0.948116,0.952236,0.951812,0.940757,0.943998,0.945694,0.942283,0.942351,0.937886,0.939061,0.939827,0.935509,0.936094,0.948674,0.947648,0.946049,0.941444,0.946892,0.945518,0.947972,0.907326,0.947606,0.948526,0.948559,0.946266,0.949329,0.950773,0.948757,0.949521,0.952071,0.952739
allando_v_sin_a2_f3_v85,0.903333,0.954907,0.954316,0.953172,0.954382,0.954321,0.954130,0.954031,0.953994,0.954063,0.907199,0.916789,0.919760,0.927379,0.929714,0.938310,0.942470,0.855297,0.942619,0.943880,0.946315,0.951674,0.956545,0.962461,0.955717,0.953452,0.956005,0.955232,0.907067,0.956832,0.954225,0.949865,0.949576,0.949238,0.948598,0.948882,0.948979,0.949203,0.917761,0.928418,0.932715,0.938536,0.940669,0.946515,0.949437,0.861522,0.950533,0.951964,0.954453,0.961037,0.966168,0.970298,0.968318,1.000000,0.960307,0.959550,0.912492,0.966023,0.967459,0.961437,0.965284,0.957326,0.954050,0.954127,0.954362,0.954266,0.921903,0.927173,0.928792,0.934819,0.938367,0.940557,0.944486,0.865974,0.942036,0.947115,0.948004,0.946784,0.956429,0.961144,0.966196,0.962810,0.962872,0.966039,0.923555,0.961636,0.962936,0.961848,0.966045,0.958999,0.962636,0.959411,0.960802,0.960233,0.925584,0.929540,0.935311,0.936766,0.939218,0.943706,0.943686,0.872627,0.945454,0.940796,0.945358,0.947497,0.953012,0.959571,0.959025,0.963443,0.961857,0.961187,0.934092,0.959060,0.959508,0.959177,0.959330,0.958806,0.959026,0.958569,0.958137,0.958180,0.937098,0.940736,0.948166,0.950986,0.952414,0.954183,0.957241,0.886773,0.960319,0.960715,0.959535,0.959287,0.958539,0.959295,0.960396,0.960669,0.960220,0.960658,0.949326,0.962011,0.962328,0.962330,0.963283,0.962073,0.962913,0.961852,0.962269,0.962594,0.951282,0.953017,0.957077,0.960252,0.959972,0.963911,0.963299,0.904093,0.964360,0.966815,0.965499,0.964231,0.963825,0.963460,0.962610,0.963002,0.962704,0.963271,0.948711,0.956380,0.956098,0.956833,0.955439,0.955737,0.956237,0.955879,0.953302,0.952186,0.951447,0.953220,0.953480,0.954951,0.956874,0.954663,0.953060,0.906736,0.956719,0.957986,0.957909,0.956559,0.958912,0.962666,0.959054,0.961476,0.963045,0.962721,0.948558,0.955280,0.958406,0.952887,0.954831,0.949522,0.953247,0.952036,0.949955,0.950255,0.956667,0.957476,0.956809,0.954670,0.956564,0.954695,0.957095,0.911760,0.957421,0.958918,0.957865,0.956436,0.959205,0.961450,0.960173,0.961501,0.962574,0.965062
allando_v_sin_a2_f3_v90,0.892847,0.954299,0.954512,0.951485,0.956582,0.956533,0.956411,0.956460,0.956481,0.956465,0.902293,0.909465,0.913388,0.918192,0.921933,0.928161,0.933756,0.854356,0.933375,0.933464,0.934244,0.938799,0.943781,0.953047,0.956550,0.950376,0.956580,0.954624,0.896513,0.962105,0.957951,0.949671,0.950681,0.950071,0.948804,0.949044,0.949175,0.948753,0.912174,0.920619,0.926342,0.929566,0.933244,0.938109,0.941865,0.860377,0.941794,0.941179,0.943220,0.947543,0.952505,0.955728,0.951284,0.960307,1.000000,0.964426,0.900180,0.956517,0.958336,0.954657,0.955897,0.953423,0.957612,0.954836,0.956248,0.957626,0.916459,0.919714,0.922962,0.925594,0.930705,0.932730,0.937188,0.863327,0.932980,0.935752,0.937001,0.933817,0.944074,0.948125,0.950534,0.948172,0.951608,0.953819,0.910875,0.951563,0.951905,0.953389,0.955068,0.951984,0.954141,0.952644,0.953524,0.953131,0.919764,0.922227,0.928917,0.930076,0.931621,0.935169,0.935485,0.869672,0.935252,0.930851,0.934855,0.934474,0.940384,0.945882,0.943180,0.946977,0.948987,0.949767,0.926924,0.957196,0.957501,0.957640,0.956170,0.956013,0.957701,0.957336,0.956299,0.956284,0.933177,0.933843,0.941113,0.944704,0.946101,0.947707,0.951656,0.885612,0.954159,0.954494,0.953555,0.953606,0.952934,0.954384,0.955756,0.956281,0.956566,0.957320,0.941324,0.962595,0.962516,0.961671,0.961963,0.961595,0.961451,0.960448,0.961401,0.961343,0.945620,0.946343,0.950425,0.953778,0.953420,0.956264,0.956205,0.901795,0.957424,0.960536,0.959815,0.958691,0.959851,0.959563,0.958518,0.960184,0.964095,0.959698,0.941989,0.948655,0.949178,0.950508,0.950264,0.950576,0.952022,0.951590,0.951137,0.949496,0.945109,0.947911,0.947131,0.949633,0.951924,0.949934,0.948629,0.903814,0.951756,0.952807,0.952676,0.951414,0.954288,0.956696,0.953189,0.955195,0.953010,0.951860,0.942510,0.946617,0.950051,0.947511,0.949315,0.945246,0.950288,0.949345,0.947616,0.947937,0.946372,0.950131,0.950846,0.948397,0.951489,0.949720,0.951953,0.908906,0.952106,0.953055,0.952076,0.950654,0.953264,0.953642,0.953162,0.954661,0.952901,0.952943
allando_v_sin_a2_f3_v95,0.889734,0.950594,0.950624,0.953185,0.952750,0.952705,0.952827,0.952955,0.953097,0.953051,0.900887,0.908572,0.911798,0.916168,0.920416,0.925868,0.931749,0.852124,0.931394,0.931688,0.932036,0.936797,0.941777,0.951255,0.953698,0.950703,0.951566,0.950650,0.892296,0.961684,0.952028,0.950265,0.951091,0.950605,0.949676,0.949659,0.949806,0.952141,0.909931,0.918553,0.923888,0.926295,0.930487,0.935202,0.938843,0.857612,0.939033,0.938049,0.939994,0.944126,0.948907,0.952105,0.947295,0.959550,0.964426,1.000000,0.896110,0.955012,0.957110,0.953903,0.956844,0.952364,0.959008,0.955937,0.958424,0.954808,0.913998,0.917524,0.920639,0.922511,0.928180,0.930596,0.934731,0.860540,0.930832,0.933078,0.934416,0.931426,0.941772,0.945678,0.947108,0.943900,0.949447,0.951664,0.906969,0.949881,0.949906,0.952187,0.952809,0.950355,0.952148,0.951252,0.952400,0.952596,0.917628,0.920560,0.926900,0.928392,0.929585,0.933091,0.932971,0.867211,0.932789,0.928928,0.932380,0.931962,0.937871,0.943215,0.938950,0.942698,0.946219,0.947441,0.925396,0.958302,0.958448,0.958799,0.957230,0.957173,0.958918,0.958517,0.957432,0.957411,0.932700,0.933540,0.940137,0.943611,0.945299,0.946687,0.951093,0.885513,0.953532,0.954110,0.953477,0.953558,0.953304,0.954771,0.955983,0.956570,0.956743,0.958243,0.939121,0.964106,0.963620,0.964898,0.962621,0.962359,0.962460,0.961231,0.962478,0.962054,0.943428,0.944915,0.949066,0.952293,0.951979,0.954540,0.954556,0.900369,0.955809,0.959237,0.958778,0.957732,0.959271,0.958578,0.959452,0.961924,0.963626,0.960383,0.940466,0.947887,0.948691,0.950363,0.950283,0.950539,0.952381,0.951946,0.950919,0.949428,0.943518,0.946691,0.946275,0.948746,0.950984,0.949359,0.948015,0.902438,0.950747,0.952005,0.951992,0.950842,0.954137,0.956347,0.953043,0.954857,0.951146,0.949993,0.941193,0.945672,0.949342,0.947398,0.949165,0.945429,0.950465,0.949886,0.947437,0.947885,0.944135,0.948788,0.950044,0.948024,0.950866,0.949222,0.951252,0.907521,0.951209,0.952236,0.951446,0.949959,0.952771,0.952696,0.952675,0.954041,0.951193,0.950921
allando_v_sin_a2_f5_v10,0.961504,0.895981,0.895844,0.894821,0.894506,0.894151,0.893641,0.893444,0.893254,0.893225,0.951528,0.952340,0.949759,0.946711,0.937053,0.938579,0.935989,0.916777,0.926779,0.927665,0.919525,0.916264,0.916524,0.911890,0.900455,0.897437,0.897049,0.896123,0.965057,0.894985,0.895052,0.894161,0.893837,0.893739,0.893619,0.893303,0.893015,0.893040,0.954788,0.951607,0.947852,0.944691,0.936482,0.936760,0.933123,0.915874,0.924990,0.926534,0.919961,0.914312,0.913875,0.914372,0.911580,0.912492,0.900180,0.896110,1.000000,0.910684,0.910272,0.905218,0.903575,0.900074,0.898681,0.898093,0.897246,0.897526,0.967824,0.962980,0.956209,0.952156,0.949223,0.945441,0.943675,0.947013,0.933600,0.937427,0.929740,0.920436,0.925074,0.925756,0.930131,0.919905,0.915148,0.915111,0.968866,0.910477,0.909213,0.912275,0.915274,0.906367,0.906792,0.904026,0.906085,0.903122,0.952940,0.946195,0.942572,0.939008,0.936764,0.932570,0.927864,0.935120,0.929806,0.922222,0.921509,0.915607,0.915941,0.922810,0.921265,0.921410,0.915708,0.915310,0.936604,0.891864,0.892003,0.890792,0.890874,0.890214,0.889555,0.889587,0.889340,0.889335,0.926355,0.916631,0.913361,0.909001,0.904884,0.902757,0.899123,0.904382,0.899057,0.896044,0.891316,0.889468,0.888441,0.889916,0.892065,0.893344,0.893502,0.893527,0.932691,0.887847,0.887727,0.887510,0.886807,0.886716,0.886406,0.886811,0.886319,0.885975,0.924719,0.911858,0.908437,0.907760,0.902552,0.904702,0.901351,0.912183,0.900606,0.898597,0.894916,0.891688,0.889394,0.888305,0.888122,0.888537,0.889067,0.887625,0.944785,0.887855,0.886968,0.887802,0.885098,0.884811,0.886870,0.886829,0.883587,0.881559,0.935808,0.922930,0.918365,0.916729,0.918101,0.914831,0.911162,0.929920,0.911612,0.910794,0.906870,0.904186,0.904300,0.902827,0.894062,0.894152,0.899462,0.898344,0.933502,0.886339,0.890401,0.883859,0.884274,0.879888,0.881217,0.881384,0.877609,0.876156,0.923204,0.914310,0.909746,0.903275,0.905597,0.902967,0.903570,0.918702,0.902635,0.902702,0.899841,0.897622,0.900994,0.899604,0.893064,0.894414,0.898500,0.898155
allando_v_sin_a2_f5_v100,0.896915,0.956054,0.955187,0.954651,0.955138,0.955139,0.954951,0.954885,0.954881,0.954910,0.908710,0.918102,0.922510,0.927078,0.932913,0.939209,0.944807,0.853773,0.943816,0.945287,0.946680,0.954456,0.956997,0.962664,0.957246,0.954523,0.956342,0.956011,0.896839,0.955019,0.951858,0.948422,0.948144,0.947686,0.947011,0.947195,0.947295,0.948067,0.914780,0.924269,0.930472,0.933590,0.939147,0.942819,0.946815,0.853683,0.945959,0.946531,0.948899,0.956853,0.957183,0.960736,0.956208,0.966023,0.956517,0.955012,0.910684,1.000000,0.987804,0.973904,0.971986,0.965218,0.961477,0.960855,0.961131,0.961450,0.928701,0.933711,0.937047,0.939324,0.945838,0.947265,0.951874,0.871115,0.948737,0.950189,0.953184,0.954671,0.962986,0.969808,0.969683,0.967415,0.975157,0.980721,0.919101,0.975437,0.974978,0.968377,0.967997,0.965186,0.967444,0.965865,0.965768,0.966175,0.929349,0.932096,0.940628,0.939265,0.943145,0.946832,0.947857,0.872257,0.948513,0.942776,0.947473,0.948016,0.952768,0.960612,0.954433,0.962590,0.964053,0.965305,0.930884,0.960639,0.960694,0.960749,0.960857,0.960598,0.960531,0.960212,0.959750,0.959805,0.938861,0.941192,0.950049,0.952409,0.953633,0.956974,0.959791,0.886767,0.961347,0.961545,0.960318,0.960071,0.959295,0.960581,0.961471,0.961496,0.960888,0.961419,0.941609,0.960138,0.960008,0.959716,0.960197,0.960528,0.960784,0.959772,0.960144,0.960602,0.947707,0.949017,0.955262,0.957294,0.956278,0.958850,0.958504,0.898068,0.958856,0.963300,0.960930,0.958853,0.960579,0.960345,0.959278,0.960323,0.959977,0.960505,0.951562,0.962411,0.964134,0.968713,0.970963,0.971861,0.968067,0.965576,0.962748,0.961453,0.959727,0.959474,0.959057,0.962131,0.963089,0.960396,0.960372,0.911402,0.962347,0.964449,0.963357,0.960454,0.965553,0.967166,0.965406,0.965793,0.963610,0.962412,0.948331,0.957000,0.961222,0.968278,0.966879,0.960453,0.957848,0.962214,0.955475,0.957745,0.954812,0.959894,0.958135,0.955812,0.958795,0.956771,0.961460,0.912512,0.959207,0.960686,0.959212,0.956691,0.960441,0.959384,0.959505,0.960259,0.959561,0.959761
allando_v_sin_a2_f5_v105,0.896904,0.957833,0.957331,0.956557,0.957281,0.957201,0.956970,0.956818,0.956751,0.956757,0.910126,0.917476,0.921593,0.925932,0.932544,0.939981,0.944439,0.853717,0.946194,0.946299,0.948326,0.956446,0.960118,0.965050,0.959456,0.956572,0.958280,0.957948,0.896894,0.956788,0.954120,0.950488,0.950298,0.949844,0.949035,0.949271,0.949475,0.950255,0.915936,0.924046,0.929918,0.932693,0.938984,0.944814,0.946453,0.853748,0.948729,0.948188,0.950578,0.958078,0.960414,0.962846,0.956572,0.967459,0.958336,0.957110,0.910272,0.987804,1.000000,0.975153,0.973833,0.967110,0.963338,0.962564,0.963009,0.963473,0.929909,0.933092,0.936368,0.938523,0.945047,0.949234,0.951496,0.870892,0.950547,0.952252,0.954624,0.957861,0.966078,0.971209,0.969851,0.966013,0.973457,0.978287,0.918836,0.973701,0.973695,0.969659,0.968955,0.966937,0.969122,0.968003,0.969310,0.967998,0.930624,0.931551,0.939492,0.940601,0.942395,0.948369,0.946949,0.872469,0.948649,0.945144,0.949119,0.952111,0.956092,0.962426,0.954033,0.961119,0.963735,0.964709,0.932448,0.961584,0.962033,0.961979,0.961885,0.961564,0.962100,0.961465,0.960990,0.960931,0.940062,0.942212,0.949601,0.952079,0.953506,0.956544,0.960198,0.887735,0.962199,0.962287,0.961591,0.961573,0.960677,0.961900,0.962628,0.962602,0.961849,0.962470,0.943767,0.961832,0.961955,0.961623,0.962194,0.962540,0.962660,0.961748,0.962127,0.962633,0.948614,0.950038,0.955666,0.957458,0.956437,0.959041,0.958885,0.899658,0.960128,0.964227,0.962272,0.961239,0.962320,0.962233,0.961120,0.962225,0.961919,0.962580,0.953458,0.962646,0.964536,0.968806,0.970605,0.971635,0.969527,0.967727,0.964729,0.963467,0.959836,0.960737,0.959807,0.962307,0.963691,0.961463,0.960887,0.912474,0.963623,0.965289,0.964583,0.962787,0.967257,0.970151,0.969223,0.969884,0.964354,0.963542,0.949726,0.957161,0.961401,0.966411,0.966535,0.960893,0.959974,0.962547,0.957287,0.958901,0.955043,0.960586,0.959533,0.957051,0.958979,0.957261,0.961428,0.913837,0.960258,0.961488,0.960393,0.958577,0.962127,0.961461,0.963034,0.963832,0.959287,0.961758
allando_v_sin_a2_f5_v110,0.890987,0.954042,0.953704,0.953645,0.954125,0.954222,0.954083,0.954023,0.954000,0.954094,0.907687,0.917654,0.918301,0.921458,0.927996,0.933520,0.941564,0.849965,0.939053,0.941661,0.942857,0.948074,0.951903,0.958228,0.955224,0.952905,0.954580,0.954203,0.890924,0.953220,0.950832,0.947520,0.947237,0.946914,0.946123,0.946355,0.946531,0.947619,0.914164,0.924281,0.926203,0.928080,0.934247,0.937986,0.943362,0.849912,0.941542,0.942418,0.945420,0.949878,0.952697,0.955886,0.950176,0.961437,0.954657,0.953903,0.905218,0.973904,0.975153,1.000000,0.971451,0.964090,0.960232,0.959729,0.960041,0.960682,0.928423,0.933195,0.932766,0.934089,0.940908,0.942351,0.949003,0.866378,0.943839,0.947534,0.951052,0.949609,0.958708,0.963780,0.964051,0.959673,0.964681,0.966519,0.914442,0.965320,0.966021,0.968017,0.968095,0.967040,0.969370,0.968817,0.969151,0.970562,0.929282,0.933197,0.936524,0.935408,0.938675,0.941741,0.944185,0.869178,0.942145,0.939572,0.944420,0.944861,0.948534,0.954617,0.949100,0.953851,0.957272,0.958731,0.927491,0.957737,0.957952,0.958214,0.958129,0.957974,0.958370,0.958051,0.957612,0.957613,0.939857,0.941696,0.946387,0.947819,0.948792,0.951483,0.955699,0.883769,0.957584,0.957990,0.956802,0.956609,0.956100,0.957304,0.958391,0.958311,0.957980,0.958498,0.937513,0.958627,0.958546,0.958553,0.958909,0.959262,0.959390,0.958989,0.958836,0.959485,0.947123,0.949643,0.952425,0.953617,0.951759,0.954030,0.953914,0.894482,0.954553,0.959323,0.957541,0.955809,0.958037,0.958023,0.957560,0.958791,0.958241,0.959168,0.948049,0.957079,0.958849,0.963043,0.963132,0.966220,0.969590,0.968365,0.964248,0.963469,0.955152,0.958864,0.958888,0.959672,0.960145,0.956855,0.956546,0.908469,0.959583,0.961299,0.959806,0.957875,0.962660,0.964246,0.961857,0.962600,0.960240,0.958161,0.945683,0.951468,0.955864,0.958515,0.959332,0.958452,0.960283,0.961246,0.958872,0.959636,0.949189,0.957014,0.957599,0.956171,0.955557,0.953024,0.956240,0.909598,0.956071,0.957132,0.955692,0.953835,0.957757,0.957022,0.957324,0.958047,0.957071,0.955415
allando_v_sin_a2_f5_v115,0.889940,0.957594,0.956831,0.955403,0.957495,0.957318,0.957182,0.957158,0.957114,0.957181,0.903673,0.913021,0.915410,0.918973,0.924683,0.931266,0.938331,0.850539,0.937522,0.938598,0.940194,0.945394,0.950244,0.957242,0.955347,0.955206,0.957788,0.957628,0.889597,0.956268,0.954554,0.949589,0.949687,0.949305,0.948520,0.948808,0.948937,0.949482,0.909609,0.919232,0.923254,0.925609,0.931116,0.936081,0.940705,0.850454,0.940201,0.940604,0.943278,0.947473,0.951493,0.954459,0.949909,0.965284,0.955897,0.956844,0.903575,0.971986,0.973833,0.971451,1.000000,0.968536,0.960882,0.960280,0.960485,0.961260,0.924316,0.928403,0.930436,0.932612,0.939067,0.941450,0.946859,0.866412,0.943252,0.945983,0.948547,0.945871,0.956210,0.960366,0.962064,0.958061,0.963846,0.966418,0.911868,0.962516,0.963029,0.965019,0.966023,0.962917,0.964975,0.963860,0.964427,0.965301,0.924051,0.927117,0.932797,0.933384,0.936051,0.939816,0.940986,0.867871,0.941030,0.937075,0.941430,0.940527,0.946491,0.952111,0.949066,0.952484,0.956282,0.957421,0.926745,0.960803,0.961342,0.961566,0.961930,0.961628,0.961955,0.961602,0.960992,0.961152,0.936382,0.938631,0.945932,0.948856,0.950368,0.952758,0.956997,0.883616,0.959340,0.959768,0.959492,0.959300,0.959071,0.960464,0.961490,0.961616,0.961309,0.961741,0.937897,0.961725,0.962501,0.961971,0.962931,0.963064,0.962857,0.962744,0.963027,0.963411,0.945175,0.947180,0.951393,0.953911,0.953412,0.955641,0.955430,0.894834,0.956891,0.961163,0.960560,0.959039,0.961556,0.961947,0.960977,0.961768,0.961130,0.962656,0.948727,0.959155,0.960649,0.963403,0.964424,0.965205,0.967139,0.966164,0.964105,0.962729,0.954968,0.957572,0.957365,0.959431,0.961269,0.958980,0.958214,0.908216,0.961571,0.962949,0.962863,0.961424,0.965263,0.967239,0.963351,0.964784,0.961738,0.960641,0.946007,0.953565,0.957941,0.957986,0.959867,0.956320,0.961504,0.960343,0.957879,0.958021,0.950309,0.956848,0.957211,0.955191,0.957219,0.955350,0.957782,0.909422,0.957701,0.959005,0.958420,0.956491,0.959556,0.959201,0.958488,0.959929,0.957871,0.957480
allando_v_sin_a2_f5_v120,0.887016,0.955873,0.955321,0.957113,0.956159,0.956264,0.956224,0.956154,0.956156,0.956248,0.900055,0.908664,0.911172,0.914856,0.920206,0.926396,0.932993,0.849315,0.932027,0.932679,0.934217,0.939265,0.944131,0.951676,0.957997,0.956401,0.954995,0.955503,0.887010,0.953334,0.953797,0.953652,0.953610,0.953368,0.952650,0.952950,0.953010,0.952850,0.906080,0.915388,0.919625,0.921886,0.926798,0.931747,0.935518,0.849835,0.935018,0.935102,0.937717,0.941821,0.946050,0.949631,0.944655,0.957326,0.953423,0.952364,0.900074,0.965218,0.967110,0.964090,0.968536,1.000000,0.956896,0.957997,0.957342,0.960884,0.920498,0.924318,0.926846,0.928817,0.935196,0.937312,0.942067,0.864576,0.938071,0.940460,0.942852,0.940072,0.950319,0.954612,0.955676,0.952417,0.957961,0.960805,0.907828,0.955950,0.956583,0.958352,0.959371,0.957524,0.959348,0.957680,0.958426,0.958888,0.920114,0.923356,0.929081,0.929624,0.931599,0.935285,0.935824,0.866020,0.935495,0.931542,0.935934,0.935056,0.941497,0.946843,0.942690,0.947051,0.950898,0.952265,0.923643,0.957563,0.958253,0.958522,0.959019,0.959071,0.959118,0.958927,0.958461,0.958591,0.933110,0.934901,0.941319,0.944592,0.946150,0.948409,0.952678,0.882707,0.954732,0.955254,0.954777,0.954810,0.954928,0.956827,0.958121,0.958119,0.957297,0.958435,0.934669,0.959747,0.959095,0.959409,0.959664,0.960833,0.960684,0.960987,0.960977,0.960879,0.941536,0.943385,0.947369,0.949846,0.949139,0.951857,0.951676,0.893970,0.952922,0.957282,0.956623,0.955350,0.957798,0.960829,0.958837,0.959031,0.958902,0.960013,0.945419,0.955286,0.956732,0.959056,0.959768,0.960501,0.961850,0.961376,0.959448,0.958233,0.950667,0.953372,0.953366,0.955650,0.957494,0.955368,0.954686,0.906405,0.957536,0.959040,0.958788,0.957812,0.961461,0.963625,0.959657,0.961131,0.957665,0.956696,0.942410,0.950052,0.953984,0.953567,0.955100,0.951786,0.956315,0.956712,0.953694,0.954120,0.946272,0.952226,0.952852,0.951305,0.953443,0.951439,0.954067,0.907522,0.953780,0.955060,0.954111,0.952728,0.955666,0.955538,0.955254,0.956756,0.954182,0.954055
allando_v_sin_a2_f5_v125,0.885881,0.951271,0.951922,0.956670,0.954195,0.954180,0.954449,0.954440,0.954474,0.954511,0.898568,0.906716,0.909751,0.912978,0.917862,0.923894,0.930418,0.849927,0.929483,0.930041,0.931353,0.936052,0.940872,0.951842,0.954193,0.954304,0.952571,0.951284,0.885592,0.955234,0.949827,0.949129,0.948652,0.948509,0.948133,0.948920,0.949491,0.955490,0.904292,0.913012,0.917818,0.919604,0.924354,0.929170,0.933056,0.850122,0.932402,0.931953,0.934539,0.938166,0.942423,0.945820,0.940967,0.954050,0.957612,0.959008,0.898681,0.961477,0.963338,0.960232,0.960882,0.956896,1.000000,0.970700,0.971813,0.965210,0.918958,0.922304,0.925486,0.927007,0.933183,0.935283,0.940058,0.864715,0.935895,0.937925,0.940332,0.937174,0.947255,0.951509,0.952474,0.949458,0.955003,0.957123,0.905998,0.952528,0.953041,0.954896,0.955688,0.954433,0.956361,0.954739,0.955498,0.955775,0.918338,0.921076,0.927409,0.927840,0.929465,0.932829,0.933483,0.865850,0.933009,0.928832,0.933169,0.931886,0.937994,0.943344,0.939469,0.943621,0.947584,0.948968,0.921923,0.957950,0.958622,0.958910,0.957355,0.957373,0.959683,0.958836,0.957853,0.957825,0.931225,0.932256,0.938743,0.942402,0.944167,0.945966,0.950504,0.882678,0.952574,0.952838,0.952536,0.952748,0.952621,0.954201,0.955746,0.956480,0.956317,0.957376,0.932981,0.959961,0.959496,0.960181,0.959922,0.959351,0.960038,0.960410,0.959811,0.960071,0.939479,0.940605,0.944663,0.947728,0.946833,0.949221,0.948962,0.893720,0.950339,0.954748,0.954241,0.952980,0.955842,0.956450,0.956871,0.958883,0.959276,0.957994,0.943835,0.952714,0.953987,0.956299,0.957001,0.957487,0.959085,0.958466,0.958534,0.956742,0.948464,0.951220,0.950940,0.953542,0.955616,0.953473,0.952655,0.905908,0.955638,0.957087,0.956838,0.955770,0.959401,0.961515,0.957364,0.958863,0.955151,0.954082,0.940793,0.947390,0.951206,0.950622,0.952350,0.948844,0.953682,0.953556,0.951400,0.952024,0.943997,0.949501,0.950320,0.948590,0.951404,0.949578,0.951854,0.906872,0.951669,0.952794,0.951898,0.950464,0.953323,0.953154,0.952786,0.954411,0.951747,0.951389
allando_v_sin_a2_f5_v130,0.886216,0.952744,0.953220,0.957340,0.955672,0.955368,0.955894,0.956199,0.956032,0.955957,0.898698,0.907228,0.910118,0.913381,0.918372,0.924239,0.930771,0.850129,0.929593,0.929821,0.931262,0.936023,0.940870,0.951755,0.957009,0.955231,0.953943,0.952552,0.885008,0.951596,0.952181,0.949703,0.949290,0.949117,0.948615,0.949575,0.950129,0.955009,0.903412,0.912907,0.917317,0.919292,0.924211,0.928867,0.932844,0.849529,0.932038,0.931182,0.934004,0.937401,0.941991,0.945305,0.940488,0.954127,0.954836,0.955937,0.898093,0.960855,0.962564,0.959729,0.960280,0.957997,0.970700,1.000000,0.970998,0.964830,0.918153,0.922202,0.924887,0.926492,0.933041,0.935034,0.939836,0.864109,0.935551,0.937265,0.939968,0.936551,0.946859,0.950872,0.952139,0.948860,0.954513,0.956762,0.905473,0.951807,0.952312,0.954166,0.955074,0.953615,0.955664,0.954286,0.954859,0.955498,0.917521,0.921029,0.926831,0.927329,0.929251,0.932383,0.933098,0.865169,0.932510,0.927938,0.932573,0.931109,0.937439,0.942523,0.939096,0.942856,0.947052,0.948635,0.922455,0.958154,0.959070,0.959197,0.958138,0.957831,0.959655,0.959285,0.958865,0.958700,0.931720,0.933238,0.939229,0.942756,0.944281,0.946166,0.950518,0.883173,0.952921,0.953336,0.952940,0.953173,0.952918,0.954512,0.956117,0.956614,0.956929,0.957720,0.932451,0.959700,0.958948,0.958360,0.958566,0.959475,0.960849,0.960106,0.959766,0.960123,0.939035,0.940776,0.944573,0.947284,0.946340,0.949008,0.948773,0.893253,0.950327,0.954600,0.954207,0.952853,0.956146,0.956059,0.957663,0.959447,0.957899,0.957863,0.943438,0.952779,0.954126,0.956067,0.956676,0.957059,0.958792,0.958136,0.958653,0.956814,0.947941,0.950654,0.950822,0.953385,0.955245,0.953280,0.952431,0.905623,0.955599,0.956908,0.956702,0.955626,0.959093,0.961367,0.957139,0.958656,0.955050,0.954146,0.940316,0.947116,0.950940,0.949947,0.951728,0.948048,0.953332,0.952995,0.951263,0.951861,0.943590,0.948994,0.949922,0.948975,0.950859,0.949331,0.951533,0.906269,0.951607,0.952595,0.951729,0.950271,0.952901,0.952777,0.952430,0.953989,0.951559,0.951030
allando_v_sin_a2_f5_v135,0.884859,0.953094,0.953953,0.958387,0.955824,0.956000,0.956016,0.956131,0.956251,0.956334,0.897680,0.906398,0.909167,0.912543,0.917784,0.923453,0.930110,0.848413,0.929061,0.929527,0.931273,0.935818,0.940772,0.952192,0.955094,0.955020,0.954435,0.952979,0.884222,0.953935,0.951035,0.950424,0.950313,0.950063,0.949253,0.949961,0.950415,0.952993,0.903113,0.912397,0.916776,0.918744,0.923732,0.928322,0.932565,0.848322,0.931747,0.931115,0.934176,0.937497,0.941977,0.945378,0.940753,0.954362,0.956248,0.958424,0.897246,0.961131,0.963009,0.960041,0.960485,0.957342,0.971813,0.970998,1.000000,0.967943,0.917592,0.921468,0.924437,0.926084,0.932542,0.934476,0.939455,0.863009,0.935075,0.937271,0.939959,0.936277,0.946765,0.950851,0.952105,0.948949,0.954424,0.956591,0.904339,0.951818,0.952273,0.954319,0.955332,0.954118,0.956194,0.954757,0.955420,0.956123,0.916733,0.920408,0.926287,0.926685,0.928629,0.931789,0.932628,0.863738,0.931802,0.927674,0.932332,0.930700,0.936948,0.942365,0.938714,0.942547,0.946744,0.948371,0.922041,0.958613,0.959493,0.959895,0.958665,0.958608,0.960394,0.960322,0.959729,0.959691,0.931694,0.933148,0.939322,0.942885,0.944674,0.946325,0.951147,0.881939,0.953520,0.953937,0.953335,0.953575,0.953573,0.955265,0.956888,0.957774,0.957907,0.958462,0.932629,0.960137,0.959782,0.960332,0.960041,0.959750,0.961241,0.961209,0.960695,0.960520,0.939379,0.941137,0.945057,0.947883,0.947066,0.949579,0.949370,0.892629,0.950691,0.955109,0.954635,0.953432,0.957179,0.957050,0.958069,0.959224,0.958677,0.959395,0.943509,0.953353,0.954589,0.956713,0.957604,0.958029,0.959605,0.959147,0.960020,0.958205,0.948268,0.951354,0.951569,0.953933,0.955923,0.953805,0.953016,0.905005,0.956014,0.957394,0.957193,0.956255,0.959857,0.962060,0.957989,0.959452,0.955770,0.954913,0.940155,0.947132,0.951140,0.950472,0.952420,0.948884,0.954035,0.953834,0.952391,0.952989,0.943532,0.949266,0.950306,0.949086,0.951228,0.949499,0.951771,0.905341,0.951679,0.952713,0.951856,0.950538,0.953320,0.953301,0.952898,0.954551,0.952137,0.951509
allando_v_sin_a2_f5_v140,0.885431,0.956105,0.956722,0.958820,0.958464,0.958505,0.958563,0.958741,0.958832,0.959063,0.897962,0.906778,0.909858,0.913218,0.918470,0.924338,0.930972,0.848747,0.929947,0.930314,0.931926,0.936533,0.941391,0.952023,0.953525,0.956948,0.957257,0.955985,0.884473,0.955004,0.955425,0.953203,0.952869,0.952772,0.952060,0.952558,0.953085,0.953916,0.903017,0.912626,0.917122,0.919160,0.924070,0.928887,0.932797,0.848573,0.932126,0.931475,0.934459,0.937716,0.942250,0.945649,0.940806,0.954266,0.957626,0.954808,0.897526,0.961450,0.963473,0.960682,0.961260,0.960884,0.965210,0.964830,0.967943,1.000000,0.917755,0.921878,0.924846,0.926458,0.932891,0.935061,0.939716,0.863085,0.935503,0.937439,0.940179,0.936530,0.947061,0.951180,0.952270,0.949229,0.955029,0.957237,0.904777,0.951940,0.952420,0.954359,0.955211,0.953956,0.955904,0.954411,0.955086,0.955970,0.916957,0.920788,0.926612,0.927332,0.929053,0.932289,0.932893,0.864052,0.932463,0.928155,0.932688,0.930939,0.937381,0.942692,0.938922,0.942769,0.947100,0.948668,0.922463,0.958383,0.959511,0.959906,0.958861,0.958858,0.960174,0.960404,0.959994,0.960029,0.931855,0.933774,0.939812,0.943509,0.945199,0.946960,0.951493,0.882370,0.953734,0.954027,0.953522,0.953752,0.953604,0.955517,0.957096,0.957912,0.957860,0.958518,0.932445,0.961366,0.960216,0.959725,0.959664,0.960630,0.960056,0.960036,0.961397,0.959903,0.939014,0.941022,0.944705,0.947527,0.946871,0.949458,0.949224,0.892620,0.950716,0.954899,0.954560,0.953229,0.956481,0.956803,0.958028,0.959078,0.958787,0.960295,0.943451,0.953334,0.954839,0.956821,0.957499,0.957890,0.959494,0.958984,0.959234,0.957471,0.947983,0.950898,0.951125,0.953535,0.955570,0.953623,0.952806,0.904918,0.955790,0.957209,0.957011,0.956052,0.959762,0.962032,0.958127,0.959453,0.955627,0.954714,0.940430,0.947474,0.951516,0.950558,0.952391,0.948800,0.953866,0.953552,0.951835,0.952510,0.943518,0.949060,0.950037,0.949226,0.951189,0.949624,0.951828,0.905732,0.951771,0.952857,0.952007,0.950611,0.953395,0.953300,0.953010,0.954552,0.952018,0.951604
allando_v_sin_a2_f5_v15,0.942446,0.913699,0.913910,0.912339,0.912636,0.912137,0.911631,0.911270,0.910980,0.910910,0.961942,0.956952,0.956919,0.951588,0.950168,0.949758,0.949922,0.909835,0.942193,0.939295,0.931941,0.929675,0.930324,0.926048,0.918654,0.915811,0.914737,0.914485,0.945870,0.912612,0.912981,0.911798,0.911366,0.911025,0.910730,0.910688,0.910464,0.910135,0.967958,0.959891,0.959143,0.952289,0.951106,0.950389,0.948765,0.908487,0.941970,0.937922,0.933650,0.927965,0.929990,0.928291,0.918456,0.921903,0.916459,0.913998,0.967824,0.928701,0.929909,0.928423,0.924316,0.920498,0.918958,0.918153,0.917592,0.917755,1.000000,0.977812,0.971583,0.961873,0.962950,0.960641,0.960939,0.938204,0.951207,0.948102,0.943874,0.933830,0.939884,0.938881,0.935689,0.926498,0.930776,0.929564,0.958549,0.927807,0.925288,0.931695,0.929312,0.933496,0.928783,0.936253,0.935753,0.928182,0.973675,0.959719,0.957013,0.953712,0.950536,0.947666,0.944970,0.928658,0.943711,0.936294,0.936386,0.929886,0.930376,0.933612,0.926973,0.926733,0.928719,0.930298,0.936680,0.913146,0.912973,0.912285,0.912218,0.911714,0.911581,0.911330,0.911143,0.911062,0.946299,0.934290,0.930113,0.926698,0.921711,0.920177,0.919339,0.910630,0.919053,0.917578,0.914146,0.911955,0.911563,0.912471,0.913824,0.914456,0.914202,0.914229,0.936309,0.910364,0.910698,0.909121,0.908615,0.908856,0.908716,0.908661,0.908471,0.908146,0.939359,0.930825,0.927644,0.925699,0.921303,0.921490,0.919187,0.919137,0.918841,0.919176,0.916755,0.913276,0.911714,0.911087,0.910827,0.910512,0.911749,0.909424,0.952319,0.905155,0.906767,0.908324,0.907339,0.907435,0.910389,0.909996,0.909186,0.907712,0.950186,0.948719,0.938929,0.937531,0.938287,0.934658,0.930919,0.933857,0.932251,0.931477,0.927512,0.924004,0.925770,0.920473,0.914940,0.912821,0.909012,0.909083,0.942889,0.902841,0.907825,0.904085,0.905266,0.902271,0.907426,0.906436,0.905917,0.904447,0.930372,0.929734,0.931050,0.924634,0.924644,0.923280,0.923040,0.927060,0.922387,0.922100,0.919963,0.917024,0.921284,0.914855,0.912272,0.912744,0.909862,0.908179
allando_v_sin_a2_f5_v20,0.940602,0.917437,0.917156,0.916333,0.915822,0.915529,0.915172,0.915176,0.915030,0.915210,0.949226,0.965807,0.957302,0.956976,0.954023,0.953678,0.953880,0.906769,0.945558,0.940715,0.933384,0.931527,0.933453,0.928764,0.921160,0.918923,0.917914,0.917673,0.943006,0.916305,0.916279,0.915429,0.915074,0.914798,0.914536,0.914569,0.914357,0.914370,0.954433,0.971139,0.961292,0.958184,0.955350,0.953502,0.952483,0.905397,0.944878,0.939043,0.935144,0.930298,0.932626,0.931641,0.923522,0.927173,0.919714,0.917524,0.962980,0.933711,0.933092,0.933195,0.928403,0.924318,0.922304,0.922202,0.921468,0.921878,0.977812,1.000000,0.975662,0.968758,0.968673,0.963746,0.965085,0.932793,0.954685,0.950223,0.946007,0.935009,0.942926,0.943241,0.943647,0.933095,0.934573,0.934422,0.957735,0.932416,0.929854,0.935828,0.936939,0.933990,0.934822,0.933470,0.933334,0.934785,0.964650,0.974942,0.961577,0.956697,0.955401,0.950940,0.949228,0.925026,0.946898,0.936544,0.938024,0.931279,0.932317,0.937784,0.933630,0.932754,0.933458,0.933959,0.938489,0.917721,0.917700,0.917026,0.918379,0.917851,0.916401,0.917171,0.917465,0.917752,0.943959,0.945021,0.937393,0.932460,0.927412,0.926894,0.925162,0.911652,0.924327,0.922713,0.918679,0.916390,0.916136,0.917424,0.918913,0.919576,0.919753,0.919908,0.937973,0.915093,0.914978,0.914680,0.914305,0.914741,0.915180,0.914469,0.914298,0.913661,0.941577,0.939582,0.936530,0.931891,0.926511,0.927957,0.925573,0.920347,0.924067,0.924848,0.921729,0.917679,0.916274,0.915100,0.914567,0.914817,0.915709,0.914377,0.952605,0.910565,0.911350,0.913234,0.912280,0.912487,0.916114,0.916164,0.914537,0.912807,0.951861,0.947736,0.946916,0.947354,0.943682,0.939109,0.937209,0.934767,0.938192,0.937512,0.933355,0.928770,0.929153,0.925223,0.918028,0.917133,0.916932,0.915873,0.943973,0.906796,0.910866,0.907934,0.908400,0.906190,0.911931,0.911149,0.910804,0.909177,0.934091,0.933665,0.933964,0.934053,0.930912,0.927669,0.928607,0.928643,0.928512,0.927909,0.925539,0.921440,0.924205,0.920105,0.915223,0.916616,0.916763,0.913494
allando_v_sin_a2_f5_v25,0.935044,0.920062,0.919797,0.918680,0.918446,0.917980,0.917550,0.917459,0.917329,0.917465,0.943313,0.948583,0.965447,0.964107,0.959563,0.956666,0.955073,0.901085,0.949767,0.944650,0.937141,0.935707,0.936497,0.932288,0.924911,0.921649,0.920990,0.920578,0.937716,0.919611,0.919589,0.918927,0.918644,0.918260,0.918065,0.918051,0.917807,0.917304,0.949720,0.954115,0.971974,0.967111,0.961088,0.958323,0.954642,0.899627,0.950576,0.944515,0.939653,0.935047,0.936444,0.936125,0.927666,0.928792,0.922962,0.920639,0.956209,0.937047,0.936368,0.932766,0.930436,0.926846,0.925486,0.924887,0.924437,0.924846,0.971583,0.975662,1.000000,0.983965,0.978781,0.973001,0.971713,0.927577,0.962658,0.957703,0.951249,0.941289,0.947066,0.948303,0.944810,0.937085,0.939761,0.938178,0.953329,0.935916,0.933707,0.940796,0.936084,0.935405,0.932858,0.934564,0.933103,0.929996,0.962686,0.960741,0.971058,0.968676,0.960928,0.956436,0.951977,0.919896,0.951067,0.942757,0.942317,0.935531,0.936125,0.942299,0.935098,0.935930,0.936948,0.938313,0.937960,0.923453,0.923621,0.922838,0.923297,0.922651,0.922098,0.922116,0.921763,0.921944,0.942400,0.937358,0.942696,0.942629,0.937370,0.934285,0.931595,0.909681,0.929826,0.927486,0.923916,0.921862,0.921070,0.921908,0.923409,0.924209,0.924613,0.925027,0.939550,0.920030,0.919690,0.918808,0.919001,0.919260,0.919563,0.918992,0.918817,0.918005,0.940612,0.934719,0.938656,0.941018,0.937440,0.936149,0.931327,0.920071,0.928905,0.929581,0.927359,0.923227,0.921828,0.920510,0.919314,0.919742,0.920940,0.918773,0.956638,0.914623,0.915874,0.917650,0.916916,0.917073,0.920096,0.918170,0.916615,0.914272,0.954590,0.949001,0.945058,0.949289,0.955178,0.952409,0.946318,0.936531,0.945490,0.944568,0.939756,0.935713,0.937111,0.930001,0.925317,0.924788,0.921028,0.920617,0.946318,0.912169,0.915566,0.913521,0.913377,0.911107,0.913407,0.913982,0.911042,0.911080,0.936211,0.934626,0.932730,0.929307,0.940800,0.939139,0.936620,0.928491,0.934342,0.933386,0.930191,0.927176,0.930800,0.922491,0.922073,0.923552,0.920108,0.918630
allando_v_sin_a2_f5_v30,0.932187,0.922201,0.921816,0.920487,0.920362,0.919946,0.919474,0.919433,0.919305,0.919427,0.934316,0.942379,0.956631,0.966516,0.958735,0.959492,0.954085,0.893537,0.949519,0.945298,0.937325,0.937636,0.939521,0.935645,0.926472,0.923216,0.923069,0.922521,0.934233,0.921372,0.921263,0.919929,0.919644,0.919241,0.918853,0.918875,0.918573,0.918360,0.940866,0.948781,0.963671,0.970364,0.962386,0.960996,0.953904,0.892149,0.950755,0.946541,0.939165,0.938241,0.938281,0.939248,0.934231,0.934819,0.925594,0.922511,0.952156,0.939324,0.938523,0.934089,0.932612,0.928817,0.927007,0.926492,0.926084,0.926458,0.961873,0.968758,0.983965,1.000000,0.984276,0.977305,0.973629,0.920184,0.964290,0.962339,0.951743,0.944268,0.949619,0.952559,0.952069,0.943510,0.939875,0.940624,0.951231,0.938811,0.937161,0.942154,0.941697,0.934437,0.935495,0.933987,0.934405,0.932300,0.955695,0.956895,0.967709,0.969093,0.962666,0.958220,0.952386,0.911895,0.951540,0.943119,0.941300,0.938343,0.938597,0.946414,0.941297,0.943255,0.940210,0.939297,0.939104,0.927747,0.927924,0.927076,0.927512,0.926847,0.926226,0.926340,0.925913,0.926098,0.939769,0.938649,0.944115,0.944458,0.942031,0.939911,0.936627,0.908133,0.935414,0.932472,0.927958,0.926032,0.924999,0.926069,0.927825,0.928716,0.929222,0.929516,0.940805,0.923940,0.923329,0.922750,0.922841,0.923133,0.923495,0.922868,0.922599,0.921780,0.940440,0.936945,0.941214,0.942808,0.941745,0.942451,0.937595,0.918982,0.934995,0.934183,0.930797,0.927561,0.925916,0.924289,0.922745,0.923241,0.924608,0.922709,0.956981,0.919473,0.919407,0.921783,0.921130,0.921192,0.923904,0.922175,0.920006,0.917464,0.955649,0.951450,0.948692,0.952903,0.958048,0.957497,0.953931,0.935578,0.951980,0.950071,0.945428,0.941022,0.941600,0.935828,0.930183,0.929951,0.930844,0.929359,0.946653,0.915167,0.917956,0.917664,0.917065,0.914166,0.915844,0.916942,0.912840,0.912651,0.939640,0.937311,0.935221,0.931506,0.943856,0.943429,0.941573,0.926272,0.939358,0.938003,0.934783,0.931896,0.934501,0.929860,0.926205,0.927483,0.928268,0.926845
allando_v_sin_a2_f5_v35,0.929229,0.927769,0.927260,0.925999,0.925876,0.925384,0.924976,0.924946,0.924794,0.924913,0.935828,0.943526,0.952705,0.960551,0.965044,0.965810,0.960757,0.894674,0.955009,0.951890,0.942159,0.943923,0.945717,0.941446,0.932383,0.929212,0.928944,0.928210,0.930846,0.927073,0.926531,0.924815,0.924601,0.924107,0.923630,0.923782,0.923505,0.923693,0.942896,0.949552,0.960449,0.964148,0.970103,0.968514,0.961119,0.893337,0.956047,0.952384,0.944473,0.943411,0.944830,0.945302,0.935873,0.938367,0.930705,0.928180,0.949223,0.945838,0.945047,0.940908,0.939067,0.935196,0.933183,0.933041,0.932542,0.932891,0.962950,0.968673,0.978781,0.984276,1.000000,0.987519,0.982457,0.921204,0.971392,0.966699,0.959331,0.950359,0.956306,0.956401,0.954649,0.945463,0.948015,0.948375,0.948278,0.945750,0.941769,0.945667,0.943931,0.941598,0.941136,0.939254,0.939210,0.939610,0.957780,0.957913,0.965358,0.967308,0.971600,0.966196,0.959525,0.912967,0.957658,0.949452,0.947488,0.943347,0.944959,0.948926,0.941623,0.945609,0.948517,0.947652,0.940350,0.934828,0.934891,0.934036,0.934262,0.933608,0.933065,0.933478,0.932989,0.932981,0.944518,0.944357,0.946134,0.944776,0.942324,0.946128,0.946322,0.909906,0.944291,0.940865,0.935586,0.933155,0.932688,0.933529,0.935334,0.936141,0.936261,0.936560,0.943396,0.930638,0.930189,0.929423,0.929526,0.929942,0.930363,0.929639,0.929333,0.928608,0.946595,0.943043,0.946427,0.944073,0.942133,0.945251,0.946790,0.920971,0.944042,0.942412,0.937823,0.934106,0.932893,0.931501,0.929602,0.930168,0.931489,0.929756,0.962162,0.928779,0.929247,0.930113,0.928127,0.927388,0.929828,0.928296,0.927689,0.925241,0.960881,0.957677,0.955405,0.959081,0.960675,0.959982,0.963147,0.938204,0.961379,0.958953,0.953567,0.947860,0.947825,0.942050,0.935988,0.935427,0.933725,0.932272,0.951552,0.925090,0.927042,0.923608,0.922721,0.918826,0.922860,0.923757,0.921081,0.921300,0.944865,0.943408,0.942246,0.939401,0.944469,0.943896,0.947523,0.929115,0.947882,0.946635,0.942460,0.937799,0.940018,0.933539,0.931585,0.932849,0.931624,0.929077
allando_v_sin_a2_f5_v40,0.927009,0.930320,0.929899,0.928536,0.928407,0.927905,0.927463,0.927308,0.927130,0.927274,0.935153,0.940124,0.949179,0.955319,0.961212,0.968699,0.961245,0.894781,0.960332,0.952931,0.945494,0.948263,0.950833,0.945301,0.935363,0.932104,0.931652,0.930835,0.928755,0.929307,0.929019,0.927038,0.926839,0.926314,0.925716,0.925952,0.925809,0.925979,0.941144,0.946187,0.956278,0.958644,0.966038,0.973304,0.961637,0.893432,0.961171,0.953920,0.947559,0.946446,0.949746,0.947635,0.937163,0.940557,0.932730,0.930596,0.945441,0.947265,0.949234,0.942351,0.941450,0.937312,0.935283,0.935034,0.934476,0.935061,0.960641,0.963746,0.973001,0.977305,0.987519,1.000000,0.984195,0.920252,0.978606,0.970312,0.962869,0.957545,0.962691,0.960881,0.956389,0.944778,0.946947,0.948011,0.944905,0.947207,0.942619,0.947467,0.944728,0.942730,0.941710,0.941076,0.942489,0.940770,0.954732,0.952813,0.960533,0.965950,0.967288,0.971919,0.959730,0.912080,0.960349,0.953012,0.950527,0.950130,0.949627,0.953014,0.943155,0.943780,0.947544,0.946876,0.940841,0.936921,0.937191,0.936216,0.936250,0.935522,0.935279,0.935522,0.935148,0.935017,0.942712,0.943620,0.944695,0.943545,0.941646,0.944465,0.945832,0.910744,0.946050,0.943314,0.939309,0.936585,0.935653,0.936645,0.938295,0.938914,0.938374,0.938768,0.944620,0.933175,0.932773,0.932133,0.931984,0.932695,0.932653,0.932013,0.931981,0.931263,0.944786,0.942440,0.945704,0.943326,0.941524,0.943863,0.945760,0.922085,0.947269,0.944240,0.940597,0.937569,0.935386,0.934523,0.932632,0.933100,0.934041,0.932646,0.964097,0.929126,0.930773,0.932361,0.931711,0.930629,0.932612,0.931503,0.929649,0.927790,0.961133,0.958314,0.954577,0.958648,0.960347,0.960666,0.963105,0.938288,0.963345,0.961040,0.956480,0.950648,0.950264,0.946036,0.942183,0.941337,0.934875,0.934911,0.952088,0.924027,0.928422,0.926217,0.926261,0.921950,0.926946,0.925768,0.922776,0.921451,0.943408,0.944123,0.942900,0.940216,0.943743,0.944047,0.947367,0.930213,0.949236,0.947912,0.945333,0.940098,0.942287,0.936472,0.936604,0.937737,0.931310,0.932105
allando_v_sin_a2_f5_v45,0.924864,0.934624,0.934167,0.932962,0.933086,0.932655,0.932299,0.932186,0.931961,0.931977,0.933642,0.941800,0.949034,0.952770,0.957679,0.961930,0.969367,0.895528,0.961594,0.955910,0.947849,0.948338,0.951031,0.947079,0.938833,0.935815,0.935681,0.935046,0.926338,0.933398,0.932789,0.930731,0.930480,0.930058,0.929517,0.929640,0.929293,0.929649,0.940424,0.948127,0.955577,0.956393,0.962194,0.963943,0.970767,0.894085,0.962253,0.955090,0.950040,0.947756,0.951059,0.948123,0.939339,0.944486,0.937188,0.934731,0.943675,0.951874,0.951496,0.949003,0.946859,0.942067,0.940058,0.939836,0.939455,0.939716,0.960939,0.965085,0.971713,0.973629,0.982457,0.984195,1.000000,0.918993,0.982431,0.973274,0.967400,0.957104,0.964115,0.962522,0.960764,0.950150,0.951818,0.950713,0.944697,0.950001,0.946727,0.950520,0.949862,0.950126,0.949097,0.947374,0.945399,0.946565,0.953293,0.955653,0.961558,0.961687,0.965016,0.963338,0.970424,0.911962,0.963260,0.953022,0.952348,0.947722,0.949225,0.953134,0.950907,0.948167,0.950647,0.951040,0.939578,0.940857,0.940777,0.940007,0.940132,0.939558,0.939194,0.939359,0.938980,0.939008,0.945773,0.946046,0.948280,0.947430,0.943991,0.945285,0.947211,0.909084,0.948137,0.949009,0.946428,0.942670,0.943057,0.942863,0.943819,0.943557,0.942704,0.942572,0.944508,0.937681,0.937421,0.936541,0.936836,0.937339,0.937162,0.936483,0.936506,0.936196,0.948728,0.947079,0.949309,0.947991,0.945701,0.946714,0.947304,0.918788,0.948296,0.949346,0.947486,0.943269,0.940835,0.939881,0.937656,0.938404,0.938405,0.937464,0.963719,0.937053,0.937451,0.937941,0.938251,0.936616,0.938820,0.937919,0.937007,0.935879,0.963320,0.961706,0.958310,0.962352,0.964613,0.962474,0.963122,0.936921,0.967042,0.966687,0.963483,0.957770,0.956493,0.950892,0.944762,0.943539,0.942861,0.940912,0.954631,0.929553,0.933054,0.929632,0.931763,0.926233,0.935838,0.930823,0.932423,0.929916,0.947236,0.948516,0.948244,0.945576,0.948624,0.947799,0.949181,0.929104,0.951744,0.951859,0.951277,0.946364,0.947069,0.940933,0.938575,0.938864,0.941262,0.935307
allando_v_sin_a2_f5_v5,0.936138,0.859974,0.860470,0.858803,0.858306,0.857766,0.857211,0.856986,0.856770,0.856767,0.930758,0.926074,0.923338,0.915681,0.911087,0.911636,0.909780,0.964445,0.901431,0.893221,0.883753,0.882023,0.882936,0.874004,0.865649,0.862999,0.861484,0.860540,0.935919,0.859369,0.862090,0.862713,0.862433,0.862185,0.862007,0.861705,0.861540,0.861539,0.925015,0.920090,0.918803,0.910493,0.907818,0.907969,0.904823,0.962920,0.897446,0.889430,0.883107,0.877333,0.879187,0.875436,0.865825,0.865974,0.863327,0.860540,0.947013,0.871115,0.870892,0.866378,0.866412,0.864576,0.864715,0.864109,0.863009,0.863085,0.938204,0.932793,0.927577,0.920184,0.921204,0.920252,0.918993,1.000000,0.908495,0.902071,0.896130,0.886899,0.892794,0.889409,0.886691,0.875674,0.876627,0.875091,0.925549,0.869496,0.866462,0.871296,0.870621,0.867366,0.865370,0.865003,0.866779,0.863172,0.921082,0.914527,0.911408,0.909503,0.905882,0.902757,0.899779,0.962653,0.896858,0.887060,0.885914,0.879842,0.878676,0.882794,0.878623,0.876177,0.874396,0.875566,0.904803,0.856211,0.856180,0.855363,0.855616,0.854867,0.854148,0.854294,0.854374,0.854485,0.898390,0.887911,0.883088,0.878769,0.872293,0.870028,0.866410,0.927917,0.864770,0.863174,0.859493,0.855738,0.855197,0.856285,0.857488,0.858065,0.857701,0.857219,0.897929,0.853020,0.853030,0.852466,0.851394,0.851625,0.851409,0.851960,0.851553,0.850066,0.892667,0.881357,0.878086,0.874365,0.869497,0.869860,0.867116,0.923977,0.866106,0.865281,0.861772,0.858373,0.855175,0.853979,0.853486,0.853502,0.854567,0.851507,0.913687,0.849769,0.849722,0.851688,0.850143,0.848804,0.851161,0.851037,0.848752,0.846523,0.906514,0.895197,0.887941,0.887854,0.887870,0.884159,0.881758,0.939377,0.882184,0.881212,0.876599,0.873043,0.870567,0.865284,0.857520,0.857298,0.854899,0.855452,0.899767,0.847043,0.849076,0.845372,0.845207,0.842080,0.849330,0.846253,0.843247,0.841360,0.885063,0.880752,0.877840,0.871971,0.872608,0.870716,0.871257,0.920815,0.870910,0.869848,0.867220,0.864231,0.865000,0.859111,0.854285,0.856734,0.854370,0.852742
allando_v_sin_a2_f5_v50,0.915280,0.930904,0.930460,0.929106,0.929435,0.929009,0.928645,0.928581,0.928371,0.928435,0.924733,0.931133,0.940772,0.943810,0.949175,0.956026,0.959176,0.884356,0.964558,0.952909,0.947541,0.950383,0.951578,0.946513,0.936249,0.932744,0.932411,0.931293,0.916944,0.929381,0.928811,0.926441,0.926233,0.925793,0.925139,0.925391,0.925254,0.925293,0.930108,0.937467,0.946747,0.947250,0.953433,0.958316,0.960633,0.882992,0.965895,0.953694,0.949170,0.949265,0.951472,0.946939,0.935538,0.942036,0.932980,0.930832,0.933600,0.948737,0.950547,0.943839,0.943252,0.938071,0.935895,0.935551,0.935075,0.935503,0.951207,0.954685,0.962658,0.964290,0.971392,0.978606,0.982431,0.908495,1.000000,0.974588,0.968576,0.965832,0.967943,0.963860,0.957279,0.946512,0.946590,0.947070,0.934184,0.947653,0.944707,0.947703,0.944922,0.943872,0.942812,0.941949,0.942381,0.940451,0.942811,0.943102,0.952211,0.957745,0.956376,0.959102,0.960445,0.901300,0.963424,0.954093,0.951279,0.950779,0.949874,0.953525,0.946014,0.943538,0.944687,0.945675,0.932303,0.937862,0.938048,0.937091,0.937324,0.936693,0.936372,0.936373,0.936051,0.936033,0.935350,0.938755,0.942854,0.942906,0.940597,0.941002,0.942560,0.900794,0.944814,0.945065,0.944909,0.942428,0.941282,0.941201,0.941648,0.941003,0.939715,0.939814,0.938997,0.934286,0.933885,0.932995,0.933512,0.934267,0.933965,0.933031,0.933371,0.933078,0.939145,0.939300,0.943988,0.942844,0.941904,0.942127,0.942478,0.911747,0.945980,0.946073,0.945137,0.943638,0.938561,0.937503,0.934665,0.935590,0.935004,0.934507,0.960511,0.931338,0.933135,0.935585,0.936846,0.935360,0.935935,0.935341,0.932145,0.931675,0.956929,0.953253,0.951513,0.956537,0.959544,0.961325,0.959067,0.929239,0.963190,0.962984,0.961451,0.957105,0.954490,0.949462,0.944923,0.944090,0.937383,0.938508,0.948282,0.923656,0.929638,0.928630,0.931224,0.925205,0.931801,0.927211,0.925695,0.923398,0.940292,0.943508,0.942038,0.939756,0.944221,0.944749,0.945254,0.922462,0.947092,0.947688,0.948240,0.944218,0.944232,0.938149,0.938602,0.938595,0.931950,0.933097
allando_v_sin_a2_f5_v55,0.916290,0.933888,0.933265,0.932210,0.932391,0.931992,0.931613,0.931372,0.931211,0.931210,0.924254,0.933232,0.936949,0.942699,0.945097,0.950781,0.953557,0.876689,0.953960,0.964357,0.959300,0.955013,0.952607,0.949835,0.938236,0.934407,0.934999,0.934124,0.919024,0.931592,0.930789,0.927699,0.927531,0.927113,0.926476,0.926818,0.926689,0.927157,0.931541,0.936911,0.942555,0.946685,0.949622,0.952434,0.954579,0.875594,0.955748,0.968061,0.960233,0.956286,0.951250,0.949976,0.942096,0.947115,0.935752,0.933078,0.937427,0.950189,0.952252,0.947534,0.945983,0.940460,0.937925,0.937265,0.937271,0.937439,0.948102,0.950223,0.957703,0.962339,0.966699,0.970312,0.973274,0.902071,0.974588,1.000000,0.980824,0.966806,0.967310,0.966421,0.964073,0.953134,0.949324,0.948721,0.936602,0.948320,0.946630,0.951213,0.951233,0.945786,0.946329,0.943415,0.944965,0.943187,0.940552,0.940916,0.947988,0.951651,0.955262,0.955524,0.953847,0.897420,0.959129,0.969237,0.961491,0.952972,0.949803,0.956808,0.946498,0.948204,0.946764,0.947156,0.933716,0.939293,0.939422,0.938721,0.938523,0.937911,0.937978,0.937789,0.937318,0.937394,0.934223,0.935459,0.942743,0.942822,0.943354,0.943831,0.944612,0.898936,0.946234,0.944377,0.943226,0.942107,0.940727,0.940915,0.941664,0.941426,0.940902,0.941141,0.940071,0.935676,0.935039,0.934525,0.934786,0.935898,0.935355,0.934650,0.934669,0.934786,0.939839,0.938107,0.944103,0.944711,0.944309,0.944954,0.945485,0.911426,0.948247,0.945776,0.943564,0.943796,0.939891,0.938754,0.936185,0.936733,0.936241,0.936680,0.960785,0.932736,0.933496,0.935873,0.934626,0.935075,0.937571,0.937124,0.934329,0.933251,0.957336,0.952670,0.951948,0.955169,0.958158,0.958396,0.958624,0.929213,0.960006,0.959255,0.957885,0.957195,0.960866,0.957314,0.946585,0.945973,0.942802,0.941702,0.953384,0.925184,0.932736,0.928001,0.931524,0.927342,0.928166,0.927595,0.924208,0.923157,0.944042,0.946187,0.944376,0.939985,0.945372,0.945477,0.946501,0.922118,0.947215,0.947048,0.945807,0.945166,0.950592,0.947338,0.940247,0.939963,0.937769,0.937124
allando_v_sin_a2_f5_v60,0.907884,0.935185,0.934733,0.933952,0.934178,0.933791,0.933489,0.933315,0.933172,0.933271,0.918837,0.929643,0.932370,0.934128,0.937774,0.943207,0.949480,0.871168,0.948656,0.957732,0.969734,0.958168,0.954312,0.951367,0.939545,0.935993,0.936596,0.935528,0.910198,0.932839,0.932014,0.928739,0.928619,0.928154,0.927431,0.927972,0.927833,0.928823,0.927161,0.934131,0.938549,0.938735,0.943032,0.946293,0.951433,0.870052,0.950249,0.959446,0.971060,0.959304,0.953862,0.952222,0.941201,0.948004,0.937001,0.934416,0.929740,0.953184,0.954624,0.951052,0.948547,0.942852,0.940332,0.939968,0.939959,0.940179,0.943874,0.946007,0.951249,0.951743,0.959331,0.962869,0.967400,0.896130,0.968576,0.980824,1.000000,0.972150,0.971225,0.968574,0.965596,0.957485,0.954240,0.952953,0.930610,0.951372,0.949049,0.951775,0.951287,0.951583,0.950855,0.948296,0.948270,0.948123,0.937192,0.937633,0.943227,0.945017,0.949669,0.950586,0.950741,0.892788,0.957275,0.961661,0.973802,0.952617,0.951424,0.956779,0.948776,0.949454,0.950547,0.953421,0.930338,0.940245,0.940332,0.939688,0.939626,0.939133,0.938960,0.939151,0.938398,0.938402,0.935796,0.936668,0.941417,0.942095,0.941837,0.941894,0.943331,0.898698,0.945270,0.943650,0.944547,0.943463,0.942205,0.942246,0.942798,0.942604,0.942018,0.942120,0.937938,0.937702,0.937242,0.936735,0.936994,0.938119,0.937427,0.936733,0.936920,0.937071,0.941234,0.940498,0.943741,0.944760,0.943543,0.943656,0.943520,0.911079,0.946685,0.945791,0.944383,0.943562,0.940746,0.939952,0.938095,0.938712,0.938156,0.939113,0.958536,0.937120,0.938950,0.940093,0.938678,0.938556,0.940069,0.939423,0.939438,0.939451,0.956830,0.953408,0.954021,0.955137,0.957566,0.956439,0.954915,0.929062,0.957619,0.957767,0.956576,0.955515,0.961948,0.959828,0.946677,0.947820,0.942432,0.942456,0.952832,0.929047,0.938562,0.930178,0.934429,0.930144,0.931116,0.930977,0.930905,0.929916,0.944899,0.947302,0.946348,0.943016,0.944589,0.944257,0.945637,0.922680,0.946261,0.946351,0.945416,0.943522,0.951582,0.949208,0.940544,0.942524,0.937979,0.936919
allando_v_sin_a2_f5_v65,0.902170,0.932041,0.931502,0.930082,0.930804,0.930569,0.930207,0.929923,0.929752,0.929705,0.911211,0.914773,0.922124,0.926093,0.931127,0.939063,0.941159,0.861135,0.946951,0.946389,0.951098,0.962617,0.959903,0.954100,0.937489,0.933582,0.934065,0.932654,0.903144,0.929762,0.928565,0.925237,0.925008,0.924452,0.923630,0.923859,0.923927,0.924452,0.916032,0.920792,0.928919,0.930799,0.936500,0.942918,0.941491,0.860118,0.948817,0.948623,0.951396,0.960861,0.958582,0.955919,0.941610,0.946784,0.933817,0.931426,0.920436,0.954671,0.957861,0.949609,0.945871,0.940072,0.937174,0.936551,0.936277,0.936530,0.933830,0.935009,0.941289,0.944268,0.950359,0.957545,0.957104,0.886899,0.965832,0.966806,0.972150,1.000000,0.981537,0.978190,0.966058,0.955978,0.954491,0.955072,0.921988,0.950821,0.949016,0.951010,0.947446,0.944497,0.945024,0.944955,0.947875,0.943565,0.929472,0.927368,0.936148,0.942397,0.940566,0.946835,0.943651,0.881521,0.946483,0.950806,0.953661,0.965998,0.957517,0.961126,0.944434,0.949196,0.948922,0.948276,0.929540,0.936016,0.936126,0.935487,0.935450,0.934936,0.934818,0.934457,0.934155,0.934059,0.927256,0.930163,0.936371,0.936228,0.937244,0.937883,0.938422,0.891672,0.939881,0.939427,0.939935,0.938736,0.937321,0.937871,0.938741,0.938458,0.937615,0.937709,0.938228,0.933524,0.933115,0.932780,0.933125,0.933829,0.933240,0.932435,0.932528,0.932928,0.933052,0.933304,0.938227,0.939378,0.937418,0.938907,0.938892,0.904948,0.940330,0.941038,0.938827,0.939080,0.935869,0.935394,0.933665,0.934265,0.933904,0.934901,0.956725,0.935956,0.937211,0.939985,0.939352,0.939291,0.939670,0.939462,0.935913,0.934936,0.950556,0.948107,0.945214,0.948631,0.951731,0.952942,0.951751,0.921401,0.951676,0.952560,0.951558,0.949657,0.955025,0.954588,0.955143,0.951835,0.943172,0.942344,0.941326,0.928559,0.932830,0.932310,0.932275,0.928898,0.926580,0.929024,0.923538,0.924122,0.939851,0.942335,0.939855,0.936386,0.940136,0.938435,0.941081,0.914896,0.940505,0.940731,0.939974,0.937257,0.943947,0.942846,0.948547,0.945467,0.935681,0.938912
allando_v_sin_a2_f5_v70,0.909348,0.942467,0.941832,0.940594,0.941106,0.940833,0.940518,0.940279,0.940152,0.940094,0.917103,0.921581,0.928606,0.932673,0.938956,0.946248,0.950000,0.869549,0.955144,0.948854,0.952172,0.962217,0.968420,0.961543,0.947188,0.943321,0.944034,0.943021,0.909502,0.940373,0.938727,0.935056,0.934901,0.934360,0.933466,0.933773,0.933837,0.934740,0.921770,0.928510,0.935668,0.937214,0.943198,0.949797,0.949925,0.868474,0.955977,0.950672,0.952789,0.959096,0.969388,0.963569,0.949662,0.956429,0.944074,0.941772,0.925074,0.962986,0.966078,0.958708,0.956210,0.950319,0.947255,0.946859,0.946765,0.947061,0.939884,0.942926,0.947066,0.949619,0.956306,0.962691,0.964115,0.892794,0.967943,0.967310,0.971225,0.981537,1.000000,0.986282,0.976557,0.965251,0.966739,0.966708,0.928158,0.956904,0.955464,0.958628,0.956586,0.953970,0.954263,0.952910,0.955806,0.952691,0.935189,0.935270,0.942427,0.948971,0.947335,0.953064,0.950978,0.887515,0.952519,0.951177,0.954454,0.964371,0.967186,0.965902,0.955886,0.956099,0.959594,0.958743,0.938257,0.947066,0.947201,0.946368,0.946377,0.945790,0.945741,0.945428,0.945108,0.945045,0.937400,0.940630,0.945562,0.946575,0.946627,0.947143,0.948844,0.898062,0.950656,0.950733,0.950629,0.948996,0.948145,0.948885,0.949818,0.949338,0.948407,0.948683,0.947291,0.944851,0.944377,0.944023,0.944344,0.944876,0.944521,0.943762,0.943844,0.944041,0.943951,0.944667,0.948137,0.949091,0.947064,0.949119,0.948666,0.909805,0.950034,0.951840,0.950280,0.950025,0.947079,0.946562,0.944938,0.945526,0.945134,0.945962,0.964103,0.949224,0.950893,0.951005,0.949729,0.948417,0.949909,0.950307,0.947106,0.946466,0.960232,0.958401,0.956426,0.959014,0.961364,0.960786,0.958525,0.926034,0.962015,0.962529,0.962043,0.959608,0.962408,0.962945,0.964369,0.962187,0.953729,0.954565,0.949467,0.942857,0.945694,0.939213,0.940889,0.936338,0.942546,0.938731,0.937692,0.936407,0.950973,0.952622,0.951025,0.948009,0.949972,0.948159,0.950237,0.920892,0.951398,0.952132,0.950913,0.948426,0.952120,0.950957,0.956946,0.956046,0.946831,0.949279
allando_v_sin_a2_f5_v75,0.910010,0.946262,0.945676,0.944369,0.945137,0.944907,0.944515,0.944312,0.944185,0.944172,0.915979,0.921543,0.929208,0.935228,0.938540,0.946409,0.948916,0.866523,0.951448,0.948887,0.951529,0.962375,0.964956,0.964053,0.950562,0.946819,0.947762,0.946868,0.909946,0.944277,0.942614,0.938636,0.938553,0.938023,0.937286,0.937513,0.937518,0.938423,0.921097,0.928579,0.936873,0.940536,0.943619,0.949597,0.948772,0.865644,0.953162,0.950842,0.952575,0.961757,0.964238,0.966470,0.955579,0.961144,0.948125,0.945678,0.925756,0.969808,0.971209,0.963780,0.960366,0.954612,0.951509,0.950872,0.950851,0.951180,0.938881,0.943241,0.948303,0.952559,0.956401,0.960881,0.962522,0.889409,0.963860,0.966421,0.968574,0.978190,0.986282,1.000000,0.982344,0.971029,0.970174,0.970344,0.929493,0.963123,0.962403,0.962636,0.961066,0.956755,0.958081,0.956302,0.958688,0.955505,0.936008,0.936897,0.945732,0.949314,0.947878,0.953335,0.950641,0.884880,0.951576,0.949992,0.953292,0.962938,0.962077,0.972277,0.957560,0.962740,0.961418,0.960633,0.939751,0.950798,0.951014,0.950264,0.950351,0.949869,0.949738,0.949368,0.948948,0.948948,0.938873,0.941530,0.948737,0.950478,0.950915,0.951478,0.952283,0.897465,0.954028,0.953459,0.952317,0.951319,0.949973,0.951491,0.952547,0.952472,0.951970,0.952402,0.948898,0.948792,0.948267,0.948001,0.948340,0.948781,0.948655,0.947789,0.947761,0.947993,0.946221,0.946771,0.951631,0.953642,0.951835,0.953957,0.952567,0.909311,0.952677,0.955126,0.952729,0.951746,0.950226,0.949850,0.948452,0.948956,0.948976,0.949556,0.964412,0.952542,0.953288,0.955449,0.954893,0.954733,0.954747,0.954026,0.950816,0.949425,0.962637,0.960584,0.958778,0.961782,0.964257,0.962827,0.961227,0.924972,0.963255,0.964298,0.963237,0.960421,0.964458,0.965485,0.966546,0.965471,0.959628,0.958522,0.950935,0.945392,0.948348,0.947742,0.947378,0.943742,0.943114,0.945109,0.939798,0.940781,0.954331,0.956344,0.953997,0.950663,0.954781,0.952621,0.955594,0.920692,0.954283,0.954610,0.952977,0.950605,0.954760,0.954177,0.959588,0.958827,0.952391,0.954286
allando_v_sin_a2_f5_v80,0.914119,0.947798,0.947164,0.946318,0.946831,0.946630,0.946296,0.946161,0.946041,0.945988,0.912981,0.923320,0.927529,0.936849,0.937402,0.945887,0.948654,0.865489,0.946393,0.948034,0.950660,0.955235,0.959836,0.960820,0.950004,0.946820,0.948481,0.947997,0.913825,0.945783,0.943547,0.939928,0.939833,0.939437,0.938653,0.938843,0.938669,0.939467,0.919085,0.929797,0.934934,0.941888,0.942333,0.947661,0.948739,0.864603,0.947716,0.950740,0.952238,0.956203,0.959687,0.961827,0.962370,0.966196,0.950534,0.947108,0.930131,0.969683,0.969851,0.964051,0.962064,0.955676,0.952474,0.952139,0.952105,0.952270,0.935689,0.943647,0.944810,0.952069,0.954649,0.956389,0.960764,0.886691,0.957279,0.964073,0.965596,0.966058,0.976557,0.982344,1.000000,0.979491,0.972592,0.972836,0.934953,0.963321,0.961742,0.961386,0.966346,0.956956,0.960367,0.956195,0.957250,0.958156,0.934085,0.936867,0.942769,0.943631,0.947606,0.950771,0.949837,0.883955,0.951724,0.946597,0.952128,0.952462,0.956609,0.964142,0.965894,0.967192,0.965833,0.962623,0.939944,0.952727,0.952947,0.952144,0.952186,0.951652,0.951643,0.951405,0.950668,0.950873,0.938073,0.940547,0.947805,0.950369,0.951002,0.952676,0.953562,0.895087,0.956390,0.955395,0.953548,0.952660,0.951392,0.952921,0.954258,0.954380,0.954183,0.954426,0.947702,0.950529,0.950018,0.950129,0.950293,0.950511,0.950572,0.949901,0.949758,0.950082,0.947196,0.947395,0.950973,0.953756,0.952104,0.955819,0.954725,0.906025,0.955368,0.956756,0.955187,0.952864,0.951973,0.951373,0.950193,0.950842,0.950705,0.951476,0.959373,0.956210,0.955594,0.955765,0.954806,0.954079,0.955276,0.954813,0.951715,0.950841,0.961110,0.959649,0.958498,0.959857,0.962475,0.959687,0.959384,0.921782,0.962642,0.964087,0.965129,0.961225,0.964659,0.966722,0.960675,0.961507,0.966197,0.965123,0.951727,0.948892,0.951874,0.946022,0.947118,0.942116,0.946056,0.944758,0.942875,0.941993,0.957840,0.956502,0.955066,0.950304,0.954127,0.952014,0.954744,0.918677,0.955650,0.956761,0.956710,0.952761,0.956208,0.958123,0.954436,0.955745,0.959327,0.959243
allando_v_sin_a2_f5_v85,0.905538,0.944635,0.944109,0.943496,0.944245,0.944098,0.943803,0.943585,0.943533,0.943564,0.904672,0.914724,0.920463,0.928533,0.928805,0.936362,0.940203,0.856003,0.937048,0.939719,0.945806,0.947762,0.951782,0.956353,0.946371,0.943517,0.945816,0.944950,0.904983,0.943230,0.940291,0.936502,0.936374,0.936021,0.935376,0.935422,0.935323,0.936052,0.910860,0.921054,0.927571,0.934150,0.933881,0.938070,0.940689,0.855257,0.938956,0.942832,0.947106,0.950031,0.952802,0.957850,0.955305,0.962810,0.948172,0.943900,0.919905,0.967415,0.966013,0.959673,0.958061,0.952417,0.949458,0.948860,0.948949,0.949229,0.926498,0.933095,0.937085,0.943510,0.945463,0.944778,0.950150,0.875674,0.946512,0.953134,0.957485,0.955978,0.965251,0.971029,0.979491,1.000000,0.973655,0.972947,0.926485,0.956997,0.959599,0.955699,0.961227,0.952590,0.957027,0.952396,0.952355,0.951778,0.925685,0.928988,0.936261,0.935690,0.939020,0.940941,0.942598,0.874456,0.944418,0.937520,0.946094,0.944395,0.951025,0.956430,0.958473,0.966950,0.961582,0.962372,0.931800,0.949462,0.949550,0.948954,0.949033,0.948570,0.948523,0.948167,0.947521,0.947742,0.932279,0.933997,0.942019,0.945292,0.946284,0.947917,0.949163,0.886066,0.952056,0.951246,0.949388,0.949460,0.947874,0.949404,0.950471,0.950897,0.950662,0.950961,0.940562,0.947345,0.946922,0.946785,0.947148,0.947235,0.947529,0.946678,0.946766,0.947145,0.941836,0.941358,0.945660,0.948858,0.947118,0.951860,0.949740,0.896802,0.949754,0.952648,0.951137,0.949011,0.948496,0.947972,0.946650,0.947487,0.947517,0.948312,0.950230,0.956805,0.955003,0.954703,0.952250,0.952207,0.950956,0.950014,0.948520,0.947757,0.953407,0.952839,0.951521,0.954459,0.956340,0.952739,0.951971,0.911270,0.955341,0.957139,0.956379,0.956350,0.958219,0.961641,0.955649,0.958915,0.962684,0.961343,0.944532,0.950637,0.951629,0.943884,0.944640,0.940549,0.942389,0.941780,0.940180,0.941316,0.953741,0.950863,0.949536,0.945680,0.950012,0.947865,0.950343,0.909829,0.950978,0.952990,0.950221,0.950227,0.951241,0.954366,0.950283,0.954127,0.956191,0.957034
allando_v_sin_a2_f5_v90,0.899684,0.949734,0.948870,0.948336,0.948869,0.948796,0.948585,0.948500,0.948471,0.948502,0.908692,0.916877,0.924463,0.927098,0.933493,0.937489,0.943106,0.857510,0.940127,0.941526,0.944756,0.951014,0.955311,0.958752,0.951907,0.948667,0.950764,0.950275,0.900003,0.948991,0.945857,0.942202,0.942095,0.941700,0.941019,0.941147,0.941091,0.941675,0.915962,0.923350,0.932088,0.933547,0.938895,0.941677,0.944798,0.857025,0.942563,0.944653,0.947161,0.952085,0.957803,0.962068,0.954639,0.962872,0.951608,0.949447,0.915148,0.975157,0.973457,0.964681,0.963846,0.957961,0.955003,0.954513,0.954424,0.955029,0.930776,0.934573,0.939761,0.939875,0.948015,0.946947,0.951818,0.876627,0.946590,0.949324,0.954240,0.954491,0.966739,0.970174,0.972592,0.973655,1.000000,0.984855,0.922284,0.963319,0.963551,0.961834,0.960514,0.959385,0.958824,0.959067,0.958054,0.957034,0.931070,0.931563,0.939294,0.939263,0.942818,0.945372,0.946310,0.876182,0.948256,0.940220,0.946947,0.946618,0.954231,0.956902,0.955356,0.963822,0.972097,0.970779,0.930600,0.955227,0.955068,0.954668,0.954693,0.954347,0.954062,0.953846,0.953469,0.953628,0.936639,0.937351,0.945549,0.950046,0.950211,0.952715,0.955161,0.887960,0.956517,0.956388,0.955078,0.953779,0.953475,0.954788,0.955886,0.956278,0.956017,0.956292,0.940570,0.953205,0.953016,0.952694,0.953115,0.953353,0.953686,0.952717,0.952859,0.953159,0.944547,0.944561,0.949019,0.952401,0.951307,0.954913,0.953566,0.899307,0.953339,0.957296,0.956545,0.953669,0.954056,0.953639,0.952493,0.953616,0.953490,0.953978,0.951885,0.964993,0.967200,0.963742,0.958749,0.957952,0.957159,0.954362,0.953694,0.952575,0.956178,0.956124,0.954436,0.957162,0.959424,0.956655,0.954838,0.913283,0.958110,0.959930,0.959653,0.957561,0.961516,0.963514,0.960695,0.960713,0.959262,0.959608,0.947398,0.964947,0.964136,0.950976,0.951162,0.944940,0.948652,0.948312,0.945655,0.948788,0.957064,0.954892,0.953899,0.951293,0.954917,0.952882,0.955587,0.913020,0.954980,0.957741,0.954952,0.953429,0.956290,0.955601,0.956325,0.956901,0.955490,0.956692
allando_v_sin_a2_f5_v95,0.901215,0.952109,0.951219,0.950523,0.951100,0.951016,0.950848,0.950725,0.950724,0.950750,0.908574,0.916922,0.922487,0.927978,0.933063,0.938725,0.942783,0.856738,0.941991,0.942296,0.944866,0.952784,0.957374,0.961890,0.954180,0.950864,0.952957,0.952688,0.901170,0.951383,0.947961,0.944401,0.944290,0.943869,0.943172,0.943281,0.943319,0.943887,0.915218,0.923694,0.930794,0.934783,0.938982,0.943273,0.944328,0.856414,0.944304,0.945532,0.947222,0.954148,0.958876,0.964016,0.956458,0.966039,0.953819,0.951664,0.915111,0.980721,0.978287,0.966519,0.966418,0.960805,0.957123,0.956762,0.956591,0.957237,0.929564,0.934422,0.938178,0.940624,0.948375,0.948011,0.950713,0.875091,0.947070,0.948721,0.952953,0.955072,0.966708,0.970344,0.972836,0.972947,0.984855,1.000000,0.922938,0.965761,0.966739,0.963187,0.964205,0.959876,0.961904,0.959600,0.960899,0.959454,0.930157,0.931720,0.939296,0.940642,0.942828,0.946290,0.945517,0.875480,0.947743,0.940776,0.946537,0.948597,0.955606,0.959535,0.955368,0.965321,0.972716,0.971541,0.932564,0.957090,0.957170,0.956650,0.956583,0.956193,0.955942,0.955674,0.955347,0.955436,0.937715,0.939874,0.947520,0.950959,0.951915,0.954998,0.957262,0.888161,0.958744,0.958042,0.956481,0.955779,0.955479,0.956677,0.957798,0.958080,0.957531,0.958265,0.943351,0.955472,0.955171,0.954881,0.955248,0.955494,0.955864,0.954844,0.954941,0.955316,0.946731,0.947145,0.951497,0.954309,0.953054,0.957562,0.955889,0.900448,0.955736,0.959481,0.957312,0.956063,0.956159,0.955705,0.954557,0.955536,0.955355,0.956035,0.953379,0.966632,0.968407,0.966080,0.961520,0.960914,0.959263,0.958020,0.956257,0.954709,0.957641,0.957447,0.956735,0.959513,0.961159,0.958604,0.957320,0.913574,0.959666,0.961488,0.960420,0.959253,0.962663,0.967106,0.963267,0.964184,0.962720,0.962607,0.948650,0.966120,0.965583,0.954695,0.954372,0.948771,0.950744,0.951986,0.948043,0.951292,0.958954,0.957738,0.956520,0.954233,0.956852,0.954362,0.957962,0.913975,0.957194,0.959813,0.956426,0.955468,0.957752,0.958846,0.958689,0.960360,0.957623,0.960549
allando_v_sin_a2_f7_v10,0.957300,0.905884,0.905445,0.904606,0.904126,0.903704,0.903196,0.903057,0.902826,0.902801,0.949063,0.952150,0.952623,0.953363,0.944006,0.946138,0.944270,0.911542,0.935379,0.934170,0.926972,0.924921,0.926228,0.921497,0.910506,0.907301,0.907274,0.906426,0.961259,0.905512,0.905409,0.904527,0.904293,0.904005,0.903751,0.903486,0.903129,0.902771,0.954024,0.955765,0.955114,0.953073,0.945590,0.946194,0.943548,0.910578,0.935585,0.934876,0.929137,0.924482,0.925840,0.925328,0.922651,0.923555,0.910875,0.906969,0.968866,0.919101,0.918836,0.914442,0.911868,0.907828,0.905998,0.905473,0.904339,0.904777,0.958549,0.957735,0.953329,0.951231,0.948278,0.944905,0.944697,0.925549,0.934184,0.936602,0.930610,0.921988,0.928158,0.929493,0.934953,0.926485,0.922284,0.922938,1.000000,0.925041,0.923427,0.926511,0.930076,0.920695,0.921811,0.918985,0.920110,0.917805,0.974933,0.966894,0.963693,0.958824,0.957312,0.952450,0.948626,0.949147,0.948934,0.939006,0.938679,0.933830,0.933435,0.939837,0.941513,0.937698,0.930936,0.930306,0.940456,0.903862,0.904142,0.903012,0.902963,0.902320,0.901903,0.901740,0.901321,0.901482,0.932898,0.923625,0.922002,0.918547,0.914566,0.913355,0.910971,0.908888,0.910716,0.908095,0.903986,0.901997,0.901149,0.902267,0.904373,0.905293,0.905479,0.905718,0.939862,0.900380,0.900287,0.899927,0.899593,0.899419,0.898826,0.899233,0.898944,0.898582,0.932718,0.921685,0.918995,0.918608,0.913656,0.915931,0.912774,0.919245,0.912177,0.911065,0.908215,0.904559,0.902052,0.900655,0.900283,0.900771,0.901534,0.900024,0.940371,0.894295,0.893063,0.893997,0.891532,0.891183,0.893137,0.893292,0.890142,0.888219,0.934130,0.924175,0.919947,0.918824,0.920878,0.916808,0.913982,0.924774,0.915461,0.914306,0.911583,0.908728,0.908567,0.907404,0.899620,0.900441,0.905943,0.904657,0.952406,0.904294,0.907488,0.901982,0.902400,0.897477,0.901869,0.899796,0.897724,0.895282,0.943248,0.934707,0.930618,0.923514,0.926366,0.923626,0.924080,0.938998,0.923657,0.923518,0.921219,0.918021,0.920047,0.917659,0.911772,0.913137,0.917432,0.916584
allando_v_sin_a2_f7_v100,0.899257,0.950080,0.949316,0.948485,0.949031,0.949013,0.948796,0.948698,0.948625,0.948614,0.910694,0.919409,0.924707,0.930463,0.936135,0.942270,0.945202,0.856058,0.944690,0.945640,0.947150,0.954788,0.957618,0.960180,0.952393,0.949374,0.950888,0.950233,0.899613,0.949419,0.946778,0.943200,0.942904,0.942497,0.941862,0.942006,0.941990,0.942377,0.916913,0.925964,0.933429,0.936486,0.942695,0.946127,0.947055,0.855877,0.947003,0.947268,0.949948,0.957136,0.957396,0.959912,0.955281,0.961636,0.951563,0.949881,0.910477,0.975437,0.973701,0.965320,0.962516,0.955950,0.952528,0.951807,0.951818,0.951940,0.927807,0.932416,0.935916,0.938811,0.945750,0.947207,0.950001,0.869496,0.947653,0.948320,0.951372,0.950821,0.956904,0.963123,0.963321,0.956997,0.963319,0.965761,0.925041,1.000000,0.988830,0.981195,0.977617,0.973797,0.974586,0.971429,0.969836,0.969769,0.937351,0.937536,0.947453,0.946967,0.950947,0.955910,0.954206,0.880697,0.956187,0.950490,0.957073,0.957503,0.962515,0.971207,0.964591,0.972881,0.978424,0.980264,0.930470,0.955631,0.955922,0.955717,0.955662,0.955412,0.955372,0.955107,0.954475,0.954572,0.937649,0.939266,0.947902,0.950029,0.950858,0.954154,0.956521,0.887883,0.957570,0.957187,0.956035,0.955592,0.954415,0.955134,0.956322,0.956423,0.956139,0.956520,0.940585,0.954684,0.954593,0.954360,0.954634,0.955064,0.955085,0.954244,0.954573,0.954854,0.945941,0.946605,0.952456,0.954080,0.953327,0.955718,0.956034,0.899614,0.956410,0.959455,0.957203,0.954273,0.955452,0.954955,0.953802,0.954790,0.954812,0.955157,0.947661,0.951859,0.954111,0.959113,0.960755,0.961516,0.958467,0.955191,0.952451,0.951306,0.953817,0.953441,0.952406,0.954995,0.956237,0.954059,0.955335,0.908751,0.956417,0.957874,0.957352,0.952796,0.956490,0.957061,0.954508,0.955665,0.953000,0.952173,0.950901,0.959097,0.963851,0.971690,0.969069,0.962107,0.959401,0.963945,0.956715,0.958226,0.957421,0.961375,0.959945,0.955965,0.959636,0.958418,0.963761,0.917294,0.962559,0.963667,0.962763,0.958336,0.963206,0.962414,0.962712,0.963680,0.961250,0.962082
allando_v_sin_a2_f7_v105,0.897629,0.950234,0.949705,0.948992,0.949687,0.949702,0.949533,0.949493,0.949473,0.949461,0.907853,0.917474,0.922497,0.927985,0.931851,0.938319,0.942601,0.853228,0.941616,0.943651,0.945548,0.953045,0.955689,0.959948,0.952188,0.949219,0.951094,0.950374,0.898180,0.949634,0.946931,0.943325,0.943073,0.942733,0.942172,0.942240,0.942280,0.942681,0.914087,0.924047,0.930622,0.934336,0.938290,0.942238,0.944489,0.853103,0.944229,0.945809,0.947968,0.956218,0.955926,0.960108,0.954713,0.962936,0.951905,0.949906,0.909213,0.974978,0.973695,0.966021,0.963029,0.956583,0.953041,0.952312,0.952273,0.952420,0.925288,0.929854,0.933707,0.937161,0.941769,0.942619,0.946727,0.866462,0.944707,0.946630,0.949049,0.949016,0.955464,0.962403,0.961742,0.959599,0.963551,0.966739,0.923427,0.988830,1.000000,0.983107,0.980465,0.974974,0.975734,0.971397,0.969793,0.968524,0.933047,0.935270,0.945054,0.944121,0.946096,0.950539,0.951086,0.877502,0.952261,0.947213,0.953672,0.954732,0.961356,0.969122,0.963484,0.973764,0.974538,0.977940,0.929357,0.955159,0.955581,0.955460,0.955596,0.955321,0.955182,0.954866,0.954366,0.954513,0.936132,0.937995,0.947177,0.949347,0.950592,0.952859,0.954561,0.885620,0.956389,0.956632,0.955266,0.955531,0.954350,0.955020,0.956113,0.956118,0.955740,0.956018,0.939925,0.954614,0.954711,0.954683,0.954978,0.955333,0.955419,0.954526,0.954918,0.955326,0.945042,0.946279,0.951939,0.953975,0.953078,0.956033,0.954292,0.897364,0.954602,0.958805,0.956217,0.954419,0.955669,0.955065,0.953861,0.955001,0.954790,0.955285,0.946298,0.953899,0.955574,0.960372,0.961270,0.962801,0.959085,0.956578,0.953413,0.952458,0.952846,0.952419,0.952168,0.954855,0.956052,0.953567,0.952861,0.906765,0.954956,0.957094,0.955595,0.953862,0.956577,0.957777,0.954395,0.956291,0.955175,0.954208,0.949863,0.961121,0.964734,0.970839,0.970382,0.963705,0.960518,0.964641,0.957217,0.959562,0.956616,0.961230,0.959439,0.955796,0.960197,0.958019,0.962828,0.914867,0.960721,0.962516,0.960161,0.958334,0.962214,0.962864,0.962273,0.963729,0.962412,0.963525
allando_v_sin_a2_f7_v110,0.901165,0.951940,0.951353,0.951135,0.951550,0.951475,0.951233,0.951184,0.951160,0.951182,0.914088,0.921975,0.928761,0.933126,0.936190,0.941151,0.945754,0.857896,0.946911,0.946915,0.947591,0.954616,0.957576,0.960872,0.954239,0.951650,0.952941,0.952251,0.901984,0.951259,0.949160,0.946239,0.945979,0.945655,0.945035,0.945164,0.945299,0.945623,0.920359,0.929365,0.937483,0.939625,0.942188,0.946028,0.947770,0.857841,0.949933,0.949125,0.950915,0.955649,0.958328,0.960326,0.954834,0.961848,0.953389,0.952187,0.912275,0.968377,0.969659,0.968017,0.965019,0.958352,0.954896,0.954166,0.954319,0.954359,0.931695,0.935828,0.940796,0.942154,0.945667,0.947467,0.950520,0.871296,0.947703,0.951213,0.951775,0.951010,0.958628,0.962636,0.961386,0.955699,0.961834,0.963187,0.926511,0.981195,0.983107,1.000000,0.985593,0.980729,0.979876,0.975309,0.974035,0.972154,0.939801,0.940858,0.948846,0.950929,0.950299,0.954648,0.953077,0.882649,0.952923,0.952393,0.956020,0.959078,0.962686,0.970145,0.963218,0.966740,0.970959,0.973027,0.932293,0.956259,0.956617,0.956542,0.956591,0.956311,0.956436,0.956060,0.955710,0.955815,0.940208,0.941456,0.949876,0.952161,0.953053,0.953712,0.955916,0.889268,0.957018,0.956679,0.955860,0.954966,0.954377,0.955273,0.956593,0.956814,0.956666,0.957197,0.942998,0.956454,0.956385,0.956338,0.956623,0.957037,0.957093,0.956353,0.956694,0.956910,0.947843,0.948890,0.953784,0.957253,0.956204,0.957734,0.956227,0.901872,0.956184,0.958968,0.957354,0.955746,0.956617,0.956200,0.955386,0.956454,0.956452,0.956781,0.949446,0.949612,0.951012,0.954433,0.954953,0.956589,0.961084,0.959147,0.955541,0.954287,0.954028,0.955589,0.954342,0.956563,0.959853,0.958144,0.955656,0.911045,0.956754,0.957745,0.956451,0.954412,0.958338,0.958783,0.958204,0.958174,0.954706,0.953202,0.952155,0.955326,0.959435,0.962160,0.962443,0.960413,0.963304,0.963961,0.959120,0.959811,0.956092,0.962233,0.961755,0.958565,0.963604,0.961277,0.962845,0.919385,0.962259,0.962846,0.960813,0.958718,0.963818,0.962594,0.964886,0.964981,0.961505,0.961628
allando_v_sin_a2_f7_v115,0.904259,0.953109,0.952551,0.952283,0.952961,0.952804,0.952503,0.952395,0.952386,0.952368,0.911375,0.923341,0.924477,0.932449,0.933247,0.940241,0.945982,0.857476,0.943885,0.945980,0.947159,0.951762,0.955996,0.960912,0.954055,0.952061,0.953806,0.953331,0.904838,0.952215,0.949735,0.946570,0.946519,0.946178,0.945474,0.945521,0.945572,0.946060,0.917643,0.930861,0.933061,0.938969,0.939712,0.944272,0.947810,0.857467,0.946602,0.948584,0.950054,0.953937,0.956441,0.959388,0.956669,0.966045,0.955068,0.952809,0.915274,0.967997,0.968955,0.968095,0.966023,0.959371,0.955688,0.955074,0.955332,0.955211,0.929312,0.936939,0.936084,0.941697,0.943931,0.944728,0.949862,0.870621,0.944922,0.951233,0.951287,0.947446,0.956586,0.961066,0.966346,0.961227,0.960514,0.964205,0.930076,0.977617,0.980465,0.985593,1.000000,0.982083,0.984247,0.973853,0.972291,0.973421,0.936535,0.941817,0.945495,0.945767,0.948309,0.951643,0.952412,0.881770,0.952275,0.948505,0.954142,0.954833,0.959546,0.967892,0.968070,0.969971,0.970686,0.971588,0.933256,0.956781,0.957188,0.956976,0.957145,0.956797,0.956932,0.956533,0.956017,0.956217,0.939912,0.942331,0.948835,0.950059,0.951722,0.953205,0.955368,0.888527,0.957845,0.957724,0.956368,0.955620,0.955111,0.956209,0.957415,0.957575,0.957131,0.957725,0.943642,0.956836,0.956895,0.957064,0.957343,0.957607,0.957690,0.957030,0.957197,0.957705,0.949614,0.950817,0.954080,0.956514,0.954585,0.957917,0.956595,0.900914,0.956977,0.959553,0.957904,0.956299,0.957331,0.956841,0.956086,0.957252,0.956831,0.957472,0.948466,0.952133,0.951859,0.954889,0.955305,0.956625,0.960275,0.961251,0.957105,0.956497,0.954151,0.955870,0.956383,0.957287,0.958760,0.955651,0.954595,0.910329,0.957440,0.958325,0.957777,0.956043,0.958288,0.961583,0.955928,0.957888,0.960454,0.958492,0.952444,0.955708,0.960298,0.960192,0.962352,0.958662,0.965326,0.964612,0.961890,0.960918,0.958903,0.962620,0.962566,0.959798,0.962287,0.959123,0.961296,0.918384,0.962448,0.963043,0.961612,0.960132,0.963471,0.966493,0.962228,0.964023,0.966276,0.965346
allando_v_sin_a2_f7_v120,0.894268,0.950084,0.949929,0.949371,0.950456,0.950197,0.949771,0.949616,0.949483,0.949515,0.913897,0.920703,0.923422,0.925770,0.932555,0.936437,0.945368,0.855041,0.942707,0.944129,0.947365,0.949171,0.952793,0.957256,0.953541,0.950012,0.951654,0.950503,0.895244,0.949383,0.947198,0.943974,0.943893,0.943516,0.942887,0.943014,0.943051,0.943754,0.921467,0.928084,0.931827,0.932531,0.939052,0.941476,0.947984,0.854990,0.945792,0.944747,0.950560,0.950793,0.954544,0.955946,0.949359,0.958999,0.951984,0.950355,0.906367,0.965186,0.966937,0.967040,0.962917,0.957524,0.954433,0.953615,0.954118,0.953956,0.933496,0.933990,0.935405,0.934437,0.941598,0.942730,0.950126,0.867366,0.943872,0.945786,0.951583,0.944497,0.953970,0.956755,0.956956,0.952590,0.959385,0.959876,0.920695,0.973797,0.974974,0.980729,0.982083,1.000000,0.988287,0.978313,0.974321,0.972547,0.939707,0.940391,0.944647,0.943255,0.946181,0.948838,0.952779,0.878357,0.949277,0.946523,0.954550,0.951580,0.956373,0.962017,0.958022,0.960370,0.965760,0.969974,0.927073,0.954686,0.954927,0.954827,0.954625,0.954492,0.955006,0.954315,0.953803,0.953902,0.945206,0.940851,0.945793,0.947215,0.947567,0.949070,0.953734,0.885989,0.955629,0.956035,0.955070,0.954033,0.953923,0.954476,0.955370,0.955224,0.954727,0.955232,0.937420,0.954983,0.955255,0.954614,0.955065,0.955429,0.955443,0.954758,0.955045,0.955471,0.950649,0.948958,0.951870,0.954133,0.951892,0.953743,0.953825,0.897355,0.953872,0.957466,0.956505,0.953943,0.955956,0.955797,0.954853,0.955798,0.955620,0.955328,0.944375,0.949406,0.950772,0.953257,0.953554,0.955173,0.957990,0.957886,0.959212,0.959674,0.950626,0.956680,0.954419,0.955623,0.957435,0.953595,0.951803,0.906337,0.955047,0.956293,0.955290,0.953043,0.957426,0.957744,0.954587,0.955303,0.952031,0.950683,0.948677,0.953552,0.958313,0.957359,0.959752,0.956649,0.963716,0.963639,0.968732,0.967829,0.952625,0.958517,0.961330,0.959036,0.959238,0.956564,0.958584,0.914592,0.959603,0.960040,0.958415,0.956308,0.961888,0.959656,0.959749,0.961361,0.959830,0.957666
allando_v_sin_a2_f7_v125,0.896090,0.952046,0.951782,0.951443,0.952323,0.952157,0.951915,0.951743,0.951650,0.951691,0.910260,0.921272,0.920934,0.926598,0.930894,0.936605,0.945126,0.852984,0.942102,0.943876,0.947061,0.949784,0.953731,0.959416,0.954900,0.951533,0.953610,0.952350,0.896359,0.951253,0.948666,0.945456,0.945237,0.944893,0.944327,0.944496,0.944572,0.945448,0.916772,0.928765,0.929572,0.933318,0.937704,0.941023,0.947235,0.853084,0.944880,0.944557,0.949852,0.951698,0.954709,0.956784,0.951543,0.962636,0.954141,0.952148,0.906792,0.967444,0.969122,0.969370,0.964975,0.959348,0.956361,0.955664,0.956194,0.955904,0.928783,0.934822,0.932858,0.935495,0.941136,0.941710,0.949097,0.865370,0.942812,0.946329,0.950855,0.945024,0.954263,0.958081,0.960367,0.957027,0.958824,0.961904,0.921811,0.974586,0.975734,0.979876,0.984247,0.988287,1.000000,0.976903,0.974204,0.974855,0.935137,0.940919,0.942848,0.941291,0.945280,0.947570,0.951389,0.875823,0.948203,0.944747,0.952846,0.951414,0.956031,0.963018,0.960659,0.963528,0.966624,0.969240,0.928463,0.956589,0.956897,0.956810,0.956718,0.956561,0.957194,0.956583,0.956100,0.956186,0.944285,0.942713,0.946965,0.947758,0.948962,0.950931,0.955439,0.885205,0.957597,0.958011,0.956726,0.956024,0.955790,0.956383,0.957195,0.957062,0.956569,0.957150,0.938984,0.956840,0.956963,0.956742,0.957079,0.957440,0.957791,0.956969,0.957363,0.957735,0.951573,0.950571,0.953722,0.955108,0.952586,0.955636,0.955547,0.896340,0.955655,0.959284,0.957792,0.955714,0.957767,0.957445,0.956469,0.957517,0.957178,0.957313,0.944759,0.952328,0.952494,0.955726,0.956154,0.958068,0.960793,0.961561,0.961957,0.962348,0.951189,0.956154,0.956364,0.957397,0.957975,0.953942,0.953279,0.905184,0.956444,0.957681,0.956729,0.954827,0.958155,0.960384,0.956532,0.957909,0.957344,0.955310,0.948283,0.954437,0.958784,0.959972,0.961430,0.959226,0.965280,0.965624,0.970571,0.969570,0.954203,0.959826,0.961521,0.960187,0.959630,0.956923,0.959618,0.913683,0.960825,0.961190,0.959576,0.958079,0.961955,0.963449,0.961294,0.963085,0.964014,0.962070
allando_v_sin_a2_f7_v130,0.892274,0.950984,0.950750,0.950362,0.951172,0.951040,0.950876,0.950697,0.950543,0.950582,0.916750,0.920629,0.923495,0.925516,0.931035,0.935502,0.942981,0.851714,0.941411,0.941885,0.944717,0.948964,0.952333,0.957570,0.953006,0.950781,0.951707,0.951542,0.893131,0.950423,0.948125,0.944699,0.944449,0.943997,0.943306,0.943622,0.943711,0.944595,0.923930,0.927874,0.931678,0.932003,0.937169,0.940523,0.945309,0.851927,0.944279,0.942854,0.947949,0.950235,0.953791,0.955592,0.949522,0.959411,0.952644,0.951252,0.904026,0.965865,0.968003,0.968817,0.963860,0.957680,0.954739,0.954286,0.954757,0.954411,0.936253,0.933470,0.934564,0.933987,0.939254,0.941076,0.947374,0.865003,0.941949,0.943415,0.948296,0.944955,0.952910,0.956302,0.956195,0.952396,0.959067,0.959600,0.918985,0.971429,0.971397,0.975309,0.973853,0.978313,0.976903,1.000000,0.987188,0.981277,0.942477,0.939731,0.943649,0.941961,0.943782,0.947820,0.949806,0.875118,0.948333,0.944003,0.951836,0.952231,0.955834,0.961000,0.957259,0.959839,0.964156,0.966905,0.926309,0.955374,0.955529,0.955543,0.955445,0.955410,0.955909,0.955560,0.954991,0.955125,0.943216,0.941594,0.945970,0.948048,0.948188,0.949428,0.953260,0.884470,0.955671,0.956599,0.955938,0.955196,0.955011,0.955619,0.956401,0.956231,0.955767,0.956185,0.936599,0.956701,0.956914,0.955887,0.956241,0.956687,0.956727,0.956170,0.956393,0.956806,0.946427,0.948900,0.951948,0.954382,0.952313,0.954047,0.953069,0.895173,0.953599,0.957949,0.957229,0.954808,0.956297,0.956636,0.956339,0.956569,0.956985,0.956779,0.943085,0.950220,0.951517,0.954651,0.954876,0.957019,0.959944,0.959337,0.958104,0.957645,0.949240,0.958832,0.954337,0.955822,0.957316,0.953434,0.951620,0.904044,0.954679,0.956285,0.955387,0.953408,0.957668,0.957863,0.956060,0.956100,0.952659,0.951300,0.946412,0.952873,0.957387,0.958047,0.959800,0.957302,0.962889,0.962386,0.963359,0.963393,0.950490,0.957024,0.961156,0.957519,0.958778,0.956907,0.958505,0.912190,0.959184,0.960034,0.958823,0.956988,0.961803,0.960313,0.961049,0.961168,0.959154,0.957634
allando_v_sin_a2_f7_v135,0.895252,0.951963,0.951767,0.951381,0.952034,0.952043,0.951943,0.951665,0.951657,0.951637,0.918236,0.921149,0.922657,0.925858,0.930550,0.936161,0.941187,0.853613,0.942507,0.942273,0.945021,0.951061,0.954953,0.959480,0.954091,0.951971,0.952976,0.952672,0.895781,0.951508,0.949221,0.945827,0.945606,0.945170,0.944409,0.944753,0.945056,0.945792,0.924286,0.927945,0.930643,0.932293,0.936830,0.941726,0.942989,0.853887,0.945232,0.943786,0.947899,0.952017,0.955813,0.958003,0.950347,0.960802,0.953524,0.952400,0.906085,0.965768,0.969310,0.969151,0.964427,0.958426,0.955498,0.954859,0.955420,0.955086,0.935753,0.933334,0.933103,0.934405,0.939210,0.942489,0.945399,0.866779,0.942381,0.944965,0.948270,0.947875,0.955806,0.958688,0.957250,0.952355,0.958054,0.960899,0.920110,0.969836,0.969793,0.974035,0.972291,0.974321,0.974204,0.987188,1.000000,0.984694,0.941543,0.938826,0.942921,0.944381,0.944138,0.949263,0.947565,0.876333,0.948121,0.946039,0.952312,0.955517,0.958321,0.963432,0.955708,0.959913,0.964018,0.965585,0.929394,0.955756,0.955936,0.955964,0.955954,0.955859,0.956164,0.955756,0.955554,0.955622,0.943074,0.942875,0.946239,0.948142,0.949403,0.950328,0.953622,0.887823,0.956010,0.956216,0.955446,0.955098,0.954539,0.955359,0.956296,0.956482,0.956130,0.956531,0.939430,0.957292,0.957369,0.956562,0.956840,0.957291,0.957190,0.956797,0.957023,0.957428,0.946665,0.949315,0.952246,0.954122,0.952466,0.954685,0.953254,0.899003,0.954077,0.957774,0.956346,0.955272,0.956389,0.956740,0.956666,0.957001,0.957348,0.957519,0.945903,0.950523,0.951980,0.955241,0.954906,0.957440,0.960457,0.960465,0.957992,0.957527,0.950316,0.959116,0.955010,0.955992,0.957226,0.954933,0.952549,0.906871,0.954660,0.956143,0.954775,0.953314,0.957947,0.959325,0.958389,0.958519,0.953098,0.952436,0.947660,0.953527,0.957902,0.957990,0.959389,0.958142,0.961775,0.962566,0.961559,0.961992,0.951323,0.957579,0.961508,0.957738,0.958199,0.956852,0.958935,0.914399,0.958880,0.959473,0.957783,0.956464,0.962064,0.961114,0.962952,0.963125,0.958657,0.959132
allando_v_sin_a2_f7_v140,0.891207,0.952356,0.951631,0.951823,0.951929,0.952030,0.952165,0.952152,0.951991,0.952018,0.909340,0.921719,0.918832,0.923422,0.929674,0.935040,0.942267,0.849995,0.940356,0.941417,0.944224,0.948127,0.952220,0.957196,0.952879,0.951452,0.952146,0.952393,0.891796,0.951904,0.949337,0.946282,0.946050,0.945527,0.944564,0.944912,0.945004,0.945905,0.916151,0.928922,0.927486,0.930034,0.936509,0.940012,0.944682,0.850249,0.942773,0.942261,0.947236,0.949660,0.953299,0.955541,0.948988,0.960233,0.953131,0.952596,0.903122,0.966175,0.967998,0.970562,0.965301,0.958888,0.955775,0.955498,0.956123,0.955970,0.928182,0.934785,0.929996,0.932300,0.939610,0.940770,0.946565,0.863172,0.940451,0.943187,0.948123,0.943565,0.952691,0.955505,0.958156,0.951778,0.957034,0.959454,0.917805,0.969769,0.968524,0.972154,0.973421,0.972547,0.974855,0.981277,0.984694,1.000000,0.934332,0.940718,0.940968,0.940413,0.945158,0.947899,0.949277,0.872617,0.947984,0.943993,0.951689,0.950896,0.954791,0.960004,0.955323,0.958170,0.963386,0.964436,0.926187,0.955575,0.955922,0.956091,0.956234,0.956186,0.956397,0.956345,0.956040,0.956121,0.939766,0.944191,0.945845,0.946458,0.947417,0.949990,0.953631,0.884145,0.955896,0.956366,0.955299,0.954663,0.954448,0.955306,0.956438,0.956642,0.956372,0.956796,0.936107,0.957303,0.957055,0.957190,0.957425,0.957783,0.957724,0.957231,0.957379,0.957945,0.946106,0.951492,0.952520,0.952752,0.950644,0.953524,0.953663,0.895437,0.954242,0.957987,0.956337,0.954390,0.956286,0.956099,0.955957,0.956827,0.956575,0.957692,0.942756,0.951282,0.952531,0.955532,0.955622,0.957838,0.961513,0.961630,0.959673,0.959163,0.949230,0.956493,0.956661,0.956355,0.955802,0.952339,0.952261,0.904317,0.955026,0.956418,0.955693,0.952768,0.956824,0.958220,0.955252,0.956186,0.954026,0.952128,0.946124,0.952316,0.957540,0.957326,0.959013,0.957442,0.963241,0.963258,0.963648,0.963061,0.949650,0.956868,0.961549,0.959464,0.956805,0.954603,0.957984,0.911808,0.959125,0.959701,0.958958,0.955628,0.960354,0.959935,0.959353,0.960144,0.959699,0.957295
allando_v_sin_a2_f7_v15,0.941450,0.916164,0.915926,0.914540,0.914646,0.914150,0.913706,0.913337,0.913010,0.912946,0.959160,0.954353,0.956991,0.955529,0.953686,0.952332,0.950110,0.906833,0.943428,0.940248,0.932984,0.932586,0.933853,0.929335,0.921381,0.918497,0.917662,0.917309,0.945207,0.915898,0.916265,0.914738,0.914446,0.913943,0.913603,0.913607,0.913298,0.913298,0.965866,0.959077,0.962603,0.956929,0.955913,0.954709,0.949921,0.905882,0.944492,0.939822,0.935407,0.931457,0.933544,0.932812,0.923605,0.925584,0.919764,0.917628,0.952940,0.929349,0.930624,0.929282,0.924051,0.920114,0.918338,0.917521,0.916733,0.916957,0.973675,0.964650,0.962686,0.955695,0.957780,0.954732,0.953293,0.921082,0.942811,0.940552,0.937192,0.929472,0.935189,0.936008,0.934085,0.925685,0.931070,0.930157,0.974933,0.937351,0.933047,0.939801,0.936535,0.939707,0.935137,0.942477,0.941543,0.934332,1.000000,0.976677,0.972885,0.968253,0.965452,0.962802,0.956947,0.940216,0.955302,0.946936,0.946699,0.942252,0.940612,0.944946,0.936188,0.937353,0.939409,0.939162,0.937643,0.916436,0.916528,0.915655,0.915495,0.915029,0.914944,0.914613,0.914320,0.914394,0.946701,0.934904,0.932043,0.929402,0.924754,0.924694,0.923942,0.910507,0.922695,0.920057,0.916029,0.914049,0.913424,0.914611,0.916428,0.917164,0.917396,0.917717,0.939083,0.914021,0.914240,0.912756,0.912460,0.912626,0.912432,0.912407,0.912118,0.911663,0.941730,0.933036,0.931060,0.929809,0.925392,0.926102,0.924558,0.920599,0.923007,0.923120,0.920296,0.916151,0.914928,0.914141,0.913823,0.913550,0.915401,0.912808,0.944060,0.903479,0.904681,0.906521,0.904513,0.905296,0.908718,0.907614,0.906469,0.904403,0.941559,0.941186,0.931807,0.932029,0.933274,0.929658,0.927815,0.925856,0.927307,0.926312,0.922848,0.918458,0.921115,0.917376,0.912845,0.911917,0.907867,0.906718,0.955076,0.913505,0.917428,0.915174,0.914125,0.911782,0.915132,0.916171,0.914743,0.913787,0.944337,0.943138,0.943976,0.936632,0.938116,0.935688,0.936374,0.938508,0.935570,0.934803,0.932099,0.927060,0.931682,0.924614,0.923609,0.923900,0.920352,0.918602
allando_v_sin_a2_f7_v20,0.934475,0.919376,0.918847,0.918243,0.917572,0.917360,0.917112,0.917123,0.916939,0.917125,0.944362,0.962249,0.952667,0.954612,0.952110,0.950986,0.952878,0.900931,0.943714,0.941171,0.933391,0.931762,0.933758,0.930092,0.923103,0.921040,0.920277,0.919999,0.937902,0.918963,0.918923,0.917523,0.917323,0.916901,0.916635,0.916640,0.916382,0.916916,0.951537,0.968520,0.958888,0.957547,0.955367,0.953032,0.953219,0.900047,0.945062,0.939630,0.935858,0.931833,0.933625,0.933491,0.925447,0.929540,0.922227,0.920560,0.946195,0.932096,0.931551,0.933197,0.927117,0.923356,0.921076,0.921029,0.920408,0.920788,0.959719,0.974942,0.960741,0.956895,0.957913,0.952813,0.955653,0.914527,0.943102,0.940916,0.937633,0.927368,0.935270,0.936897,0.936867,0.928988,0.931563,0.931720,0.966894,0.937536,0.935270,0.940858,0.941817,0.940391,0.940919,0.939731,0.938826,0.940718,0.976677,1.000000,0.977392,0.968869,0.967196,0.962033,0.961641,0.931301,0.956444,0.946796,0.946718,0.940459,0.939833,0.945789,0.938310,0.939253,0.938974,0.939937,0.936738,0.919984,0.920161,0.919477,0.920767,0.920346,0.918967,0.919578,0.919724,0.920181,0.943728,0.945483,0.937598,0.932394,0.928470,0.928200,0.927114,0.908175,0.926339,0.924595,0.920219,0.918340,0.918252,0.919424,0.921062,0.921585,0.921982,0.922471,0.938331,0.918209,0.917941,0.917696,0.917561,0.918004,0.918251,0.917591,0.917411,0.916812,0.943276,0.941941,0.938828,0.934513,0.928813,0.930687,0.928381,0.918185,0.926158,0.927261,0.924268,0.920280,0.919217,0.917783,0.917411,0.917545,0.918700,0.917326,0.943159,0.908865,0.909050,0.910684,0.908737,0.909852,0.913898,0.913996,0.912874,0.911171,0.942410,0.940326,0.940125,0.940930,0.937691,0.932477,0.930394,0.923696,0.931077,0.930624,0.926974,0.923071,0.924847,0.922234,0.915953,0.915565,0.916226,0.912816,0.954668,0.916483,0.920382,0.917886,0.918112,0.915766,0.920664,0.921378,0.921373,0.920347,0.945395,0.945422,0.946917,0.946997,0.943231,0.939195,0.940277,0.935997,0.940376,0.939210,0.935909,0.931736,0.934799,0.930504,0.926499,0.927263,0.929608,0.923845
allando_v_sin_a2_f7_v25,0.931506,0.925513,0.925028,0.924197,0.923862,0.923541,0.923120,0.923038,0.922897,0.922978,0.940155,0.947594,0.960392,0.962607,0.959022,0.958030,0.957550,0.898383,0.951619,0.947442,0.938596,0.939869,0.940647,0.936972,0.930189,0.927233,0.926965,0.926274,0.934450,0.925439,0.925417,0.923753,0.923589,0.923159,0.922870,0.922825,0.922562,0.922947,0.947398,0.954150,0.967849,0.966638,0.962776,0.960630,0.958308,0.897221,0.953196,0.947212,0.941677,0.940711,0.940899,0.941091,0.932899,0.935311,0.928917,0.926900,0.942572,0.940628,0.939492,0.936524,0.932797,0.929081,0.927409,0.926831,0.926287,0.926612,0.957013,0.961577,0.971058,0.967709,0.965358,0.960533,0.961558,0.911408,0.952211,0.947988,0.943227,0.936148,0.942427,0.945732,0.942769,0.936261,0.939294,0.939296,0.963693,0.947453,0.945054,0.948846,0.945495,0.944647,0.942848,0.943649,0.942921,0.940968,0.972885,0.977392,1.000000,0.986140,0.978924,0.973185,0.969850,0.929473,0.966398,0.957128,0.954586,0.949185,0.948270,0.955806,0.947065,0.948753,0.947485,0.948175,0.939214,0.929460,0.929721,0.928926,0.929353,0.928928,0.928360,0.928219,0.927781,0.928061,0.944413,0.941681,0.947036,0.945175,0.941077,0.938542,0.936565,0.909823,0.935493,0.933598,0.929725,0.928210,0.927328,0.928576,0.930011,0.930479,0.930836,0.931389,0.942411,0.926963,0.926466,0.925701,0.926032,0.926303,0.926330,0.925874,0.925714,0.924945,0.944947,0.941181,0.944659,0.945911,0.942425,0.941792,0.937294,0.920297,0.934952,0.936179,0.933397,0.929579,0.928689,0.927250,0.925988,0.926264,0.927625,0.925611,0.947933,0.916363,0.916982,0.919272,0.918677,0.919417,0.921714,0.919917,0.918596,0.916670,0.947310,0.943245,0.940794,0.945047,0.948971,0.945626,0.940444,0.925742,0.940097,0.940012,0.936236,0.932576,0.934209,0.929238,0.925131,0.925046,0.923358,0.921298,0.960608,0.926948,0.930274,0.930944,0.930757,0.927509,0.929653,0.931601,0.928156,0.928532,0.952339,0.952344,0.951282,0.948251,0.958253,0.955951,0.954408,0.939763,0.951957,0.950977,0.947212,0.943611,0.946956,0.938736,0.938070,0.938736,0.937717,0.934681
allando_v_sin_a2_f7_v30,0.929694,0.926811,0.926331,0.925263,0.924917,0.924469,0.924063,0.923970,0.923791,0.923897,0.938105,0.941622,0.956835,0.962311,0.959714,0.961190,0.957590,0.896111,0.958726,0.948620,0.940517,0.944084,0.946331,0.941151,0.932370,0.929109,0.928590,0.927604,0.932414,0.926812,0.927063,0.925200,0.925090,0.924579,0.924027,0.924084,0.924039,0.924139,0.944032,0.948715,0.965261,0.966762,0.963772,0.965143,0.957952,0.895113,0.960530,0.950155,0.943356,0.943315,0.946204,0.945663,0.933455,0.936766,0.930076,0.928392,0.939008,0.939265,0.940601,0.935408,0.933384,0.929624,0.927840,0.927329,0.926685,0.927332,0.953712,0.956697,0.968676,0.969093,0.967308,0.965950,0.961687,0.909503,0.957745,0.951651,0.945017,0.942397,0.948971,0.949314,0.943631,0.935690,0.939263,0.940642,0.958824,0.946967,0.944121,0.950929,0.945767,0.943255,0.941291,0.941961,0.944381,0.940413,0.968253,0.968869,0.986140,1.000000,0.982664,0.979055,0.970315,0.926606,0.968016,0.961588,0.956476,0.956717,0.954135,0.959454,0.946774,0.947606,0.949041,0.948863,0.940956,0.932301,0.932685,0.931787,0.931847,0.931336,0.930965,0.930887,0.930500,0.930659,0.942415,0.941808,0.946763,0.946749,0.944707,0.941606,0.939632,0.910703,0.938656,0.936016,0.932946,0.930765,0.929930,0.931375,0.932938,0.933380,0.933470,0.934040,0.945528,0.929733,0.929139,0.928383,0.928693,0.929059,0.929040,0.928522,0.928424,0.927582,0.944268,0.940864,0.944798,0.946282,0.945415,0.944654,0.940363,0.922793,0.938747,0.938679,0.935689,0.933736,0.931450,0.930065,0.928530,0.929081,0.930438,0.928419,0.951866,0.917043,0.918105,0.919556,0.918560,0.918648,0.922103,0.921076,0.918421,0.916454,0.947837,0.944170,0.940391,0.944728,0.950044,0.951556,0.944846,0.927425,0.943521,0.942295,0.938835,0.935072,0.936205,0.932217,0.931455,0.931207,0.923873,0.923058,0.961165,0.928694,0.931760,0.929604,0.929907,0.926967,0.930366,0.930363,0.926054,0.925925,0.952564,0.953193,0.952067,0.948548,0.959878,0.959279,0.957271,0.940836,0.955818,0.954100,0.950260,0.945909,0.949356,0.940967,0.944093,0.944733,0.937076,0.937558
allando_v_sin_a2_f7_v35,0.924814,0.928289,0.927575,0.926836,0.926382,0.925871,0.925532,0.925484,0.925294,0.925385,0.933306,0.941482,0.949506,0.956704,0.962246,0.963272,0.960694,0.891711,0.955896,0.953643,0.944081,0.944217,0.945326,0.941766,0.933031,0.930119,0.930078,0.928975,0.928174,0.927976,0.927687,0.925542,0.925389,0.924902,0.924404,0.924531,0.924238,0.924650,0.940975,0.948046,0.957753,0.961126,0.967517,0.966308,0.962277,0.890670,0.957109,0.954322,0.947532,0.944932,0.945720,0.945124,0.936077,0.939218,0.931621,0.929585,0.936764,0.943145,0.942395,0.938675,0.936051,0.931599,0.929465,0.929251,0.928629,0.929053,0.950536,0.955401,0.960928,0.962666,0.971600,0.967288,0.965016,0.905882,0.956376,0.955262,0.949669,0.940566,0.947335,0.947878,0.947606,0.939020,0.942818,0.942828,0.957312,0.950947,0.946096,0.950299,0.948309,0.946181,0.945280,0.943782,0.944138,0.945158,0.965452,0.967196,0.978924,0.982664,1.000000,0.987127,0.979749,0.923404,0.976527,0.967674,0.963264,0.956821,0.955470,0.960054,0.952073,0.952323,0.953719,0.952729,0.937782,0.935956,0.936189,0.935236,0.935175,0.934652,0.934371,0.934691,0.933896,0.933999,0.941362,0.942190,0.945270,0.944091,0.942175,0.945644,0.946254,0.907498,0.944637,0.941220,0.936844,0.934857,0.934221,0.935330,0.936850,0.937272,0.937385,0.937876,0.942449,0.931934,0.931410,0.930728,0.931017,0.931498,0.931499,0.930982,0.930756,0.929969,0.945412,0.943360,0.946427,0.944927,0.943277,0.945342,0.947494,0.919378,0.945674,0.943331,0.939316,0.935651,0.934488,0.932954,0.931022,0.931474,0.932783,0.931146,0.949951,0.921086,0.921634,0.922756,0.921293,0.920681,0.923649,0.922194,0.921367,0.919582,0.948952,0.945625,0.943584,0.946380,0.948061,0.947393,0.949928,0.926014,0.948850,0.946253,0.942820,0.938014,0.939015,0.934464,0.928408,0.928947,0.926740,0.924903,0.963676,0.932670,0.936015,0.933040,0.932383,0.928469,0.933800,0.933249,0.931388,0.929702,0.953994,0.954575,0.954827,0.952198,0.957781,0.958352,0.961705,0.939600,0.962693,0.960956,0.956902,0.950582,0.952941,0.945343,0.942525,0.943518,0.942447,0.938471
allando_v_sin_a2_f7_v40,0.921982,0.931907,0.931319,0.930390,0.930034,0.929517,0.929113,0.928971,0.928783,0.928865,0.930902,0.936317,0.945297,0.951927,0.958287,0.965309,0.959205,0.888654,0.958771,0.952405,0.945648,0.948854,0.951388,0.947446,0.937172,0.933880,0.933743,0.932714,0.924978,0.931567,0.931163,0.928525,0.928399,0.927871,0.927273,0.927466,0.927282,0.927633,0.937506,0.943308,0.953767,0.956418,0.963509,0.970431,0.960262,0.887791,0.960281,0.953850,0.948445,0.948294,0.951499,0.949962,0.940128,0.943706,0.935169,0.933091,0.932570,0.946832,0.948369,0.941741,0.939816,0.935285,0.932829,0.932383,0.931789,0.932289,0.947666,0.950940,0.956436,0.958220,0.966196,0.971919,0.963338,0.902757,0.959102,0.955524,0.950586,0.946835,0.953064,0.953335,0.950771,0.940941,0.945372,0.946290,0.952450,0.955910,0.950539,0.954648,0.951643,0.948838,0.947570,0.947820,0.949263,0.947899,0.962802,0.962033,0.973185,0.979055,0.987127,1.000000,0.982014,0.919611,0.979967,0.970816,0.966198,0.965446,0.962291,0.965848,0.955140,0.954839,0.957402,0.956035,0.938596,0.939336,0.939769,0.938730,0.938570,0.938001,0.937931,0.938008,0.937299,0.937329,0.940238,0.941657,0.944924,0.944783,0.943631,0.946910,0.948167,0.906847,0.948269,0.944940,0.941335,0.939024,0.938125,0.939375,0.940913,0.941136,0.940715,0.941433,0.944514,0.935696,0.935268,0.934628,0.934741,0.935417,0.935278,0.934753,0.934614,0.933747,0.944842,0.943020,0.947174,0.945908,0.944528,0.946754,0.948675,0.919591,0.949340,0.946672,0.943593,0.940207,0.937983,0.936933,0.934983,0.935355,0.936588,0.935163,0.952043,0.924175,0.925219,0.927081,0.926150,0.925497,0.927805,0.926468,0.924448,0.922719,0.950039,0.947398,0.943959,0.947609,0.949090,0.948665,0.951099,0.926116,0.951117,0.948825,0.946121,0.940837,0.941317,0.938703,0.935703,0.935829,0.929834,0.929073,0.963672,0.936560,0.940460,0.938767,0.938068,0.933220,0.938251,0.937454,0.934086,0.932565,0.955298,0.956993,0.956975,0.954730,0.958884,0.959419,0.963515,0.940590,0.965683,0.964490,0.961159,0.954354,0.956341,0.949728,0.950071,0.950791,0.944554,0.944492
allando_v_sin_a2_f7_v45,0.916986,0.932286,0.931616,0.930776,0.930592,0.930183,0.929872,0.929768,0.929509,0.929470,0.926920,0.935556,0.941979,0.945571,0.951530,0.956131,0.966721,0.888203,0.959141,0.953981,0.945985,0.946543,0.948744,0.945591,0.936973,0.933803,0.934005,0.932871,0.919964,0.931469,0.930812,0.928079,0.927889,0.927429,0.926915,0.926938,0.926536,0.927226,0.934248,0.942545,0.949075,0.949783,0.956807,0.958555,0.969290,0.887100,0.960751,0.952895,0.948493,0.947154,0.950176,0.946695,0.937683,0.943686,0.935485,0.932971,0.927864,0.947857,0.946949,0.944185,0.940986,0.935824,0.933483,0.933098,0.932628,0.932893,0.944970,0.949228,0.951977,0.952386,0.959525,0.959730,0.970424,0.899779,0.960445,0.953847,0.950741,0.943651,0.950978,0.950641,0.949837,0.942598,0.946310,0.945517,0.948626,0.954206,0.951086,0.953077,0.952412,0.952779,0.951389,0.949806,0.947565,0.949277,0.956947,0.961641,0.969850,0.970315,0.979749,0.982014,1.000000,0.916886,0.984115,0.971260,0.967317,0.963394,0.960872,0.963500,0.959722,0.955953,0.956419,0.956547,0.934428,0.939162,0.939203,0.938374,0.938358,0.937943,0.937731,0.937707,0.937118,0.937244,0.940182,0.941331,0.944449,0.943211,0.940697,0.942168,0.944741,0.902310,0.946175,0.947272,0.945298,0.941948,0.942659,0.942186,0.942857,0.942121,0.941076,0.941105,0.940954,0.935737,0.935477,0.934568,0.935089,0.935617,0.935194,0.934488,0.934734,0.934362,0.945365,0.944177,0.946538,0.945584,0.943300,0.944261,0.945150,0.912598,0.946254,0.947663,0.946692,0.942513,0.939477,0.938166,0.935973,0.936624,0.936570,0.935568,0.948040,0.928021,0.927822,0.928549,0.928625,0.927414,0.929303,0.928487,0.927859,0.926912,0.948546,0.947115,0.944654,0.947711,0.948806,0.945682,0.944926,0.919903,0.950131,0.949751,0.948713,0.944072,0.942785,0.938972,0.934706,0.933955,0.934051,0.931091,0.963009,0.938811,0.942519,0.939428,0.941757,0.934890,0.945060,0.939138,0.941265,0.938070,0.953740,0.956036,0.957007,0.955841,0.958698,0.958321,0.960187,0.934382,0.964433,0.964789,0.964508,0.958345,0.957913,0.951317,0.949682,0.949450,0.952359,0.945076
allando_v_sin_a2_f7_v5,0.935933,0.865504,0.865749,0.864466,0.863585,0.863107,0.862559,0.862364,0.862112,0.862088,0.933680,0.929547,0.927274,0.919797,0.914249,0.914773,0.913741,0.960105,0.905549,0.899959,0.890912,0.887426,0.887682,0.879156,0.871205,0.868631,0.867400,0.866420,0.936380,0.865922,0.868500,0.869217,0.868923,0.868636,0.868437,0.868150,0.867929,0.867458,0.931336,0.926149,0.923571,0.914994,0.911975,0.912447,0.910429,0.958296,0.902722,0.896633,0.890838,0.884018,0.885159,0.881558,0.871728,0.872627,0.869672,0.867211,0.935120,0.872257,0.872469,0.869178,0.867871,0.866020,0.865850,0.865169,0.863738,0.864052,0.928658,0.925026,0.919896,0.911895,0.912967,0.912080,0.911962,0.962653,0.901300,0.897420,0.892788,0.881521,0.887515,0.884880,0.883955,0.874456,0.876182,0.875480,0.949147,0.880697,0.877502,0.882649,0.881770,0.878357,0.875823,0.875118,0.876333,0.872617,0.940216,0.931301,0.929473,0.926606,0.923404,0.919611,0.916886,1.000000,0.914114,0.905875,0.904536,0.896428,0.893804,0.898400,0.892771,0.889135,0.886507,0.887912,0.907882,0.861592,0.861821,0.860926,0.860940,0.860306,0.859704,0.859784,0.859714,0.859923,0.901886,0.891224,0.887092,0.882276,0.876546,0.874238,0.870993,0.928512,0.869518,0.867648,0.864298,0.861103,0.860637,0.861462,0.862801,0.863347,0.863126,0.862834,0.903451,0.858977,0.859016,0.858477,0.857641,0.857824,0.857151,0.857912,0.857670,0.856254,0.898354,0.886414,0.882613,0.879741,0.874716,0.874825,0.871875,0.927901,0.871319,0.870515,0.867318,0.864395,0.860935,0.859575,0.859295,0.859219,0.860493,0.857532,0.905500,0.848231,0.847983,0.849374,0.846949,0.846067,0.848603,0.848636,0.846279,0.843887,0.898740,0.889104,0.882189,0.881603,0.882515,0.878879,0.875499,0.927061,0.876127,0.875053,0.871075,0.868608,0.867213,0.863498,0.855527,0.856081,0.853823,0.853315,0.918864,0.860548,0.863508,0.858978,0.859659,0.856633,0.863801,0.860748,0.857823,0.855604,0.902129,0.897370,0.894954,0.887808,0.888914,0.887043,0.886991,0.942187,0.886547,0.885520,0.882582,0.879774,0.881510,0.874817,0.869346,0.871372,0.869388,0.867129
allando_v_sin_a2_f7_v50,0.915775,0.932080,0.931445,0.930784,0.930527,0.930149,0.929834,0.929796,0.929604,0.929645,0.925544,0.935466,0.941997,0.945454,0.949803,0.955855,0.960055,0.883626,0.958580,0.956498,0.952659,0.949896,0.950390,0.946904,0.936919,0.933420,0.933578,0.932511,0.919889,0.931393,0.930529,0.927838,0.927691,0.927313,0.926777,0.926918,0.926587,0.926941,0.933759,0.941715,0.948450,0.949643,0.954685,0.958851,0.962878,0.882359,0.960491,0.958372,0.955054,0.950964,0.951449,0.949528,0.939902,0.945454,0.935252,0.932789,0.929806,0.948513,0.948649,0.942145,0.941030,0.935495,0.933009,0.932510,0.931802,0.932463,0.943711,0.946898,0.951067,0.951540,0.957658,0.960349,0.963260,0.896858,0.963424,0.959129,0.957275,0.946483,0.952519,0.951576,0.951724,0.944418,0.948256,0.947743,0.948934,0.956187,0.952261,0.952923,0.952275,0.949277,0.948203,0.948333,0.948121,0.947984,0.955302,0.956444,0.966398,0.968016,0.976527,0.979967,0.984115,0.914114,1.000000,0.978113,0.974904,0.964641,0.963881,0.966044,0.960124,0.958111,0.959112,0.959246,0.932949,0.939427,0.939578,0.938767,0.938853,0.938347,0.938034,0.938189,0.937540,0.937708,0.936182,0.938571,0.943304,0.943623,0.941605,0.943022,0.944354,0.900540,0.946695,0.945750,0.945692,0.943809,0.942804,0.942745,0.943300,0.942712,0.941511,0.941658,0.939906,0.935816,0.935509,0.934906,0.935393,0.936071,0.935551,0.934933,0.935304,0.934933,0.941930,0.941541,0.944976,0.944582,0.943712,0.944459,0.944308,0.912155,0.947651,0.947251,0.946598,0.943780,0.940059,0.938812,0.936362,0.937247,0.936735,0.936287,0.947828,0.927695,0.929285,0.930162,0.928919,0.927840,0.928009,0.926672,0.925029,0.924182,0.947782,0.944507,0.943207,0.945694,0.947087,0.945820,0.944865,0.919867,0.949083,0.948893,0.948603,0.945584,0.943841,0.941115,0.933430,0.934518,0.931083,0.931136,0.963388,0.940549,0.947451,0.940322,0.943389,0.935585,0.942479,0.938138,0.936719,0.934708,0.954788,0.954220,0.954032,0.952033,0.956477,0.957806,0.959402,0.934345,0.962499,0.964350,0.964169,0.960328,0.959488,0.954102,0.948834,0.949660,0.946841,0.945294
allando_v_sin_a2_f7_v55,0.908517,0.928707,0.927940,0.927067,0.926882,0.926601,0.926295,0.926063,0.925816,0.925857,0.921710,0.929978,0.933287,0.936797,0.941670,0.945741,0.949404,0.873525,0.951904,0.964099,0.957814,0.952886,0.948760,0.945314,0.934123,0.930308,0.930646,0.929345,0.912580,0.927406,0.926661,0.923493,0.923350,0.922973,0.922406,0.922681,0.922527,0.922942,0.929891,0.933599,0.939268,0.941087,0.946762,0.949425,0.952484,0.872446,0.954364,0.966715,0.959578,0.954496,0.948610,0.946573,0.935080,0.940796,0.930851,0.928928,0.922222,0.942776,0.945144,0.939572,0.937075,0.931542,0.928832,0.927938,0.927674,0.928155,0.936294,0.936544,0.942757,0.943119,0.949452,0.953012,0.953022,0.887060,0.954093,0.969237,0.961661,0.950806,0.951177,0.949992,0.946597,0.937520,0.940220,0.940776,0.939006,0.950490,0.947213,0.952393,0.948505,0.946523,0.944747,0.944003,0.946039,0.943993,0.946936,0.946796,0.957128,0.961588,0.967674,0.970816,0.971260,0.905875,0.978113,1.000000,0.981335,0.969374,0.961860,0.967316,0.950088,0.950535,0.951024,0.951507,0.927101,0.934364,0.934720,0.933929,0.933703,0.933275,0.933296,0.933065,0.932484,0.932656,0.929269,0.931142,0.937813,0.937008,0.937969,0.938219,0.939617,0.894927,0.940812,0.938542,0.938276,0.938049,0.936315,0.936329,0.936861,0.936672,0.935934,0.936365,0.935089,0.931043,0.930595,0.930038,0.930372,0.931673,0.930767,0.930033,0.930495,0.930507,0.935175,0.933922,0.939672,0.939816,0.939870,0.939331,0.940323,0.908051,0.943493,0.940746,0.938557,0.939603,0.935541,0.934183,0.932024,0.932497,0.931996,0.932148,0.944645,0.919400,0.921091,0.922945,0.921374,0.922031,0.924975,0.924318,0.921751,0.920587,0.941923,0.939252,0.937600,0.940258,0.942587,0.944351,0.941478,0.914406,0.942367,0.941529,0.939979,0.940144,0.945001,0.942451,0.934254,0.933848,0.926921,0.925572,0.962239,0.931494,0.940251,0.934164,0.938729,0.933298,0.934204,0.933649,0.929767,0.928801,0.946715,0.950677,0.949762,0.946803,0.952423,0.953043,0.954808,0.928613,0.956634,0.956815,0.955256,0.954372,0.960482,0.954167,0.948997,0.948098,0.942059,0.941455
allando_v_sin_a2_f7_v60,0.906826,0.932166,0.931636,0.930942,0.930790,0.930516,0.930242,0.930083,0.929878,0.929956,0.919250,0.929753,0.932541,0.934219,0.938149,0.942871,0.947946,0.871364,0.948295,0.957754,0.968598,0.956792,0.952906,0.949437,0.937257,0.933639,0.934222,0.932818,0.910341,0.930886,0.930051,0.926937,0.926801,0.926384,0.925760,0.926180,0.926001,0.926644,0.928197,0.934688,0.939531,0.939088,0.944015,0.947109,0.951320,0.870473,0.950482,0.959252,0.970954,0.958821,0.953316,0.951654,0.939037,0.945358,0.934855,0.932380,0.921509,0.947473,0.949119,0.944420,0.941430,0.935934,0.933169,0.932573,0.932332,0.932688,0.936386,0.938024,0.942317,0.941300,0.947488,0.950527,0.952348,0.885914,0.951279,0.961491,0.973802,0.953661,0.954454,0.953292,0.952128,0.946094,0.946947,0.946537,0.938679,0.957073,0.953672,0.956020,0.954142,0.954550,0.952846,0.951836,0.952312,0.951689,0.946699,0.946718,0.954586,0.956476,0.963264,0.966198,0.967317,0.904536,0.974904,0.981335,1.000000,0.973091,0.967701,0.971400,0.958701,0.958108,0.958718,0.960850,0.928947,0.937093,0.937373,0.936621,0.936499,0.936096,0.936027,0.936175,0.935358,0.935427,0.934165,0.935443,0.939157,0.939133,0.938885,0.938974,0.940472,0.898036,0.942205,0.940252,0.941085,0.940323,0.939019,0.939077,0.939570,0.939507,0.938884,0.939120,0.936799,0.935310,0.934912,0.934450,0.934654,0.935886,0.935023,0.934362,0.934795,0.934806,0.939786,0.939301,0.942123,0.942893,0.941416,0.941384,0.941245,0.911363,0.944059,0.942978,0.941471,0.940767,0.938141,0.937170,0.935823,0.936259,0.935934,0.936502,0.945963,0.926455,0.928412,0.929334,0.927488,0.927756,0.929581,0.928947,0.928849,0.928466,0.944666,0.943719,0.943607,0.943626,0.945376,0.944330,0.941368,0.918011,0.943308,0.943333,0.941726,0.940780,0.946984,0.946081,0.935984,0.937876,0.931063,0.930292,0.962607,0.936883,0.946600,0.937838,0.942092,0.937534,0.938061,0.938458,0.937376,0.936575,0.950296,0.952617,0.953197,0.950183,0.952487,0.952955,0.955160,0.931418,0.956845,0.956892,0.955511,0.953289,0.962346,0.958850,0.950794,0.952272,0.946009,0.944817
allando_v_sin_a2_f7_v65,0.905402,0.931594,0.930905,0.929590,0.929811,0.929590,0.929260,0.928968,0.928755,0.928610,0.915201,0.917891,0.924357,0.929419,0.934368,0.941958,0.943550,0.864654,0.950499,0.946971,0.949354,0.961701,0.962852,0.955692,0.938113,0.933730,0.934357,0.932629,0.907544,0.930454,0.928926,0.925749,0.925466,0.924985,0.924282,0.924328,0.924324,0.924483,0.920093,0.925019,0.932523,0.934488,0.940391,0.947214,0.945125,0.864038,0.953194,0.949207,0.950758,0.959289,0.962304,0.958745,0.942449,0.947497,0.934474,0.931962,0.915607,0.948016,0.952111,0.944861,0.940527,0.935056,0.931886,0.931109,0.930700,0.930939,0.929886,0.931279,0.935531,0.938343,0.943347,0.950130,0.947722,0.879842,0.950779,0.952972,0.952617,0.965998,0.964371,0.962938,0.952462,0.944395,0.946618,0.948597,0.933830,0.957503,0.954732,0.959078,0.954833,0.951580,0.951414,0.952231,0.955517,0.950896,0.942252,0.940459,0.949185,0.956717,0.956821,0.965446,0.963394,0.896428,0.964641,0.969374,0.973091,1.000000,0.980394,0.980485,0.959725,0.960394,0.960875,0.958730,0.932436,0.935164,0.935502,0.934675,0.934647,0.934130,0.934140,0.933669,0.933442,0.933382,0.930087,0.933290,0.937262,0.935981,0.936615,0.937123,0.938698,0.892601,0.939786,0.939444,0.939550,0.937330,0.936876,0.937056,0.937967,0.937754,0.936808,0.937169,0.942056,0.933277,0.932947,0.932517,0.932777,0.933526,0.932692,0.932195,0.932426,0.932651,0.935829,0.936205,0.939780,0.940422,0.937932,0.939910,0.940099,0.907563,0.940698,0.941104,0.939214,0.939571,0.935451,0.934870,0.933421,0.933799,0.933811,0.934425,0.948494,0.927575,0.928100,0.929840,0.927698,0.928130,0.930707,0.931276,0.927678,0.926115,0.941338,0.942192,0.939288,0.941264,0.943524,0.943044,0.940424,0.913251,0.941097,0.941254,0.939729,0.937083,0.940730,0.942309,0.949572,0.945901,0.935765,0.933532,0.952305,0.939054,0.942256,0.939748,0.939121,0.936082,0.937558,0.937398,0.934348,0.933319,0.948899,0.950951,0.950112,0.946827,0.950503,0.949171,0.952069,0.925865,0.953800,0.953722,0.952733,0.949502,0.955769,0.954095,0.963383,0.959416,0.948395,0.950262
allando_v_sin_a2_f7_v70,0.905784,0.937388,0.936730,0.935718,0.935947,0.935798,0.935522,0.935328,0.935198,0.935097,0.914143,0.918795,0.925480,0.930031,0.935376,0.943104,0.945269,0.865564,0.949960,0.945167,0.947836,0.957408,0.963767,0.957197,0.942724,0.938672,0.939505,0.938228,0.907444,0.936564,0.934526,0.931211,0.931050,0.930663,0.929979,0.930039,0.929995,0.930238,0.919857,0.926403,0.933541,0.935325,0.941163,0.948132,0.946945,0.864918,0.951591,0.948217,0.950306,0.955955,0.965817,0.961371,0.948586,0.953012,0.940384,0.937871,0.915941,0.952768,0.956092,0.948534,0.946491,0.941497,0.937994,0.937439,0.936948,0.937381,0.930376,0.932317,0.936125,0.938597,0.944959,0.949627,0.949225,0.878676,0.949874,0.949803,0.951424,0.957517,0.967186,0.962077,0.956609,0.951025,0.954231,0.955606,0.933435,0.962515,0.961356,0.962686,0.959546,0.956373,0.956031,0.955834,0.958321,0.954791,0.940612,0.939833,0.948270,0.954135,0.955470,0.962291,0.960872,0.893804,0.963881,0.961860,0.967701,0.980394,1.000000,0.981879,0.968331,0.968745,0.969034,0.968452,0.934377,0.941420,0.941664,0.940920,0.940992,0.940531,0.940355,0.939998,0.939780,0.939860,0.933523,0.936438,0.940474,0.941183,0.940876,0.941816,0.943320,0.892449,0.945447,0.945343,0.945035,0.944119,0.944332,0.943848,0.944548,0.944149,0.943189,0.943316,0.943664,0.940036,0.939761,0.939456,0.939775,0.940411,0.939734,0.939059,0.939430,0.939776,0.940375,0.940775,0.943934,0.944478,0.942635,0.945228,0.944116,0.905745,0.945640,0.947181,0.945550,0.946455,0.942692,0.941610,0.940300,0.940890,0.940540,0.941312,0.949744,0.937975,0.938972,0.939092,0.936645,0.936160,0.937159,0.937142,0.934574,0.933659,0.945702,0.946053,0.943614,0.945863,0.947315,0.946067,0.943269,0.912248,0.946787,0.947120,0.946459,0.946407,0.945624,0.947448,0.950320,0.949330,0.941482,0.941421,0.953762,0.949651,0.951790,0.944296,0.946307,0.940888,0.947496,0.943988,0.942035,0.940955,0.953825,0.953866,0.953688,0.950950,0.953329,0.952718,0.955254,0.923146,0.957173,0.958549,0.957150,0.957573,0.959017,0.958307,0.963994,0.962524,0.953394,0.955077
allando_v_sin_a2_f7_v75,0.912689,0.943055,0.942393,0.941149,0.941568,0.941414,0.941003,0.940806,0.940609,0.940565,0.918186,0.924734,0.930938,0.937724,0.939696,0.947324,0.948793,0.869861,0.952555,0.951438,0.952990,0.961770,0.963962,0.962291,0.947903,0.944193,0.945305,0.943853,0.913727,0.942031,0.940224,0.936641,0.936468,0.936101,0.935449,0.935525,0.935423,0.935745,0.923959,0.931676,0.939239,0.943075,0.945348,0.951249,0.950513,0.869197,0.954681,0.953768,0.955410,0.962334,0.963877,0.965416,0.954641,0.959571,0.945882,0.943215,0.922810,0.960612,0.962426,0.954617,0.952111,0.946843,0.943344,0.942523,0.942365,0.942692,0.933612,0.937784,0.942299,0.946414,0.948926,0.953014,0.953134,0.882794,0.953525,0.956808,0.956779,0.961126,0.965902,0.972277,0.964142,0.956430,0.956902,0.959535,0.939837,0.971207,0.969122,0.970145,0.967892,0.962017,0.963018,0.961000,0.963432,0.960004,0.944946,0.945789,0.955806,0.959454,0.960054,0.965848,0.963500,0.898400,0.966044,0.967316,0.971400,0.980485,0.981879,1.000000,0.976294,0.977202,0.972837,0.971022,0.940052,0.947378,0.947782,0.946864,0.947004,0.946459,0.946307,0.945909,0.945468,0.945575,0.938604,0.941860,0.948254,0.948279,0.949023,0.949073,0.949543,0.898795,0.951182,0.950471,0.949417,0.948434,0.947496,0.948182,0.949276,0.949439,0.949028,0.949325,0.949553,0.945835,0.945445,0.945232,0.945512,0.946099,0.945576,0.944832,0.945140,0.945215,0.946044,0.946493,0.951122,0.952727,0.950896,0.952618,0.951224,0.911992,0.951759,0.953128,0.950383,0.949712,0.947680,0.946949,0.945804,0.946223,0.946416,0.946999,0.955571,0.940845,0.941335,0.943976,0.942892,0.943412,0.944024,0.943530,0.939762,0.938504,0.953200,0.952136,0.950699,0.952782,0.954908,0.953840,0.950478,0.918527,0.951912,0.952612,0.950984,0.948661,0.951758,0.953654,0.955177,0.955378,0.950044,0.948007,0.960134,0.949873,0.954376,0.953151,0.953663,0.949847,0.949609,0.951223,0.945760,0.945899,0.960139,0.961426,0.960632,0.957187,0.961612,0.959922,0.963319,0.928908,0.963082,0.963465,0.961629,0.959895,0.964631,0.964046,0.968054,0.967096,0.960275,0.961531
allando_v_sin_a2_f7_v80,0.910512,0.939126,0.938320,0.937485,0.937975,0.937712,0.937330,0.937228,0.937106,0.936969,0.908685,0.919160,0.926348,0.933652,0.932310,0.941165,0.947269,0.866289,0.944856,0.940880,0.943201,0.947947,0.953769,0.952999,0.941970,0.938582,0.940261,0.939318,0.911171,0.937694,0.935591,0.932374,0.932168,0.931883,0.931303,0.931206,0.930899,0.931103,0.914928,0.927764,0.933812,0.938360,0.937481,0.943070,0.949414,0.865548,0.946144,0.943879,0.946939,0.949019,0.956209,0.954511,0.953639,0.959025,0.943180,0.938950,0.921265,0.954433,0.954033,0.949100,0.949066,0.942690,0.939469,0.939096,0.938714,0.938922,0.926973,0.933630,0.935098,0.941297,0.941623,0.943155,0.950907,0.878623,0.946014,0.946498,0.948776,0.944434,0.955886,0.957560,0.965894,0.958473,0.955356,0.955368,0.941513,0.964591,0.963484,0.963218,0.968070,0.958022,0.960659,0.957259,0.955708,0.955323,0.936188,0.938310,0.947065,0.946774,0.952073,0.955140,0.959722,0.892771,0.960124,0.950088,0.958701,0.959725,0.968331,0.976294,1.000000,0.978529,0.970962,0.968561,0.933324,0.944115,0.944310,0.943421,0.943450,0.942981,0.942865,0.942583,0.941851,0.942199,0.932396,0.933898,0.941244,0.943569,0.942674,0.943040,0.944209,0.891322,0.947796,0.948386,0.948009,0.945996,0.945660,0.945882,0.946917,0.946539,0.945977,0.945910,0.942038,0.942567,0.942332,0.942218,0.942535,0.942656,0.942392,0.941862,0.942084,0.942276,0.940904,0.941284,0.943699,0.947421,0.946271,0.948128,0.945974,0.902556,0.948151,0.949935,0.950326,0.946721,0.944876,0.943917,0.942743,0.943518,0.943301,0.943585,0.945040,0.940565,0.939177,0.939877,0.940868,0.938475,0.939695,0.939533,0.936511,0.936299,0.946818,0.945946,0.944896,0.946022,0.949354,0.945605,0.943273,0.911144,0.950231,0.949677,0.950921,0.947945,0.945693,0.947596,0.943167,0.945016,0.951622,0.951743,0.951962,0.947224,0.950481,0.945275,0.949126,0.941319,0.953820,0.943929,0.947066,0.941723,0.956503,0.954323,0.953556,0.949366,0.955046,0.954026,0.954987,0.920767,0.958060,0.959318,0.960204,0.957330,0.957612,0.959097,0.955234,0.956523,0.961472,0.958593
allando_v_sin_a2_f7_v85,0.910634,0.942486,0.941725,0.940705,0.941362,0.941347,0.940965,0.940816,0.940701,0.940675,0.909669,0.919245,0.924513,0.933596,0.933818,0.941372,0.943452,0.863794,0.940861,0.943136,0.945952,0.952277,0.955275,0.957591,0.945315,0.942204,0.944386,0.943127,0.911054,0.941959,0.938907,0.935229,0.935059,0.934753,0.934280,0.934176,0.933900,0.934230,0.916109,0.926087,0.932637,0.939578,0.939966,0.944112,0.945161,0.863205,0.943198,0.946937,0.948444,0.955802,0.956128,0.961459,0.958346,0.963443,0.946977,0.942698,0.921410,0.962590,0.961119,0.953851,0.952484,0.947051,0.943621,0.942856,0.942547,0.942769,0.926733,0.932754,0.935930,0.943255,0.945609,0.943780,0.948167,0.876177,0.943538,0.948204,0.949454,0.949196,0.956099,0.962740,0.967192,0.966950,0.963822,0.965321,0.937698,0.972881,0.973764,0.966740,0.969971,0.960370,0.963528,0.959839,0.959913,0.958170,0.937353,0.939253,0.948753,0.947606,0.952323,0.954839,0.955953,0.889135,0.958111,0.950535,0.958108,0.960394,0.968745,0.977202,0.978529,1.000000,0.981847,0.978503,0.935611,0.947712,0.947784,0.946983,0.947161,0.946695,0.946329,0.945948,0.945397,0.945708,0.935049,0.937150,0.944186,0.946230,0.946838,0.948990,0.949107,0.892458,0.951320,0.950976,0.948551,0.948102,0.947196,0.947688,0.948907,0.949260,0.948937,0.949364,0.944039,0.945421,0.945040,0.944990,0.945213,0.945528,0.945455,0.944656,0.944790,0.945076,0.944124,0.943567,0.947852,0.949974,0.948269,0.952540,0.950283,0.904035,0.950149,0.953211,0.950168,0.947941,0.947016,0.946102,0.944846,0.945585,0.945943,0.946474,0.947905,0.950527,0.948943,0.949618,0.946392,0.946657,0.944630,0.943203,0.940450,0.939248,0.950129,0.949057,0.948134,0.950665,0.951516,0.948216,0.947451,0.912200,0.950267,0.952272,0.950647,0.948936,0.949860,0.952089,0.946973,0.949704,0.955026,0.954474,0.952762,0.959374,0.959888,0.954531,0.954228,0.948314,0.949063,0.950642,0.945745,0.947460,0.962152,0.957125,0.955764,0.952068,0.956725,0.954811,0.959027,0.919818,0.958717,0.961598,0.958907,0.958582,0.960447,0.962403,0.959876,0.960935,0.964286,0.965278
allando_v_sin_a2_f7_v90,0.903983,0.945819,0.944979,0.944239,0.944647,0.944555,0.944342,0.944233,0.944149,0.944101,0.910809,0.919090,0.925237,0.931432,0.937125,0.942607,0.945273,0.860998,0.943374,0.943196,0.946189,0.953223,0.958706,0.959369,0.949005,0.945707,0.947524,0.946561,0.904951,0.945755,0.942666,0.939056,0.938895,0.938507,0.937916,0.937949,0.937794,0.938048,0.917847,0.926320,0.934234,0.937577,0.943198,0.947246,0.947145,0.860400,0.945636,0.946959,0.948832,0.954396,0.960024,0.963596,0.955585,0.961857,0.948987,0.946219,0.915708,0.964053,0.963735,0.957272,0.956282,0.950898,0.947584,0.947052,0.946744,0.947100,0.928719,0.933458,0.936948,0.940210,0.948517,0.947544,0.950647,0.874396,0.944687,0.946764,0.950547,0.948922,0.959594,0.961418,0.965833,0.961582,0.972097,0.972716,0.930936,0.978424,0.974538,0.970959,0.970686,0.965760,0.966624,0.964156,0.964018,0.963386,0.939409,0.938974,0.947485,0.949041,0.953719,0.957402,0.956419,0.886507,0.959112,0.951024,0.958718,0.960875,0.969034,0.972837,0.970962,0.981847,1.000000,0.988208,0.933291,0.952014,0.952030,0.951295,0.951320,0.950926,0.950585,0.950371,0.950016,0.950127,0.937511,0.939452,0.945759,0.948795,0.948931,0.952271,0.953891,0.890980,0.954939,0.954522,0.952616,0.951400,0.950979,0.951523,0.952984,0.953450,0.953172,0.953404,0.943135,0.949847,0.949619,0.949532,0.949681,0.950092,0.950030,0.949246,0.949372,0.949565,0.945883,0.945700,0.949249,0.951384,0.950101,0.954288,0.953388,0.903381,0.953229,0.956138,0.954072,0.951572,0.951054,0.950285,0.949174,0.950206,0.950342,0.950874,0.949363,0.957151,0.958960,0.955961,0.950311,0.949647,0.948769,0.946840,0.945575,0.944302,0.951750,0.951679,0.950161,0.952523,0.953899,0.951263,0.951412,0.912043,0.953774,0.955320,0.954817,0.951014,0.952776,0.954665,0.950923,0.952896,0.951510,0.952456,0.953101,0.970325,0.969099,0.956156,0.955497,0.949462,0.953419,0.953428,0.950503,0.952814,0.963793,0.958765,0.957864,0.955211,0.957766,0.956156,0.960196,0.919975,0.961384,0.964335,0.962349,0.959467,0.962743,0.963239,0.963004,0.964302,0.961708,0.963010
allando_v_sin_a2_f7_v95,0.902849,0.947315,0.946467,0.945801,0.946237,0.946157,0.945941,0.945828,0.945751,0.945720,0.912041,0.920930,0.927188,0.930798,0.936994,0.941684,0.946158,0.861602,0.943934,0.944444,0.949079,0.953016,0.957273,0.959400,0.950200,0.946805,0.948452,0.947874,0.904139,0.947105,0.944081,0.940518,0.940363,0.939948,0.939386,0.939438,0.939349,0.939730,0.919467,0.927911,0.935343,0.937004,0.942846,0.946340,0.948292,0.861071,0.946251,0.947725,0.951953,0.954604,0.959452,0.963844,0.953722,0.961187,0.949767,0.947441,0.915310,0.965305,0.964709,0.958731,0.957421,0.952265,0.948968,0.948635,0.948371,0.948668,0.930298,0.933959,0.938313,0.939297,0.947652,0.946876,0.951040,0.875566,0.945675,0.947156,0.953421,0.948276,0.958743,0.960633,0.962623,0.962372,0.970779,0.971541,0.930306,0.980264,0.977940,0.973027,0.971588,0.969974,0.969240,0.966905,0.965585,0.964436,0.939162,0.939937,0.948175,0.948863,0.952729,0.956035,0.956547,0.887912,0.959246,0.951507,0.960850,0.958730,0.968452,0.971022,0.968561,0.978503,0.988208,1.000000,0.932698,0.953100,0.953192,0.952531,0.952583,0.952190,0.951830,0.951667,0.951271,0.951365,0.939341,0.940392,0.946678,0.949801,0.949667,0.952453,0.954285,0.891637,0.955500,0.955240,0.953883,0.952971,0.952596,0.952952,0.954091,0.954435,0.953989,0.954337,0.942646,0.951560,0.951409,0.951158,0.951371,0.951764,0.951660,0.950825,0.951108,0.951306,0.947436,0.946915,0.950630,0.952828,0.951445,0.955201,0.953660,0.903621,0.953861,0.957140,0.955376,0.952935,0.952746,0.952064,0.950902,0.951883,0.951864,0.952287,0.949421,0.956965,0.958860,0.957077,0.952083,0.951249,0.949916,0.948206,0.948176,0.947106,0.952865,0.952805,0.951587,0.954022,0.955478,0.952626,0.951766,0.912399,0.954695,0.956405,0.954977,0.953069,0.954426,0.955376,0.950928,0.954185,0.950939,0.951768,0.954148,0.969037,0.969648,0.956655,0.957587,0.951390,0.955831,0.955248,0.953147,0.955732,0.963106,0.960148,0.959292,0.956655,0.958925,0.957688,0.961200,0.921304,0.961777,0.964656,0.961116,0.960287,0.963443,0.962632,0.962269,0.965359,0.960984,0.961814
allando_v_sin_a8_f1_v10,0.943626,0.930112,0.930086,0.929134,0.928946,0.928797,0.928368,0.928257,0.927998,0.927992,0.940662,0.941975,0.947526,0.951130,0.952372,0.957446,0.954895,0.906201,0.953343,0.948461,0.943890,0.946686,0.950574,0.945348,0.933503,0.931389,0.931869,0.930667,0.933757,0.923294,0.923965,0.921042,0.920991,0.920644,0.919656,0.919724,0.919814,0.921424,0.934693,0.937355,0.940014,0.941417,0.940256,0.943902,0.939237,0.897755,0.937555,0.934118,0.932643,0.934630,0.938052,0.938889,0.932892,0.934092,0.926924,0.925396,0.936604,0.930884,0.932448,0.927491,0.926745,0.923643,0.921923,0.922455,0.922041,0.922463,0.936680,0.938489,0.937960,0.939104,0.940350,0.940841,0.939578,0.904803,0.932303,0.933716,0.930338,0.929540,0.938257,0.939751,0.939944,0.931800,0.930600,0.932564,0.940456,0.930470,0.929357,0.932293,0.933256,0.927073,0.928463,0.926309,0.929394,0.926187,0.937643,0.936738,0.939214,0.940956,0.937782,0.938596,0.934428,0.907882,0.932949,0.927101,0.928947,0.932436,0.934377,0.940052,0.933324,0.935611,0.933291,0.932698,1.000000,0.941226,0.941006,0.939655,0.939703,0.938896,0.938285,0.938290,0.938536,0.938703,0.973188,0.966250,0.962161,0.956498,0.954472,0.951597,0.949784,0.946181,0.949498,0.947713,0.942653,0.941415,0.939966,0.941262,0.942587,0.942787,0.942749,0.942253,0.956056,0.929078,0.928443,0.928488,0.927845,0.928067,0.927419,0.927436,0.926414,0.926130,0.950575,0.943505,0.941222,0.940896,0.935736,0.938639,0.936487,0.931945,0.934957,0.936103,0.932241,0.929941,0.929857,0.928674,0.928298,0.928091,0.929327,0.929061,0.956076,0.922058,0.921658,0.923080,0.920538,0.920201,0.921939,0.922352,0.919595,0.917963,0.950503,0.945739,0.941672,0.940797,0.940836,0.936938,0.935040,0.929819,0.935883,0.936276,0.933698,0.930578,0.932051,0.933285,0.931064,0.931602,0.930884,0.928799,0.952130,0.921520,0.923434,0.919894,0.920109,0.917557,0.920766,0.921505,0.917767,0.917116,0.948670,0.945620,0.942137,0.935735,0.936496,0.932947,0.935607,0.929733,0.935306,0.934792,0.932300,0.930385,0.933780,0.933426,0.933517,0.934336,0.932548,0.931406
allando_v_sin_a8_f1_v100,0.890390,0.961793,0.961705,0.962967,0.963309,0.963276,0.963355,0.963353,0.963326,0.963331,0.905050,0.913444,0.922106,0.929172,0.936893,0.941121,0.946884,0.853173,0.948569,0.947252,0.947931,0.952785,0.957797,0.964991,0.962873,0.962217,0.963421,0.962188,0.882809,0.956075,0.955379,0.952515,0.951823,0.951583,0.950871,0.951601,0.951955,0.952527,0.903525,0.913735,0.921920,0.926953,0.933104,0.937871,0.941121,0.846870,0.941661,0.940622,0.941863,0.945854,0.949984,0.952907,0.947675,0.959060,0.957196,0.958302,0.891864,0.960639,0.961584,0.957737,0.960803,0.957563,0.957950,0.958154,0.958613,0.958383,0.913146,0.917721,0.923453,0.927747,0.934828,0.936921,0.940857,0.856211,0.937862,0.939293,0.940245,0.936016,0.947066,0.950798,0.952727,0.949462,0.955227,0.957090,0.903862,0.955631,0.955159,0.956259,0.956781,0.954686,0.956589,0.955374,0.955756,0.955575,0.916436,0.919984,0.929460,0.932301,0.935956,0.939336,0.939162,0.861592,0.939427,0.934364,0.937093,0.935164,0.941420,0.947378,0.944115,0.947712,0.952014,0.953100,0.941226,1.000000,0.991796,0.992303,0.983327,0.983129,0.991278,0.991630,0.983346,0.983400,0.951610,0.955894,0.967660,0.971546,0.973274,0.975938,0.980567,0.900058,0.982559,0.982524,0.980907,0.980843,0.981014,0.982699,0.983754,0.984398,0.984810,0.990953,0.940660,0.969264,0.968968,0.969477,0.968932,0.969575,0.969925,0.968656,0.969249,0.968775,0.947346,0.951176,0.958431,0.962058,0.962896,0.965303,0.965485,0.898632,0.966208,0.969081,0.968288,0.966890,0.969200,0.968625,0.967225,0.968524,0.968731,0.969352,0.945716,0.958523,0.959623,0.961147,0.961048,0.960610,0.961835,0.960631,0.960199,0.958879,0.952018,0.956705,0.956419,0.960226,0.962785,0.961868,0.962407,0.904326,0.964605,0.965369,0.965349,0.963369,0.966262,0.966036,0.962353,0.964552,0.960889,0.960092,0.946172,0.955961,0.959323,0.957148,0.958876,0.955180,0.960253,0.958925,0.956959,0.957200,0.953043,0.958483,0.959629,0.957353,0.962417,0.961554,0.964243,0.908706,0.964325,0.965175,0.964080,0.961650,0.964382,0.962189,0.961343,0.963185,0.960555,0.959942
allando_v_sin_a8_f1_v105,0.890502,0.962216,0.962387,0.963913,0.964139,0.963973,0.964075,0.964224,0.964192,0.964195,0.904735,0.913141,0.921957,0.929037,0.936652,0.941152,0.946644,0.853118,0.948424,0.946970,0.947782,0.952641,0.957570,0.965051,0.962797,0.962440,0.963926,0.962670,0.883005,0.956364,0.956518,0.952813,0.952348,0.952012,0.951247,0.951911,0.952447,0.953202,0.903493,0.913692,0.922162,0.927170,0.933074,0.938035,0.940931,0.847099,0.941719,0.940616,0.941757,0.945717,0.949914,0.952981,0.947725,0.959508,0.957501,0.958448,0.892003,0.960694,0.962033,0.957952,0.961342,0.958253,0.958622,0.959070,0.959493,0.959511,0.912973,0.917700,0.923621,0.927924,0.934891,0.937191,0.940777,0.856180,0.938048,0.939422,0.940332,0.936126,0.947201,0.951014,0.952947,0.949550,0.955068,0.957170,0.904142,0.955922,0.955581,0.956617,0.957188,0.954927,0.956897,0.955529,0.955936,0.955922,0.916528,0.920161,0.929721,0.932685,0.936189,0.939769,0.939203,0.861821,0.939578,0.934720,0.937373,0.935502,0.941664,0.947782,0.944310,0.947784,0.952030,0.953192,0.941006,0.991796,1.000000,0.993363,0.983628,0.983413,0.992564,0.991043,0.984012,0.984008,0.951147,0.955564,0.967543,0.971448,0.973328,0.975919,0.980373,0.899855,0.983006,0.982330,0.980913,0.980922,0.980849,0.982713,0.983714,0.984429,0.984808,0.990710,0.940784,0.969456,0.969394,0.969734,0.969439,0.970229,0.970450,0.969248,0.969756,0.969328,0.947301,0.951028,0.958446,0.962097,0.962906,0.965472,0.965639,0.898775,0.966459,0.969143,0.968386,0.967046,0.969632,0.969082,0.967728,0.968799,0.968962,0.969847,0.945767,0.958580,0.959769,0.961333,0.961285,0.960944,0.962233,0.960988,0.960411,0.959063,0.951812,0.956454,0.956205,0.960005,0.962818,0.962113,0.962515,0.904371,0.964680,0.965421,0.965416,0.963459,0.966455,0.966389,0.962699,0.964945,0.961151,0.960258,0.946318,0.956146,0.959728,0.957719,0.959405,0.955709,0.960602,0.959307,0.957244,0.957525,0.953188,0.958627,0.959749,0.957443,0.962762,0.961961,0.964649,0.908890,0.964713,0.965460,0.964414,0.961913,0.964757,0.962550,0.961793,0.963714,0.960914,0.960426
allando_v_sin_a8_f1_v110,0.889095,0.962509,0.962674,0.964229,0.964484,0.964425,0.964472,0.964596,0.964576,0.964578,0.903696,0.912472,0.920993,0.928089,0.935452,0.939769,0.945539,0.852328,0.947396,0.946228,0.947105,0.951815,0.956750,0.964375,0.962948,0.962492,0.963841,0.962588,0.881869,0.956907,0.956761,0.953341,0.952843,0.952605,0.951771,0.952480,0.952992,0.953840,0.902622,0.913183,0.921414,0.926424,0.932279,0.937143,0.940297,0.846572,0.940968,0.940076,0.941273,0.945219,0.949271,0.952414,0.947268,0.959177,0.957640,0.958799,0.890792,0.960749,0.961979,0.958214,0.961566,0.958522,0.958910,0.959197,0.959895,0.959906,0.912285,0.917026,0.922838,0.927076,0.934036,0.936216,0.940007,0.855363,0.937091,0.938721,0.939688,0.935487,0.946368,0.950264,0.952144,0.948954,0.954668,0.956650,0.903012,0.955717,0.955460,0.956542,0.956976,0.954827,0.956810,0.955543,0.955964,0.956091,0.915655,0.919477,0.928926,0.931787,0.935236,0.938730,0.938374,0.860926,0.938767,0.933929,0.936621,0.934675,0.940920,0.946864,0.943421,0.946983,0.951295,0.952531,0.939655,0.992303,0.993363,1.000000,0.983977,0.983899,0.994033,0.991733,0.984321,0.984304,0.950106,0.954437,0.966645,0.970721,0.972631,0.975319,0.980013,0.899203,0.982314,0.981970,0.980597,0.980728,0.980704,0.982574,0.983544,0.984264,0.984517,0.990535,0.939773,0.969806,0.969674,0.970193,0.969938,0.970601,0.970873,0.969675,0.970210,0.969783,0.946542,0.950565,0.958059,0.961685,0.962577,0.965085,0.965283,0.898247,0.966052,0.969030,0.968356,0.967041,0.969685,0.969055,0.967828,0.968916,0.969141,0.969888,0.944813,0.958373,0.959653,0.961511,0.961551,0.961343,0.962562,0.961336,0.960857,0.959478,0.951147,0.956020,0.955869,0.959742,0.962525,0.961775,0.962319,0.903841,0.964428,0.965163,0.965252,0.963425,0.966478,0.966200,0.962512,0.964781,0.960873,0.959981,0.945355,0.955817,0.959514,0.957952,0.959661,0.955938,0.960829,0.959609,0.957517,0.957837,0.952246,0.957879,0.959101,0.957040,0.962378,0.961608,0.964308,0.908243,0.964303,0.965060,0.964093,0.961737,0.964568,0.962233,0.961429,0.963274,0.960513,0.959965
allando_v_sin_a8_f1_v115,0.889277,0.963049,0.962884,0.962535,0.963182,0.963324,0.963147,0.963218,0.963252,0.963421,0.903903,0.913956,0.922012,0.928813,0.935999,0.940152,0.945959,0.852670,0.947514,0.946265,0.947273,0.951888,0.956772,0.963098,0.962802,0.961314,0.963439,0.963038,0.881429,0.957682,0.955502,0.951933,0.951825,0.951383,0.950537,0.951147,0.951538,0.952269,0.902211,0.914224,0.921552,0.926498,0.932318,0.937086,0.940525,0.846554,0.941199,0.939904,0.941234,0.945251,0.949293,0.952609,0.947358,0.959330,0.956170,0.957230,0.890874,0.960857,0.961885,0.958129,0.961930,0.959019,0.957355,0.958138,0.958665,0.958861,0.912218,0.918379,0.923297,0.927512,0.934262,0.936250,0.940132,0.855616,0.937324,0.938523,0.939626,0.935450,0.946377,0.950351,0.952186,0.949033,0.954693,0.956583,0.902963,0.955662,0.955596,0.956591,0.957145,0.954625,0.956718,0.955445,0.955954,0.956234,0.915495,0.920767,0.929353,0.931847,0.935175,0.938570,0.938358,0.860940,0.938853,0.933703,0.936499,0.934647,0.940992,0.947004,0.943450,0.947161,0.951320,0.952583,0.939703,0.983327,0.983628,0.983977,1.000000,0.990700,0.984344,0.984637,0.990819,0.991285,0.950282,0.955822,0.967479,0.971050,0.972953,0.975617,0.980090,0.899229,0.982215,0.982274,0.980899,0.981065,0.981263,0.983361,0.984261,0.985274,0.985773,0.984144,0.939312,0.969541,0.969003,0.969203,0.969836,0.970896,0.970959,0.970032,0.969730,0.969655,0.945970,0.951337,0.958417,0.961747,0.962610,0.965272,0.965202,0.897789,0.965982,0.969105,0.968425,0.967240,0.969520,0.968922,0.968138,0.968053,0.968696,0.969960,0.944620,0.958737,0.960040,0.961527,0.961895,0.961392,0.962574,0.961351,0.960719,0.959386,0.951064,0.955969,0.956583,0.960633,0.962939,0.962102,0.962382,0.903825,0.964403,0.965387,0.965439,0.963642,0.966589,0.966348,0.962600,0.964806,0.960960,0.960057,0.945072,0.955926,0.959826,0.957902,0.959722,0.955977,0.960842,0.959466,0.957262,0.957741,0.952217,0.957827,0.959225,0.958151,0.962810,0.961904,0.964562,0.908057,0.964363,0.965250,0.964283,0.961838,0.964624,0.962398,0.961468,0.963390,0.960655,0.960006
allando_v_sin_a8_f1_v120,0.888411,0.962730,0.962473,0.962504,0.963006,0.963227,0.962984,0.963055,0.963133,0.963260,0.903398,0.913429,0.921320,0.928081,0.935291,0.939415,0.945393,0.852022,0.946896,0.945838,0.946839,0.951473,0.956286,0.962586,0.962449,0.961288,0.963123,0.962707,0.880610,0.957475,0.955122,0.951961,0.951838,0.951585,0.950713,0.951276,0.951673,0.952249,0.901721,0.913739,0.920893,0.925879,0.931650,0.936396,0.939975,0.845833,0.940520,0.939486,0.940796,0.944794,0.948735,0.952075,0.946808,0.958806,0.956013,0.957173,0.890214,0.960598,0.961564,0.957974,0.961628,0.959071,0.957373,0.957831,0.958608,0.958858,0.911714,0.917851,0.922651,0.926847,0.933608,0.935522,0.939558,0.854867,0.936693,0.937911,0.939133,0.934936,0.945790,0.949869,0.951652,0.948570,0.954347,0.956193,0.902320,0.955412,0.955321,0.956311,0.956797,0.954492,0.956561,0.955410,0.955859,0.956186,0.915029,0.920346,0.928928,0.931336,0.934652,0.938001,0.937943,0.860306,0.938347,0.933275,0.936096,0.934130,0.940531,0.946459,0.942981,0.946695,0.950926,0.952190,0.938896,0.983129,0.983413,0.983899,0.990700,1.000000,0.984420,0.984697,0.988140,0.988300,0.949689,0.955216,0.966906,0.970464,0.972355,0.975014,0.979637,0.898576,0.981629,0.981918,0.980483,0.980639,0.980899,0.983063,0.984008,0.984683,0.985296,0.983928,0.938723,0.969387,0.969082,0.968948,0.969601,0.970775,0.970952,0.970113,0.969604,0.969716,0.945490,0.950842,0.957983,0.961253,0.962189,0.964853,0.964756,0.897116,0.965486,0.968729,0.968066,0.967073,0.969368,0.968642,0.967518,0.967743,0.968543,0.969559,0.943980,0.958542,0.959882,0.961372,0.961774,0.961368,0.962542,0.961273,0.960765,0.959359,0.950589,0.955591,0.956174,0.960302,0.962555,0.961722,0.961997,0.903298,0.964013,0.965075,0.965096,0.963431,0.966417,0.966153,0.962362,0.964485,0.960720,0.959802,0.944591,0.955755,0.959607,0.957836,0.959670,0.956012,0.960835,0.959493,0.957260,0.957817,0.951745,0.957470,0.958929,0.957906,0.962540,0.961635,0.964327,0.907660,0.964057,0.964998,0.964035,0.961695,0.964495,0.962175,0.961273,0.963129,0.960507,0.959669
allando_v_sin_a8_f1_v125,0.887700,0.962645,0.962941,0.964230,0.964727,0.964777,0.964787,0.964824,0.964772,0.964789,0.902704,0.911551,0.920061,0.926934,0.934242,0.938609,0.944508,0.851099,0.946358,0.945289,0.946192,0.950881,0.955726,0.963633,0.962733,0.962378,0.963673,0.962594,0.880517,0.957216,0.956983,0.953392,0.953070,0.952908,0.952299,0.952999,0.953469,0.954276,0.901597,0.912392,0.920575,0.925455,0.931309,0.936138,0.939489,0.845339,0.940234,0.939224,0.940563,0.944454,0.948652,0.951907,0.946812,0.959026,0.957701,0.958918,0.889555,0.960531,0.962100,0.958370,0.961955,0.959118,0.959683,0.959655,0.960394,0.960174,0.911581,0.916401,0.922098,0.926226,0.933065,0.935279,0.939194,0.854148,0.936372,0.937978,0.938960,0.934818,0.945741,0.949738,0.951643,0.948523,0.954062,0.955942,0.901903,0.955372,0.955182,0.956436,0.956932,0.955006,0.957194,0.955909,0.956164,0.956397,0.914944,0.918967,0.928360,0.930965,0.934371,0.937931,0.937731,0.859704,0.938034,0.933296,0.936027,0.934140,0.940355,0.946307,0.942865,0.946329,0.950585,0.951830,0.938285,0.991278,0.992564,0.994033,0.984344,0.984420,1.000000,0.991815,0.984700,0.984666,0.949222,0.953705,0.965782,0.969917,0.971814,0.974503,0.979448,0.897921,0.981615,0.981546,0.980375,0.980612,0.980669,0.982518,0.983446,0.984170,0.984346,0.990359,0.938872,0.970041,0.969812,0.970565,0.970400,0.971114,0.971601,0.970427,0.970923,0.970448,0.945966,0.950410,0.957811,0.961525,0.962314,0.964847,0.965064,0.897165,0.965820,0.968930,0.968354,0.967093,0.969776,0.969321,0.968134,0.969079,0.969459,0.970228,0.943955,0.958302,0.959736,0.961635,0.961881,0.961785,0.963230,0.962018,0.961531,0.960114,0.950668,0.955807,0.955869,0.959762,0.962490,0.961674,0.962175,0.902880,0.964325,0.965064,0.965214,0.963485,0.966618,0.966359,0.962759,0.965036,0.961021,0.960043,0.944635,0.955633,0.959513,0.958210,0.960121,0.956609,0.961572,0.960249,0.958257,0.958497,0.951548,0.957451,0.958933,0.957063,0.962362,0.961541,0.964274,0.907437,0.964223,0.965004,0.964099,0.961789,0.964624,0.962330,0.961550,0.963466,0.960653,0.960008
allando_v_sin_a8_f1_v130,0.887564,0.962692,0.962734,0.964008,0.964399,0.964587,0.964679,0.964817,0.964819,0.964953,0.902532,0.912304,0.920215,0.927358,0.934773,0.939005,0.944857,0.851131,0.946429,0.945385,0.946359,0.950790,0.955638,0.963219,0.962525,0.962214,0.963849,0.962603,0.880325,0.957051,0.956454,0.953011,0.952695,0.952504,0.951886,0.952694,0.953017,0.953791,0.901334,0.913074,0.920563,0.925570,0.931624,0.936366,0.939637,0.845309,0.940135,0.939146,0.940697,0.944193,0.948383,0.951534,0.946382,0.958569,0.957336,0.958517,0.889587,0.960212,0.961465,0.958051,0.961602,0.958927,0.958836,0.959285,0.960322,0.960404,0.911330,0.917171,0.922116,0.926340,0.933478,0.935522,0.939359,0.854294,0.936373,0.937789,0.939151,0.934457,0.945428,0.949368,0.951405,0.948167,0.953846,0.955674,0.901740,0.955107,0.954866,0.956060,0.956533,0.954315,0.956583,0.955560,0.955756,0.956345,0.914613,0.919578,0.928219,0.930887,0.934691,0.938008,0.937707,0.859784,0.938189,0.933065,0.936175,0.933669,0.939998,0.945909,0.942583,0.945948,0.950371,0.951667,0.938290,0.991630,0.991043,0.991733,0.984637,0.984697,0.991815,1.000000,0.985979,0.985605,0.948939,0.954455,0.965939,0.969836,0.971765,0.974523,0.979435,0.897989,0.981434,0.981596,0.980273,0.980475,0.980481,0.982764,0.983845,0.984557,0.984803,0.989565,0.938452,0.969914,0.969674,0.970214,0.970129,0.971242,0.971366,0.970405,0.970777,0.970517,0.945485,0.950817,0.957862,0.961172,0.961931,0.964571,0.964871,0.897038,0.965695,0.968795,0.968129,0.966857,0.969772,0.969257,0.968158,0.968945,0.969100,0.970122,0.943700,0.958161,0.959598,0.961494,0.961664,0.961601,0.962926,0.961801,0.961029,0.959689,0.950473,0.955486,0.956329,0.959898,0.962207,0.961467,0.962243,0.902960,0.964365,0.965160,0.965234,0.963341,0.966493,0.966202,0.962331,0.964575,0.960676,0.959729,0.944504,0.955289,0.959228,0.957691,0.959606,0.956055,0.961179,0.959888,0.957686,0.957934,0.951195,0.957108,0.958592,0.957321,0.961965,0.961276,0.964170,0.907282,0.964198,0.964934,0.964049,0.961564,0.964369,0.962106,0.961021,0.962913,0.960313,0.959439
allando_v_sin_a8_f1_v135,0.887647,0.962679,0.962588,0.963470,0.963904,0.964134,0.964244,0.964374,0.964434,0.964568,0.902830,0.912994,0.920484,0.927190,0.934640,0.938799,0.944666,0.851368,0.946331,0.945005,0.945861,0.950607,0.955588,0.962750,0.962790,0.961691,0.963403,0.962615,0.879830,0.956932,0.955593,0.952286,0.952033,0.951817,0.951071,0.951857,0.952380,0.953012,0.900981,0.913112,0.919945,0.924801,0.930838,0.935707,0.939037,0.845205,0.939679,0.938399,0.939829,0.943651,0.947889,0.951052,0.945673,0.958137,0.956299,0.957432,0.889340,0.959750,0.960990,0.957612,0.960992,0.958461,0.957853,0.958865,0.959729,0.959994,0.911143,0.917465,0.921763,0.925913,0.932989,0.935148,0.938980,0.854374,0.936051,0.937318,0.938398,0.934155,0.945108,0.948948,0.950668,0.947521,0.953469,0.955347,0.901321,0.954475,0.954366,0.955710,0.956017,0.953803,0.956100,0.954991,0.955554,0.956040,0.914320,0.919724,0.927781,0.930500,0.933896,0.937299,0.937118,0.859714,0.937540,0.932484,0.935358,0.933442,0.939780,0.945468,0.941851,0.945397,0.950016,0.951271,0.938536,0.983346,0.984012,0.984321,0.990819,0.988140,0.984700,0.985979,1.000000,0.993713,0.949402,0.955484,0.966106,0.969600,0.971545,0.974225,0.979053,0.898282,0.980950,0.981519,0.980106,0.980279,0.980538,0.982851,0.983848,0.985222,0.985655,0.983332,0.938030,0.969511,0.968891,0.969073,0.969488,0.970941,0.971076,0.969957,0.969905,0.969752,0.944915,0.950661,0.957217,0.960393,0.961209,0.963900,0.963996,0.896612,0.964944,0.968154,0.967415,0.966356,0.969120,0.968529,0.967808,0.967920,0.968696,0.969879,0.943407,0.958180,0.959504,0.961087,0.961502,0.961094,0.962368,0.961341,0.960818,0.959545,0.950125,0.955139,0.955839,0.959675,0.961837,0.961002,0.961613,0.902809,0.963765,0.964741,0.964681,0.962998,0.965968,0.965845,0.962049,0.964245,0.960119,0.959215,0.943909,0.955177,0.958984,0.957201,0.959135,0.955574,0.960803,0.959394,0.957143,0.957530,0.950784,0.956745,0.958149,0.958200,0.961502,0.960683,0.963513,0.907089,0.963537,0.964373,0.963423,0.961023,0.963814,0.961619,0.960743,0.962611,0.959709,0.959023
allando_v_sin_a8_f1_v140,0.887682,0.962738,0.962692,0.963270,0.963783,0.964056,0.964110,0.964216,0.964314,0.964503,0.902917,0.913407,0.920718,0.927470,0.934777,0.938809,0.944723,0.851568,0.946314,0.945178,0.945928,0.950653,0.955602,0.962694,0.962706,0.961497,0.963303,0.962829,0.879856,0.957131,0.955592,0.952019,0.951856,0.951617,0.950833,0.951578,0.952095,0.952911,0.901006,0.913570,0.920201,0.925103,0.931022,0.935762,0.939216,0.845413,0.939700,0.938676,0.939902,0.943753,0.947887,0.951142,0.945950,0.958180,0.956284,0.957411,0.889335,0.959805,0.960931,0.957613,0.961152,0.958591,0.957825,0.958700,0.959691,0.960029,0.911062,0.917752,0.921944,0.926098,0.932981,0.935017,0.939008,0.854485,0.936033,0.937394,0.938402,0.934059,0.945045,0.948948,0.950873,0.947742,0.953628,0.955436,0.901482,0.954572,0.954513,0.955815,0.956217,0.953902,0.956186,0.955125,0.955622,0.956121,0.914394,0.920181,0.928061,0.930659,0.933999,0.937329,0.937244,0.859923,0.937708,0.932656,0.935427,0.933382,0.939860,0.945575,0.942199,0.945708,0.950127,0.951365,0.938703,0.983400,0.984008,0.984304,0.991285,0.988300,0.984666,0.985605,0.993713,1.000000,0.949446,0.955264,0.966328,0.969930,0.971838,0.974384,0.979137,0.898511,0.981169,0.981549,0.980204,0.980291,0.980638,0.983001,0.983796,0.985337,0.986253,0.983458,0.938168,0.969584,0.969012,0.969190,0.969665,0.970896,0.971112,0.970193,0.969959,0.969913,0.944983,0.950522,0.957444,0.960657,0.961541,0.964091,0.964147,0.896810,0.965041,0.968332,0.967652,0.966489,0.969370,0.968625,0.968016,0.968054,0.968894,0.970102,0.943465,0.958250,0.959494,0.961063,0.961448,0.961174,0.962436,0.961311,0.960689,0.959557,0.950123,0.955188,0.955759,0.959928,0.962003,0.961146,0.961666,0.902781,0.963817,0.964834,0.964800,0.963122,0.966138,0.965963,0.962045,0.964256,0.960316,0.959370,0.944146,0.955319,0.959073,0.957277,0.959212,0.955702,0.960870,0.959499,0.957209,0.957662,0.950967,0.956893,0.958317,0.957734,0.961855,0.961055,0.963711,0.907205,0.963661,0.964575,0.963594,0.961293,0.964094,0.961942,0.960834,0.962699,0.959985,0.959110
allando_v_sin_a8_f1_v15,0.931217,0.937225,0.937364,0.935895,0.936309,0.936133,0.935673,0.935447,0.935081,0.935069,0.948079,0.947329,0.950284,0.951064,0.955268,0.955395,0.958252,0.900129,0.954014,0.951118,0.948043,0.947777,0.951062,0.948618,0.940955,0.938438,0.939245,0.937982,0.921399,0.929806,0.930985,0.926950,0.926838,0.926253,0.925358,0.925565,0.925722,0.927919,0.941966,0.942777,0.943673,0.942463,0.945130,0.945993,0.945935,0.890847,0.940903,0.936685,0.938001,0.936911,0.940204,0.941320,0.931650,0.937098,0.933177,0.932700,0.926355,0.938861,0.940062,0.939857,0.936382,0.933110,0.931225,0.931720,0.931694,0.931855,0.946299,0.943959,0.942400,0.939769,0.944518,0.942712,0.945773,0.898390,0.935350,0.934223,0.935796,0.927256,0.937400,0.938873,0.938073,0.932279,0.936639,0.937715,0.932898,0.937649,0.936132,0.940208,0.939912,0.945206,0.944285,0.943216,0.943074,0.939766,0.946701,0.943728,0.944413,0.942415,0.941362,0.940238,0.940182,0.901886,0.936182,0.929269,0.934165,0.930087,0.933523,0.938604,0.932396,0.935049,0.937511,0.939341,0.973188,0.951610,0.951147,0.950106,0.950282,0.949689,0.949222,0.948939,0.949402,0.949446,1.000000,0.975676,0.970629,0.965890,0.962208,0.960764,0.959922,0.938209,0.959318,0.958624,0.954428,0.952428,0.951720,0.952123,0.952791,0.952696,0.952455,0.951893,0.952457,0.938636,0.938541,0.937898,0.937354,0.937918,0.937310,0.937271,0.936293,0.935783,0.960786,0.952857,0.950839,0.949404,0.944390,0.946073,0.944712,0.926448,0.942453,0.945184,0.942008,0.938540,0.939762,0.938781,0.938163,0.938002,0.939402,0.938270,0.953372,0.930315,0.931160,0.933085,0.930961,0.931339,0.933703,0.933902,0.935028,0.934107,0.955162,0.956718,0.951624,0.950507,0.949560,0.944626,0.943067,0.925066,0.943918,0.945001,0.941885,0.938673,0.941278,0.939938,0.935826,0.936481,0.933633,0.931670,0.952447,0.929069,0.931876,0.929460,0.929838,0.928492,0.933662,0.935329,0.937326,0.936978,0.949329,0.951206,0.951629,0.946179,0.944566,0.941328,0.943874,0.926813,0.943275,0.942898,0.940066,0.937736,0.941820,0.938739,0.937579,0.939102,0.937143,0.933423
allando_v_sin_a8_f1_v20,0.919447,0.939383,0.939042,0.938304,0.937835,0.937926,0.937842,0.937928,0.937741,0.937882,0.933814,0.945632,0.943797,0.947711,0.954741,0.956534,0.958444,0.887823,0.956926,0.951675,0.948930,0.950320,0.954488,0.951753,0.941287,0.940238,0.940397,0.939747,0.909935,0.931451,0.931443,0.927562,0.927622,0.927131,0.926081,0.926549,0.926851,0.929052,0.928516,0.941867,0.937027,0.938853,0.943850,0.945528,0.945045,0.877969,0.942208,0.936106,0.937359,0.937955,0.942055,0.943184,0.932894,0.940736,0.933843,0.933540,0.916631,0.941192,0.942212,0.941696,0.938631,0.934901,0.932256,0.933238,0.933148,0.933774,0.934290,0.945021,0.937358,0.938649,0.944357,0.943620,0.946046,0.887911,0.938755,0.935459,0.936668,0.930163,0.940630,0.941530,0.940547,0.933997,0.937351,0.939874,0.923625,0.939266,0.937995,0.941456,0.942331,0.940851,0.942713,0.941594,0.942875,0.944191,0.934904,0.945483,0.941681,0.941808,0.942190,0.941657,0.941331,0.891224,0.938571,0.931142,0.935443,0.933290,0.936438,0.941860,0.933898,0.937150,0.939452,0.940392,0.966250,0.955894,0.955564,0.954437,0.955822,0.955216,0.953705,0.954455,0.955484,0.955264,0.975676,1.000000,0.976986,0.968884,0.966286,0.965660,0.964482,0.927887,0.963938,0.963302,0.959074,0.957761,0.957054,0.957697,0.958110,0.958044,0.957997,0.957648,0.950292,0.942536,0.941923,0.942097,0.941757,0.942983,0.942698,0.941710,0.941233,0.940633,0.955589,0.959226,0.955473,0.951093,0.946459,0.948967,0.948208,0.918111,0.946766,0.949446,0.945681,0.942853,0.943426,0.942284,0.941542,0.941288,0.942257,0.942621,0.952059,0.934834,0.935928,0.937184,0.935157,0.935298,0.937774,0.938162,0.936645,0.935687,0.954039,0.956447,0.958492,0.956699,0.952621,0.948191,0.947416,0.919014,0.948831,0.949789,0.946524,0.943242,0.945088,0.944327,0.940492,0.941378,0.938079,0.936609,0.951416,0.932201,0.935473,0.931633,0.932939,0.931149,0.936770,0.936904,0.935584,0.935464,0.949950,0.952623,0.953977,0.956370,0.948119,0.944196,0.947630,0.920703,0.947812,0.947497,0.944571,0.942081,0.945405,0.942692,0.941613,0.942940,0.940542,0.938041
allando_v_sin_a8_f1_v25,0.915349,0.946827,0.946433,0.945378,0.945401,0.945304,0.945126,0.945262,0.945089,0.945137,0.928438,0.937968,0.948383,0.952748,0.956235,0.957327,0.962593,0.881694,0.963118,0.959927,0.956294,0.959970,0.962099,0.959763,0.949236,0.947221,0.948058,0.947160,0.906426,0.938732,0.938509,0.935058,0.934866,0.934305,0.933338,0.933632,0.933857,0.935220,0.923036,0.934078,0.942843,0.945791,0.946467,0.947475,0.948993,0.872670,0.947941,0.944677,0.943736,0.946356,0.948313,0.950375,0.942633,0.948166,0.941113,0.940137,0.913361,0.950049,0.949601,0.946387,0.945932,0.941319,0.938743,0.939229,0.939322,0.939812,0.930113,0.937393,0.942696,0.944115,0.946134,0.944695,0.948280,0.883088,0.942854,0.942743,0.941417,0.936371,0.945562,0.948737,0.947805,0.942019,0.945549,0.947520,0.922002,0.947902,0.947177,0.949876,0.948835,0.945793,0.946965,0.945970,0.946239,0.945845,0.932043,0.937598,0.947036,0.946763,0.945270,0.944924,0.944449,0.887092,0.943304,0.937813,0.939157,0.937262,0.940474,0.948254,0.941244,0.944186,0.945759,0.946678,0.962161,0.967660,0.967543,0.966645,0.967479,0.966906,0.965782,0.965939,0.966106,0.966328,0.970629,0.976986,1.000000,0.987128,0.983473,0.980561,0.977431,0.923240,0.975869,0.974475,0.970639,0.969388,0.968360,0.969004,0.969032,0.968793,0.969028,0.969020,0.949473,0.951244,0.950532,0.950488,0.950569,0.951639,0.951480,0.950517,0.949962,0.949152,0.954031,0.955646,0.961201,0.962256,0.960431,0.960978,0.958056,0.914130,0.956006,0.958384,0.955502,0.953042,0.953416,0.952104,0.949942,0.949878,0.951271,0.951096,0.952103,0.941266,0.942187,0.943769,0.942881,0.943133,0.945155,0.943963,0.942062,0.940800,0.955813,0.956892,0.956641,0.960036,0.961572,0.958680,0.955337,0.916952,0.955511,0.956355,0.954076,0.951386,0.953934,0.951121,0.948221,0.949263,0.946343,0.944428,0.951099,0.939507,0.942619,0.940737,0.941814,0.939502,0.943065,0.943517,0.939999,0.941019,0.953263,0.956299,0.955942,0.953126,0.959876,0.957027,0.957356,0.919631,0.955132,0.955092,0.952330,0.950300,0.953653,0.948967,0.948239,0.949627,0.947405,0.944889
allando_v_sin_a8_f1_v30,0.910706,0.949865,0.949648,0.948725,0.948916,0.948813,0.948679,0.948814,0.948679,0.948681,0.923545,0.931361,0.946925,0.951573,0.953347,0.954339,0.958365,0.876273,0.960138,0.956607,0.955160,0.958850,0.961851,0.961132,0.951634,0.949838,0.950886,0.950199,0.901701,0.942257,0.942168,0.938054,0.938042,0.937517,0.936536,0.936869,0.937071,0.938550,0.918726,0.928593,0.942958,0.945901,0.944964,0.946796,0.947479,0.868153,0.947481,0.944050,0.943889,0.946376,0.949546,0.952088,0.945988,0.950986,0.944704,0.943611,0.909001,0.952409,0.952079,0.947819,0.948856,0.944592,0.942402,0.942756,0.942885,0.943509,0.926698,0.932460,0.942629,0.944458,0.944776,0.943545,0.947430,0.878769,0.942906,0.942822,0.942095,0.936228,0.946575,0.950478,0.950369,0.945292,0.950046,0.950959,0.918547,0.950029,0.949347,0.952161,0.950059,0.947215,0.947758,0.948048,0.948142,0.946458,0.929402,0.932394,0.945175,0.946749,0.944091,0.944783,0.943211,0.882276,0.943623,0.937008,0.939133,0.935981,0.941183,0.948279,0.943569,0.946230,0.948795,0.949801,0.956498,0.971546,0.971448,0.970721,0.971050,0.970464,0.969917,0.969836,0.969600,0.969930,0.965890,0.968884,0.987128,1.000000,0.989267,0.984280,0.980304,0.918427,0.978671,0.976810,0.973544,0.972400,0.971309,0.971926,0.972210,0.971959,0.972237,0.972347,0.947206,0.955458,0.954805,0.954780,0.954985,0.955748,0.955762,0.954850,0.954453,0.953706,0.951644,0.953376,0.960888,0.965893,0.966262,0.965491,0.960905,0.910988,0.959249,0.961348,0.959512,0.957419,0.957565,0.956134,0.953892,0.953952,0.955661,0.955341,0.950277,0.945718,0.946872,0.947900,0.947076,0.946865,0.948502,0.946575,0.945047,0.943870,0.954745,0.956290,0.954992,0.959594,0.964163,0.962919,0.958646,0.914850,0.958832,0.959304,0.957871,0.955728,0.957416,0.954656,0.951313,0.952784,0.949183,0.948554,0.949514,0.945036,0.947498,0.944600,0.945623,0.943249,0.946909,0.946161,0.942612,0.943643,0.953804,0.956050,0.955607,0.952267,0.962856,0.962207,0.960487,0.918168,0.957663,0.957920,0.955777,0.954002,0.956426,0.951879,0.951187,0.953177,0.950127,0.948870
allando_v_sin_a8_f1_v35,0.906352,0.951289,0.951162,0.950218,0.950437,0.950405,0.950355,0.950465,0.950385,0.950342,0.918669,0.926617,0.940933,0.947879,0.949797,0.952151,0.955325,0.869472,0.957460,0.955931,0.955313,0.959583,0.961821,0.962666,0.952985,0.951481,0.952369,0.951621,0.897841,0.943829,0.943748,0.939577,0.939516,0.938888,0.937948,0.938287,0.938543,0.940184,0.914210,0.923316,0.936822,0.942422,0.941643,0.944208,0.944059,0.861692,0.945650,0.944407,0.943571,0.946906,0.949114,0.952376,0.945918,0.952414,0.946101,0.945299,0.904884,0.953633,0.953506,0.948792,0.950368,0.946150,0.944167,0.944281,0.944674,0.945199,0.921711,0.927412,0.937370,0.942031,0.942324,0.941646,0.943991,0.872293,0.940597,0.943354,0.941837,0.937244,0.946627,0.950915,0.951002,0.946284,0.950211,0.951915,0.914566,0.950858,0.950592,0.953053,0.951722,0.947567,0.948962,0.948188,0.949403,0.947417,0.924754,0.928470,0.941077,0.944707,0.942175,0.943631,0.940697,0.876546,0.941605,0.937969,0.938885,0.936615,0.940876,0.949023,0.942674,0.946838,0.948931,0.949667,0.954472,0.973274,0.973328,0.972631,0.972953,0.972355,0.971814,0.971765,0.971545,0.971838,0.962208,0.966286,0.983473,0.989267,1.000000,0.987859,0.982935,0.915746,0.980989,0.977768,0.974330,0.973905,0.972259,0.973181,0.973615,0.973535,0.973969,0.974159,0.945131,0.957352,0.956604,0.956777,0.956890,0.957712,0.957781,0.956814,0.956464,0.955666,0.949210,0.952048,0.960065,0.964803,0.965398,0.965966,0.961972,0.909344,0.960502,0.961828,0.959663,0.958460,0.959059,0.957886,0.955702,0.955692,0.957461,0.957304,0.949329,0.946956,0.947957,0.949380,0.948480,0.948535,0.950027,0.948569,0.946670,0.945329,0.953499,0.954983,0.954323,0.958825,0.963190,0.963427,0.959665,0.913727,0.958973,0.959231,0.957633,0.955931,0.958990,0.957074,0.953400,0.954958,0.951424,0.950557,0.949076,0.946072,0.948955,0.946444,0.947440,0.945117,0.947340,0.947828,0.943378,0.944855,0.953937,0.956742,0.956144,0.952731,0.963078,0.962532,0.962030,0.916872,0.958940,0.958745,0.956109,0.954746,0.958216,0.954650,0.953536,0.955251,0.952367,0.951481
allando_v_sin_a8_f1_v40,0.903914,0.952772,0.952420,0.951495,0.951723,0.951659,0.951577,0.951677,0.951565,0.951570,0.916415,0.925575,0.936875,0.945058,0.951161,0.953941,0.955023,0.866682,0.956443,0.955962,0.954356,0.959634,0.962650,0.964245,0.954454,0.952684,0.954060,0.953256,0.895102,0.945503,0.945127,0.940690,0.940573,0.939920,0.939000,0.939363,0.939614,0.941256,0.912550,0.922776,0.933229,0.940103,0.944491,0.946800,0.945406,0.858958,0.945550,0.945528,0.943860,0.948372,0.950550,0.953989,0.947566,0.954183,0.947707,0.946687,0.902757,0.956974,0.956544,0.951483,0.952758,0.948409,0.945966,0.946166,0.946325,0.946960,0.920177,0.926894,0.934285,0.939911,0.946128,0.944465,0.945285,0.870028,0.941002,0.943831,0.941894,0.937883,0.947143,0.951478,0.952676,0.947917,0.952715,0.954998,0.913355,0.954154,0.952859,0.953712,0.953205,0.949070,0.950931,0.949428,0.950328,0.949990,0.924694,0.928200,0.938542,0.941606,0.945644,0.946910,0.942168,0.874238,0.943022,0.938219,0.938974,0.937123,0.941816,0.949073,0.943040,0.948990,0.952271,0.952453,0.951597,0.975938,0.975919,0.975319,0.975617,0.975014,0.974503,0.974523,0.974225,0.974384,0.960764,0.965660,0.980561,0.984280,0.987859,1.000000,0.988247,0.913085,0.985574,0.981721,0.977614,0.976315,0.975078,0.975983,0.976295,0.976162,0.976564,0.976859,0.944722,0.959466,0.958939,0.958999,0.959004,0.959816,0.960196,0.959069,0.958885,0.958004,0.950507,0.953891,0.962125,0.964676,0.965205,0.967600,0.967395,0.907935,0.965259,0.965786,0.962316,0.960370,0.961390,0.960256,0.957902,0.957885,0.959668,0.959411,0.948993,0.950496,0.951540,0.953147,0.951665,0.951479,0.952290,0.950536,0.949129,0.947396,0.954706,0.956538,0.955979,0.960235,0.962431,0.962286,0.964497,0.912948,0.962626,0.962200,0.960293,0.957360,0.960512,0.958452,0.953954,0.955965,0.953182,0.951722,0.948836,0.949924,0.952008,0.950162,0.949821,0.946714,0.949045,0.950714,0.945730,0.947297,0.955826,0.959140,0.958674,0.955702,0.962414,0.961380,0.965111,0.916599,0.963038,0.962599,0.959300,0.956524,0.959624,0.955824,0.954204,0.956215,0.953776,0.952488
allando_v_sin_a8_f1_v45,0.899239,0.956319,0.956105,0.955265,0.955794,0.955643,0.955490,0.955570,0.955509,0.955546,0.913335,0.921839,0.931807,0.940042,0.950291,0.952933,0.955028,0.862354,0.956651,0.956029,0.954323,0.958700,0.963707,0.966474,0.958524,0.956428,0.957847,0.956980,0.891014,0.949980,0.948941,0.945054,0.944887,0.944275,0.943320,0.943767,0.943956,0.945094,0.910827,0.920519,0.929808,0.935888,0.944937,0.947634,0.947706,0.855322,0.947713,0.947170,0.945853,0.949533,0.952767,0.955646,0.948869,0.957241,0.951656,0.951093,0.899123,0.959791,0.960198,0.955699,0.956997,0.952678,0.950504,0.950518,0.951147,0.951493,0.919339,0.925162,0.931595,0.936627,0.946322,0.945832,0.947211,0.866410,0.942560,0.944612,0.943331,0.938422,0.948844,0.952283,0.953562,0.949163,0.955161,0.957262,0.910971,0.956521,0.954561,0.955916,0.955368,0.953734,0.955439,0.953260,0.953622,0.953631,0.923942,0.927114,0.936565,0.939632,0.946254,0.948167,0.944741,0.870993,0.944354,0.939617,0.940472,0.938698,0.943320,0.949543,0.944209,0.949107,0.953891,0.954285,0.949784,0.980567,0.980373,0.980013,0.980090,0.979637,0.979448,0.979435,0.979053,0.979137,0.959922,0.964482,0.977431,0.980304,0.982935,0.988247,1.000000,0.909995,0.990215,0.986820,0.982088,0.980985,0.979549,0.980630,0.981083,0.980896,0.981039,0.981233,0.944360,0.964198,0.963653,0.963613,0.963728,0.964584,0.964886,0.963894,0.963546,0.962818,0.951753,0.954921,0.963258,0.965417,0.965998,0.969104,0.970853,0.905533,0.969459,0.969996,0.967118,0.965129,0.966273,0.965327,0.962636,0.962881,0.964397,0.964196,0.949517,0.954422,0.955403,0.956921,0.955553,0.955302,0.956439,0.954873,0.954580,0.952879,0.955563,0.959372,0.958555,0.962713,0.964265,0.963476,0.967213,0.910913,0.966968,0.966083,0.964343,0.960864,0.964038,0.962144,0.958593,0.960576,0.956661,0.955097,0.949562,0.953280,0.955674,0.953431,0.953370,0.950008,0.953908,0.954236,0.951827,0.952652,0.956391,0.961099,0.961562,0.958950,0.963476,0.962340,0.966985,0.915373,0.967022,0.966447,0.963843,0.960158,0.963149,0.959112,0.958340,0.960362,0.957272,0.955650
allando_v_sin_a8_f1_v5,0.924425,0.890720,0.891030,0.889011,0.888656,0.888330,0.887772,0.887647,0.887478,0.887478,0.923256,0.921874,0.926713,0.926934,0.924609,0.925535,0.922919,0.943615,0.919660,0.914662,0.911473,0.912696,0.913653,0.904847,0.894126,0.893116,0.892874,0.891511,0.905828,0.883176,0.886927,0.885827,0.885642,0.885100,0.884080,0.884231,0.884315,0.886131,0.908988,0.910581,0.913247,0.910854,0.909631,0.912068,0.907305,0.933014,0.903672,0.898989,0.898728,0.897397,0.898251,0.896911,0.885386,0.886773,0.885612,0.885513,0.904382,0.886767,0.887735,0.883769,0.883616,0.882707,0.882678,0.883173,0.881939,0.882370,0.910630,0.911652,0.909681,0.908133,0.909906,0.910744,0.909084,0.927917,0.900794,0.898936,0.898698,0.891672,0.898062,0.897465,0.895087,0.886066,0.887960,0.888161,0.908888,0.887883,0.885620,0.889268,0.888527,0.885989,0.885205,0.884470,0.887823,0.884145,0.910507,0.908175,0.909823,0.910703,0.907498,0.906847,0.902310,0.928512,0.900540,0.894927,0.898036,0.892601,0.892449,0.898795,0.891322,0.892458,0.890980,0.891637,0.946181,0.900058,0.899855,0.899203,0.899229,0.898576,0.897921,0.897989,0.898282,0.898511,0.938209,0.927887,0.923240,0.918427,0.915746,0.913085,0.909995,1.000000,0.908462,0.907421,0.903573,0.900983,0.899755,0.900847,0.901358,0.901431,0.901066,0.900504,0.918319,0.888186,0.887580,0.887696,0.886487,0.887241,0.886335,0.886921,0.885627,0.884321,0.914671,0.906570,0.904691,0.902537,0.897856,0.898933,0.896229,0.955595,0.894336,0.895837,0.891855,0.890163,0.888880,0.887661,0.887537,0.886819,0.888615,0.886745,0.917558,0.875515,0.875715,0.878299,0.876439,0.875978,0.877937,0.877990,0.876359,0.874625,0.914285,0.909508,0.904100,0.903345,0.903031,0.899683,0.897253,0.944160,0.896967,0.897093,0.893127,0.890936,0.892296,0.889048,0.882426,0.883522,0.880314,0.879698,0.916536,0.875654,0.877755,0.876543,0.876982,0.875604,0.880482,0.881333,0.877317,0.876717,0.908377,0.906779,0.904483,0.898276,0.898221,0.896175,0.898288,0.940567,0.896863,0.895216,0.892394,0.890462,0.894514,0.890174,0.885864,0.887946,0.884320,0.882272
allando_v_sin_a8_f1_v50,0.898452,0.958655,0.958262,0.957650,0.958111,0.958028,0.957851,0.958010,0.957854,0.957907,0.912073,0.921210,0.930147,0.938401,0.947704,0.953281,0.955830,0.861473,0.957271,0.955807,0.955058,0.958687,0.963814,0.967822,0.960396,0.958202,0.960102,0.959099,0.890566,0.952022,0.950733,0.946827,0.946721,0.946151,0.945184,0.945608,0.945790,0.946601,0.910461,0.920473,0.928519,0.934903,0.942812,0.947720,0.949121,0.854589,0.949397,0.948162,0.947482,0.950950,0.954809,0.957390,0.951661,0.960319,0.954159,0.953532,0.899057,0.961347,0.962199,0.957584,0.959340,0.954732,0.952574,0.952921,0.953520,0.953734,0.919053,0.924327,0.929826,0.935414,0.944291,0.946050,0.948137,0.864770,0.944814,0.946234,0.945270,0.939881,0.950656,0.954028,0.956390,0.952056,0.956517,0.958744,0.910716,0.957570,0.956389,0.957018,0.957845,0.955629,0.957597,0.955671,0.956010,0.955896,0.922695,0.926339,0.935493,0.938656,0.944637,0.948269,0.946175,0.869518,0.946695,0.940812,0.942205,0.939786,0.945447,0.951182,0.947796,0.951320,0.954939,0.955500,0.949498,0.982559,0.983006,0.982314,0.982215,0.981629,0.981615,0.981434,0.980950,0.981169,0.959318,0.963938,0.975869,0.978671,0.980989,0.985574,0.990215,0.908462,1.000000,0.989984,0.985691,0.984818,0.983467,0.983753,0.983664,0.983126,0.982844,0.983433,0.944785,0.966463,0.966119,0.965966,0.966128,0.967010,0.967243,0.966226,0.966053,0.965498,0.951693,0.955628,0.963297,0.965637,0.966471,0.969777,0.971067,0.904657,0.971797,0.972562,0.970288,0.968195,0.969090,0.967962,0.965352,0.965619,0.966483,0.966706,0.949544,0.957483,0.958218,0.959455,0.958606,0.958053,0.959071,0.957686,0.957098,0.955755,0.955578,0.959887,0.959414,0.963606,0.965328,0.964312,0.966653,0.909678,0.968755,0.968594,0.967571,0.964403,0.966638,0.965674,0.960780,0.963180,0.959980,0.959097,0.950018,0.955613,0.958858,0.955696,0.957081,0.952839,0.958091,0.956639,0.955107,0.955229,0.956741,0.961598,0.962573,0.959841,0.964200,0.963630,0.967565,0.914063,0.968715,0.968738,0.966728,0.963595,0.965895,0.962773,0.960944,0.963082,0.960620,0.959621
allando_v_sin_a8_f1_v55,0.895624,0.959154,0.958608,0.958018,0.958602,0.958570,0.958383,0.958515,0.958398,0.958455,0.910075,0.919180,0.927959,0.935333,0.944715,0.949989,0.955721,0.860577,0.956663,0.954882,0.952666,0.957481,0.963339,0.966865,0.960328,0.958637,0.960447,0.959471,0.887678,0.952766,0.951027,0.947128,0.947022,0.946535,0.945489,0.945931,0.946112,0.946995,0.908226,0.918663,0.926158,0.931012,0.939171,0.944567,0.949652,0.853825,0.949278,0.946377,0.945963,0.950600,0.955560,0.957439,0.951360,0.960715,0.954494,0.954110,0.896044,0.961545,0.962287,0.957990,0.959768,0.955254,0.952838,0.953336,0.953937,0.954027,0.917578,0.922713,0.927486,0.932472,0.940865,0.943314,0.949009,0.863174,0.945065,0.944377,0.943650,0.939427,0.950733,0.953459,0.955395,0.951246,0.956388,0.958042,0.908095,0.957187,0.956632,0.956679,0.957724,0.956035,0.958011,0.956599,0.956216,0.956366,0.920057,0.924595,0.933598,0.936016,0.941220,0.944940,0.947272,0.867648,0.945750,0.938542,0.940252,0.939444,0.945343,0.950471,0.948386,0.950976,0.954522,0.955240,0.947713,0.982524,0.982330,0.981970,0.982274,0.981918,0.981546,0.981596,0.981519,0.981549,0.958624,0.963302,0.974475,0.976810,0.977768,0.981721,0.986820,0.907421,0.989984,1.000000,0.988882,0.986836,0.985451,0.985521,0.985295,0.984477,0.983598,0.983251,0.944008,0.967317,0.966999,0.967035,0.967140,0.967983,0.967995,0.966978,0.966903,0.966508,0.951160,0.955678,0.962636,0.964880,0.965223,0.968672,0.969498,0.902769,0.970245,0.973501,0.971982,0.969475,0.970123,0.969168,0.966562,0.966842,0.967216,0.967772,0.948303,0.958797,0.959785,0.960844,0.960558,0.959792,0.960319,0.959337,0.958412,0.957461,0.954956,0.959543,0.959246,0.963389,0.965002,0.963423,0.964881,0.907827,0.968295,0.969396,0.968901,0.965908,0.967288,0.965824,0.961848,0.963506,0.960620,0.960143,0.948364,0.956802,0.959523,0.956757,0.958718,0.954177,0.960940,0.957997,0.957245,0.957045,0.955500,0.960604,0.961881,0.959636,0.963270,0.962649,0.966224,0.912161,0.967417,0.968658,0.967458,0.964415,0.965928,0.962979,0.962106,0.963577,0.962306,0.960432
allando_v_sin_a8_f1_v60,0.890322,0.958193,0.957538,0.957250,0.957691,0.957752,0.957611,0.957755,0.957625,0.957673,0.906268,0.914947,0.924108,0.929885,0.938264,0.943992,0.952734,0.856999,0.955502,0.951321,0.952302,0.957165,0.962105,0.965367,0.959778,0.957707,0.959305,0.958575,0.882088,0.952234,0.950501,0.946527,0.946329,0.945816,0.944757,0.945263,0.945424,0.946510,0.903780,0.915004,0.922247,0.925920,0.933757,0.939980,0.947004,0.850153,0.948252,0.945127,0.946466,0.949788,0.955346,0.956008,0.949666,0.959535,0.953555,0.953477,0.891316,0.960318,0.961591,0.956802,0.959492,0.954777,0.952536,0.952940,0.953335,0.953522,0.914146,0.918679,0.923916,0.927958,0.935586,0.939309,0.946428,0.859493,0.944909,0.943226,0.944547,0.939935,0.950629,0.952317,0.953548,0.949388,0.955078,0.956481,0.903986,0.956035,0.955266,0.955860,0.956368,0.955070,0.956726,0.955938,0.955446,0.955299,0.916029,0.920219,0.929725,0.932946,0.936844,0.941335,0.945298,0.864298,0.945692,0.938276,0.941085,0.939550,0.945035,0.949417,0.948009,0.948551,0.952616,0.953883,0.942653,0.980907,0.980913,0.980597,0.980899,0.980483,0.980375,0.980273,0.980106,0.980204,0.954428,0.959074,0.970639,0.973544,0.974330,0.977614,0.982088,0.903573,0.985691,0.988882,1.000000,0.988080,0.987341,0.986020,0.984820,0.983291,0.982053,0.981676,0.941205,0.966996,0.966718,0.966785,0.967013,0.967797,0.967697,0.966676,0.966855,0.966632,0.947937,0.952755,0.959256,0.962677,0.963742,0.966076,0.966386,0.900206,0.968418,0.971791,0.972382,0.970203,0.970140,0.969134,0.966626,0.966993,0.966921,0.967696,0.945715,0.957979,0.959112,0.960340,0.960708,0.959592,0.960237,0.959257,0.958075,0.957328,0.952411,0.957439,0.957287,0.961231,0.963650,0.962317,0.962733,0.905616,0.967023,0.967881,0.968909,0.966335,0.967630,0.965944,0.962506,0.963992,0.960053,0.959478,0.946369,0.955663,0.959173,0.956207,0.958786,0.953965,0.961637,0.957030,0.956912,0.956017,0.953399,0.959091,0.960479,0.958169,0.962518,0.962135,0.964739,0.910418,0.966040,0.967329,0.967813,0.964671,0.966103,0.962741,0.961994,0.963422,0.960980,0.959577
allando_v_sin_a8_f1_v65,0.887675,0.958164,0.957481,0.957465,0.957827,0.957859,0.957829,0.957941,0.957858,0.957836,0.903559,0.913154,0.921835,0.927916,0.935937,0.941282,0.949133,0.853195,0.952063,0.950600,0.951171,0.954805,0.959202,0.963488,0.959303,0.957303,0.958901,0.958275,0.880317,0.952478,0.950509,0.946526,0.946293,0.945872,0.944887,0.945438,0.945693,0.946866,0.902015,0.912626,0.920216,0.924480,0.931610,0.937358,0.943702,0.846562,0.945218,0.944245,0.945776,0.949453,0.953549,0.955213,0.949606,0.959287,0.953606,0.953558,0.889468,0.960071,0.961573,0.956609,0.959300,0.954810,0.952748,0.953173,0.953575,0.953752,0.911955,0.916390,0.921862,0.926032,0.933155,0.936585,0.942670,0.855738,0.942428,0.942107,0.943463,0.938736,0.948996,0.951319,0.952660,0.949460,0.953779,0.955779,0.901997,0.955592,0.955531,0.954966,0.955620,0.954033,0.956024,0.955196,0.955098,0.954663,0.914049,0.918340,0.928210,0.930765,0.934857,0.939024,0.941948,0.861103,0.943809,0.938049,0.940323,0.937330,0.944119,0.948434,0.945996,0.948102,0.951400,0.952971,0.941415,0.980843,0.980922,0.980728,0.981065,0.980639,0.980612,0.980475,0.980279,0.980291,0.952428,0.957761,0.969388,0.972400,0.973905,0.976315,0.980985,0.900983,0.984818,0.986836,0.988080,1.000000,0.988580,0.986294,0.984979,0.983181,0.981945,0.981556,0.939316,0.967278,0.966838,0.966933,0.967226,0.968223,0.968189,0.966883,0.967131,0.967093,0.946224,0.951883,0.958904,0.962114,0.963120,0.965558,0.965661,0.897824,0.968012,0.971073,0.971000,0.970955,0.970789,0.969723,0.967024,0.967257,0.967028,0.967923,0.944188,0.957778,0.959169,0.960858,0.961211,0.960536,0.960564,0.959474,0.958209,0.957387,0.950841,0.956024,0.956329,0.960410,0.962605,0.961432,0.961661,0.902931,0.965911,0.966856,0.967816,0.967495,0.967836,0.966553,0.961738,0.963856,0.959828,0.959642,0.945885,0.955361,0.959502,0.957005,0.960065,0.955047,0.961200,0.957809,0.956795,0.956435,0.952310,0.957990,0.959440,0.957397,0.961665,0.961523,0.964232,0.907819,0.965143,0.966407,0.966619,0.965336,0.966606,0.963565,0.961636,0.963289,0.960382,0.959507
allando_v_sin_a8_f1_v70,0.887123,0.958426,0.957838,0.957548,0.957918,0.957953,0.957950,0.958036,0.958002,0.957960,0.903395,0.912905,0.921228,0.927225,0.935615,0.940517,0.950005,0.852802,0.952240,0.949857,0.950194,0.954337,0.959257,0.963214,0.959292,0.957158,0.958887,0.958674,0.879429,0.952402,0.950371,0.946283,0.946058,0.945628,0.944708,0.945194,0.945458,0.946594,0.901584,0.912663,0.919606,0.923984,0.931288,0.936664,0.944245,0.846143,0.944786,0.942680,0.944563,0.948139,0.953007,0.954250,0.948590,0.958539,0.952934,0.953304,0.888441,0.959295,0.960677,0.956100,0.959071,0.954928,0.952621,0.952918,0.953573,0.953604,0.911563,0.916136,0.921070,0.924999,0.932688,0.935653,0.943057,0.855197,0.941282,0.940727,0.942205,0.937321,0.948145,0.949973,0.951392,0.947874,0.953475,0.955479,0.901149,0.954415,0.954350,0.954377,0.955111,0.953923,0.955790,0.955011,0.954539,0.954448,0.913424,0.918252,0.927328,0.929930,0.934221,0.938125,0.942659,0.860637,0.942804,0.936315,0.939019,0.936876,0.944332,0.947496,0.945660,0.947196,0.950979,0.952596,0.939966,0.981014,0.980849,0.980704,0.981263,0.980899,0.980669,0.980481,0.980538,0.980638,0.951720,0.957054,0.968360,0.971309,0.972259,0.975078,0.979549,0.899755,0.983467,0.985451,0.987341,0.988580,1.000000,0.988209,0.986386,0.983914,0.982762,0.981743,0.939015,0.966975,0.966552,0.966547,0.966954,0.967922,0.967875,0.966731,0.966795,0.967031,0.945573,0.951162,0.958095,0.961240,0.962142,0.964234,0.964618,0.896924,0.966732,0.970340,0.970837,0.969864,0.970385,0.969143,0.966927,0.967069,0.966692,0.967657,0.943287,0.957894,0.959087,0.959864,0.960402,0.959389,0.959931,0.959020,0.958191,0.957435,0.949916,0.955438,0.955794,0.959909,0.962160,0.960576,0.960615,0.901642,0.965072,0.966258,0.967317,0.967027,0.967534,0.965940,0.961543,0.963080,0.959519,0.959050,0.944868,0.955020,0.958614,0.955395,0.958520,0.953818,0.961170,0.956994,0.956703,0.956069,0.951381,0.957038,0.958830,0.957087,0.961102,0.960926,0.963183,0.906540,0.964344,0.965685,0.966003,0.964850,0.965867,0.962795,0.961191,0.962383,0.960617,0.958584
allando_v_sin_a8_f1_v75,0.888842,0.960259,0.959554,0.959156,0.959577,0.959658,0.959582,0.959659,0.959620,0.959610,0.904389,0.913866,0.922008,0.928467,0.936723,0.941875,0.949853,0.853804,0.952450,0.949933,0.950696,0.955089,0.960237,0.964687,0.960545,0.958918,0.960790,0.960513,0.880740,0.954591,0.951883,0.948088,0.947959,0.947533,0.946606,0.947107,0.947395,0.948153,0.902294,0.913334,0.920338,0.925177,0.932472,0.938144,0.944336,0.847001,0.945122,0.942952,0.944622,0.948365,0.952645,0.954412,0.948465,0.959295,0.954384,0.954771,0.889916,0.960581,0.961900,0.957304,0.960464,0.956827,0.954201,0.954512,0.955265,0.955517,0.912471,0.917424,0.921908,0.926069,0.933529,0.936645,0.942863,0.856285,0.941201,0.940915,0.942246,0.937871,0.948885,0.951491,0.952921,0.949404,0.954788,0.956677,0.902267,0.955134,0.955020,0.955273,0.956209,0.954476,0.956383,0.955619,0.955359,0.955306,0.914611,0.919424,0.928576,0.931375,0.935330,0.939375,0.942186,0.861462,0.942745,0.936329,0.939077,0.937056,0.943848,0.948182,0.945882,0.947688,0.951523,0.952952,0.941262,0.982699,0.982713,0.982574,0.983361,0.983063,0.982518,0.982764,0.982851,0.983001,0.952123,0.957697,0.969004,0.971926,0.973181,0.975983,0.980630,0.900847,0.983753,0.985521,0.986020,0.986294,0.988209,1.000000,0.989365,0.986341,0.984939,0.983691,0.940083,0.967877,0.967599,0.967565,0.967824,0.969091,0.968865,0.967746,0.967870,0.968096,0.946501,0.952027,0.958869,0.961894,0.962692,0.964890,0.965216,0.898063,0.967159,0.970726,0.970830,0.969593,0.970757,0.969878,0.967713,0.967655,0.967523,0.968808,0.944791,0.958613,0.959774,0.960880,0.961302,0.960432,0.961217,0.960185,0.959064,0.958287,0.951309,0.956313,0.956617,0.960637,0.962652,0.961312,0.961547,0.903210,0.965600,0.966777,0.967432,0.966180,0.967732,0.966926,0.962622,0.964239,0.960461,0.959935,0.946125,0.955740,0.959497,0.956582,0.959475,0.954708,0.961940,0.958377,0.957336,0.956884,0.952642,0.958488,0.959987,0.958399,0.962304,0.961776,0.964221,0.908005,0.965151,0.966437,0.966306,0.964631,0.966260,0.963736,0.962086,0.963451,0.960975,0.959593
allando_v_sin_a8_f1_v80,0.890628,0.961696,0.961119,0.960865,0.961191,0.961373,0.961180,0.961248,0.961264,0.961284,0.905506,0.914693,0.922876,0.929606,0.937664,0.943178,0.950397,0.854718,0.952568,0.950174,0.950728,0.955665,0.961023,0.965146,0.961871,0.960432,0.962287,0.961955,0.883001,0.955771,0.953556,0.950197,0.949921,0.949535,0.948672,0.949179,0.949394,0.949859,0.903834,0.914840,0.921834,0.926793,0.933937,0.939582,0.944914,0.848222,0.945558,0.943316,0.944742,0.949026,0.953353,0.955388,0.949503,0.960396,0.955756,0.955983,0.892065,0.961471,0.962628,0.958391,0.961490,0.958121,0.955746,0.956117,0.956888,0.957096,0.913824,0.918913,0.923409,0.927825,0.935334,0.938295,0.943819,0.857488,0.941648,0.941664,0.942798,0.938741,0.949818,0.952547,0.954258,0.950471,0.955886,0.957798,0.904373,0.956322,0.956113,0.956593,0.957415,0.955370,0.957195,0.956401,0.956296,0.956438,0.916428,0.921062,0.930011,0.932938,0.936850,0.940913,0.942857,0.862801,0.943300,0.936861,0.939570,0.937967,0.944548,0.949276,0.946917,0.948907,0.952984,0.954091,0.942587,0.983754,0.983714,0.983544,0.984261,0.984008,0.983446,0.983845,0.983848,0.983796,0.952791,0.958110,0.969032,0.972210,0.973615,0.976295,0.981083,0.901358,0.983664,0.985295,0.984820,0.984979,0.986386,0.989365,1.000000,0.987897,0.985982,0.984847,0.941584,0.968915,0.968554,0.968452,0.968517,0.970108,0.969715,0.968826,0.968743,0.968794,0.947690,0.953002,0.959491,0.962652,0.963224,0.965546,0.965976,0.899393,0.967648,0.971138,0.970894,0.969519,0.971037,0.970320,0.968602,0.968265,0.968422,0.969851,0.946408,0.959476,0.960479,0.961658,0.962008,0.961128,0.961988,0.960970,0.959991,0.959195,0.952653,0.957269,0.957639,0.961468,0.963398,0.962036,0.962549,0.904775,0.966273,0.967331,0.967770,0.966245,0.967919,0.967587,0.963525,0.965123,0.961508,0.960666,0.947388,0.956535,0.960216,0.957395,0.959978,0.955433,0.962197,0.959124,0.957812,0.957516,0.953796,0.959450,0.960714,0.959189,0.962924,0.962194,0.964868,0.909555,0.965743,0.967039,0.966575,0.964472,0.966276,0.964157,0.962931,0.964220,0.961760,0.960397
allando_v_sin_a8_f1_v85,0.891671,0.962446,0.961776,0.961635,0.961879,0.962059,0.961869,0.961928,0.961980,0.962007,0.906172,0.915340,0.923412,0.930168,0.938142,0.943486,0.949751,0.854955,0.951605,0.949764,0.950272,0.955252,0.960386,0.965398,0.962100,0.960996,0.963038,0.962688,0.884003,0.956847,0.954133,0.950552,0.950352,0.949948,0.949165,0.949637,0.949920,0.950605,0.904576,0.915418,0.922454,0.927535,0.934342,0.939881,0.944181,0.848526,0.944655,0.942917,0.944318,0.948387,0.952557,0.955132,0.949156,0.960669,0.956281,0.956570,0.893344,0.961496,0.962602,0.958311,0.961616,0.958119,0.956480,0.956614,0.957774,0.957912,0.914456,0.919576,0.924209,0.928716,0.936141,0.938914,0.943557,0.858065,0.941003,0.941426,0.942604,0.938458,0.949338,0.952472,0.954380,0.950897,0.956278,0.958080,0.905293,0.956423,0.956118,0.956814,0.957575,0.955224,0.957062,0.956231,0.956482,0.956642,0.917164,0.921585,0.930479,0.933380,0.937272,0.941136,0.942121,0.863347,0.942712,0.936672,0.939507,0.937754,0.944149,0.949439,0.946539,0.949260,0.953450,0.954435,0.942787,0.984398,0.984429,0.984264,0.985274,0.984683,0.984170,0.984557,0.985222,0.985337,0.952696,0.958044,0.968793,0.971959,0.973535,0.976162,0.980896,0.901431,0.983126,0.984477,0.983291,0.983181,0.983914,0.986341,0.987897,1.000000,0.987536,0.985646,0.941843,0.968675,0.968078,0.968592,0.968767,0.970142,0.969707,0.969002,0.968607,0.968447,0.947858,0.952873,0.959232,0.962346,0.962938,0.965419,0.965827,0.899766,0.967284,0.970436,0.969844,0.968542,0.970446,0.969439,0.968303,0.968445,0.968623,0.970184,0.946791,0.959230,0.960497,0.961685,0.961737,0.961054,0.961986,0.960889,0.959840,0.959071,0.952910,0.957428,0.957667,0.961320,0.963276,0.962071,0.962771,0.905416,0.965871,0.966896,0.967023,0.965346,0.967298,0.967257,0.963260,0.965306,0.961660,0.960669,0.947545,0.956726,0.960319,0.957362,0.959620,0.955280,0.961504,0.959029,0.957281,0.957353,0.953909,0.959327,0.960500,0.959000,0.962676,0.961811,0.964692,0.910083,0.965425,0.966594,0.965810,0.963577,0.965626,0.963651,0.962522,0.964345,0.961677,0.960435
allando_v_sin_a8_f1_v90,0.891656,0.962852,0.962238,0.960624,0.962697,0.962808,0.962651,0.962679,0.962670,0.962718,0.906170,0.915682,0.923762,0.930773,0.938395,0.943135,0.948809,0.854329,0.950442,0.949183,0.949734,0.954516,0.959461,0.964773,0.961670,0.959907,0.963805,0.963137,0.884104,0.956515,0.954448,0.949544,0.949205,0.948890,0.948010,0.948583,0.948920,0.949805,0.904560,0.915535,0.922884,0.928004,0.934163,0.939251,0.942815,0.847949,0.943121,0.941918,0.943340,0.947349,0.951322,0.954255,0.948884,0.960220,0.956566,0.956743,0.893502,0.960888,0.961849,0.957980,0.961309,0.957297,0.956317,0.956929,0.957907,0.957860,0.914202,0.919753,0.924613,0.929222,0.936261,0.938374,0.942704,0.857701,0.939715,0.940902,0.942018,0.937615,0.948407,0.951970,0.954183,0.950662,0.956017,0.957531,0.905479,0.956139,0.955740,0.956666,0.957131,0.954727,0.956569,0.955767,0.956130,0.956372,0.917396,0.921982,0.930836,0.933470,0.937385,0.940715,0.941076,0.863126,0.941511,0.935934,0.938884,0.936808,0.943189,0.949028,0.945977,0.948937,0.953172,0.953989,0.942749,0.984810,0.984808,0.984517,0.985773,0.985296,0.984346,0.984803,0.985655,0.986253,0.952455,0.957997,0.969028,0.972237,0.973969,0.976564,0.981039,0.901066,0.982844,0.983598,0.982053,0.981945,0.982762,0.984939,0.985982,0.987536,1.000000,0.986235,0.941507,0.968570,0.968104,0.968315,0.968620,0.969818,0.969829,0.968210,0.968593,0.968537,0.947595,0.952604,0.959103,0.962470,0.963131,0.965634,0.965837,0.899316,0.966841,0.969794,0.968912,0.967588,0.970114,0.968678,0.967618,0.967821,0.968102,0.969895,0.946600,0.958820,0.959970,0.961206,0.961212,0.960564,0.961745,0.960451,0.959647,0.958593,0.952698,0.957253,0.957597,0.961371,0.963422,0.962311,0.962966,0.905169,0.965419,0.966401,0.966289,0.964489,0.966939,0.966639,0.962639,0.964763,0.961650,0.960381,0.947310,0.956186,0.959649,0.956967,0.958877,0.954918,0.960348,0.958573,0.956519,0.956841,0.953864,0.959196,0.960313,0.958822,0.963010,0.962064,0.964786,0.909731,0.965072,0.966143,0.965049,0.962786,0.965181,0.963061,0.961822,0.963809,0.961557,0.959952
allando_v_sin_a8_f1_v95,0.891704,0.962509,0.961971,0.962435,0.962707,0.962793,0.962829,0.962863,0.962809,0.962812,0.905770,0.915459,0.923460,0.930689,0.938383,0.943070,0.948539,0.853766,0.950225,0.948933,0.949684,0.954350,0.959155,0.965138,0.962582,0.962075,0.963387,0.962859,0.884414,0.956703,0.955318,0.951996,0.951691,0.951343,0.950514,0.951085,0.951456,0.952243,0.904649,0.915838,0.923373,0.928674,0.934731,0.939797,0.942885,0.847618,0.943461,0.942435,0.943576,0.947442,0.951522,0.954473,0.949035,0.960658,0.957320,0.958243,0.893527,0.961419,0.962470,0.958498,0.961741,0.958435,0.957376,0.957720,0.958462,0.958518,0.914229,0.919908,0.925027,0.929516,0.936560,0.938768,0.942572,0.857219,0.939814,0.941141,0.942120,0.937709,0.948683,0.952402,0.954426,0.950961,0.956292,0.958265,0.905718,0.956520,0.956018,0.957197,0.957725,0.955232,0.957150,0.956185,0.956531,0.956796,0.917717,0.922471,0.931389,0.934040,0.937876,0.941433,0.941105,0.862834,0.941658,0.936365,0.939120,0.937169,0.943316,0.949325,0.945910,0.949364,0.953404,0.954337,0.942253,0.990953,0.990710,0.990535,0.984144,0.983928,0.990359,0.989565,0.983332,0.983458,0.951893,0.957648,0.969020,0.972347,0.974159,0.976859,0.981233,0.900504,0.983433,0.983251,0.981676,0.981556,0.981743,0.983691,0.984847,0.985646,0.986235,1.000000,0.941846,0.969690,0.969107,0.969766,0.969552,0.970259,0.970578,0.969284,0.969772,0.969138,0.948114,0.953128,0.959914,0.963219,0.963899,0.966465,0.966580,0.899374,0.967538,0.970050,0.969285,0.968072,0.969985,0.969344,0.968065,0.968764,0.969038,0.970295,0.946974,0.959084,0.960313,0.961690,0.961496,0.961021,0.962393,0.961112,0.960382,0.958950,0.953019,0.957626,0.958102,0.961820,0.963947,0.962962,0.963591,0.905125,0.965806,0.966593,0.966662,0.964643,0.967407,0.967268,0.963276,0.965520,0.962169,0.961162,0.947690,0.956626,0.960261,0.957605,0.959405,0.955572,0.960822,0.959241,0.957186,0.957441,0.954343,0.959593,0.960749,0.959411,0.963670,0.962773,0.965424,0.909788,0.965554,0.966528,0.965411,0.962945,0.965689,0.963528,0.962479,0.964366,0.962004,0.961020
allando_v_sin_a8_f3_v10,0.928486,0.934526,0.934074,0.933369,0.933486,0.933296,0.932908,0.932744,0.932484,0.932445,0.930049,0.931111,0.934957,0.939268,0.938849,0.943818,0.943908,0.889792,0.943623,0.939357,0.937047,0.942666,0.947360,0.946445,0.937626,0.935418,0.936093,0.935126,0.938123,0.937804,0.937241,0.935029,0.934782,0.934204,0.933440,0.933558,0.933611,0.933698,0.942140,0.945972,0.950185,0.952683,0.954029,0.958163,0.954872,0.899393,0.956538,0.952115,0.949903,0.953121,0.957205,0.957477,0.946250,0.949326,0.941324,0.939121,0.932691,0.941609,0.943767,0.937513,0.937897,0.934669,0.932981,0.932451,0.932629,0.932445,0.936309,0.937973,0.939550,0.940805,0.943396,0.944620,0.944508,0.897929,0.938997,0.940071,0.937938,0.938228,0.947291,0.948898,0.947702,0.940562,0.940570,0.943351,0.939862,0.940585,0.939925,0.942998,0.943642,0.937420,0.938984,0.936599,0.939430,0.936107,0.939083,0.938331,0.942411,0.945528,0.942449,0.944514,0.940954,0.903451,0.939906,0.935089,0.936799,0.942056,0.943664,0.949553,0.942038,0.944039,0.943135,0.942646,0.956056,0.940660,0.940784,0.939773,0.939312,0.938723,0.938872,0.938452,0.938030,0.938168,0.952457,0.950292,0.949473,0.947206,0.945131,0.944722,0.944360,0.918319,0.944785,0.944008,0.941205,0.939316,0.939015,0.940083,0.941584,0.941843,0.941507,0.941846,1.000000,0.946937,0.946795,0.946144,0.945571,0.945277,0.945005,0.945135,0.944731,0.944661,0.977434,0.965977,0.965176,0.964807,0.960241,0.962145,0.959741,0.945444,0.957478,0.958113,0.954231,0.951878,0.949222,0.948101,0.947474,0.947400,0.947563,0.946738,0.962394,0.931750,0.931583,0.932711,0.930587,0.929864,0.931690,0.931806,0.929313,0.927435,0.956730,0.952586,0.948688,0.948240,0.948996,0.945543,0.942869,0.929274,0.944055,0.944445,0.942279,0.939499,0.941049,0.943227,0.942635,0.943102,0.940596,0.937992,0.958456,0.932072,0.934029,0.929919,0.930271,0.927141,0.930628,0.930375,0.926896,0.926428,0.956527,0.954614,0.951086,0.945131,0.946723,0.943024,0.945333,0.932159,0.944952,0.944789,0.942100,0.940177,0.943352,0.943208,0.945220,0.945775,0.941929,0.941347
allando_v_sin_a8_f3_v100,0.880369,0.958394,0.958060,0.960263,0.959388,0.959446,0.959525,0.959607,0.959668,0.959728,0.895319,0.904295,0.910177,0.916317,0.922796,0.928714,0.934218,0.844215,0.935124,0.934502,0.935753,0.940304,0.945473,0.954251,0.957475,0.958056,0.958579,0.958336,0.883834,0.959454,0.959097,0.957163,0.957388,0.957017,0.956131,0.956613,0.956934,0.957712,0.905704,0.916062,0.923973,0.928640,0.934365,0.939363,0.942709,0.850334,0.944076,0.942608,0.945155,0.949569,0.954338,0.957436,0.951451,0.962011,0.962595,0.964106,0.887847,0.960138,0.961832,0.958627,0.961725,0.959747,0.959961,0.959700,0.960137,0.961366,0.910364,0.915093,0.920030,0.923940,0.930638,0.933175,0.937681,0.853020,0.934286,0.935676,0.937702,0.933524,0.944851,0.948792,0.950529,0.947345,0.953205,0.955472,0.900380,0.954684,0.954614,0.956454,0.956836,0.954983,0.956840,0.956701,0.957292,0.957303,0.914021,0.918209,0.926963,0.929733,0.931934,0.935696,0.935737,0.858977,0.935816,0.931043,0.935310,0.933277,0.940036,0.945835,0.942567,0.945421,0.949847,0.951560,0.929078,0.969264,0.969456,0.969806,0.969541,0.969387,0.970041,0.969914,0.969511,0.969584,0.938636,0.942536,0.951244,0.955458,0.957352,0.959466,0.964198,0.888186,0.966463,0.967317,0.966996,0.967278,0.966975,0.967877,0.968915,0.968675,0.968570,0.969690,0.946937,1.000000,0.983182,0.978396,0.976460,0.977556,0.977198,0.976699,0.977765,0.977575,0.953904,0.958334,0.964909,0.968531,0.969201,0.971912,0.971832,0.905560,0.972653,0.976185,0.975402,0.974234,0.975562,0.975365,0.976074,0.977190,0.978072,0.975582,0.944734,0.958280,0.959455,0.961468,0.961639,0.961760,0.963346,0.962718,0.961850,0.960449,0.950851,0.956319,0.956429,0.959706,0.962011,0.960624,0.960415,0.903102,0.962942,0.964162,0.964133,0.962775,0.965630,0.966085,0.962649,0.964902,0.960828,0.959726,0.946021,0.954925,0.958422,0.956910,0.959041,0.955753,0.961323,0.960045,0.957690,0.958221,0.951870,0.958048,0.959777,0.957717,0.961828,0.960689,0.963056,0.908080,0.962935,0.963581,0.962679,0.961177,0.964019,0.962308,0.961403,0.963395,0.960613,0.959083
allando_v_sin_a8_f3_v105,0.879852,0.958423,0.958260,0.959670,0.959606,0.959613,0.959633,0.959706,0.959742,0.959811,0.895266,0.903872,0.909640,0.915417,0.922097,0.928223,0.933865,0.844057,0.934581,0.933773,0.935165,0.939601,0.944862,0.953748,0.957722,0.957346,0.958561,0.958410,0.883693,0.960069,0.959760,0.957717,0.958043,0.957673,0.956736,0.957251,0.957522,0.957438,0.905992,0.915984,0.923723,0.928147,0.934094,0.939175,0.942692,0.850445,0.943851,0.942301,0.944896,0.949321,0.954194,0.957158,0.951086,0.962328,0.962516,0.963620,0.887727,0.960008,0.961955,0.958546,0.962501,0.959095,0.959496,0.958948,0.959782,0.960216,0.910698,0.914978,0.919690,0.923329,0.930189,0.932773,0.937421,0.853030,0.933885,0.935039,0.937242,0.933115,0.944377,0.948267,0.950018,0.946922,0.953016,0.955171,0.900287,0.954593,0.954711,0.956385,0.956895,0.955255,0.956963,0.956914,0.957369,0.957055,0.914240,0.917941,0.926466,0.929139,0.931410,0.935268,0.935477,0.859016,0.935509,0.930595,0.934912,0.932947,0.939761,0.945445,0.942332,0.945040,0.949619,0.951409,0.928443,0.968968,0.969394,0.969674,0.969003,0.969082,0.969812,0.969674,0.968891,0.969012,0.938541,0.941923,0.950532,0.954805,0.956604,0.958939,0.963653,0.887580,0.966119,0.966999,0.966718,0.966838,0.966552,0.967599,0.968554,0.968078,0.968104,0.969107,0.946795,0.983182,1.000000,0.979646,0.976560,0.976985,0.976771,0.976581,0.976943,0.980202,0.953818,0.957962,0.964446,0.968063,0.968612,0.971331,0.971334,0.905441,0.972266,0.975856,0.975187,0.973913,0.975839,0.975547,0.974180,0.976315,0.977952,0.974992,0.944277,0.958173,0.959463,0.961194,0.961769,0.961566,0.963110,0.962423,0.961909,0.960572,0.950471,0.955974,0.955799,0.959143,0.961399,0.959952,0.959836,0.902826,0.962493,0.963794,0.963845,0.962478,0.965196,0.965842,0.962323,0.964575,0.960430,0.959295,0.945841,0.954680,0.958255,0.956883,0.959064,0.955698,0.961467,0.959877,0.957833,0.958203,0.951530,0.957719,0.959285,0.957126,0.961147,0.959989,0.962500,0.907931,0.962417,0.963207,0.962412,0.960777,0.963623,0.962000,0.961117,0.963032,0.960237,0.958666
allando_v_sin_a8_f3_v110,0.880043,0.957495,0.957255,0.960557,0.958402,0.958535,0.958600,0.958700,0.958848,0.959006,0.894049,0.903981,0.909249,0.915226,0.921619,0.927820,0.933236,0.843882,0.933909,0.933377,0.935156,0.939550,0.944972,0.953829,0.956546,0.957794,0.957606,0.957445,0.883519,0.961364,0.957695,0.956442,0.956544,0.956186,0.955487,0.956005,0.956209,0.958025,0.904349,0.915688,0.922828,0.927589,0.933379,0.938560,0.941881,0.849992,0.942993,0.941898,0.944612,0.949062,0.953760,0.956876,0.950973,0.962330,0.961671,0.964898,0.887510,0.959716,0.961623,0.958553,0.961971,0.959409,0.960181,0.958360,0.960332,0.959725,0.909121,0.914680,0.918808,0.922750,0.929423,0.932133,0.936541,0.852466,0.932995,0.934525,0.936735,0.932780,0.944023,0.948001,0.950129,0.946785,0.952694,0.954881,0.899927,0.954360,0.954683,0.956338,0.957064,0.954614,0.956742,0.955887,0.956562,0.957190,0.912756,0.917696,0.925701,0.928383,0.930728,0.934628,0.934568,0.858477,0.934906,0.930038,0.934450,0.932517,0.939456,0.945232,0.942218,0.944990,0.949532,0.951158,0.928488,0.969477,0.969734,0.970193,0.969203,0.968948,0.970565,0.970214,0.969073,0.969190,0.937898,0.942097,0.950488,0.954780,0.956777,0.958999,0.963613,0.887696,0.965966,0.967035,0.966785,0.966933,0.966547,0.967565,0.968452,0.968592,0.968315,0.969766,0.946144,0.978396,0.979646,1.000000,0.978118,0.976443,0.977022,0.976191,0.978477,0.976928,0.953046,0.958214,0.964149,0.967638,0.968108,0.970980,0.970971,0.905020,0.971824,0.975377,0.974647,0.973388,0.974620,0.975275,0.974768,0.977197,0.976558,0.976151,0.943814,0.958281,0.959496,0.961223,0.961847,0.961479,0.963124,0.962436,0.961952,0.960658,0.950141,0.955274,0.956142,0.959026,0.961016,0.959599,0.959666,0.902538,0.962169,0.963454,0.963426,0.962141,0.964955,0.965807,0.962113,0.964432,0.960632,0.959433,0.945263,0.954645,0.958307,0.956820,0.958946,0.955727,0.961264,0.959950,0.957629,0.957967,0.951314,0.957298,0.958804,0.957021,0.960727,0.959549,0.962263,0.907480,0.962149,0.962892,0.962028,0.960535,0.963306,0.961946,0.960881,0.962832,0.960231,0.958763
allando_v_sin_a8_f3_v115,0.879050,0.958104,0.957808,0.958870,0.958917,0.959002,0.959081,0.959276,0.959354,0.959520,0.893264,0.903233,0.908856,0.914893,0.921440,0.927595,0.933270,0.842553,0.934059,0.933369,0.935053,0.939533,0.944994,0.953596,0.956411,0.956485,0.958422,0.958120,0.882670,0.961650,0.959312,0.955471,0.955680,0.955344,0.954493,0.954965,0.955264,0.956596,0.903739,0.915174,0.922816,0.927354,0.933115,0.938166,0.941781,0.848844,0.943027,0.941731,0.944366,0.948940,0.953816,0.957033,0.951286,0.963283,0.961963,0.962621,0.886807,0.960197,0.962194,0.958909,0.962931,0.959664,0.959922,0.958566,0.960041,0.959664,0.908615,0.914305,0.919001,0.922841,0.929526,0.931984,0.936836,0.851394,0.933512,0.934786,0.936994,0.933125,0.944344,0.948340,0.950293,0.947148,0.953115,0.955248,0.899593,0.954634,0.954978,0.956623,0.957343,0.955065,0.957079,0.956241,0.956840,0.957425,0.912460,0.917561,0.926032,0.928693,0.931017,0.934741,0.935089,0.857641,0.935393,0.930372,0.934654,0.932777,0.939775,0.945512,0.942535,0.945213,0.949681,0.951371,0.927845,0.968932,0.969439,0.969938,0.969836,0.969601,0.970400,0.970129,0.969488,0.969665,0.937354,0.941757,0.950569,0.954985,0.956890,0.959004,0.963728,0.886487,0.966128,0.967140,0.967013,0.967226,0.966954,0.967824,0.968517,0.968767,0.968620,0.969552,0.945571,0.976460,0.976560,0.978118,1.000000,0.978090,0.978344,0.978217,0.977610,0.977475,0.952592,0.958076,0.964185,0.967708,0.968334,0.971199,0.971160,0.903759,0.972026,0.975709,0.975107,0.973916,0.976354,0.975713,0.975248,0.977040,0.977628,0.975346,0.943503,0.958617,0.959837,0.961877,0.962337,0.962424,0.963889,0.963120,0.962258,0.960880,0.949988,0.955102,0.956289,0.959193,0.961431,0.960070,0.959951,0.901665,0.962523,0.963772,0.963939,0.962699,0.965370,0.966236,0.962640,0.964957,0.961072,0.960054,0.945151,0.955294,0.958872,0.957457,0.959789,0.956323,0.962152,0.960480,0.958392,0.958788,0.951391,0.957478,0.958896,0.957273,0.961439,0.960316,0.962788,0.906922,0.962667,0.963435,0.962644,0.961197,0.963817,0.962323,0.961448,0.963453,0.960792,0.959303
allando_v_sin_a8_f3_v120,0.879320,0.958071,0.957833,0.959058,0.958873,0.958999,0.958964,0.959155,0.959238,0.959389,0.894101,0.904312,0.909771,0.915716,0.922448,0.928478,0.934217,0.843302,0.935394,0.935023,0.936758,0.940751,0.945977,0.954464,0.957262,0.956964,0.958363,0.958056,0.882449,0.960938,0.958552,0.955485,0.955612,0.955334,0.954560,0.955095,0.955406,0.956750,0.903995,0.915585,0.923042,0.927649,0.933657,0.938751,0.942254,0.849095,0.943696,0.942761,0.945485,0.949743,0.954347,0.957409,0.951476,0.962073,0.961595,0.962359,0.886716,0.960528,0.962540,0.959262,0.963064,0.960833,0.959351,0.959475,0.959750,0.960630,0.908856,0.914741,0.919260,0.923133,0.929942,0.932695,0.937339,0.851625,0.934267,0.935898,0.938119,0.933829,0.944876,0.948781,0.950511,0.947235,0.953353,0.955494,0.899419,0.955064,0.955333,0.957037,0.957607,0.955429,0.957440,0.956687,0.957291,0.957783,0.912626,0.918004,0.926303,0.929059,0.931498,0.935417,0.935617,0.857824,0.936071,0.931673,0.935886,0.933526,0.940411,0.946099,0.942656,0.945528,0.950092,0.951764,0.928067,0.969575,0.970229,0.970601,0.970896,0.970775,0.971114,0.971242,0.970941,0.970896,0.937918,0.942983,0.951639,0.955748,0.957712,0.959816,0.964584,0.887241,0.967010,0.967983,0.967797,0.968223,0.967922,0.969091,0.970108,0.970142,0.969818,0.970259,0.945277,0.977556,0.976985,0.976443,0.978090,1.000000,0.979647,0.978431,0.977341,0.977927,0.952548,0.957971,0.964336,0.967721,0.968465,0.971257,0.971430,0.903899,0.972529,0.976225,0.975538,0.974522,0.976376,0.977057,0.975674,0.975933,0.976886,0.976679,0.943679,0.958689,0.960011,0.962227,0.962422,0.962819,0.964377,0.963521,0.962369,0.961155,0.949991,0.955172,0.956339,0.959597,0.961727,0.960498,0.960449,0.901814,0.963162,0.964475,0.964489,0.963354,0.966218,0.966882,0.962984,0.965271,0.961109,0.960305,0.945375,0.955450,0.959196,0.957733,0.960149,0.956850,0.962255,0.960736,0.958437,0.958954,0.951351,0.957569,0.958956,0.958045,0.961676,0.960658,0.963207,0.907026,0.963113,0.963977,0.963148,0.961745,0.964573,0.962970,0.961834,0.963710,0.960863,0.959512
allando_v_sin_a8_f3_v125,0.878546,0.959807,0.959566,0.959819,0.960776,0.960796,0.960947,0.961018,0.961042,0.961206,0.893111,0.904017,0.909302,0.915605,0.922247,0.928201,0.933707,0.842539,0.934742,0.934096,0.935759,0.939971,0.945227,0.954112,0.958584,0.957811,0.960232,0.959892,0.882028,0.961147,0.960060,0.956874,0.956827,0.956623,0.955976,0.956567,0.956903,0.957381,0.903626,0.915636,0.923001,0.927733,0.933731,0.938600,0.941935,0.848648,0.943458,0.942222,0.944886,0.949443,0.954105,0.957424,0.951603,0.962913,0.961451,0.962460,0.886406,0.960784,0.962660,0.959390,0.962857,0.960684,0.960038,0.960849,0.961241,0.960056,0.908716,0.915180,0.919563,0.923495,0.930363,0.932653,0.937162,0.851409,0.933965,0.935355,0.937427,0.933240,0.944521,0.948655,0.950572,0.947529,0.953686,0.955864,0.898826,0.955085,0.955419,0.957093,0.957690,0.955443,0.957791,0.956727,0.957190,0.957724,0.912432,0.918251,0.926330,0.929040,0.931499,0.935278,0.935194,0.857151,0.935551,0.930767,0.935023,0.932692,0.939734,0.945576,0.942392,0.945455,0.950030,0.951660,0.927419,0.969925,0.970450,0.970873,0.970959,0.970952,0.971601,0.971366,0.971076,0.971112,0.937310,0.942698,0.951480,0.955762,0.957781,0.960196,0.964886,0.886335,0.967243,0.967995,0.967697,0.968189,0.967875,0.968865,0.969715,0.969707,0.969829,0.970578,0.945005,0.977198,0.976771,0.977022,0.978344,0.979647,1.000000,0.981697,0.979322,0.979409,0.952597,0.958049,0.964738,0.968159,0.968993,0.971957,0.972124,0.903344,0.972968,0.976591,0.975929,0.974807,0.978808,0.977190,0.976165,0.977881,0.976701,0.976766,0.943377,0.959196,0.960486,0.962522,0.962765,0.963024,0.964669,0.963767,0.962779,0.961502,0.950112,0.955362,0.956404,0.960160,0.962110,0.960954,0.961061,0.901494,0.963473,0.964731,0.964767,0.963464,0.966325,0.966978,0.963261,0.965581,0.961524,0.960433,0.945004,0.955737,0.959194,0.957860,0.960120,0.956773,0.962470,0.961022,0.958489,0.959174,0.951305,0.957615,0.959133,0.958691,0.962150,0.961076,0.963686,0.906577,0.963510,0.964206,0.963312,0.961758,0.964448,0.962796,0.961719,0.963727,0.960887,0.959621
allando_v_sin_a8_f3_v130,0.879112,0.957069,0.957040,0.961039,0.958381,0.958602,0.958769,0.958920,0.958898,0.959060,0.893399,0.903514,0.909053,0.915175,0.921591,0.927607,0.933015,0.843171,0.933709,0.933311,0.934848,0.938922,0.944380,0.953191,0.957560,0.959834,0.957210,0.956899,0.882658,0.959552,0.958110,0.958568,0.958547,0.958460,0.957819,0.958407,0.958657,0.959152,0.903811,0.915296,0.922805,0.927531,0.933294,0.938266,0.941489,0.849388,0.942788,0.941587,0.944186,0.948365,0.953165,0.956427,0.950736,0.961852,0.960448,0.961231,0.886811,0.959772,0.961748,0.958989,0.962744,0.960987,0.960410,0.960106,0.961209,0.960036,0.908661,0.914469,0.918992,0.922868,0.929639,0.932013,0.936483,0.851960,0.933031,0.934650,0.936733,0.932435,0.943762,0.947789,0.949901,0.946678,0.952717,0.954844,0.899233,0.954244,0.954526,0.956353,0.957030,0.954758,0.956969,0.956170,0.956797,0.957231,0.912407,0.917591,0.925874,0.928522,0.930982,0.934753,0.934488,0.857912,0.934933,0.930033,0.934362,0.932195,0.939059,0.944832,0.941862,0.944656,0.949246,0.950825,0.927436,0.968656,0.969248,0.969675,0.970032,0.970113,0.970427,0.970405,0.969957,0.970193,0.937271,0.941710,0.950517,0.954850,0.956814,0.959069,0.963894,0.886921,0.966226,0.966978,0.966676,0.966883,0.966731,0.967746,0.968826,0.969002,0.968210,0.969284,0.945135,0.976699,0.976581,0.976191,0.978217,0.978431,0.981697,1.000000,0.978582,0.979057,0.952343,0.957546,0.963929,0.967503,0.968143,0.971027,0.971162,0.904008,0.972037,0.975502,0.974834,0.973604,0.975538,0.976057,0.974957,0.976795,0.976198,0.976580,0.943045,0.958123,0.959418,0.961608,0.961765,0.962137,0.963886,0.963111,0.962005,0.960651,0.949512,0.954640,0.955885,0.958885,0.961040,0.959802,0.960108,0.901908,0.962451,0.963704,0.963700,0.962403,0.965295,0.966023,0.962322,0.964681,0.960633,0.959523,0.944795,0.954889,0.958458,0.957070,0.959359,0.956135,0.961796,0.960420,0.957995,0.958463,0.950939,0.957005,0.958428,0.956981,0.961199,0.960095,0.962827,0.906955,0.962633,0.963290,0.962425,0.960916,0.963629,0.962135,0.961013,0.963026,0.960373,0.958972
allando_v_sin_a8_f3_v135,0.878047,0.957289,0.957065,0.960171,0.958377,0.958515,0.958680,0.958830,0.958893,0.959033,0.892608,0.902916,0.908326,0.914239,0.920620,0.926987,0.932696,0.842521,0.933673,0.932982,0.934945,0.938949,0.944212,0.953227,0.955803,0.958458,0.957626,0.957212,0.881954,0.961170,0.958417,0.956547,0.956575,0.956401,0.955751,0.956342,0.956654,0.958262,0.903290,0.915017,0.922485,0.927003,0.932844,0.937999,0.941592,0.848978,0.943039,0.941730,0.944505,0.948715,0.953462,0.956483,0.950767,0.962269,0.961401,0.962478,0.886319,0.960144,0.962127,0.958836,0.963027,0.960977,0.959811,0.959766,0.960695,0.961397,0.908471,0.914298,0.918817,0.922599,0.929333,0.931981,0.936506,0.851553,0.933371,0.934669,0.936920,0.932528,0.943844,0.947761,0.949758,0.946766,0.952859,0.954941,0.898944,0.954573,0.954918,0.956694,0.957197,0.955045,0.957363,0.956393,0.957023,0.957379,0.912118,0.917411,0.925714,0.928424,0.930756,0.934614,0.934734,0.857670,0.935304,0.930495,0.934795,0.932426,0.939430,0.945140,0.942084,0.944790,0.949372,0.951108,0.926414,0.969249,0.969756,0.970210,0.969730,0.969604,0.970923,0.970777,0.969905,0.969959,0.936293,0.941233,0.949962,0.954453,0.956464,0.958885,0.963546,0.885627,0.966053,0.966903,0.966855,0.967131,0.966795,0.967870,0.968743,0.968607,0.968593,0.969772,0.944731,0.977765,0.976943,0.978477,0.977610,0.977341,0.979322,0.978582,1.000000,0.978368,0.951795,0.957143,0.963667,0.967207,0.968045,0.970855,0.970884,0.903508,0.971948,0.975618,0.975166,0.974168,0.975990,0.977833,0.975350,0.976209,0.975938,0.976653,0.942840,0.958612,0.959845,0.961568,0.962410,0.962147,0.963776,0.963100,0.962780,0.961378,0.949365,0.954645,0.955743,0.959011,0.961152,0.960001,0.959980,0.901536,0.962545,0.963818,0.963944,0.962807,0.965470,0.966248,0.962577,0.964992,0.960849,0.959634,0.944662,0.955075,0.958813,0.957426,0.959910,0.956448,0.962362,0.960710,0.958488,0.958883,0.950684,0.957028,0.958360,0.957438,0.961285,0.960270,0.962823,0.906792,0.962681,0.963490,0.962770,0.961315,0.963958,0.962389,0.961252,0.963327,0.960481,0.959212
allando_v_sin_a8_f3_v140,0.877612,0.959906,0.959856,0.958780,0.961265,0.961506,0.961774,0.961945,0.962079,0.962135,0.892339,0.902387,0.907557,0.913386,0.920000,0.926252,0.932535,0.841094,0.933432,0.933230,0.935074,0.939177,0.944407,0.953894,0.957849,0.957142,0.959917,0.959705,0.881400,0.960020,0.960203,0.958041,0.958057,0.957849,0.957053,0.957612,0.957966,0.957265,0.902920,0.914393,0.921578,0.926113,0.931977,0.937096,0.941040,0.847323,0.942357,0.941566,0.944428,0.948787,0.953425,0.956542,0.951034,0.962594,0.961343,0.962054,0.885975,0.960602,0.962633,0.959485,0.963411,0.960879,0.960071,0.960123,0.960520,0.959903,0.908146,0.913661,0.918005,0.921780,0.928608,0.931263,0.936196,0.850066,0.933078,0.934786,0.937071,0.932928,0.944041,0.947993,0.950082,0.947145,0.953159,0.955316,0.898582,0.954854,0.955326,0.956910,0.957705,0.955471,0.957735,0.956806,0.957428,0.957945,0.911663,0.916812,0.924945,0.927582,0.929969,0.933747,0.934362,0.856254,0.934933,0.930507,0.934806,0.932651,0.939776,0.945215,0.942276,0.945076,0.949565,0.951306,0.926130,0.968775,0.969328,0.969783,0.969655,0.969716,0.970448,0.970517,0.969752,0.969913,0.935783,0.940633,0.949152,0.953706,0.955666,0.958004,0.962818,0.884321,0.965498,0.966508,0.966632,0.967093,0.967031,0.968096,0.968794,0.968447,0.968537,0.969138,0.944661,0.977575,0.980202,0.976928,0.977475,0.977927,0.979409,0.979057,0.978368,1.000000,0.951780,0.956999,0.963370,0.966818,0.967516,0.970284,0.970483,0.902224,0.971687,0.975480,0.975033,0.974157,0.976890,0.976192,0.974869,0.977060,0.975946,0.976227,0.942533,0.959134,0.960348,0.962331,0.962918,0.963012,0.964379,0.963769,0.963345,0.962021,0.949228,0.954590,0.955744,0.958707,0.960832,0.959565,0.959475,0.900367,0.962291,0.963633,0.963919,0.962968,0.965688,0.966750,0.963040,0.965364,0.961357,0.960234,0.944638,0.955439,0.959251,0.957833,0.960484,0.956949,0.962683,0.960936,0.958866,0.959242,0.950694,0.957078,0.958502,0.957086,0.960974,0.959826,0.962357,0.905740,0.962348,0.963228,0.962622,0.961361,0.964002,0.962719,0.961533,0.963403,0.960825,0.959589
allando_v_sin_a8_f3_v15,0.918681,0.938943,0.938753,0.938082,0.938606,0.938374,0.937893,0.937699,0.937430,0.937435,0.929851,0.934316,0.934772,0.938706,0.941654,0.944654,0.947750,0.885404,0.943142,0.941944,0.939655,0.940220,0.944541,0.946375,0.941844,0.939317,0.940635,0.939289,0.928209,0.942140,0.941603,0.939048,0.938814,0.938262,0.937571,0.937740,0.937751,0.938190,0.945508,0.949818,0.951312,0.952777,0.956614,0.958564,0.958283,0.895190,0.955063,0.952622,0.953415,0.953251,0.956144,0.957446,0.947472,0.951282,0.945620,0.943428,0.924719,0.947707,0.948614,0.947123,0.945175,0.941536,0.939479,0.939035,0.939379,0.939014,0.939359,0.941577,0.940612,0.940440,0.946595,0.944786,0.948728,0.892667,0.939145,0.939839,0.941234,0.933052,0.943951,0.946221,0.947196,0.941836,0.944547,0.946731,0.932718,0.945941,0.945042,0.947843,0.949614,0.950649,0.951573,0.946427,0.946665,0.946106,0.941730,0.943276,0.944947,0.944268,0.945412,0.944842,0.945365,0.898354,0.941930,0.935175,0.939786,0.935829,0.940375,0.946044,0.940904,0.944124,0.945883,0.947436,0.950575,0.947346,0.947301,0.946542,0.945970,0.945490,0.945966,0.945485,0.944915,0.944983,0.960786,0.955589,0.954031,0.951644,0.949210,0.950507,0.951753,0.914671,0.951693,0.951160,0.947937,0.946224,0.945573,0.946501,0.947690,0.947858,0.947595,0.948114,0.977434,0.953904,0.953818,0.953046,0.952592,0.952548,0.952597,0.952343,0.951795,0.951780,1.000000,0.975887,0.971958,0.971197,0.966182,0.968748,0.966924,0.938723,0.963699,0.965360,0.961247,0.957486,0.956855,0.955674,0.954578,0.954794,0.954841,0.953328,0.958779,0.938370,0.938742,0.940908,0.938801,0.938973,0.941177,0.941431,0.942057,0.940748,0.961061,0.959848,0.956714,0.955924,0.954804,0.949744,0.948844,0.924929,0.950002,0.950889,0.948184,0.945290,0.947472,0.947648,0.942834,0.944372,0.942892,0.940257,0.958366,0.937543,0.940122,0.937425,0.937795,0.935500,0.940629,0.942148,0.942726,0.942559,0.957107,0.959394,0.957816,0.953021,0.951387,0.947447,0.950798,0.927910,0.950477,0.950542,0.947491,0.945239,0.948397,0.946720,0.944748,0.946893,0.945873,0.942276
allando_v_sin_a8_f3_v20,0.905838,0.940783,0.940358,0.940435,0.940109,0.940212,0.940245,0.940362,0.940292,0.940474,0.919055,0.930618,0.928028,0.933508,0.938788,0.941847,0.945742,0.873002,0.942625,0.939949,0.939318,0.940697,0.945562,0.946737,0.941812,0.940852,0.941511,0.941118,0.913632,0.943761,0.942856,0.940471,0.940340,0.939972,0.939453,0.939661,0.939697,0.940165,0.933771,0.946243,0.943919,0.948236,0.954196,0.955993,0.958908,0.882121,0.956009,0.951228,0.953516,0.954557,0.957714,0.958498,0.947904,0.953017,0.946343,0.944915,0.911858,0.949017,0.950038,0.949643,0.947180,0.943385,0.940605,0.940776,0.941137,0.941022,0.930825,0.939582,0.934719,0.936945,0.943043,0.942440,0.947079,0.881357,0.939300,0.938107,0.940498,0.933304,0.944667,0.946771,0.947395,0.941358,0.944561,0.947145,0.921685,0.946605,0.946279,0.948890,0.950817,0.948958,0.950571,0.948900,0.949315,0.951492,0.933036,0.941941,0.941181,0.940864,0.943360,0.943020,0.944177,0.886414,0.941541,0.933922,0.939301,0.936205,0.940775,0.946493,0.941284,0.943567,0.945700,0.946915,0.943505,0.951176,0.951028,0.950565,0.951337,0.950842,0.950410,0.950817,0.950661,0.950522,0.952857,0.959226,0.955646,0.953376,0.952048,0.953891,0.954921,0.906570,0.955628,0.955678,0.952755,0.951883,0.951162,0.952027,0.953002,0.952873,0.952604,0.953128,0.965977,0.958334,0.957962,0.958214,0.958076,0.957971,0.958049,0.957546,0.957143,0.956999,0.975887,1.000000,0.979846,0.975107,0.970147,0.972252,0.970740,0.928291,0.968139,0.969879,0.965522,0.963110,0.961438,0.959846,0.958742,0.958314,0.958423,0.958158,0.953187,0.942068,0.942837,0.944853,0.943101,0.943309,0.945698,0.945825,0.944824,0.943419,0.957190,0.960395,0.963419,0.960035,0.956781,0.952045,0.951712,0.917317,0.953820,0.954727,0.952329,0.949745,0.951424,0.951130,0.946538,0.948043,0.946008,0.943977,0.954263,0.939999,0.943288,0.939778,0.941355,0.938838,0.945544,0.945057,0.944350,0.943792,0.954726,0.958710,0.960294,0.960884,0.954234,0.950658,0.954269,0.921092,0.954256,0.953959,0.951397,0.949359,0.952074,0.949969,0.947929,0.949545,0.948532,0.945315
allando_v_sin_a8_f3_v25,0.902975,0.945089,0.944685,0.944328,0.944457,0.944445,0.944325,0.944304,0.944255,0.944354,0.915966,0.926844,0.931225,0.937732,0.942450,0.945239,0.948064,0.868790,0.946702,0.944711,0.942492,0.945549,0.949117,0.951711,0.946574,0.945444,0.946130,0.945458,0.910334,0.947979,0.946818,0.943937,0.943768,0.943271,0.942537,0.942883,0.942999,0.943638,0.929914,0.942107,0.947897,0.952679,0.957302,0.958395,0.960558,0.878143,0.960951,0.956520,0.955758,0.958772,0.960358,0.962265,0.951284,0.957077,0.950425,0.949066,0.908437,0.955262,0.955666,0.952425,0.951393,0.947369,0.944663,0.944573,0.945057,0.944705,0.927644,0.936530,0.938656,0.941214,0.946427,0.945704,0.949309,0.878086,0.943988,0.944103,0.943741,0.938227,0.948137,0.951631,0.950973,0.945660,0.949019,0.951497,0.918995,0.952456,0.951939,0.953784,0.954080,0.951870,0.953722,0.951948,0.952246,0.952520,0.931060,0.938828,0.944659,0.944798,0.946427,0.947174,0.946538,0.882613,0.944976,0.939672,0.942123,0.939780,0.943934,0.951122,0.943699,0.947852,0.949249,0.950630,0.941222,0.958431,0.958446,0.958059,0.958417,0.957983,0.957811,0.957862,0.957217,0.957444,0.950839,0.955473,0.961201,0.960888,0.960065,0.962125,0.963258,0.904691,0.963297,0.962636,0.959256,0.958904,0.958095,0.958869,0.959491,0.959232,0.959103,0.959914,0.965176,0.964909,0.964446,0.964149,0.964185,0.964336,0.964738,0.963929,0.963667,0.963370,0.971958,0.979846,1.000000,0.986141,0.980703,0.980687,0.978376,0.927047,0.975146,0.976941,0.972199,0.970208,0.968267,0.967174,0.965542,0.965086,0.965345,0.964225,0.953475,0.946759,0.947610,0.950014,0.948995,0.949358,0.950944,0.950437,0.949163,0.947688,0.958051,0.960925,0.962352,0.966295,0.963574,0.959988,0.959138,0.916187,0.960064,0.961216,0.958639,0.956108,0.958610,0.956703,0.953243,0.954578,0.950862,0.949047,0.954552,0.944684,0.948037,0.946634,0.947732,0.945209,0.949137,0.950198,0.947221,0.948439,0.956628,0.961089,0.961870,0.960263,0.962086,0.958788,0.961731,0.920218,0.960589,0.960639,0.957582,0.955688,0.958834,0.954755,0.953671,0.955147,0.952357,0.950249
allando_v_sin_a8_f3_v30,0.901419,0.948047,0.947614,0.947537,0.947664,0.947657,0.947543,0.947507,0.947462,0.947499,0.913313,0.922181,0.933042,0.938821,0.939962,0.942446,0.946679,0.864778,0.945649,0.944359,0.943687,0.946139,0.949850,0.954254,0.949479,0.947929,0.948972,0.948362,0.908246,0.951379,0.950292,0.947488,0.947250,0.946775,0.946055,0.946398,0.946480,0.946936,0.927262,0.937593,0.950156,0.954520,0.954958,0.956738,0.960164,0.873948,0.961607,0.958482,0.958911,0.961258,0.962773,0.964592,0.955768,0.960252,0.953778,0.952293,0.907760,0.957294,0.957458,0.953617,0.953911,0.949846,0.947728,0.947284,0.947883,0.947527,0.925699,0.931891,0.941018,0.942808,0.944073,0.943326,0.947991,0.874365,0.942844,0.944711,0.944760,0.939378,0.949091,0.953642,0.953756,0.948858,0.952401,0.954309,0.918608,0.954080,0.953975,0.957253,0.956514,0.954133,0.955108,0.954382,0.954122,0.952752,0.929809,0.934513,0.945911,0.946282,0.944927,0.945908,0.945584,0.879741,0.944582,0.939816,0.942893,0.940422,0.944478,0.952727,0.947421,0.949974,0.951384,0.952828,0.940896,0.962058,0.962097,0.961685,0.961747,0.961253,0.961525,0.961172,0.960393,0.960657,0.949404,0.951093,0.962256,0.965893,0.964803,0.964676,0.965417,0.902537,0.965637,0.964880,0.962677,0.962114,0.961240,0.961894,0.962652,0.962346,0.962470,0.963219,0.964807,0.968531,0.968063,0.967638,0.967708,0.967721,0.968159,0.967503,0.967207,0.966818,0.971197,0.975107,0.986141,1.000000,0.988566,0.986526,0.981505,0.925839,0.977981,0.978872,0.975595,0.973100,0.971516,0.970384,0.968840,0.968405,0.968924,0.967662,0.952961,0.949024,0.949576,0.951682,0.950925,0.951156,0.953468,0.952413,0.951243,0.949642,0.957851,0.960459,0.960045,0.963790,0.967170,0.964171,0.960423,0.915081,0.960830,0.961532,0.959878,0.957583,0.960913,0.959243,0.956205,0.957673,0.954819,0.952752,0.953766,0.947634,0.950741,0.948892,0.950185,0.948023,0.951499,0.951645,0.948907,0.949732,0.958019,0.961900,0.961675,0.958669,0.966834,0.964302,0.964251,0.919896,0.961830,0.961636,0.959307,0.957503,0.961394,0.957463,0.956696,0.958283,0.956216,0.953874
allando_v_sin_a8_f3_v35,0.895520,0.947611,0.947046,0.947000,0.947156,0.947089,0.946901,0.946871,0.946898,0.946952,0.908629,0.917295,0.929897,0.936817,0.937345,0.940595,0.944092,0.859664,0.944714,0.943845,0.942323,0.944431,0.948000,0.953078,0.949103,0.947371,0.948570,0.947947,0.902338,0.951032,0.950046,0.947149,0.946913,0.946431,0.945668,0.946024,0.946181,0.946501,0.922111,0.932303,0.946495,0.953012,0.952940,0.955012,0.958272,0.868974,0.960451,0.959119,0.958859,0.961221,0.962045,0.963816,0.955670,0.959972,0.953420,0.951979,0.902552,0.956278,0.956437,0.951759,0.953412,0.949139,0.946833,0.946340,0.947066,0.946871,0.921303,0.926511,0.937440,0.941745,0.942133,0.941524,0.945701,0.869497,0.941904,0.944309,0.943543,0.937418,0.947064,0.951835,0.952104,0.947118,0.951307,0.953054,0.913656,0.953327,0.953078,0.956204,0.954585,0.951892,0.952586,0.952313,0.952466,0.950644,0.925392,0.928813,0.942425,0.945415,0.943277,0.944528,0.943300,0.874716,0.943712,0.939870,0.941416,0.937932,0.942635,0.950896,0.946271,0.948269,0.950101,0.951445,0.935736,0.962896,0.962906,0.962577,0.962610,0.962189,0.962314,0.961931,0.961209,0.961541,0.944390,0.946459,0.960431,0.966262,0.965398,0.965205,0.965998,0.897856,0.966471,0.965223,0.963742,0.963120,0.962142,0.962692,0.963224,0.962938,0.963131,0.963899,0.960241,0.969201,0.968612,0.968108,0.968334,0.968465,0.968993,0.968143,0.968045,0.967516,0.966182,0.970147,0.980703,0.988566,1.000000,0.989287,0.983030,0.920753,0.980280,0.980262,0.977438,0.975234,0.972869,0.971380,0.969398,0.969090,0.969617,0.968235,0.948962,0.948401,0.949307,0.951061,0.950954,0.950785,0.953068,0.951221,0.949782,0.948359,0.954367,0.957384,0.956533,0.961109,0.966271,0.966049,0.961133,0.910970,0.961122,0.961375,0.960465,0.958685,0.961330,0.959404,0.955876,0.957510,0.954056,0.952483,0.950521,0.947240,0.950823,0.948841,0.950662,0.947977,0.951284,0.950344,0.947195,0.948164,0.954997,0.959405,0.959389,0.956023,0.967569,0.967439,0.965085,0.915934,0.962065,0.961898,0.960094,0.958312,0.961760,0.957325,0.955829,0.957580,0.955051,0.953429
allando_v_sin_a8_f3_v40,0.897867,0.950224,0.949642,0.949557,0.949729,0.949681,0.949548,0.949542,0.949526,0.949636,0.908513,0.917629,0.927569,0.937163,0.939420,0.943171,0.945191,0.859549,0.944926,0.944194,0.942654,0.946169,0.950689,0.956141,0.951348,0.949734,0.951248,0.950552,0.905227,0.953661,0.952416,0.949332,0.949125,0.948608,0.947840,0.948230,0.948355,0.948715,0.922971,0.932667,0.944792,0.953664,0.955351,0.958193,0.958761,0.869514,0.960708,0.960145,0.958871,0.962859,0.964582,0.967504,0.959607,0.963911,0.956264,0.954540,0.904702,0.958850,0.959041,0.954030,0.955641,0.951857,0.949221,0.949008,0.949579,0.949458,0.921490,0.927957,0.936149,0.942451,0.945251,0.943863,0.946714,0.869860,0.942127,0.944954,0.943656,0.938907,0.949119,0.953957,0.955819,0.951860,0.954913,0.957562,0.915931,0.955718,0.956033,0.957734,0.957917,0.953743,0.955636,0.954047,0.954685,0.953524,0.926102,0.930687,0.941792,0.944654,0.945342,0.946754,0.944261,0.874825,0.944459,0.939331,0.941384,0.939910,0.945228,0.952618,0.948128,0.952540,0.954288,0.955201,0.938639,0.965303,0.965472,0.965085,0.965272,0.964853,0.964847,0.964571,0.963900,0.964091,0.946073,0.948967,0.960978,0.965491,0.965966,0.967600,0.969104,0.898933,0.969777,0.968672,0.966076,0.965558,0.964234,0.964890,0.965546,0.965419,0.965634,0.966465,0.962145,0.971912,0.971331,0.970980,0.971199,0.971257,0.971957,0.971027,0.970855,0.970284,0.968748,0.972252,0.980687,0.986526,0.989287,1.000000,0.989200,0.922227,0.984855,0.984363,0.980719,0.978941,0.975805,0.974163,0.972068,0.971722,0.972361,0.971065,0.950871,0.953489,0.953936,0.955375,0.953947,0.953905,0.955512,0.954223,0.952930,0.951301,0.956172,0.959605,0.959370,0.963553,0.967077,0.966794,0.964747,0.913043,0.964409,0.964696,0.962945,0.961083,0.963556,0.962254,0.958357,0.960461,0.958540,0.956609,0.951226,0.952538,0.954735,0.951704,0.952629,0.949743,0.953100,0.953339,0.950004,0.951281,0.958474,0.961818,0.962178,0.959121,0.967219,0.966445,0.967734,0.917331,0.965217,0.965121,0.962129,0.960721,0.963675,0.960437,0.958653,0.960604,0.959171,0.957743
allando_v_sin_a8_f3_v45,0.894630,0.949990,0.949411,0.949255,0.949502,0.949291,0.949235,0.949206,0.949194,0.949289,0.906197,0.915030,0.922183,0.932299,0.940845,0.944677,0.945457,0.856578,0.945064,0.945215,0.942512,0.946269,0.950543,0.955918,0.951438,0.949857,0.951271,0.950435,0.902240,0.953408,0.952132,0.949045,0.948831,0.948268,0.947446,0.947909,0.948003,0.948396,0.920984,0.930094,0.940023,0.948594,0.957875,0.959254,0.959410,0.866951,0.960812,0.959825,0.958432,0.962805,0.964821,0.966797,0.958925,0.963299,0.956205,0.954556,0.901351,0.958504,0.958885,0.953914,0.955430,0.951676,0.948962,0.948773,0.949370,0.949224,0.919187,0.925573,0.931327,0.937595,0.946790,0.945760,0.947304,0.867116,0.942478,0.945485,0.943520,0.938892,0.948666,0.952567,0.954725,0.949740,0.953566,0.955889,0.912774,0.956034,0.954292,0.956227,0.956595,0.953825,0.955547,0.953069,0.953254,0.953663,0.924558,0.928381,0.937294,0.940363,0.947494,0.948675,0.945150,0.871875,0.944308,0.940323,0.941245,0.940099,0.944116,0.951224,0.945974,0.950283,0.953388,0.953660,0.936487,0.965485,0.965639,0.965283,0.965202,0.964756,0.965064,0.964871,0.963996,0.964147,0.944712,0.948208,0.958056,0.960905,0.961972,0.967395,0.970853,0.896229,0.971067,0.969498,0.966386,0.965661,0.964618,0.965216,0.965976,0.965827,0.965837,0.966580,0.959741,0.971832,0.971334,0.970971,0.971160,0.971430,0.972124,0.971162,0.970884,0.970483,0.966924,0.970740,0.978376,0.981505,0.983030,0.989200,1.000000,0.920071,0.988909,0.987065,0.982360,0.979225,0.976073,0.974573,0.972206,0.971789,0.972497,0.971312,0.949772,0.952549,0.952953,0.954652,0.953229,0.952951,0.954820,0.953525,0.952631,0.950990,0.954973,0.958568,0.958791,0.962372,0.963857,0.963160,0.967387,0.910848,0.966363,0.965654,0.963628,0.960225,0.963155,0.961505,0.957874,0.959817,0.957566,0.955006,0.950200,0.950973,0.953444,0.951603,0.951693,0.948461,0.952216,0.952948,0.950304,0.951075,0.956639,0.960936,0.961647,0.958953,0.963342,0.962307,0.967483,0.915180,0.966976,0.965988,0.963144,0.959609,0.962961,0.959171,0.957958,0.959566,0.958039,0.955938
allando_v_sin_a8_f3_v5,0.910707,0.895251,0.895539,0.894054,0.893801,0.893537,0.893073,0.892848,0.892648,0.892668,0.912822,0.913574,0.916810,0.919708,0.917371,0.920576,0.918259,0.922209,0.915802,0.912337,0.910239,0.910124,0.911086,0.905824,0.898455,0.897226,0.897230,0.895818,0.920879,0.898980,0.901540,0.901527,0.901255,0.900605,0.899857,0.900054,0.899952,0.899578,0.924268,0.927746,0.932426,0.932262,0.932212,0.935423,0.928044,0.932945,0.926192,0.921257,0.920902,0.919537,0.918989,0.917862,0.904054,0.904093,0.901795,0.900369,0.912183,0.898068,0.899658,0.894482,0.894834,0.893970,0.893720,0.893253,0.892629,0.892620,0.919137,0.920347,0.920071,0.918982,0.920971,0.922085,0.918788,0.923977,0.911747,0.911426,0.911079,0.904948,0.909805,0.909311,0.906025,0.896802,0.899307,0.900448,0.919245,0.899614,0.897364,0.901872,0.900914,0.897355,0.896340,0.895173,0.899003,0.895437,0.920599,0.918185,0.920297,0.922793,0.919378,0.919591,0.912598,0.927901,0.912155,0.908051,0.911363,0.907563,0.905745,0.911992,0.902556,0.904035,0.903381,0.903621,0.931945,0.898632,0.898775,0.898247,0.897789,0.897116,0.897165,0.897038,0.896612,0.896810,0.926448,0.918111,0.914130,0.910988,0.909344,0.907935,0.905533,0.955595,0.904657,0.902769,0.900206,0.897824,0.896924,0.898063,0.899393,0.899766,0.899316,0.899374,0.945444,0.905560,0.905441,0.905020,0.903759,0.903899,0.903344,0.904008,0.903508,0.902224,0.938723,0.928291,0.927047,0.925839,0.920753,0.922227,0.920071,1.000000,0.917582,0.917223,0.912412,0.910490,0.907116,0.905849,0.905874,0.905060,0.906575,0.903852,0.928438,0.883943,0.884212,0.886429,0.883993,0.883534,0.885885,0.885950,0.884394,0.882245,0.922692,0.917538,0.912487,0.911462,0.911711,0.909186,0.907161,0.953760,0.906356,0.906067,0.901888,0.899946,0.901313,0.898971,0.893322,0.894620,0.890256,0.888624,0.927917,0.884954,0.887210,0.885008,0.885065,0.883587,0.887092,0.888813,0.883889,0.883239,0.919128,0.917159,0.913771,0.907846,0.908075,0.906050,0.908608,0.951997,0.906963,0.905115,0.901936,0.900076,0.904548,0.900455,0.897392,0.899084,0.893650,0.892312
allando_v_sin_a8_f3_v50,0.893301,0.951531,0.950976,0.950995,0.951051,0.950941,0.950850,0.950866,0.950814,0.950915,0.905181,0.914778,0.920670,0.929401,0.937809,0.944796,0.946838,0.856203,0.947667,0.947504,0.945483,0.947779,0.951540,0.956645,0.952707,0.951097,0.952483,0.951737,0.901496,0.954515,0.953209,0.949971,0.949727,0.949313,0.948479,0.949048,0.949138,0.949565,0.919789,0.929287,0.937399,0.945288,0.954271,0.959630,0.960962,0.866101,0.962513,0.962259,0.960737,0.963533,0.965925,0.966735,0.959273,0.964360,0.957424,0.955809,0.900606,0.958856,0.960128,0.954553,0.956891,0.952922,0.950339,0.950327,0.950691,0.950716,0.918841,0.924067,0.928905,0.934995,0.944042,0.947269,0.948296,0.866106,0.945980,0.948247,0.946685,0.940330,0.950034,0.952677,0.955368,0.949754,0.953339,0.955736,0.912177,0.956410,0.954602,0.956184,0.956977,0.953872,0.955655,0.953599,0.954077,0.954242,0.923007,0.926158,0.934952,0.938747,0.945674,0.949340,0.946254,0.871319,0.947651,0.943493,0.944059,0.940698,0.945640,0.951759,0.948151,0.950149,0.953229,0.953861,0.934957,0.966208,0.966459,0.966052,0.965982,0.965486,0.965820,0.965695,0.964944,0.965041,0.942453,0.946766,0.956006,0.959249,0.960502,0.965259,0.969459,0.894336,0.971797,0.970245,0.968418,0.968012,0.966732,0.967159,0.967648,0.967284,0.966841,0.967538,0.957478,0.972653,0.972266,0.971824,0.972026,0.972529,0.972968,0.972037,0.971948,0.971687,0.963699,0.968139,0.975146,0.977981,0.980280,0.984855,0.988909,0.917582,1.000000,0.988946,0.984581,0.981187,0.977234,0.975838,0.973285,0.973148,0.973263,0.972460,0.949100,0.953111,0.954227,0.955937,0.955008,0.954360,0.955836,0.954794,0.953399,0.952174,0.954031,0.957211,0.957801,0.961365,0.962727,0.962555,0.965806,0.909169,0.968165,0.967125,0.966048,0.962746,0.964744,0.964005,0.958783,0.961295,0.958089,0.956687,0.950709,0.951161,0.955937,0.952443,0.954385,0.950060,0.955248,0.953397,0.951655,0.951147,0.955052,0.960090,0.960752,0.958487,0.961967,0.961941,0.966191,0.914162,0.967719,0.967190,0.965375,0.961957,0.964606,0.961649,0.958909,0.960662,0.958396,0.957280
allando_v_sin_a8_f3_v55,0.891319,0.955188,0.954599,0.954594,0.954926,0.954900,0.954756,0.954818,0.954742,0.954780,0.904334,0.913803,0.920613,0.928113,0.936027,0.942372,0.947207,0.856177,0.947819,0.945465,0.944234,0.948389,0.952956,0.958787,0.956105,0.954505,0.956145,0.955417,0.898270,0.958177,0.956509,0.953273,0.953045,0.952569,0.951692,0.952203,0.952336,0.952796,0.917972,0.928691,0.937258,0.943461,0.951670,0.955946,0.960411,0.865222,0.961705,0.958738,0.958803,0.963826,0.967176,0.968142,0.960381,0.966815,0.960536,0.959237,0.898597,0.963300,0.964227,0.959323,0.961163,0.957282,0.954748,0.954600,0.955109,0.954899,0.919176,0.924848,0.929581,0.934183,0.942412,0.944240,0.949346,0.865281,0.946073,0.945776,0.945791,0.941038,0.951840,0.955126,0.956756,0.952648,0.957296,0.959481,0.911065,0.959455,0.958805,0.958968,0.959553,0.957466,0.959284,0.957949,0.957774,0.957987,0.923120,0.927261,0.936179,0.938679,0.943331,0.946672,0.947663,0.870515,0.947251,0.940746,0.942978,0.941104,0.947181,0.953128,0.949935,0.953211,0.956138,0.957140,0.936103,0.969081,0.969143,0.969030,0.969105,0.968729,0.968930,0.968795,0.968154,0.968332,0.945184,0.949446,0.958384,0.961348,0.961828,0.965786,0.969996,0.895837,0.972562,0.973501,0.971791,0.971073,0.970340,0.970726,0.971138,0.970436,0.969794,0.970050,0.958113,0.976185,0.975856,0.975377,0.975709,0.976225,0.976591,0.975502,0.975618,0.975480,0.965360,0.969879,0.976941,0.978872,0.980262,0.984363,0.987065,0.917223,0.988946,1.000000,0.989967,0.985705,0.980618,0.979222,0.976685,0.976894,0.976597,0.975959,0.950522,0.958708,0.959546,0.961608,0.961207,0.960813,0.961399,0.960276,0.958864,0.957721,0.956632,0.960324,0.960585,0.964763,0.965689,0.963967,0.965528,0.910101,0.968861,0.971029,0.969401,0.966240,0.967681,0.966457,0.962507,0.964851,0.961565,0.960239,0.951516,0.956604,0.959639,0.957677,0.959367,0.955157,0.960804,0.959169,0.957203,0.957386,0.957740,0.963172,0.964006,0.961955,0.965112,0.963901,0.968004,0.915152,0.968858,0.970909,0.968434,0.965436,0.967244,0.963870,0.962593,0.964429,0.961864,0.960700
allando_v_sin_a8_f3_v60,0.887320,0.954901,0.954321,0.954397,0.954806,0.954638,0.954506,0.954584,0.954523,0.954554,0.901219,0.910564,0.918398,0.924584,0.931774,0.938598,0.945568,0.852957,0.946262,0.942713,0.943015,0.946087,0.951336,0.957217,0.955588,0.954027,0.955472,0.954974,0.893499,0.957631,0.955799,0.952632,0.952306,0.951823,0.950992,0.951549,0.951700,0.952112,0.914175,0.924837,0.934315,0.939367,0.946273,0.951287,0.957993,0.861642,0.959575,0.956184,0.957527,0.960774,0.966016,0.965742,0.959387,0.965499,0.959815,0.958778,0.894916,0.960930,0.962272,0.957541,0.960560,0.956623,0.954241,0.954207,0.954635,0.954560,0.916755,0.921729,0.927359,0.930797,0.937823,0.940597,0.947486,0.861772,0.945137,0.943564,0.944383,0.938827,0.950280,0.952729,0.955187,0.951137,0.956545,0.957312,0.908215,0.957203,0.956217,0.957354,0.957904,0.956505,0.957792,0.957229,0.956346,0.956337,0.920296,0.924268,0.933397,0.935689,0.939316,0.943593,0.946692,0.867318,0.946598,0.938557,0.941471,0.939214,0.945550,0.950383,0.950326,0.950168,0.954072,0.955376,0.932241,0.968288,0.968386,0.968356,0.968425,0.968066,0.968354,0.968129,0.967415,0.967652,0.942008,0.945681,0.955502,0.959512,0.959663,0.962316,0.967118,0.891855,0.970288,0.971982,0.972382,0.971000,0.970837,0.970830,0.970894,0.969844,0.968912,0.969285,0.954231,0.975402,0.975187,0.974647,0.975107,0.975538,0.975929,0.974834,0.975166,0.975033,0.961247,0.965522,0.972199,0.975595,0.977438,0.980719,0.982360,0.912412,0.984581,0.989967,1.000000,0.986909,0.980242,0.978832,0.976147,0.976414,0.975790,0.975282,0.947487,0.957762,0.958698,0.960076,0.960440,0.959362,0.960457,0.959248,0.958183,0.957117,0.953486,0.958089,0.957495,0.961625,0.964075,0.962163,0.962172,0.906169,0.966802,0.968084,0.969984,0.966336,0.966706,0.965783,0.962263,0.964239,0.961018,0.959867,0.949035,0.955326,0.958775,0.956061,0.958575,0.953682,0.961524,0.957108,0.957176,0.956283,0.955056,0.960528,0.961836,0.959605,0.963889,0.963201,0.965304,0.911957,0.966818,0.968138,0.969301,0.965253,0.966297,0.963183,0.962144,0.963832,0.961460,0.959679
allando_v_sin_a8_f3_v65,0.884042,0.953821,0.953360,0.953441,0.953918,0.953962,0.953812,0.953779,0.953770,0.953772,0.897987,0.907060,0.914597,0.920953,0.927525,0.934958,0.941701,0.849643,0.945431,0.942126,0.942464,0.946341,0.950836,0.956396,0.954780,0.953009,0.954586,0.954088,0.889969,0.956614,0.954739,0.951476,0.951200,0.950751,0.949915,0.950418,0.950732,0.951083,0.910975,0.920754,0.929710,0.935516,0.941997,0.947572,0.953805,0.858278,0.958674,0.956564,0.956232,0.960559,0.964833,0.965067,0.957222,0.964231,0.958691,0.957732,0.891688,0.958853,0.961239,0.955809,0.959039,0.955350,0.952980,0.952853,0.953432,0.953229,0.913276,0.917679,0.923227,0.927561,0.934106,0.937569,0.943269,0.858373,0.943638,0.943796,0.943562,0.939080,0.950025,0.951746,0.952864,0.949011,0.953669,0.956063,0.904559,0.954273,0.954419,0.955746,0.956299,0.953943,0.955714,0.954808,0.955272,0.954390,0.916151,0.920280,0.929579,0.933736,0.935651,0.940207,0.942513,0.864395,0.943780,0.939603,0.940767,0.939571,0.946455,0.949712,0.946721,0.947941,0.951572,0.952935,0.929941,0.966890,0.967046,0.967041,0.967240,0.967073,0.967093,0.966857,0.966356,0.966489,0.938540,0.942853,0.953042,0.957419,0.958460,0.960370,0.965129,0.890163,0.968195,0.969475,0.970203,0.970955,0.969864,0.969593,0.969519,0.968542,0.967588,0.968072,0.951878,0.974234,0.973913,0.973388,0.973916,0.974522,0.974807,0.973604,0.974168,0.974157,0.957486,0.963110,0.970208,0.973100,0.975234,0.978941,0.979225,0.910490,0.981187,0.985705,0.986909,1.000000,0.979895,0.978016,0.975271,0.975314,0.974580,0.974302,0.945912,0.955953,0.956996,0.958459,0.958433,0.957823,0.959079,0.958373,0.956867,0.955933,0.950863,0.955391,0.955441,0.959438,0.961892,0.961352,0.960190,0.904814,0.964128,0.965385,0.966531,0.967655,0.966821,0.965940,0.962279,0.963870,0.959461,0.958682,0.947428,0.953774,0.957302,0.953829,0.957182,0.952567,0.959698,0.955768,0.954630,0.954195,0.952577,0.958460,0.959551,0.957709,0.962182,0.961915,0.963464,0.910320,0.964243,0.965649,0.965964,0.966894,0.966126,0.963359,0.961905,0.963017,0.959503,0.959088
allando_v_sin_a8_f3_v70,0.881771,0.959118,0.958423,0.955887,0.958280,0.958375,0.958162,0.958238,0.958255,0.958383,0.896409,0.905775,0.912317,0.918965,0.926231,0.932263,0.938436,0.846501,0.939864,0.939209,0.939627,0.943150,0.948086,0.955551,0.956426,0.954870,0.959039,0.959194,0.886228,0.959678,0.958024,0.953424,0.953179,0.952678,0.951810,0.952470,0.952772,0.952867,0.908033,0.918012,0.926549,0.932004,0.938524,0.943056,0.948006,0.853534,0.949901,0.948910,0.950371,0.954726,0.958922,0.961057,0.955011,0.963825,0.959851,0.959271,0.889394,0.960579,0.962320,0.958037,0.961556,0.957798,0.955842,0.956146,0.957179,0.956481,0.911714,0.916274,0.921828,0.925916,0.932893,0.935386,0.940835,0.855175,0.938561,0.939891,0.940746,0.935869,0.947079,0.950226,0.951973,0.948496,0.954056,0.956159,0.902052,0.955452,0.955669,0.956617,0.957331,0.955956,0.957767,0.956297,0.956389,0.956286,0.914928,0.919217,0.928689,0.931450,0.934488,0.937983,0.939477,0.860935,0.940059,0.935541,0.938141,0.935451,0.942692,0.947680,0.944876,0.947016,0.951054,0.952746,0.929857,0.969200,0.969632,0.969685,0.969520,0.969368,0.969776,0.969772,0.969120,0.969370,0.939762,0.943426,0.953416,0.957565,0.959059,0.961390,0.966273,0.888880,0.969090,0.970123,0.970140,0.970789,0.970385,0.970757,0.971037,0.970446,0.970114,0.969985,0.949222,0.975562,0.975839,0.974620,0.976354,0.976376,0.978808,0.975538,0.975990,0.976890,0.956855,0.961438,0.968267,0.971516,0.972869,0.975805,0.976073,0.907116,0.977234,0.980618,0.980242,0.979895,1.000000,0.979036,0.977630,0.977900,0.976014,0.975968,0.945214,0.958506,0.959536,0.961246,0.961520,0.961308,0.962639,0.961753,0.960495,0.959606,0.951611,0.956515,0.956826,0.960529,0.962901,0.961692,0.961460,0.903125,0.964719,0.965875,0.966277,0.965720,0.967626,0.967100,0.962773,0.964881,0.961182,0.960216,0.947361,0.955369,0.958950,0.956930,0.959753,0.955733,0.961946,0.959641,0.958238,0.958293,0.952823,0.959078,0.960308,0.958221,0.962933,0.962214,0.964529,0.908271,0.964764,0.965657,0.965100,0.964389,0.966261,0.963570,0.961894,0.963601,0.961165,0.959608
allando_v_sin_a8_f3_v75,0.880085,0.955999,0.955569,0.958079,0.956207,0.956225,0.956102,0.956143,0.956103,0.956206,0.895251,0.903940,0.910432,0.916889,0.924256,0.930455,0.936950,0.844609,0.938300,0.937451,0.938130,0.942120,0.946947,0.954384,0.957648,0.957559,0.956496,0.956078,0.884711,0.958470,0.956497,0.955114,0.955078,0.954611,0.953770,0.954344,0.954553,0.955213,0.907132,0.916441,0.924940,0.929732,0.936367,0.941390,0.945997,0.851943,0.947920,0.946597,0.948533,0.953019,0.957604,0.960019,0.953865,0.963460,0.959563,0.958578,0.888305,0.960345,0.962233,0.958023,0.961947,0.960829,0.956450,0.956059,0.957050,0.956803,0.911087,0.915100,0.920510,0.924289,0.931501,0.934523,0.939881,0.853979,0.937503,0.938754,0.939952,0.935394,0.946562,0.949850,0.951373,0.947972,0.953639,0.955705,0.900655,0.954955,0.955065,0.956200,0.956841,0.955797,0.957445,0.956636,0.956740,0.956099,0.914141,0.917783,0.927250,0.930065,0.932954,0.936933,0.938166,0.859575,0.938812,0.934183,0.937170,0.934870,0.941610,0.946949,0.943917,0.946102,0.950285,0.952064,0.928674,0.968625,0.969082,0.969055,0.968922,0.968642,0.969321,0.969257,0.968529,0.968625,0.938781,0.942284,0.952104,0.956134,0.957886,0.960256,0.965327,0.887661,0.967962,0.969168,0.969134,0.969723,0.969143,0.969878,0.970320,0.969439,0.968678,0.969344,0.948101,0.975365,0.975547,0.975275,0.975713,0.977057,0.977190,0.976057,0.977833,0.976192,0.955674,0.959846,0.967174,0.970384,0.971380,0.974163,0.974573,0.905849,0.975838,0.979222,0.978832,0.978016,0.979036,1.000000,0.977231,0.977197,0.976018,0.976979,0.945078,0.958410,0.959585,0.961422,0.961766,0.961501,0.962728,0.961888,0.961175,0.960201,0.951183,0.956464,0.956279,0.960157,0.962375,0.961053,0.961123,0.902320,0.964292,0.965545,0.965891,0.965048,0.967184,0.967226,0.963100,0.965176,0.961111,0.960057,0.946592,0.954997,0.958728,0.956805,0.959608,0.955593,0.961831,0.959605,0.958146,0.958241,0.952392,0.958725,0.959955,0.957656,0.962065,0.961268,0.963785,0.907467,0.964076,0.964928,0.964477,0.963383,0.965653,0.963414,0.961970,0.963642,0.960837,0.959280
allando_v_sin_a8_f3_v80,0.880593,0.956774,0.956023,0.956862,0.956551,0.956707,0.956613,0.956604,0.956623,0.956737,0.896036,0.904185,0.909681,0.915342,0.922065,0.928338,0.934691,0.844998,0.935557,0.935067,0.936227,0.940436,0.945208,0.953631,0.956416,0.955332,0.956438,0.956747,0.884580,0.959845,0.956451,0.953605,0.953452,0.953128,0.952242,0.952903,0.953300,0.954925,0.906939,0.916359,0.923880,0.928242,0.934326,0.939476,0.943785,0.851649,0.945295,0.944276,0.946792,0.951162,0.955844,0.958690,0.952559,0.962610,0.958518,0.959452,0.888122,0.959278,0.961120,0.957560,0.960977,0.958837,0.956871,0.957663,0.958069,0.958028,0.910827,0.914567,0.919314,0.922745,0.929602,0.932632,0.937656,0.853486,0.934665,0.936185,0.938095,0.933665,0.944938,0.948452,0.950193,0.946650,0.952493,0.954557,0.900283,0.953802,0.953861,0.955386,0.956086,0.954853,0.956469,0.956339,0.956666,0.955957,0.913823,0.917411,0.925988,0.928530,0.931022,0.934983,0.935973,0.859295,0.936362,0.932024,0.935823,0.933421,0.940300,0.945804,0.942743,0.944846,0.949174,0.950902,0.928298,0.967225,0.967728,0.967828,0.968138,0.967518,0.968134,0.968158,0.967808,0.968016,0.938163,0.941542,0.949942,0.953892,0.955702,0.957902,0.962636,0.887537,0.965352,0.966562,0.966626,0.967024,0.966927,0.967713,0.968602,0.968303,0.967618,0.968065,0.947474,0.976074,0.974180,0.974768,0.975248,0.975674,0.976165,0.974957,0.975350,0.974869,0.954578,0.958742,0.965542,0.968840,0.969398,0.972068,0.972206,0.905874,0.973285,0.976685,0.976147,0.975271,0.977630,0.977231,1.000000,0.978506,0.975198,0.976083,0.944267,0.957284,0.958509,0.960356,0.960805,0.960649,0.962144,0.961328,0.960340,0.959384,0.950381,0.955760,0.955489,0.958773,0.960856,0.959303,0.959072,0.902306,0.962147,0.963398,0.963718,0.962807,0.965361,0.966002,0.962219,0.964137,0.959974,0.958771,0.945996,0.953900,0.957684,0.955760,0.958455,0.954845,0.960879,0.958915,0.957174,0.957416,0.951326,0.957528,0.958986,0.956827,0.960666,0.959600,0.962059,0.907409,0.962172,0.962927,0.962406,0.961409,0.963986,0.962302,0.961125,0.962678,0.959933,0.958216
allando_v_sin_a8_f3_v85,0.880444,0.956598,0.956324,0.958821,0.957945,0.957952,0.957924,0.957959,0.957995,0.958095,0.894892,0.903827,0.909413,0.915399,0.922278,0.928475,0.935016,0.844059,0.936112,0.935398,0.936605,0.940627,0.945585,0.954588,0.958374,0.958064,0.957558,0.956617,0.884463,0.961025,0.957744,0.956604,0.956740,0.956380,0.955458,0.955906,0.956165,0.956762,0.906023,0.916185,0.923992,0.928273,0.934477,0.939616,0.943938,0.851069,0.945368,0.944290,0.946582,0.950770,0.955605,0.958410,0.952402,0.963002,0.960184,0.961924,0.888537,0.960323,0.962225,0.958791,0.961768,0.959031,0.958883,0.959447,0.959224,0.959078,0.910512,0.914817,0.919742,0.923241,0.930168,0.933100,0.938404,0.853502,0.935590,0.936733,0.938712,0.934265,0.945526,0.948956,0.950842,0.947487,0.953616,0.955536,0.900771,0.954790,0.955001,0.956454,0.957252,0.955798,0.957517,0.956569,0.957001,0.956827,0.913550,0.917545,0.926264,0.929081,0.931474,0.935355,0.936624,0.859219,0.937247,0.932497,0.936259,0.933799,0.940890,0.946223,0.943518,0.945585,0.950206,0.951883,0.928091,0.968524,0.968799,0.968916,0.968053,0.967743,0.969079,0.968945,0.967920,0.968054,0.938002,0.941288,0.949878,0.953952,0.955692,0.957885,0.962881,0.886819,0.965619,0.966842,0.966993,0.967257,0.967069,0.967655,0.968265,0.968445,0.967821,0.968764,0.947400,0.977190,0.976315,0.977197,0.977040,0.975933,0.977881,0.976795,0.976209,0.977060,0.954794,0.958314,0.965086,0.968405,0.969090,0.971722,0.971789,0.905060,0.973148,0.976894,0.976414,0.975314,0.977900,0.977197,0.978506,1.000000,0.977340,0.975445,0.944595,0.958359,0.959512,0.961553,0.961858,0.961905,0.963431,0.962809,0.961854,0.960687,0.950860,0.955735,0.955886,0.959230,0.961536,0.959985,0.959681,0.901968,0.962991,0.964378,0.964597,0.963646,0.965776,0.966375,0.962628,0.965076,0.960864,0.959823,0.946124,0.954954,0.958753,0.956726,0.959501,0.955702,0.961964,0.959833,0.958227,0.958464,0.951688,0.957938,0.958982,0.956967,0.960993,0.959751,0.962159,0.907200,0.962522,0.963582,0.963035,0.961838,0.964158,0.962559,0.961428,0.963378,0.960476,0.958845
allando_v_sin_a8_f3_v90,0.881260,0.955541,0.955608,0.958331,0.957194,0.957120,0.957124,0.957132,0.957164,0.957266,0.896585,0.904747,0.911074,0.916758,0.923575,0.929702,0.935143,0.845447,0.935994,0.935147,0.936309,0.940488,0.945794,0.954566,0.957704,0.957644,0.956962,0.955768,0.885113,0.961182,0.957597,0.955167,0.955726,0.955321,0.954330,0.954762,0.954953,0.956753,0.907256,0.916696,0.925069,0.929572,0.935579,0.940502,0.943723,0.851938,0.945111,0.943683,0.946118,0.950536,0.955282,0.958217,0.952112,0.962704,0.964095,0.963626,0.889067,0.959977,0.961919,0.958241,0.961130,0.958902,0.959276,0.957899,0.958677,0.958787,0.911749,0.915709,0.920940,0.924608,0.931489,0.934041,0.938405,0.854567,0.935004,0.936241,0.938156,0.933904,0.945134,0.948976,0.950705,0.947517,0.953490,0.955355,0.901534,0.954812,0.954790,0.956452,0.956831,0.955620,0.957178,0.956985,0.957348,0.956575,0.915401,0.918700,0.927625,0.930438,0.932783,0.936588,0.936570,0.860493,0.936735,0.931996,0.935934,0.933811,0.940540,0.946416,0.943301,0.945943,0.950342,0.951864,0.929327,0.968731,0.968962,0.969141,0.968696,0.968543,0.969459,0.969100,0.968696,0.968894,0.939402,0.942257,0.951271,0.955661,0.957461,0.959668,0.964397,0.888615,0.966483,0.967216,0.966921,0.967028,0.966692,0.967523,0.968422,0.968623,0.968102,0.969038,0.947563,0.978072,0.977952,0.976558,0.977628,0.976886,0.976701,0.976198,0.975938,0.975946,0.954841,0.958423,0.965345,0.968924,0.969617,0.972361,0.972497,0.906575,0.973263,0.976597,0.975790,0.974580,0.976014,0.976018,0.975198,0.977340,1.000000,0.976728,0.944999,0.957653,0.958695,0.960856,0.961105,0.961152,0.962650,0.961905,0.961346,0.959976,0.951171,0.956417,0.956179,0.959635,0.961779,0.960466,0.960461,0.903751,0.963026,0.964108,0.963999,0.962625,0.965315,0.965698,0.962174,0.964594,0.960474,0.959252,0.946423,0.954505,0.958015,0.956510,0.958660,0.955293,0.960900,0.959420,0.957547,0.958051,0.952253,0.958368,0.959626,0.957394,0.961722,0.960611,0.963110,0.908835,0.963075,0.963770,0.962829,0.961310,0.964047,0.962143,0.961191,0.963220,0.960411,0.958643
allando_v_sin_a8_f3_v95,0.879740,0.958585,0.958259,0.960159,0.958682,0.958815,0.958818,0.958881,0.958927,0.959094,0.894272,0.903944,0.909089,0.915102,0.921895,0.928358,0.934199,0.842569,0.935343,0.935271,0.937341,0.941683,0.946962,0.955342,0.955857,0.958840,0.959036,0.958723,0.882964,0.962371,0.958258,0.956578,0.956378,0.956063,0.955308,0.955764,0.956149,0.956846,0.904496,0.915096,0.922286,0.927037,0.933178,0.938508,0.942134,0.848331,0.943542,0.943090,0.946151,0.950761,0.955192,0.958241,0.952220,0.963271,0.959698,0.960383,0.887625,0.960505,0.962580,0.959168,0.962656,0.960013,0.957994,0.957863,0.959395,0.960295,0.909424,0.914377,0.918773,0.922709,0.929756,0.932646,0.937464,0.851507,0.934507,0.936680,0.939113,0.934901,0.945962,0.949556,0.951476,0.948312,0.953978,0.956035,0.900024,0.955157,0.955285,0.956781,0.957472,0.955328,0.957313,0.956779,0.957519,0.957692,0.912808,0.917326,0.925611,0.928419,0.931146,0.935163,0.935568,0.857532,0.936287,0.932148,0.936502,0.934425,0.941312,0.946999,0.943585,0.946474,0.950874,0.952287,0.929061,0.969352,0.969847,0.969888,0.969960,0.969559,0.970228,0.970122,0.969879,0.970102,0.938270,0.942621,0.951096,0.955341,0.957304,0.959411,0.964196,0.886745,0.966706,0.967772,0.967696,0.967923,0.967657,0.968808,0.969851,0.970184,0.969895,0.970295,0.946738,0.975582,0.974992,0.976151,0.975346,0.976679,0.976766,0.976580,0.976653,0.976227,0.953328,0.958158,0.964225,0.967662,0.968235,0.971065,0.971312,0.903852,0.972460,0.975959,0.975282,0.974302,0.975968,0.976979,0.976083,0.975445,0.976728,1.000000,0.944852,0.959166,0.960343,0.962139,0.962331,0.962183,0.963603,0.963006,0.961957,0.960829,0.950582,0.955741,0.956406,0.959379,0.961317,0.959911,0.959901,0.901775,0.962783,0.964119,0.964183,0.963120,0.965846,0.967024,0.963232,0.965459,0.961614,0.960633,0.946102,0.955615,0.959394,0.957248,0.959764,0.956147,0.961789,0.960199,0.958021,0.958432,0.951912,0.957952,0.959403,0.957407,0.960981,0.959785,0.962479,0.906749,0.962674,0.963473,0.962637,0.961488,0.964352,0.963397,0.962140,0.964069,0.961330,0.959840
allando_v_sin_a8_f5_v10,0.925151,0.940250,0.939941,0.939017,0.939414,0.939110,0.938751,0.938559,0.938388,0.938373,0.929470,0.932490,0.936030,0.939218,0.942456,0.947291,0.948562,0.889192,0.947696,0.944923,0.942805,0.948338,0.951921,0.951175,0.943461,0.940837,0.941632,0.940664,0.925237,0.939410,0.938257,0.935649,0.935441,0.934993,0.934231,0.934472,0.934511,0.935209,0.933939,0.937175,0.942206,0.943291,0.946163,0.950547,0.948201,0.887951,0.948865,0.945673,0.944984,0.948375,0.951229,0.951975,0.941026,0.948711,0.941989,0.940466,0.944785,0.951562,0.953458,0.948049,0.948727,0.945419,0.943835,0.943438,0.943509,0.943451,0.952319,0.952605,0.956638,0.956981,0.962162,0.964097,0.963719,0.913687,0.960511,0.960785,0.958536,0.956725,0.964103,0.964412,0.959373,0.950230,0.951885,0.953379,0.940371,0.947661,0.946298,0.949446,0.948466,0.944375,0.944759,0.943085,0.945903,0.942756,0.944060,0.943159,0.947933,0.951866,0.949951,0.952043,0.948040,0.905500,0.947828,0.944645,0.945963,0.948494,0.949744,0.955571,0.945040,0.947905,0.949363,0.949421,0.956076,0.945716,0.945767,0.944813,0.944620,0.943980,0.943955,0.943700,0.943407,0.943465,0.953372,0.952059,0.952103,0.950277,0.949329,0.948993,0.949517,0.917558,0.949544,0.948303,0.945715,0.944188,0.943287,0.944791,0.946408,0.946791,0.946600,0.946974,0.962394,0.944734,0.944277,0.943814,0.943503,0.943679,0.943377,0.943045,0.942840,0.942533,0.958779,0.953187,0.953475,0.952961,0.948962,0.950871,0.949772,0.928438,0.949100,0.950522,0.947487,0.945912,0.945214,0.945078,0.944267,0.944595,0.944999,0.944852,1.000000,0.944015,0.945079,0.946439,0.944931,0.943931,0.945663,0.945207,0.943532,0.941510,0.981495,0.973407,0.969072,0.969100,0.969248,0.966065,0.964251,0.951654,0.964864,0.964862,0.962180,0.958972,0.961001,0.960027,0.956341,0.956136,0.950974,0.949586,0.966145,0.937247,0.940117,0.935890,0.936594,0.933162,0.935866,0.936576,0.932288,0.932406,0.961411,0.960933,0.957726,0.952099,0.953099,0.949917,0.952885,0.936176,0.952148,0.951819,0.948966,0.947180,0.951113,0.949539,0.950944,0.951324,0.945442,0.944654
allando_v_sin_a8_f5_v100,0.874432,0.948129,0.947515,0.947406,0.948438,0.948576,0.948608,0.948653,0.948727,0.948784,0.884140,0.893463,0.897067,0.902773,0.910558,0.917519,0.924226,0.834498,0.921810,0.923480,0.927036,0.933709,0.940635,0.948867,0.947226,0.945922,0.948437,0.948398,0.871994,0.947788,0.943794,0.939659,0.939755,0.939447,0.938680,0.939031,0.939257,0.940535,0.889292,0.899797,0.904790,0.909944,0.916882,0.921830,0.926200,0.834264,0.923931,0.926041,0.929309,0.936249,0.942683,0.948523,0.943675,0.956380,0.948655,0.947887,0.887855,0.962411,0.962646,0.957079,0.959155,0.955286,0.952714,0.952779,0.953353,0.953334,0.905155,0.910565,0.914623,0.919473,0.928779,0.929126,0.937053,0.849769,0.931338,0.932736,0.937120,0.935956,0.949224,0.952542,0.956210,0.956805,0.964993,0.966632,0.894295,0.951859,0.953899,0.949612,0.952133,0.949406,0.952328,0.950220,0.950523,0.951282,0.903479,0.908865,0.916363,0.917043,0.921086,0.924175,0.928021,0.848231,0.927695,0.919400,0.926455,0.927575,0.937975,0.940845,0.940565,0.950527,0.957151,0.956965,0.922058,0.958523,0.958580,0.958373,0.958737,0.958542,0.958302,0.958161,0.958180,0.958250,0.930315,0.934834,0.941266,0.945718,0.946956,0.950496,0.954422,0.875515,0.957483,0.958797,0.957979,0.957778,0.957894,0.958613,0.959476,0.959230,0.958820,0.959084,0.931750,0.958280,0.958173,0.958281,0.958617,0.958689,0.959196,0.958123,0.958612,0.959134,0.938370,0.942068,0.946759,0.949024,0.948401,0.953489,0.952549,0.883943,0.953111,0.958708,0.957762,0.955953,0.958506,0.958410,0.957284,0.958359,0.957653,0.959166,0.944015,1.000000,0.983072,0.974656,0.974549,0.968974,0.967500,0.966662,0.969171,0.968263,0.951369,0.956141,0.958073,0.961645,0.963170,0.960463,0.961571,0.898588,0.966099,0.968820,0.968132,0.966195,0.969561,0.972145,0.969582,0.972833,0.973367,0.971710,0.936735,0.968404,0.967006,0.956039,0.957126,0.952272,0.956969,0.956131,0.954561,0.957596,0.950509,0.950938,0.952380,0.951043,0.952580,0.950193,0.954272,0.894165,0.954670,0.957741,0.955550,0.954802,0.956486,0.958264,0.958434,0.960512,0.961130,0.961619
allando_v_sin_a8_f5_v105,0.872787,0.949235,0.948539,0.948628,0.949421,0.949615,0.949642,0.949710,0.949788,0.949863,0.885484,0.894627,0.898290,0.902419,0.911614,0.918025,0.924298,0.834052,0.923007,0.924391,0.928712,0.935227,0.941784,0.949531,0.948303,0.947113,0.949367,0.949182,0.870690,0.949025,0.945181,0.940879,0.940845,0.940539,0.939788,0.940219,0.940434,0.941769,0.890936,0.900712,0.905805,0.909473,0.917673,0.922689,0.926598,0.833751,0.925087,0.926966,0.931025,0.937369,0.943966,0.949699,0.942991,0.956098,0.949178,0.948691,0.886968,0.964134,0.964536,0.958849,0.960649,0.956732,0.953987,0.954126,0.954589,0.954839,0.906767,0.911350,0.915874,0.919407,0.929247,0.930773,0.937451,0.849722,0.933135,0.933496,0.938950,0.937211,0.950893,0.953288,0.955594,0.955003,0.967200,0.968407,0.893063,0.954111,0.955574,0.951012,0.951859,0.950772,0.952494,0.951517,0.951980,0.952531,0.904681,0.909050,0.916982,0.918105,0.921634,0.925219,0.927822,0.847983,0.929285,0.921091,0.928412,0.928100,0.938972,0.941335,0.939177,0.948943,0.958960,0.958860,0.921658,0.959623,0.959769,0.959653,0.960040,0.959882,0.959736,0.959598,0.959504,0.959494,0.931160,0.935928,0.942187,0.946872,0.947957,0.951540,0.955403,0.875715,0.958218,0.959785,0.959112,0.959169,0.959087,0.959774,0.960479,0.960497,0.959970,0.960313,0.931583,0.959455,0.959463,0.959496,0.959837,0.960011,0.960486,0.959418,0.959845,0.960348,0.938742,0.942837,0.947610,0.949576,0.949307,0.953936,0.952953,0.884212,0.954227,0.959546,0.958698,0.956996,0.959536,0.959585,0.958509,0.959512,0.958695,0.960343,0.945079,0.983072,1.000000,0.977414,0.977848,0.971031,0.969277,0.967158,0.970131,0.970280,0.953014,0.957086,0.959003,0.962639,0.963946,0.962290,0.962612,0.899331,0.966926,0.969961,0.969181,0.967443,0.970960,0.973114,0.970718,0.973098,0.969931,0.971574,0.937785,0.970169,0.971193,0.958291,0.959678,0.954215,0.958327,0.958088,0.955791,0.959198,0.950572,0.951746,0.953340,0.952270,0.953445,0.951300,0.955405,0.894529,0.955408,0.958699,0.956518,0.955293,0.957985,0.958960,0.959497,0.961296,0.959403,0.960919
allando_v_sin_a8_f5_v110,0.874299,0.950963,0.950566,0.950500,0.951313,0.951513,0.951504,0.951538,0.951583,0.951703,0.887479,0.896639,0.899994,0.904620,0.912959,0.920012,0.925276,0.836017,0.925019,0.926330,0.929793,0.937536,0.942916,0.951272,0.950268,0.949007,0.951080,0.950789,0.872058,0.950494,0.947038,0.943045,0.942895,0.942577,0.941787,0.942271,0.942509,0.943813,0.892496,0.902524,0.907521,0.911584,0.919215,0.924324,0.927166,0.835787,0.926980,0.928474,0.932153,0.940187,0.944160,0.949715,0.944060,0.956833,0.950508,0.950363,0.887802,0.968713,0.968806,0.963043,0.963403,0.959056,0.956299,0.956067,0.956713,0.956821,0.908324,0.913234,0.917650,0.921783,0.930113,0.932361,0.937941,0.851688,0.935585,0.935873,0.940093,0.939985,0.951005,0.955449,0.955765,0.954703,0.963742,0.966080,0.893997,0.959113,0.960372,0.954433,0.954889,0.953257,0.955726,0.954651,0.955241,0.955532,0.906521,0.910684,0.919272,0.919556,0.922756,0.927081,0.928549,0.849374,0.930162,0.922945,0.929334,0.929840,0.939092,0.943976,0.939877,0.949618,0.955961,0.957077,0.923080,0.961147,0.961333,0.961511,0.961527,0.961372,0.961635,0.961494,0.961087,0.961063,0.933085,0.937184,0.943769,0.947900,0.949380,0.953147,0.956921,0.878299,0.959455,0.960844,0.960340,0.960858,0.959864,0.960880,0.961658,0.961685,0.961206,0.961690,0.932711,0.961468,0.961194,0.961223,0.961877,0.962227,0.962522,0.961608,0.961568,0.962331,0.940908,0.944853,0.950014,0.951682,0.951061,0.955375,0.954652,0.886429,0.955937,0.961608,0.960076,0.958459,0.961246,0.961422,0.960356,0.961553,0.960856,0.962139,0.946439,0.974656,0.977414,1.000000,0.975940,0.982789,0.977711,0.975517,0.969120,0.968532,0.955683,0.959071,0.960782,0.964547,0.965347,0.963055,0.964621,0.901465,0.968122,0.970961,0.970256,0.968367,0.972223,0.973674,0.971226,0.973926,0.970570,0.970723,0.938707,0.966105,0.968058,0.965811,0.965487,0.960075,0.961023,0.963458,0.958722,0.961997,0.949851,0.954124,0.954888,0.953677,0.954999,0.952752,0.957963,0.896597,0.956962,0.959659,0.957733,0.956444,0.959329,0.960143,0.960410,0.962336,0.959628,0.961253
allando_v_sin_a8_f5_v115,0.871596,0.951386,0.950959,0.950829,0.951933,0.952127,0.952053,0.952081,0.952118,0.952224,0.885705,0.894715,0.899171,0.903762,0.911398,0.919208,0.925539,0.834349,0.925651,0.925097,0.928010,0.936372,0.941650,0.949844,0.949876,0.949048,0.951298,0.951142,0.868949,0.950378,0.947324,0.943214,0.943256,0.942928,0.941988,0.942426,0.942715,0.944166,0.890231,0.900997,0.906769,0.910412,0.917338,0.922948,0.927366,0.834003,0.927259,0.926377,0.930448,0.938828,0.942420,0.946164,0.942230,0.955439,0.950264,0.950283,0.885098,0.970963,0.970605,0.963132,0.964424,0.959768,0.957001,0.956676,0.957604,0.957499,0.907339,0.912280,0.916916,0.921130,0.928127,0.931711,0.938251,0.850143,0.936846,0.934626,0.938678,0.939352,0.949729,0.954893,0.954806,0.952250,0.958749,0.961520,0.891532,0.960755,0.961270,0.954953,0.955305,0.953554,0.956154,0.954876,0.954906,0.955622,0.904513,0.908737,0.918677,0.918560,0.921293,0.926150,0.928625,0.846949,0.928919,0.921374,0.927488,0.927698,0.936645,0.942892,0.940868,0.946392,0.950311,0.952083,0.920538,0.961048,0.961285,0.961551,0.961895,0.961774,0.961881,0.961664,0.961502,0.961448,0.930961,0.935157,0.942881,0.947076,0.948480,0.951665,0.955553,0.876439,0.958606,0.960558,0.960708,0.961211,0.960402,0.961302,0.962008,0.961737,0.961212,0.961496,0.930587,0.961639,0.961769,0.961847,0.962337,0.962422,0.962765,0.961765,0.962410,0.962918,0.938801,0.943101,0.948995,0.950925,0.950954,0.953947,0.953229,0.883993,0.955008,0.961207,0.960440,0.958433,0.961520,0.961766,0.960805,0.961858,0.961105,0.962331,0.944931,0.974549,0.977848,0.975940,1.000000,0.978370,0.973948,0.971904,0.974863,0.975164,0.955082,0.958062,0.959947,0.963540,0.965073,0.962876,0.964201,0.900082,0.968200,0.970644,0.970702,0.968562,0.971742,0.972478,0.970702,0.972942,0.969636,0.969452,0.936676,0.958712,0.962621,0.968196,0.968926,0.962517,0.963834,0.965089,0.960570,0.962165,0.945789,0.952700,0.953326,0.951748,0.954395,0.952708,0.957377,0.894641,0.956135,0.958386,0.958045,0.955820,0.958451,0.958622,0.958851,0.960647,0.958541,0.959098
allando_v_sin_a8_f5_v120,0.871359,0.951312,0.951078,0.951013,0.952353,0.952496,0.952348,0.952268,0.952359,0.952520,0.886300,0.895668,0.899262,0.903843,0.910827,0.918304,0.924324,0.833128,0.924543,0.925822,0.928562,0.936608,0.941175,0.950285,0.950300,0.949369,0.951480,0.951128,0.868875,0.950445,0.947434,0.943498,0.943524,0.943245,0.942419,0.942833,0.943138,0.944556,0.890844,0.901660,0.906914,0.910724,0.917031,0.922201,0.925979,0.832833,0.926447,0.926999,0.930911,0.939560,0.941602,0.946264,0.942588,0.955737,0.950576,0.950539,0.884811,0.971861,0.971635,0.966220,0.965205,0.960501,0.957487,0.957059,0.958029,0.957890,0.907435,0.912487,0.917073,0.921192,0.927388,0.930629,0.936616,0.848804,0.935360,0.935075,0.938556,0.939291,0.948417,0.954733,0.954079,0.952207,0.957952,0.960914,0.891183,0.961516,0.962801,0.956589,0.956625,0.955173,0.958068,0.957019,0.957440,0.957838,0.905296,0.909852,0.919417,0.918648,0.920681,0.925497,0.927414,0.846067,0.927840,0.922031,0.927756,0.928130,0.936160,0.943412,0.938475,0.946657,0.949647,0.951249,0.920201,0.960610,0.960944,0.961343,0.961392,0.961368,0.961785,0.961601,0.961094,0.961174,0.931339,0.935298,0.943133,0.946865,0.948535,0.951479,0.955302,0.875978,0.958053,0.959792,0.959592,0.960536,0.959389,0.960432,0.961128,0.961054,0.960564,0.961021,0.929864,0.961760,0.961566,0.961479,0.962424,0.962819,0.963024,0.962137,0.962147,0.963012,0.938973,0.943309,0.949358,0.951156,0.950785,0.953905,0.952951,0.883534,0.954360,0.960813,0.959362,0.957823,0.961308,0.961501,0.960649,0.961905,0.961152,0.962183,0.943931,0.968974,0.971031,0.982789,0.978370,1.000000,0.984260,0.981045,0.970744,0.970633,0.954859,0.957743,0.959435,0.963241,0.964645,0.962479,0.963381,0.899498,0.966532,0.969677,0.968878,0.967086,0.971398,0.972406,0.970413,0.972579,0.969373,0.968844,0.936271,0.958182,0.962099,0.969302,0.969627,0.965291,0.963372,0.966943,0.961152,0.963845,0.945121,0.952737,0.953331,0.951885,0.954524,0.952546,0.957383,0.894280,0.955336,0.957550,0.956665,0.955200,0.958531,0.958740,0.959202,0.960655,0.958674,0.959631
allando_v_sin_a8_f5_v125,0.873580,0.953123,0.952632,0.952827,0.953761,0.953940,0.953867,0.953890,0.953931,0.954098,0.889391,0.898881,0.902311,0.907057,0.913507,0.919951,0.926543,0.835328,0.926981,0.928114,0.929873,0.937066,0.942204,0.951221,0.951826,0.951256,0.953255,0.953054,0.871209,0.952144,0.949425,0.945780,0.945593,0.945372,0.944704,0.945148,0.945413,0.946694,0.894066,0.905081,0.910197,0.913919,0.919503,0.924127,0.928259,0.835029,0.928973,0.929334,0.932620,0.939163,0.942913,0.946877,0.943598,0.956237,0.952022,0.952381,0.886870,0.968067,0.969527,0.969590,0.967139,0.961850,0.959085,0.958792,0.959605,0.959494,0.910389,0.916114,0.920096,0.923904,0.929828,0.932612,0.938820,0.851161,0.935935,0.937571,0.940069,0.939670,0.949909,0.954747,0.955276,0.950956,0.957159,0.959263,0.893137,0.958467,0.959085,0.961084,0.960275,0.957990,0.960793,0.959944,0.960457,0.961513,0.908718,0.913898,0.921714,0.922103,0.923649,0.927805,0.929303,0.848603,0.928009,0.924975,0.929581,0.930707,0.937159,0.944024,0.939695,0.944630,0.948769,0.949916,0.921939,0.961835,0.962233,0.962562,0.962574,0.962542,0.963230,0.962926,0.962368,0.962436,0.933703,0.937774,0.945155,0.948502,0.950027,0.952290,0.956439,0.877937,0.959071,0.960319,0.960237,0.960564,0.959931,0.961217,0.961988,0.961986,0.961745,0.962393,0.931690,0.963346,0.963110,0.963124,0.963889,0.964377,0.964669,0.963886,0.963776,0.964379,0.941177,0.945698,0.950944,0.953468,0.953068,0.955512,0.954820,0.885885,0.955836,0.961399,0.960457,0.959079,0.962639,0.962728,0.962144,0.963431,0.962650,0.963603,0.945663,0.967500,0.969277,0.977711,0.973948,0.984260,1.000000,0.985691,0.973365,0.972702,0.955868,0.960188,0.961617,0.964975,0.967105,0.964968,0.965007,0.902042,0.967936,0.970404,0.969856,0.967818,0.972430,0.973235,0.971808,0.973173,0.970382,0.969122,0.938161,0.955639,0.959770,0.964029,0.965297,0.963009,0.965847,0.966860,0.963208,0.964455,0.945320,0.954175,0.955432,0.954151,0.956930,0.954656,0.957588,0.896897,0.956863,0.958412,0.957853,0.955974,0.959920,0.959955,0.960756,0.961577,0.959846,0.959520
allando_v_sin_a8_f5_v130,0.874060,0.952515,0.952133,0.952420,0.953401,0.953557,0.953669,0.953711,0.953710,0.953821,0.889066,0.898856,0.900492,0.905677,0.911610,0.918810,0.925959,0.835388,0.926795,0.927227,0.929284,0.936548,0.942119,0.950846,0.951346,0.950787,0.952795,0.952427,0.871782,0.951557,0.948743,0.945232,0.945136,0.944911,0.944176,0.944711,0.944951,0.946361,0.893453,0.905180,0.908347,0.912472,0.917682,0.923082,0.927572,0.835149,0.928761,0.928458,0.931794,0.937992,0.942814,0.946211,0.942323,0.955879,0.951590,0.951946,0.886829,0.965576,0.967727,0.968365,0.966164,0.961376,0.958466,0.958136,0.959147,0.958984,0.909996,0.916164,0.918170,0.922175,0.928296,0.931503,0.937919,0.851037,0.935341,0.937124,0.939423,0.939462,0.950307,0.954026,0.954813,0.950014,0.954362,0.958020,0.893292,0.955191,0.956578,0.959147,0.961251,0.957886,0.961561,0.959337,0.960465,0.961630,0.907614,0.913996,0.919917,0.921076,0.922194,0.926468,0.928487,0.848636,0.926672,0.924318,0.928947,0.931276,0.937142,0.943530,0.939533,0.943203,0.946840,0.948206,0.922352,0.960631,0.960988,0.961336,0.961351,0.961273,0.962018,0.961801,0.961341,0.961311,0.933902,0.938162,0.943963,0.946575,0.948569,0.950536,0.954873,0.877990,0.957686,0.959337,0.959257,0.959474,0.959020,0.960185,0.960970,0.960889,0.960451,0.961112,0.931806,0.962718,0.962423,0.962436,0.963120,0.963521,0.963767,0.963111,0.963100,0.963769,0.941431,0.945825,0.950437,0.952413,0.951221,0.954223,0.953525,0.885950,0.954794,0.960276,0.959248,0.958373,0.961753,0.961888,0.961328,0.962809,0.961905,0.963006,0.945207,0.966662,0.967158,0.975517,0.971904,0.981045,0.985691,1.000000,0.973366,0.973766,0.954849,0.959831,0.961761,0.964454,0.966091,0.964166,0.963746,0.902020,0.967208,0.969866,0.968995,0.967523,0.971214,0.972998,0.971678,0.972966,0.970504,0.969371,0.937612,0.953971,0.958053,0.960731,0.962681,0.961129,0.966135,0.966429,0.963954,0.964360,0.944752,0.953787,0.955169,0.954303,0.955406,0.952863,0.955823,0.896774,0.955819,0.957303,0.956661,0.955290,0.959016,0.960069,0.960719,0.961907,0.959957,0.959554
allando_v_sin_a8_f5_v135,0.870085,0.951128,0.951352,0.951902,0.953078,0.953105,0.953116,0.953216,0.953224,0.953341,0.887248,0.896743,0.898400,0.902900,0.910237,0.916360,0.924591,0.832780,0.923447,0.924928,0.928750,0.933495,0.939148,0.949147,0.951201,0.950086,0.952052,0.951128,0.867795,0.949963,0.948206,0.944444,0.944312,0.943995,0.943341,0.943828,0.944267,0.945805,0.892373,0.903255,0.906461,0.909916,0.916501,0.920909,0.926597,0.832616,0.925783,0.925721,0.931494,0.935445,0.940357,0.943883,0.938824,0.953302,0.951137,0.950919,0.883587,0.962748,0.964729,0.964248,0.964105,0.959448,0.958534,0.958653,0.960020,0.959234,0.909186,0.914537,0.916615,0.920006,0.927689,0.929649,0.937007,0.848752,0.932145,0.934329,0.939438,0.935913,0.947106,0.950816,0.951715,0.948520,0.953694,0.956257,0.890142,0.952451,0.953413,0.955541,0.957105,0.959212,0.961957,0.958104,0.957992,0.959673,0.906469,0.912874,0.918596,0.918421,0.921367,0.924448,0.927859,0.846279,0.925029,0.921751,0.928849,0.927678,0.934574,0.939762,0.936511,0.940450,0.945575,0.948176,0.919595,0.960199,0.960411,0.960857,0.960719,0.960765,0.961531,0.961029,0.960818,0.960689,0.935028,0.936645,0.942062,0.945047,0.946670,0.949129,0.954580,0.876359,0.957098,0.958412,0.958075,0.958209,0.958191,0.959064,0.959991,0.959840,0.959647,0.960382,0.929313,0.961850,0.961909,0.961952,0.962258,0.962369,0.962779,0.962005,0.962780,0.963345,0.942057,0.944824,0.949163,0.951243,0.949782,0.952930,0.952631,0.884394,0.953399,0.958864,0.958183,0.956867,0.960495,0.961175,0.960340,0.961854,0.961346,0.961957,0.943532,0.969171,0.970131,0.969120,0.974863,0.970744,0.973365,0.973366,1.000000,0.983743,0.953221,0.959323,0.961307,0.963734,0.965039,0.962145,0.962525,0.900707,0.965901,0.967978,0.967401,0.965755,0.970251,0.971308,0.969306,0.971024,0.968101,0.966030,0.936070,0.953341,0.957213,0.957757,0.959790,0.957347,0.963750,0.964119,0.965911,0.966452,0.943471,0.951956,0.954161,0.953533,0.953734,0.951338,0.954447,0.895247,0.954797,0.956057,0.955169,0.953863,0.957412,0.957831,0.958099,0.959810,0.958717,0.956454
allando_v_sin_a8_f5_v140,0.867964,0.949712,0.949793,0.950376,0.951496,0.951507,0.951372,0.951488,0.951626,0.951756,0.885470,0.895494,0.896710,0.900779,0.908478,0.914825,0.923887,0.830601,0.922863,0.924111,0.928641,0.932594,0.937995,0.947162,0.949552,0.948462,0.950655,0.949743,0.865791,0.948756,0.946318,0.942701,0.942674,0.942394,0.941603,0.942144,0.942563,0.944297,0.890727,0.901978,0.904509,0.907841,0.914515,0.919165,0.925939,0.830388,0.924749,0.924393,0.931062,0.934501,0.939401,0.942424,0.937368,0.952186,0.949496,0.949428,0.881559,0.961453,0.963467,0.963469,0.962729,0.958233,0.956742,0.956814,0.958205,0.957471,0.907712,0.912807,0.914272,0.917464,0.925241,0.927790,0.935879,0.846523,0.931675,0.933251,0.939451,0.934936,0.946466,0.949425,0.950841,0.947757,0.952575,0.954709,0.888219,0.951306,0.952458,0.954287,0.956497,0.959674,0.962348,0.957645,0.957527,0.959163,0.904403,0.911171,0.916670,0.916454,0.919582,0.922719,0.926912,0.843887,0.924182,0.920587,0.928466,0.926115,0.933659,0.938504,0.936299,0.939248,0.944302,0.947106,0.917963,0.958879,0.959063,0.959478,0.959386,0.959359,0.960114,0.959689,0.959545,0.959557,0.934107,0.935687,0.940800,0.943870,0.945329,0.947396,0.952879,0.874625,0.955755,0.957461,0.957328,0.957387,0.957435,0.958287,0.959195,0.959071,0.958593,0.958950,0.927435,0.960449,0.960572,0.960658,0.960880,0.961155,0.961502,0.960651,0.961378,0.962021,0.940748,0.943419,0.947688,0.949642,0.948359,0.951301,0.950990,0.882245,0.952174,0.957721,0.957117,0.955933,0.959606,0.960201,0.959384,0.960687,0.959976,0.960829,0.941510,0.968263,0.970280,0.968532,0.975164,0.970633,0.972702,0.973766,0.983743,1.000000,0.951186,0.957736,0.959917,0.962147,0.963440,0.960864,0.960568,0.898163,0.964596,0.966720,0.966153,0.964893,0.969209,0.970428,0.968406,0.969893,0.967355,0.965721,0.934547,0.952294,0.956834,0.956784,0.959704,0.957127,0.964002,0.963734,0.967167,0.967390,0.941529,0.950133,0.952752,0.952296,0.952035,0.949951,0.953000,0.893171,0.953445,0.954766,0.954040,0.952808,0.956440,0.957211,0.956870,0.958510,0.957827,0.955629
allando_v_sin_a8_f5_v15,0.917039,0.943777,0.943416,0.942714,0.943134,0.943074,0.942683,0.942436,0.942307,0.942387,0.925428,0.931496,0.934091,0.937603,0.941503,0.946102,0.948799,0.882989,0.945188,0.944046,0.942660,0.945691,0.949105,0.951539,0.945975,0.943819,0.944855,0.944000,0.916383,0.942713,0.941553,0.938628,0.938457,0.937976,0.937297,0.937527,0.937498,0.938542,0.930262,0.936157,0.940191,0.941696,0.945253,0.948273,0.948502,0.881683,0.946149,0.944503,0.944629,0.946441,0.948552,0.950852,0.943259,0.951447,0.945109,0.943518,0.935808,0.959727,0.959836,0.955152,0.954968,0.950667,0.948464,0.947941,0.948268,0.947983,0.950186,0.951861,0.954590,0.955649,0.960881,0.961133,0.963320,0.906514,0.956929,0.957336,0.956830,0.950556,0.960232,0.962637,0.961110,0.953407,0.956178,0.957641,0.934130,0.953817,0.952846,0.954028,0.954151,0.950626,0.951189,0.949240,0.950316,0.949230,0.941559,0.942410,0.947310,0.947837,0.948952,0.950039,0.948546,0.898740,0.947782,0.941923,0.944666,0.941338,0.945702,0.953200,0.946818,0.950129,0.951750,0.952865,0.950503,0.952018,0.951812,0.951147,0.951064,0.950589,0.950668,0.950473,0.950125,0.950123,0.955162,0.954039,0.955813,0.954745,0.953499,0.954706,0.955563,0.914285,0.955578,0.954956,0.952411,0.950841,0.949916,0.951309,0.952653,0.952910,0.952698,0.953019,0.956730,0.950851,0.950471,0.950141,0.949988,0.949991,0.950112,0.949512,0.949365,0.949228,0.961061,0.957190,0.958051,0.957851,0.954367,0.956172,0.954973,0.922692,0.954031,0.956632,0.953486,0.950863,0.951611,0.951183,0.950381,0.950860,0.951171,0.950582,0.981495,0.951369,0.953014,0.955683,0.955082,0.954859,0.955868,0.954849,0.953221,0.951186,1.000000,0.981863,0.977633,0.976798,0.975666,0.970473,0.969765,0.946313,0.970633,0.970583,0.968006,0.963986,0.966170,0.964302,0.958554,0.959512,0.956555,0.954945,0.963683,0.943225,0.946528,0.945508,0.945949,0.942364,0.945449,0.946883,0.941852,0.942190,0.962635,0.965209,0.962395,0.957362,0.957945,0.954781,0.958257,0.931813,0.956882,0.956834,0.954132,0.952047,0.955369,0.952758,0.950667,0.952726,0.950216,0.948181
allando_v_sin_a8_f5_v20,0.905734,0.946799,0.946545,0.945489,0.946335,0.946279,0.945866,0.945590,0.945420,0.945488,0.923524,0.926901,0.927449,0.932035,0.937773,0.942324,0.945772,0.873501,0.943200,0.941873,0.942003,0.945026,0.949503,0.953267,0.948502,0.946730,0.947609,0.947460,0.904142,0.945795,0.944357,0.940978,0.940558,0.940028,0.939063,0.939476,0.939525,0.940630,0.928514,0.932107,0.934174,0.936938,0.942229,0.945463,0.946316,0.872629,0.944509,0.942012,0.944273,0.946243,0.949727,0.951744,0.944288,0.953220,0.947911,0.946691,0.922930,0.959474,0.960737,0.958864,0.957572,0.953372,0.951220,0.950654,0.951354,0.950898,0.948719,0.947736,0.949001,0.951450,0.957677,0.958314,0.961706,0.895197,0.953253,0.952670,0.953408,0.948107,0.958401,0.960584,0.959649,0.952839,0.956124,0.957447,0.924175,0.953441,0.952419,0.955589,0.955870,0.956680,0.956154,0.958832,0.959116,0.956493,0.941186,0.940326,0.943245,0.944170,0.945625,0.947398,0.947115,0.889104,0.944507,0.939252,0.943719,0.942192,0.946053,0.952136,0.945946,0.949057,0.951679,0.952805,0.945739,0.956705,0.956454,0.956020,0.955969,0.955591,0.955807,0.955486,0.955139,0.955188,0.956718,0.956447,0.956892,0.956290,0.954983,0.956538,0.959372,0.909508,0.959887,0.959543,0.957439,0.956024,0.955438,0.956313,0.957269,0.957428,0.957253,0.957626,0.952586,0.956319,0.955974,0.955274,0.955102,0.955172,0.955362,0.954640,0.954645,0.954590,0.959848,0.960395,0.960925,0.960459,0.957384,0.959605,0.958568,0.917538,0.957211,0.960324,0.958089,0.955391,0.956515,0.956464,0.955760,0.955735,0.956417,0.955741,0.973407,0.956141,0.957086,0.959071,0.958062,0.957743,0.960188,0.959831,0.959323,0.957736,0.981863,1.000000,0.982664,0.981050,0.979248,0.973785,0.972960,0.937204,0.973807,0.973517,0.970575,0.966543,0.969580,0.967108,0.964583,0.964818,0.960753,0.958769,0.959463,0.946294,0.949413,0.946826,0.947911,0.945618,0.950860,0.951041,0.949675,0.949656,0.961041,0.965425,0.967985,0.961880,0.960389,0.957461,0.960681,0.926287,0.960180,0.959780,0.957672,0.955246,0.959344,0.956795,0.955818,0.957130,0.954319,0.951626
allando_v_sin_a8_f5_v25,0.900862,0.946791,0.946363,0.946055,0.946243,0.946340,0.946295,0.946434,0.946484,0.946692,0.914338,0.926168,0.923449,0.928833,0.934434,0.938412,0.943388,0.866775,0.940613,0.940634,0.941959,0.943606,0.947404,0.951822,0.947526,0.946406,0.947188,0.947048,0.899884,0.945504,0.943683,0.940649,0.940409,0.940109,0.939575,0.939976,0.940035,0.941152,0.919433,0.931591,0.930100,0.934102,0.939491,0.941930,0.944850,0.865750,0.942182,0.940558,0.944190,0.945288,0.947651,0.949946,0.942449,0.953480,0.947131,0.946275,0.918365,0.959057,0.959807,0.958888,0.957365,0.953366,0.950940,0.950822,0.951569,0.951125,0.938929,0.946916,0.945058,0.948692,0.955405,0.954577,0.958310,0.887941,0.951513,0.951948,0.954021,0.945214,0.956426,0.958778,0.958498,0.951521,0.954436,0.956735,0.919947,0.952406,0.952168,0.954342,0.956383,0.954419,0.956364,0.954337,0.955010,0.956661,0.931807,0.940125,0.940794,0.940391,0.943584,0.943959,0.944654,0.882189,0.943207,0.937600,0.943607,0.939288,0.943614,0.950699,0.944896,0.948134,0.950161,0.951587,0.941672,0.956419,0.956205,0.955869,0.956583,0.956174,0.955869,0.956329,0.955839,0.955759,0.951624,0.958492,0.956641,0.954992,0.954323,0.955979,0.958555,0.904100,0.959414,0.959246,0.957287,0.956329,0.955794,0.956617,0.957639,0.957667,0.957597,0.958102,0.948688,0.956429,0.955799,0.956142,0.956289,0.956339,0.956404,0.955885,0.955743,0.955744,0.956714,0.963419,0.962352,0.960045,0.956533,0.959370,0.958791,0.912487,0.957801,0.960585,0.957495,0.955441,0.956826,0.956279,0.955489,0.955886,0.956179,0.956406,0.969072,0.958073,0.959003,0.960782,0.959947,0.959435,0.961617,0.961761,0.961307,0.959917,0.977633,0.982664,1.000000,0.985262,0.980529,0.974708,0.974228,0.931776,0.975365,0.975137,0.971558,0.967783,0.969972,0.967656,0.963690,0.965329,0.962975,0.960478,0.956620,0.946417,0.950478,0.947387,0.949013,0.946538,0.951679,0.952403,0.951085,0.951031,0.958811,0.963942,0.965960,0.964635,0.960387,0.956786,0.960821,0.921443,0.960126,0.959800,0.957147,0.955267,0.959024,0.957350,0.954767,0.956370,0.955247,0.952236
allando_v_sin_a8_f5_v30,0.900055,0.949143,0.948643,0.948277,0.948714,0.948733,0.948580,0.948592,0.948548,0.948720,0.913325,0.925719,0.927055,0.932554,0.937927,0.942003,0.945577,0.866615,0.944351,0.943148,0.942062,0.945483,0.949069,0.953797,0.950597,0.948931,0.949850,0.949462,0.898859,0.947991,0.946339,0.942875,0.942605,0.942218,0.941569,0.942038,0.942103,0.943608,0.918302,0.931291,0.933830,0.937971,0.942844,0.945679,0.947106,0.865746,0.946006,0.943363,0.944248,0.947315,0.949654,0.952895,0.944874,0.954951,0.949633,0.948746,0.916729,0.962131,0.962307,0.959672,0.959431,0.955650,0.953542,0.953385,0.953933,0.953535,0.937531,0.947354,0.949289,0.952903,0.959081,0.958648,0.962352,0.887854,0.956537,0.955169,0.955137,0.948631,0.959014,0.961782,0.959857,0.954459,0.957162,0.959513,0.918824,0.954995,0.954855,0.956563,0.957287,0.955623,0.957397,0.955822,0.955992,0.956355,0.932029,0.940930,0.945047,0.944728,0.946380,0.947609,0.947711,0.881603,0.945694,0.940258,0.943626,0.941264,0.945863,0.952782,0.946022,0.950665,0.952523,0.954022,0.940797,0.960226,0.960005,0.959742,0.960633,0.960302,0.959762,0.959898,0.959675,0.959928,0.950507,0.956699,0.960036,0.959594,0.958825,0.960235,0.962713,0.903345,0.963606,0.963389,0.961231,0.960410,0.959909,0.960637,0.961468,0.961320,0.961371,0.961820,0.948240,0.959706,0.959143,0.959026,0.959193,0.959597,0.960160,0.958885,0.959011,0.958707,0.955924,0.960035,0.966295,0.963790,0.961109,0.963553,0.962372,0.911462,0.961365,0.964763,0.961625,0.959438,0.960529,0.960157,0.958773,0.959230,0.959635,0.959379,0.969100,0.961645,0.962639,0.964547,0.963540,0.963241,0.964975,0.964454,0.963734,0.962147,0.976798,0.981050,0.985262,1.000000,0.987185,0.981516,0.980453,0.930638,0.981073,0.981184,0.977093,0.973555,0.975260,0.971478,0.967577,0.968816,0.965391,0.963351,0.956608,0.950093,0.953183,0.951102,0.952173,0.949578,0.953827,0.954973,0.952441,0.953755,0.959024,0.964295,0.965920,0.965221,0.965491,0.961901,0.965124,0.920937,0.964290,0.964627,0.961572,0.959795,0.962854,0.959927,0.958310,0.959920,0.957191,0.955042
allando_v_sin_a8_f5_v35,0.901218,0.951141,0.950778,0.950299,0.950888,0.950791,0.950550,0.950551,0.950556,0.950702,0.913358,0.921935,0.931888,0.936883,0.939456,0.942904,0.946705,0.866862,0.946515,0.944578,0.943880,0.947094,0.950912,0.955882,0.952665,0.950922,0.952012,0.951458,0.900195,0.950184,0.948613,0.945379,0.945163,0.944740,0.944101,0.944463,0.944570,0.945653,0.918704,0.928059,0.939300,0.942624,0.943839,0.946519,0.948247,0.865818,0.948601,0.945493,0.946244,0.948496,0.951448,0.954178,0.948154,0.956874,0.951924,0.950984,0.918101,0.963089,0.963691,0.960145,0.961269,0.957494,0.955616,0.955245,0.955923,0.955570,0.938287,0.943682,0.955178,0.958048,0.960675,0.960347,0.964613,0.887870,0.959544,0.958158,0.957566,0.951731,0.961364,0.964257,0.962475,0.956340,0.959424,0.961159,0.920878,0.956237,0.956052,0.959853,0.958760,0.957435,0.957975,0.957316,0.957226,0.955802,0.933274,0.937691,0.948971,0.950044,0.948061,0.949090,0.948806,0.882515,0.947087,0.942587,0.945376,0.943524,0.947315,0.954908,0.949354,0.951516,0.953899,0.955478,0.940836,0.962785,0.962818,0.962525,0.962939,0.962555,0.962490,0.962207,0.961837,0.962003,0.949560,0.952621,0.961572,0.964163,0.963190,0.962431,0.964265,0.903031,0.965328,0.965002,0.963650,0.962605,0.962160,0.962652,0.963398,0.963276,0.963422,0.963947,0.948996,0.962011,0.961399,0.961016,0.961431,0.961727,0.962110,0.961040,0.961152,0.960832,0.954804,0.956781,0.963574,0.967170,0.966271,0.967077,0.963857,0.911711,0.962727,0.965689,0.964075,0.961892,0.962901,0.962375,0.960856,0.961536,0.961779,0.961317,0.969248,0.963170,0.963946,0.965347,0.965073,0.964645,0.967105,0.966091,0.965039,0.963440,0.975666,0.979248,0.980529,0.987185,1.000000,0.988986,0.984344,0.931378,0.984033,0.983557,0.980272,0.976418,0.978363,0.974014,0.971135,0.972151,0.968707,0.966941,0.956382,0.951225,0.954418,0.952235,0.953562,0.951291,0.955295,0.955002,0.953030,0.953748,0.959314,0.963843,0.964699,0.961991,0.969707,0.967330,0.967565,0.921745,0.965736,0.965475,0.963379,0.961483,0.965009,0.961009,0.960955,0.962365,0.959854,0.957718
allando_v_sin_a8_f5_v40,0.897932,0.949387,0.948962,0.948608,0.949164,0.949073,0.948864,0.948846,0.948823,0.949016,0.910740,0.917887,0.929666,0.935739,0.938156,0.942020,0.943734,0.862793,0.946840,0.944714,0.942610,0.946412,0.949441,0.954058,0.951237,0.949646,0.950548,0.949672,0.896813,0.948574,0.946983,0.943922,0.943676,0.943298,0.942600,0.943042,0.943167,0.944007,0.915681,0.923701,0.936807,0.941733,0.942754,0.945849,0.945494,0.861859,0.948877,0.946366,0.945106,0.947658,0.949828,0.952366,0.945292,0.954663,0.949934,0.949359,0.914831,0.960396,0.961463,0.956855,0.958980,0.955368,0.953473,0.953280,0.953805,0.953623,0.934658,0.939109,0.952409,0.957497,0.959982,0.960666,0.962474,0.884159,0.961325,0.958396,0.956439,0.952942,0.960786,0.962827,0.959687,0.952739,0.956655,0.958604,0.916808,0.954059,0.953567,0.958144,0.955651,0.953595,0.953942,0.953434,0.954933,0.952339,0.929658,0.932477,0.945626,0.951556,0.947393,0.948665,0.945682,0.878879,0.945820,0.944351,0.944330,0.943044,0.946067,0.953840,0.945605,0.948216,0.951263,0.952626,0.936938,0.961868,0.962113,0.961775,0.962102,0.961722,0.961674,0.961467,0.961002,0.961146,0.944626,0.948191,0.958680,0.962919,0.963427,0.962286,0.963476,0.899683,0.964312,0.963423,0.962317,0.961432,0.960576,0.961312,0.962036,0.962071,0.962311,0.962962,0.945543,0.960624,0.959952,0.959599,0.960070,0.960498,0.960954,0.959802,0.960001,0.959565,0.949744,0.952045,0.959988,0.964171,0.966049,0.966794,0.963160,0.909186,0.962555,0.963967,0.962163,0.961352,0.961692,0.961053,0.959303,0.959985,0.960466,0.959911,0.966065,0.960463,0.962290,0.963055,0.962876,0.962479,0.964968,0.964166,0.962145,0.960864,0.970473,0.973785,0.974708,0.981516,0.988986,1.000000,0.986817,0.927905,0.984596,0.983320,0.979097,0.976037,0.977968,0.973008,0.971401,0.971741,0.966223,0.965817,0.953341,0.948912,0.952878,0.950228,0.952001,0.949678,0.952585,0.952317,0.948945,0.950004,0.955265,0.960185,0.960821,0.957812,0.968170,0.968433,0.967109,0.918794,0.964500,0.964033,0.961775,0.960048,0.964206,0.959512,0.960199,0.961350,0.956506,0.956164
allando_v_sin_a8_f5_v45,0.894083,0.948121,0.947782,0.947333,0.947885,0.947763,0.947631,0.947626,0.947619,0.947791,0.906197,0.914539,0.922564,0.931733,0.939664,0.944610,0.942997,0.858763,0.943596,0.943049,0.939854,0.944364,0.947544,0.952554,0.949603,0.948163,0.949078,0.948326,0.893117,0.947153,0.945555,0.942345,0.942068,0.941653,0.940914,0.941425,0.941496,0.942507,0.911573,0.920654,0.930777,0.937735,0.945541,0.948338,0.944280,0.857912,0.945157,0.944739,0.942118,0.945582,0.947528,0.950285,0.944436,0.953060,0.948629,0.948015,0.911162,0.960372,0.960887,0.956546,0.958214,0.954686,0.952655,0.952431,0.953016,0.952806,0.930919,0.937209,0.946318,0.953931,0.963147,0.963105,0.963122,0.881758,0.959067,0.958624,0.954915,0.951751,0.958525,0.961227,0.959384,0.951971,0.954838,0.957320,0.913982,0.955335,0.952861,0.955656,0.954595,0.951803,0.953279,0.951620,0.952549,0.952261,0.927815,0.930394,0.940444,0.944846,0.949928,0.951099,0.944926,0.875499,0.944865,0.941478,0.941368,0.940424,0.943269,0.950478,0.943273,0.947451,0.951412,0.951766,0.935040,0.962407,0.962515,0.962319,0.962382,0.961997,0.962175,0.962243,0.961613,0.961666,0.943067,0.947416,0.955337,0.958646,0.959665,0.964497,0.967213,0.897253,0.966653,0.964881,0.962733,0.961661,0.960615,0.961547,0.962549,0.962771,0.962966,0.963591,0.942869,0.960415,0.959836,0.959666,0.959951,0.960449,0.961061,0.960108,0.959980,0.959475,0.948844,0.951712,0.959138,0.960423,0.961133,0.964747,0.967387,0.907161,0.965806,0.965528,0.962172,0.960190,0.961460,0.961123,0.959072,0.959681,0.960461,0.959901,0.964251,0.961571,0.962612,0.964621,0.964201,0.963381,0.965007,0.963746,0.962525,0.960568,0.969765,0.972960,0.974228,0.980453,0.984344,0.986817,1.000000,0.926943,0.990099,0.986768,0.982062,0.976359,0.977910,0.972812,0.968970,0.970888,0.966330,0.964540,0.950892,0.949208,0.951933,0.952195,0.951416,0.948915,0.951420,0.953131,0.948985,0.949868,0.954381,0.959428,0.960053,0.957548,0.963501,0.962890,0.968096,0.917049,0.966941,0.965703,0.962843,0.959160,0.962525,0.958342,0.957619,0.959460,0.955763,0.954336
allando_v_sin_a8_f5_v5,0.910050,0.901739,0.901989,0.900629,0.900548,0.900174,0.899738,0.899535,0.899400,0.899461,0.911232,0.915766,0.918522,0.921044,0.919899,0.923066,0.922684,0.915947,0.918031,0.915248,0.914085,0.914396,0.915571,0.911902,0.904884,0.903160,0.903088,0.902112,0.909947,0.901416,0.903208,0.902706,0.902442,0.901916,0.901294,0.901417,0.901335,0.901436,0.916257,0.920749,0.924449,0.923609,0.923595,0.926639,0.922060,0.914506,0.918790,0.915576,0.915365,0.913689,0.914337,0.913812,0.902804,0.906736,0.903814,0.902438,0.929920,0.911402,0.912474,0.908469,0.908216,0.906405,0.905908,0.905623,0.905005,0.904918,0.933857,0.934767,0.936531,0.935578,0.938204,0.938288,0.936921,0.939377,0.929239,0.929213,0.929062,0.921401,0.926034,0.924972,0.921782,0.911270,0.913283,0.913574,0.924774,0.908751,0.906765,0.911045,0.910329,0.906337,0.905184,0.904044,0.906871,0.904317,0.925856,0.923696,0.925742,0.927425,0.926014,0.926116,0.919903,0.927061,0.919867,0.914406,0.918011,0.913251,0.912248,0.918527,0.911144,0.912200,0.912043,0.912399,0.929819,0.904326,0.904371,0.903841,0.903825,0.903298,0.902880,0.902960,0.902809,0.902781,0.925066,0.919014,0.916952,0.914850,0.913727,0.912948,0.910913,0.944160,0.909678,0.907827,0.905616,0.902931,0.901642,0.903210,0.904775,0.905416,0.905169,0.905125,0.929274,0.903102,0.902826,0.902538,0.901665,0.901814,0.901494,0.901908,0.901536,0.900367,0.924929,0.917317,0.916187,0.915081,0.910970,0.913043,0.910848,0.953760,0.909169,0.910101,0.906169,0.904814,0.903125,0.902320,0.902306,0.901968,0.903751,0.901775,0.951654,0.898588,0.899331,0.901465,0.900082,0.899498,0.902042,0.902020,0.900707,0.898163,0.946313,0.937204,0.931776,0.930638,0.931378,0.927905,0.926943,1.000000,0.926641,0.925791,0.921075,0.918571,0.919761,0.914796,0.907268,0.908334,0.904167,0.903263,0.932969,0.891932,0.893990,0.891691,0.891599,0.889502,0.893896,0.894965,0.890199,0.889430,0.925059,0.923465,0.919772,0.914226,0.914310,0.912360,0.915192,0.953955,0.913749,0.912312,0.909000,0.906931,0.910638,0.906252,0.902273,0.904410,0.899853,0.898006
allando_v_sin_a8_f5_v50,0.894246,0.950900,0.950470,0.950174,0.950670,0.950586,0.950386,0.950404,0.950365,0.950483,0.905903,0.915107,0.922313,0.930027,0.938782,0.945315,0.947789,0.860284,0.947713,0.944811,0.942298,0.945787,0.950590,0.955031,0.952222,0.950705,0.951665,0.951001,0.893463,0.949796,0.948090,0.944646,0.944457,0.944114,0.943397,0.943917,0.943882,0.944916,0.911541,0.921920,0.930219,0.935827,0.944411,0.948976,0.949631,0.859345,0.948927,0.946031,0.944432,0.946826,0.951243,0.952375,0.946620,0.956719,0.951756,0.950747,0.911612,0.962347,0.963623,0.959583,0.961571,0.957536,0.955638,0.955599,0.956014,0.955790,0.932251,0.938192,0.945490,0.951980,0.961379,0.963345,0.967042,0.882184,0.963190,0.960006,0.957619,0.951676,0.962015,0.963255,0.962642,0.955341,0.958110,0.959666,0.915461,0.956417,0.954956,0.956754,0.957440,0.955047,0.956444,0.954679,0.954660,0.955026,0.927307,0.931077,0.940097,0.943521,0.948850,0.951117,0.950131,0.876127,0.949083,0.942367,0.943308,0.941097,0.946787,0.951912,0.950231,0.950267,0.953774,0.954695,0.935883,0.964605,0.964680,0.964428,0.964403,0.964013,0.964325,0.964365,0.963765,0.963817,0.943918,0.948831,0.955511,0.958832,0.958973,0.962626,0.966968,0.896967,0.968755,0.968295,0.967023,0.965911,0.965072,0.965600,0.966273,0.965871,0.965419,0.965806,0.944055,0.962942,0.962493,0.962169,0.962523,0.963162,0.963473,0.962451,0.962545,0.962291,0.950002,0.953820,0.960064,0.960830,0.961122,0.964409,0.966363,0.906356,0.968165,0.968861,0.966802,0.964128,0.964719,0.964292,0.962147,0.962991,0.963026,0.962783,0.964864,0.966099,0.966926,0.968122,0.968200,0.966532,0.967936,0.967208,0.965901,0.964596,0.970633,0.973807,0.975365,0.981073,0.984033,0.984596,0.990099,0.926641,1.000000,0.991912,0.987500,0.981928,0.981309,0.976284,0.971260,0.973458,0.970005,0.969333,0.952835,0.952628,0.955947,0.953395,0.955342,0.950740,0.958622,0.955233,0.954477,0.953327,0.956030,0.960872,0.961904,0.960069,0.963746,0.963476,0.967401,0.917081,0.969619,0.968943,0.967299,0.963887,0.965265,0.961610,0.959914,0.962016,0.959549,0.957676
allando_v_sin_a8_f5_v55,0.893556,0.952135,0.951729,0.951474,0.952064,0.952017,0.951817,0.951877,0.951817,0.951910,0.905560,0.915061,0.921930,0.928663,0.936721,0.943324,0.946988,0.859725,0.946726,0.944487,0.942481,0.946581,0.950891,0.955683,0.953242,0.951832,0.952856,0.952192,0.892509,0.951182,0.949156,0.945726,0.945629,0.945231,0.944469,0.944953,0.944980,0.945960,0.911208,0.921614,0.929464,0.934508,0.942214,0.946933,0.948980,0.858963,0.948312,0.945464,0.944633,0.948016,0.951660,0.953620,0.947727,0.957986,0.952807,0.952005,0.910794,0.964449,0.965289,0.961299,0.962949,0.959040,0.957087,0.956908,0.957394,0.957209,0.931477,0.937512,0.944568,0.950071,0.958953,0.961040,0.966687,0.881212,0.962984,0.959255,0.957767,0.952560,0.962529,0.964298,0.964087,0.957139,0.959930,0.961488,0.914306,0.957874,0.957094,0.957745,0.958325,0.956293,0.957681,0.956285,0.956143,0.956418,0.926312,0.930624,0.940012,0.942295,0.946253,0.948825,0.949751,0.875053,0.948893,0.941529,0.943333,0.941254,0.947120,0.952612,0.949677,0.952272,0.955320,0.956405,0.936276,0.965369,0.965421,0.965163,0.965387,0.965075,0.965064,0.965160,0.964741,0.964834,0.945001,0.949789,0.956355,0.959304,0.959231,0.962200,0.966083,0.897093,0.968594,0.969396,0.967881,0.966856,0.966258,0.966777,0.967331,0.966896,0.966401,0.966593,0.944445,0.964162,0.963794,0.963454,0.963772,0.964475,0.964731,0.963704,0.963818,0.963633,0.950889,0.954727,0.961216,0.961532,0.961375,0.964696,0.965654,0.906067,0.967125,0.971029,0.968084,0.965385,0.965875,0.965545,0.963398,0.964378,0.964108,0.964119,0.964862,0.968820,0.969961,0.970961,0.970644,0.969677,0.970404,0.969866,0.967978,0.966720,0.970583,0.973517,0.975137,0.981184,0.983557,0.983320,0.986768,0.925791,0.991912,1.000000,0.989940,0.984127,0.982979,0.978060,0.972325,0.974376,0.971557,0.971069,0.953047,0.955602,0.958522,0.956252,0.957959,0.953583,0.960086,0.958102,0.956395,0.956438,0.956891,0.961675,0.962853,0.961187,0.964710,0.963590,0.967527,0.916388,0.968842,0.970987,0.968201,0.965112,0.966662,0.963198,0.961591,0.963423,0.961246,0.959724
allando_v_sin_a8_f5_v60,0.890343,0.952427,0.951934,0.951709,0.952407,0.952323,0.952074,0.952146,0.952103,0.952166,0.901961,0.911682,0.918674,0.925230,0.932721,0.940410,0.945717,0.856399,0.945885,0.942203,0.941073,0.945079,0.950336,0.954861,0.953240,0.951768,0.952809,0.952502,0.889125,0.951073,0.949046,0.945530,0.945434,0.945068,0.944270,0.944756,0.944814,0.945786,0.907325,0.918443,0.926216,0.930956,0.938078,0.943525,0.947574,0.855527,0.947519,0.944000,0.943308,0.945980,0.950888,0.951912,0.948095,0.957909,0.952676,0.951992,0.906870,0.963357,0.964583,0.959806,0.962863,0.958788,0.956838,0.956702,0.957193,0.957011,0.927512,0.933355,0.939756,0.945428,0.953567,0.956480,0.963483,0.876599,0.961451,0.957885,0.956576,0.951558,0.962043,0.963237,0.965129,0.956379,0.959653,0.960420,0.911583,0.957352,0.955595,0.956451,0.957777,0.955290,0.956729,0.955387,0.954775,0.955693,0.922848,0.926974,0.936236,0.938835,0.942820,0.946121,0.948713,0.871075,0.948603,0.939979,0.941726,0.939729,0.946459,0.950984,0.950921,0.950647,0.954817,0.954977,0.933698,0.965349,0.965416,0.965252,0.965439,0.965096,0.965214,0.965234,0.964681,0.964800,0.941885,0.946524,0.954076,0.957871,0.957633,0.960293,0.964343,0.893127,0.967571,0.968901,0.968909,0.967816,0.967317,0.967432,0.967770,0.967023,0.966289,0.966662,0.942279,0.964133,0.963845,0.963426,0.963939,0.964489,0.964767,0.963700,0.963944,0.963919,0.948184,0.952329,0.958639,0.959878,0.960465,0.962945,0.963628,0.901888,0.966048,0.969401,0.969984,0.966531,0.966277,0.965891,0.963718,0.964597,0.963999,0.964183,0.962180,0.968132,0.969181,0.970256,0.970702,0.968878,0.969856,0.968995,0.967401,0.966153,0.968006,0.970575,0.971558,0.977093,0.980272,0.979097,0.982062,0.921075,0.987500,0.989940,1.000000,0.985797,0.983480,0.978790,0.972600,0.974131,0.971466,0.971487,0.950915,0.954999,0.958329,0.955584,0.958070,0.952892,0.961421,0.957097,0.956881,0.955677,0.955188,0.960062,0.961463,0.959344,0.963454,0.962850,0.965386,0.913126,0.967438,0.968949,0.970947,0.965758,0.966189,0.963265,0.961515,0.962934,0.961437,0.959864
allando_v_sin_a8_f5_v65,0.886988,0.951610,0.951121,0.950978,0.951732,0.951751,0.951524,0.951486,0.951511,0.951575,0.899248,0.909150,0.915579,0.921448,0.927594,0.934947,0.941441,0.853389,0.942109,0.941590,0.940414,0.943489,0.947364,0.952649,0.951951,0.950583,0.951892,0.951576,0.886068,0.950026,0.947977,0.944580,0.944410,0.944139,0.943370,0.943837,0.943993,0.945011,0.904954,0.915513,0.922209,0.927382,0.932674,0.938373,0.943370,0.852430,0.943768,0.943723,0.942890,0.944985,0.948266,0.949972,0.945826,0.956559,0.951414,0.950842,0.904186,0.960454,0.962787,0.957875,0.961424,0.957812,0.955770,0.955626,0.956255,0.956052,0.924004,0.928770,0.935713,0.941022,0.947860,0.950648,0.957770,0.873043,0.957105,0.957195,0.955515,0.949657,0.959608,0.960421,0.961225,0.956350,0.957561,0.959253,0.908728,0.952796,0.953862,0.954412,0.956043,0.953043,0.954827,0.953408,0.953314,0.952768,0.918458,0.923071,0.932576,0.935072,0.938014,0.940837,0.944072,0.868608,0.945584,0.940144,0.940780,0.937083,0.946407,0.948661,0.947945,0.948936,0.951014,0.953069,0.930578,0.963369,0.963459,0.963425,0.963642,0.963431,0.963485,0.963341,0.962998,0.963122,0.938673,0.943242,0.951386,0.955728,0.955931,0.957360,0.960864,0.890936,0.964403,0.965908,0.966335,0.967495,0.967027,0.966180,0.966245,0.965346,0.964489,0.964643,0.939499,0.962775,0.962478,0.962141,0.962699,0.963354,0.963464,0.962403,0.962807,0.962968,0.945290,0.949745,0.956108,0.957583,0.958685,0.961083,0.960225,0.899946,0.962746,0.966240,0.966336,0.967655,0.965720,0.965048,0.962807,0.963646,0.962625,0.963120,0.958972,0.966195,0.967443,0.968367,0.968562,0.967086,0.967818,0.967523,0.965755,0.964893,0.963986,0.966543,0.967783,0.973555,0.976418,0.976037,0.976359,0.918571,0.981928,0.984127,0.985797,1.000000,0.984691,0.978805,0.970494,0.972257,0.969649,0.969903,0.949936,0.953605,0.956959,0.952427,0.956619,0.951577,0.959696,0.955179,0.954410,0.953819,0.953042,0.957675,0.958750,0.956622,0.961457,0.961604,0.962893,0.911166,0.963950,0.965523,0.965655,0.969408,0.966020,0.964227,0.960002,0.961413,0.959909,0.958588
allando_v_sin_a8_f5_v70,0.887240,0.954813,0.954407,0.954360,0.955069,0.955099,0.955022,0.954952,0.954963,0.955055,0.902148,0.911345,0.916444,0.922035,0.928300,0.933573,0.939868,0.850796,0.940302,0.946073,0.946747,0.947760,0.950021,0.955930,0.955182,0.953902,0.955324,0.954957,0.886403,0.953049,0.951241,0.947529,0.947416,0.947073,0.946280,0.946788,0.947016,0.948426,0.908493,0.916704,0.923415,0.928300,0.933748,0.937449,0.942080,0.849829,0.942452,0.947235,0.948922,0.950391,0.949994,0.952459,0.948262,0.958912,0.954288,0.954137,0.904300,0.965553,0.967257,0.962660,0.965263,0.961461,0.959401,0.959093,0.959857,0.959762,0.925770,0.929153,0.937111,0.941600,0.947825,0.950264,0.956493,0.870567,0.954490,0.960866,0.961948,0.955025,0.962408,0.964458,0.964659,0.958219,0.961516,0.962663,0.908567,0.956490,0.956577,0.958338,0.958288,0.957426,0.958155,0.957668,0.957947,0.956824,0.921115,0.924847,0.934209,0.936205,0.939015,0.941317,0.942785,0.867213,0.943841,0.945001,0.946984,0.940730,0.945624,0.951758,0.945693,0.949860,0.952776,0.954426,0.932051,0.966262,0.966455,0.966478,0.966589,0.966417,0.966618,0.966493,0.965968,0.966138,0.941278,0.945088,0.953934,0.957416,0.958990,0.960512,0.964038,0.892296,0.966638,0.967288,0.967630,0.967836,0.967534,0.967732,0.967919,0.967298,0.966939,0.967407,0.941049,0.965630,0.965196,0.964955,0.965370,0.966218,0.966325,0.965295,0.965470,0.965688,0.947472,0.951424,0.958610,0.960913,0.961330,0.963556,0.963155,0.901313,0.964744,0.967681,0.966706,0.966821,0.967626,0.967184,0.965361,0.965776,0.965315,0.965846,0.961001,0.969561,0.970960,0.972223,0.971742,0.971398,0.972430,0.971214,0.970251,0.969209,0.966170,0.969580,0.969972,0.975260,0.978363,0.977968,0.977910,0.919761,0.981309,0.982979,0.983480,0.984691,1.000000,0.985719,0.976262,0.976352,0.972841,0.971998,0.952938,0.955614,0.960586,0.956923,0.960259,0.956240,0.959495,0.959429,0.956776,0.957538,0.954970,0.960454,0.962070,0.959786,0.964513,0.963681,0.966039,0.911934,0.965524,0.966417,0.965473,0.965283,0.971830,0.968067,0.964125,0.964497,0.962797,0.961290
allando_v_sin_a8_f5_v75,0.887795,0.957135,0.956583,0.956595,0.957332,0.957346,0.957259,0.957180,0.957202,0.957280,0.899534,0.908952,0.910694,0.917329,0.922421,0.930341,0.936412,0.848017,0.937435,0.943103,0.946088,0.948474,0.951681,0.958431,0.957012,0.955811,0.957489,0.957254,0.886234,0.955443,0.953143,0.949211,0.949221,0.948872,0.948060,0.948615,0.948865,0.950266,0.904991,0.914442,0.917981,0.924249,0.928739,0.934955,0.938141,0.847329,0.939739,0.945135,0.948266,0.951472,0.951841,0.954901,0.950271,0.962666,0.956696,0.956347,0.902827,0.967166,0.970151,0.964246,0.967239,0.963625,0.961515,0.961367,0.962060,0.962032,0.920473,0.925223,0.930001,0.935828,0.942050,0.946036,0.950892,0.865284,0.949462,0.957314,0.959828,0.954588,0.962945,0.965485,0.966722,0.961641,0.963514,0.967106,0.907404,0.957061,0.957777,0.958783,0.961583,0.957744,0.960384,0.957863,0.959325,0.958220,0.917376,0.922234,0.929238,0.932217,0.934464,0.938703,0.938972,0.863498,0.941115,0.942451,0.946081,0.942309,0.947448,0.953654,0.947596,0.952089,0.954665,0.955376,0.933285,0.966036,0.966389,0.966200,0.966348,0.966153,0.966359,0.966202,0.965845,0.965963,0.939938,0.944327,0.951121,0.954656,0.957074,0.958452,0.962144,0.889048,0.965674,0.965824,0.965944,0.966553,0.965940,0.966926,0.967587,0.967257,0.966639,0.967268,0.943227,0.966085,0.965842,0.965807,0.966236,0.966882,0.966978,0.966023,0.966248,0.966750,0.947648,0.951130,0.956703,0.959243,0.959404,0.962254,0.961505,0.898971,0.964005,0.966457,0.965783,0.965940,0.967100,0.967226,0.966002,0.966375,0.965698,0.967024,0.960027,0.972145,0.973114,0.973674,0.972478,0.972406,0.973235,0.972998,0.971308,0.970428,0.964302,0.967108,0.967656,0.971478,0.974014,0.973008,0.972812,0.914796,0.976284,0.978060,0.978790,0.978805,0.985719,1.000000,0.980740,0.980509,0.976679,0.975411,0.952922,0.958411,0.963697,0.958450,0.961835,0.957908,0.960911,0.960703,0.958388,0.959156,0.955897,0.960895,0.962252,0.960383,0.962835,0.961589,0.963848,0.909299,0.964062,0.965226,0.964391,0.964663,0.969665,0.973473,0.967436,0.967973,0.965817,0.965649
allando_v_sin_a8_f5_v80,0.881574,0.953476,0.952995,0.952768,0.953543,0.953507,0.953373,0.953313,0.953273,0.953335,0.894752,0.898834,0.905620,0.911076,0.917998,0.925961,0.931125,0.839997,0.936889,0.933510,0.936149,0.948201,0.954350,0.958884,0.954991,0.953179,0.954643,0.953858,0.879494,0.952068,0.949500,0.945466,0.945333,0.944955,0.944039,0.944543,0.944964,0.946474,0.898409,0.905746,0.913807,0.918163,0.923930,0.931419,0.932522,0.839724,0.939642,0.935583,0.937900,0.948137,0.954665,0.956344,0.946647,0.959054,0.953189,0.953043,0.894062,0.965406,0.969223,0.961857,0.963351,0.959657,0.957364,0.957139,0.957989,0.958127,0.914940,0.918028,0.925317,0.930183,0.935988,0.942183,0.944762,0.857520,0.944923,0.946585,0.946677,0.955143,0.964369,0.966546,0.960675,0.955649,0.960695,0.963267,0.899620,0.954508,0.954395,0.958204,0.955928,0.954587,0.956532,0.956060,0.958389,0.955252,0.912845,0.915953,0.925131,0.931455,0.928408,0.935703,0.934706,0.855527,0.933430,0.934254,0.935984,0.949572,0.950320,0.955177,0.943167,0.946973,0.950923,0.950928,0.931064,0.962353,0.962699,0.962512,0.962600,0.962362,0.962759,0.962331,0.962049,0.962045,0.935826,0.940492,0.948221,0.951313,0.953400,0.953954,0.958593,0.882426,0.960780,0.961848,0.962506,0.961738,0.961543,0.962622,0.963525,0.963260,0.962639,0.963276,0.942635,0.962649,0.962323,0.962113,0.962640,0.962984,0.963261,0.962322,0.962577,0.963040,0.942834,0.946538,0.953243,0.956205,0.955876,0.958357,0.957874,0.893322,0.958783,0.962507,0.962263,0.962279,0.962773,0.963100,0.962219,0.962628,0.962174,0.963232,0.956341,0.969582,0.970718,0.971226,0.970702,0.970413,0.971808,0.971678,0.969306,0.968406,0.958554,0.964583,0.963690,0.967577,0.971135,0.971401,0.968970,0.907268,0.971260,0.972325,0.972600,0.970494,0.976262,0.980740,1.000000,0.986920,0.976121,0.972702,0.943728,0.955293,0.958314,0.956764,0.957911,0.955471,0.958140,0.957663,0.955518,0.956503,0.950463,0.956695,0.957818,0.955658,0.959851,0.957798,0.959694,0.903337,0.959801,0.960459,0.959931,0.958381,0.962654,0.963464,0.973480,0.970331,0.962783,0.963890
allando_v_sin_a8_f5_v85,0.882225,0.955173,0.954611,0.954544,0.955302,0.955249,0.955153,0.955048,0.955085,0.955164,0.893202,0.898906,0.905543,0.911488,0.917834,0.926423,0.930510,0.840693,0.935898,0.933229,0.937914,0.946419,0.953048,0.959716,0.956278,0.954645,0.956212,0.955443,0.880073,0.954091,0.951547,0.947452,0.947378,0.946981,0.946150,0.946598,0.946970,0.948252,0.897297,0.905966,0.914084,0.918815,0.924097,0.931989,0.932337,0.840677,0.938723,0.936105,0.940202,0.947652,0.953970,0.956719,0.948116,0.961476,0.955195,0.954857,0.894152,0.965793,0.969884,0.962600,0.964784,0.961131,0.958863,0.958656,0.959452,0.959453,0.912821,0.917133,0.924788,0.929951,0.935427,0.941337,0.943539,0.857298,0.944090,0.945973,0.947820,0.951835,0.962187,0.965471,0.961507,0.958915,0.960713,0.964184,0.900441,0.955665,0.956291,0.958174,0.957888,0.955303,0.957909,0.956100,0.958519,0.956186,0.911917,0.915565,0.925046,0.931207,0.928947,0.935829,0.933955,0.856081,0.934518,0.933848,0.937876,0.945901,0.949330,0.955378,0.945016,0.949704,0.952896,0.954185,0.931602,0.964552,0.964945,0.964781,0.964806,0.964485,0.965036,0.964575,0.964245,0.964256,0.936481,0.941378,0.949263,0.952784,0.954958,0.955965,0.960576,0.883522,0.963180,0.963506,0.963992,0.963856,0.963080,0.964239,0.965123,0.965306,0.964763,0.965520,0.943102,0.964902,0.964575,0.964432,0.964957,0.965271,0.965581,0.964681,0.964992,0.965364,0.944372,0.948043,0.954578,0.957673,0.957510,0.960461,0.959817,0.894620,0.961295,0.964851,0.964239,0.963870,0.964881,0.965176,0.964137,0.965076,0.964594,0.965459,0.956136,0.972833,0.973098,0.973926,0.972942,0.972579,0.973173,0.972966,0.971024,0.969893,0.959512,0.964818,0.965329,0.968816,0.972151,0.971741,0.970888,0.908334,0.973458,0.974376,0.974131,0.972257,0.976352,0.980509,0.986920,1.000000,0.980252,0.974788,0.945386,0.958401,0.961783,0.958438,0.960069,0.957753,0.960098,0.959667,0.957327,0.958480,0.952963,0.958600,0.959482,0.957252,0.961425,0.959488,0.961896,0.904841,0.962242,0.962765,0.961575,0.960295,0.963837,0.964734,0.971206,0.974414,0.963659,0.965904
allando_v_sin_a8_f5_v90,0.886425,0.951491,0.950965,0.950911,0.951814,0.951874,0.951668,0.951655,0.951738,0.951786,0.888122,0.898634,0.902224,0.912464,0.914358,0.923238,0.930212,0.838978,0.927989,0.930538,0.932120,0.938870,0.945178,0.953562,0.950818,0.949658,0.952196,0.951614,0.883902,0.950444,0.947279,0.943414,0.943279,0.943028,0.942336,0.942610,0.942741,0.943986,0.893194,0.905851,0.910515,0.919992,0.921115,0.926868,0.931971,0.838919,0.930714,0.933276,0.934838,0.942256,0.946057,0.950642,0.952236,0.963045,0.953010,0.951146,0.899462,0.963610,0.964354,0.960240,0.961738,0.957665,0.955151,0.955050,0.955770,0.955627,0.909012,0.916932,0.921028,0.930844,0.933725,0.934875,0.942861,0.854899,0.937383,0.942802,0.942432,0.943172,0.953729,0.959628,0.966197,0.962684,0.959262,0.962720,0.905943,0.953000,0.955175,0.954706,0.960454,0.952031,0.957344,0.952659,0.953098,0.954026,0.907867,0.916226,0.923358,0.923873,0.926740,0.929834,0.934051,0.853823,0.931083,0.926921,0.931063,0.935765,0.941482,0.950044,0.951622,0.955026,0.951510,0.950939,0.930884,0.960889,0.961151,0.960873,0.960960,0.960720,0.961021,0.960676,0.960119,0.960316,0.933633,0.938079,0.946343,0.949183,0.951424,0.953182,0.956661,0.880314,0.959980,0.960620,0.960053,0.959828,0.959519,0.960461,0.961508,0.961660,0.961650,0.962169,0.940596,0.960828,0.960430,0.960632,0.961072,0.961109,0.961524,0.960633,0.960849,0.961357,0.942892,0.946008,0.950862,0.954819,0.954056,0.958540,0.957566,0.890256,0.958089,0.961565,0.961018,0.959461,0.961182,0.961111,0.959974,0.960864,0.960474,0.961614,0.950974,0.973367,0.969931,0.970570,0.969636,0.969373,0.970382,0.970504,0.968101,0.967355,0.956555,0.960753,0.962975,0.965391,0.968707,0.966223,0.966330,0.904167,0.970005,0.971557,0.971466,0.969649,0.972841,0.976679,0.976121,0.980252,1.000000,0.979070,0.942930,0.956111,0.958015,0.955687,0.957195,0.953383,0.957170,0.956255,0.955333,0.955508,0.953684,0.956074,0.956319,0.953292,0.958005,0.955263,0.957951,0.900352,0.958502,0.959467,0.958830,0.957772,0.960115,0.964133,0.963275,0.964021,0.972070,0.967594
allando_v_sin_a8_f5_v95,0.885227,0.950528,0.950057,0.949767,0.950911,0.950910,0.950770,0.950762,0.950813,0.950868,0.887827,0.897437,0.902342,0.911186,0.913644,0.923034,0.928069,0.839246,0.928244,0.928567,0.931478,0.937805,0.944689,0.952225,0.949532,0.948405,0.951160,0.950734,0.882531,0.949025,0.946137,0.942762,0.942619,0.942391,0.941671,0.941945,0.942108,0.942475,0.892354,0.904263,0.909746,0.917974,0.919619,0.926321,0.929705,0.838839,0.930293,0.931634,0.933910,0.940345,0.945747,0.949681,0.951812,0.962721,0.951860,0.949993,0.898344,0.962412,0.963542,0.958161,0.960641,0.956696,0.954082,0.954146,0.954913,0.954714,0.909083,0.915873,0.920617,0.929359,0.932272,0.934911,0.940912,0.855452,0.938508,0.941702,0.942456,0.942344,0.954565,0.958522,0.965123,0.961343,0.959608,0.962607,0.904657,0.952173,0.954208,0.953202,0.958492,0.950683,0.955310,0.951300,0.952436,0.952128,0.906718,0.912816,0.921298,0.923058,0.924903,0.929073,0.931091,0.853315,0.931136,0.925572,0.930292,0.933532,0.941421,0.948007,0.951743,0.954474,0.952456,0.951768,0.928799,0.960092,0.960258,0.959981,0.960057,0.959802,0.960043,0.959729,0.959215,0.959370,0.931670,0.936609,0.944428,0.948554,0.950557,0.951722,0.955097,0.879698,0.959097,0.960143,0.959478,0.959642,0.959050,0.959935,0.960666,0.960669,0.960381,0.961162,0.937992,0.959726,0.959295,0.959433,0.960054,0.960305,0.960433,0.959523,0.959634,0.960234,0.940257,0.943977,0.949047,0.952752,0.952483,0.956609,0.955006,0.888624,0.956687,0.960239,0.959867,0.958682,0.960216,0.960057,0.958771,0.959823,0.959252,0.960633,0.949586,0.971710,0.971574,0.970723,0.969452,0.968844,0.969122,0.969371,0.966030,0.965721,0.954945,0.958769,0.960478,0.963351,0.966941,0.965817,0.964540,0.903263,0.969333,0.971069,0.971487,0.969903,0.971998,0.975411,0.972702,0.974788,0.979070,1.000000,0.940869,0.957505,0.959753,0.954354,0.957043,0.952452,0.957943,0.955185,0.954520,0.954330,0.952197,0.953657,0.954214,0.951480,0.955850,0.954279,0.956243,0.898774,0.957023,0.958693,0.958290,0.957292,0.959312,0.962701,0.961385,0.962877,0.966625,0.968488
allando_v_sin_a8_f7_v10,0.921890,0.940040,0.939753,0.939461,0.939161,0.938978,0.938702,0.938523,0.938357,0.938455,0.928304,0.935118,0.936698,0.939508,0.942763,0.946904,0.950368,0.888416,0.947019,0.951012,0.947951,0.945427,0.946735,0.947871,0.942713,0.940814,0.941507,0.940598,0.923892,0.940073,0.939212,0.936860,0.936769,0.936446,0.935816,0.936031,0.935946,0.936361,0.935311,0.939708,0.942985,0.944264,0.947669,0.950557,0.952217,0.887446,0.948906,0.951651,0.951226,0.948211,0.947545,0.948810,0.940757,0.948558,0.942510,0.941193,0.933502,0.948331,0.949726,0.945683,0.946007,0.942410,0.940793,0.940316,0.940155,0.940430,0.942889,0.943973,0.946318,0.946653,0.951552,0.952088,0.954631,0.899767,0.948282,0.953384,0.952832,0.941326,0.949467,0.950935,0.951727,0.944532,0.947398,0.948650,0.952406,0.950901,0.949863,0.952155,0.952444,0.948677,0.948283,0.946412,0.947660,0.946124,0.955076,0.954668,0.960608,0.961165,0.963676,0.963672,0.963009,0.918864,0.963388,0.962239,0.962607,0.952305,0.953762,0.960134,0.951962,0.952762,0.953101,0.954148,0.952130,0.946172,0.946318,0.945355,0.945072,0.944591,0.944635,0.944504,0.943909,0.944146,0.952447,0.951416,0.951099,0.949514,0.949076,0.948836,0.949562,0.916536,0.950018,0.948364,0.946369,0.945885,0.944868,0.946125,0.947388,0.947545,0.947310,0.947690,0.958456,0.946021,0.945841,0.945263,0.945151,0.945375,0.945004,0.944795,0.944662,0.944638,0.958366,0.954263,0.954552,0.953766,0.950521,0.951226,0.950200,0.927917,0.950709,0.951516,0.949035,0.947428,0.947361,0.946592,0.945996,0.946124,0.946423,0.946102,0.966145,0.936735,0.937785,0.938707,0.936676,0.936271,0.938161,0.937612,0.936070,0.934547,0.963683,0.959463,0.956620,0.956608,0.956382,0.953341,0.950892,0.932969,0.952835,0.953047,0.950915,0.949936,0.952938,0.952922,0.943728,0.945386,0.942930,0.940869,1.000000,0.945935,0.951342,0.944341,0.947593,0.943197,0.946829,0.946301,0.942822,0.942306,0.978246,0.977309,0.973950,0.967953,0.968342,0.965401,0.967369,0.953741,0.967201,0.966608,0.963758,0.962641,0.967294,0.963855,0.957082,0.958485,0.956505,0.952910
allando_v_sin_a8_f7_v100,0.876755,0.945120,0.944463,0.944568,0.945181,0.945318,0.945404,0.945429,0.945466,0.945556,0.886276,0.894409,0.900388,0.905391,0.913761,0.919383,0.924066,0.837330,0.922720,0.923633,0.926533,0.934512,0.941689,0.948772,0.945787,0.943618,0.946177,0.945670,0.875731,0.945857,0.941670,0.937569,0.937583,0.937348,0.936676,0.936912,0.937113,0.937846,0.892109,0.900868,0.908397,0.912296,0.920028,0.924716,0.926211,0.837005,0.924832,0.927511,0.929134,0.936623,0.944756,0.951159,0.943998,0.955280,0.946617,0.945672,0.886339,0.957000,0.957161,0.951468,0.953565,0.950052,0.947390,0.947116,0.947132,0.947474,0.902841,0.906796,0.912169,0.915167,0.925090,0.924027,0.929553,0.847043,0.923656,0.925184,0.929047,0.928559,0.942857,0.945392,0.948892,0.950637,0.964947,0.966120,0.904294,0.959097,0.961121,0.955326,0.955708,0.953552,0.954437,0.952873,0.953527,0.952316,0.913505,0.916483,0.926948,0.928694,0.932670,0.936560,0.938811,0.860548,0.940549,0.931494,0.936883,0.939054,0.949651,0.949873,0.947224,0.959374,0.970325,0.969037,0.921520,0.955961,0.956146,0.955817,0.955926,0.955755,0.955633,0.955289,0.955177,0.955319,0.929069,0.932201,0.939507,0.945036,0.946072,0.949924,0.953280,0.875654,0.955613,0.956802,0.955663,0.955361,0.955020,0.955740,0.956535,0.956726,0.956186,0.956626,0.932072,0.954925,0.954680,0.954645,0.955294,0.955450,0.955737,0.954889,0.955075,0.955439,0.937543,0.939999,0.944684,0.947634,0.947240,0.952538,0.950973,0.884954,0.951161,0.956604,0.955326,0.953774,0.955369,0.954997,0.953900,0.954954,0.954505,0.955615,0.937247,0.968404,0.970169,0.966105,0.958712,0.958182,0.955639,0.953971,0.953341,0.952294,0.943225,0.946294,0.946417,0.950093,0.951225,0.948912,0.949208,0.891932,0.952628,0.955602,0.954999,0.953605,0.955614,0.958411,0.955293,0.958401,0.956111,0.957505,0.945935,1.000000,0.989644,0.972287,0.971735,0.965187,0.969662,0.968993,0.965531,0.969658,0.959768,0.958799,0.960316,0.959917,0.963868,0.961920,0.967407,0.905432,0.968281,0.972051,0.968507,0.968271,0.970759,0.971561,0.973786,0.977083,0.974434,0.978135
allando_v_sin_a8_f7_v105,0.879781,0.949381,0.948692,0.948966,0.949341,0.949495,0.949613,0.949638,0.949684,0.949755,0.891857,0.901251,0.904883,0.908421,0.916473,0.922744,0.928390,0.839498,0.927601,0.931468,0.936127,0.939420,0.944703,0.951837,0.949697,0.947700,0.949829,0.949382,0.879291,0.949523,0.945759,0.941607,0.941680,0.941401,0.940698,0.941026,0.941215,0.942172,0.898029,0.906721,0.912042,0.915130,0.922754,0.927745,0.931252,0.839087,0.929649,0.934481,0.938463,0.941944,0.947220,0.952750,0.945694,0.958406,0.950051,0.949342,0.890401,0.961222,0.961401,0.955864,0.957941,0.953984,0.951206,0.950940,0.951140,0.951516,0.907825,0.910866,0.915566,0.917956,0.927042,0.928422,0.933054,0.849076,0.929638,0.932736,0.938562,0.932830,0.945694,0.948348,0.951874,0.951629,0.964136,0.965583,0.907488,0.963851,0.964734,0.959435,0.960298,0.958313,0.958784,0.957387,0.957902,0.957540,0.917428,0.920382,0.930274,0.931760,0.936015,0.940460,0.942519,0.863508,0.947451,0.940251,0.946600,0.942256,0.951790,0.954376,0.950481,0.959888,0.969099,0.969648,0.923434,0.959323,0.959728,0.959514,0.959826,0.959607,0.959513,0.959228,0.958984,0.959073,0.931876,0.935473,0.942619,0.947498,0.948955,0.952008,0.955674,0.877755,0.958858,0.959523,0.959173,0.959502,0.958614,0.959497,0.960216,0.960319,0.959649,0.960261,0.934029,0.958422,0.958255,0.958307,0.958872,0.959196,0.959194,0.958458,0.958813,0.959251,0.940122,0.943288,0.948037,0.950741,0.950823,0.954735,0.953444,0.887210,0.955937,0.959639,0.958775,0.957302,0.958950,0.958728,0.957684,0.958753,0.958015,0.959394,0.940117,0.967006,0.971193,0.968058,0.962621,0.962099,0.959770,0.958053,0.957213,0.956834,0.946528,0.949413,0.950478,0.953183,0.954418,0.952878,0.951933,0.893990,0.955947,0.958522,0.958329,0.956959,0.960586,0.963697,0.958314,0.961783,0.958015,0.959753,0.951342,0.989644,1.000000,0.977394,0.979364,0.971270,0.973996,0.973293,0.970110,0.973041,0.960734,0.961828,0.964078,0.963331,0.966442,0.965684,0.970359,0.907908,0.971159,0.974444,0.971976,0.970989,0.975702,0.976476,0.975911,0.978926,0.975843,0.979346
allando_v_sin_a8_f7_v110,0.875173,0.947730,0.947369,0.947118,0.947795,0.947918,0.947839,0.947876,0.947876,0.948009,0.888739,0.896603,0.902147,0.907734,0.914039,0.921329,0.924701,0.836490,0.925323,0.927008,0.927559,0.937266,0.940150,0.948455,0.947538,0.946174,0.948443,0.947666,0.873647,0.947467,0.944397,0.940606,0.940515,0.940167,0.939481,0.939784,0.940036,0.940879,0.893523,0.902524,0.910197,0.914307,0.920769,0.925366,0.926747,0.836320,0.927310,0.928062,0.930399,0.940642,0.940650,0.945090,0.942283,0.952887,0.947511,0.947398,0.883859,0.968278,0.966411,0.958515,0.957986,0.953567,0.950622,0.949947,0.950472,0.950558,0.904085,0.907934,0.913521,0.917664,0.923608,0.926217,0.929632,0.845372,0.928630,0.928001,0.930178,0.932310,0.939213,0.947742,0.946022,0.943884,0.950976,0.954695,0.901982,0.971690,0.970839,0.962160,0.960192,0.957359,0.959972,0.958047,0.957990,0.957326,0.915174,0.917886,0.930944,0.929604,0.933040,0.938767,0.939428,0.858978,0.940322,0.934164,0.937838,0.939748,0.944296,0.953151,0.945275,0.954531,0.956156,0.956655,0.919894,0.957148,0.957719,0.957952,0.957902,0.957836,0.958210,0.957691,0.957201,0.957277,0.929460,0.931633,0.940737,0.944600,0.946444,0.950162,0.953431,0.876543,0.955696,0.956757,0.956207,0.957005,0.955395,0.956582,0.957395,0.957362,0.956967,0.957605,0.929919,0.956910,0.956883,0.956820,0.957457,0.957733,0.957860,0.957070,0.957426,0.957833,0.937425,0.939778,0.946634,0.948892,0.948841,0.951704,0.951603,0.885008,0.952443,0.957677,0.956061,0.953829,0.956930,0.956805,0.955760,0.956726,0.956510,0.957248,0.935890,0.956039,0.958291,0.965811,0.968196,0.969302,0.964029,0.960731,0.957757,0.956784,0.945508,0.946826,0.947387,0.951102,0.952235,0.950228,0.952195,0.891691,0.953395,0.956252,0.955584,0.952427,0.956923,0.958450,0.956764,0.958438,0.955687,0.954354,0.944341,0.972287,0.977394,1.000000,0.988857,0.981353,0.974858,0.981464,0.971262,0.973677,0.951512,0.959592,0.959706,0.958402,0.964147,0.963066,0.969772,0.904970,0.967693,0.969458,0.968381,0.965536,0.970476,0.970228,0.971748,0.973323,0.971112,0.973210
allando_v_sin_a8_f7_v115,0.875048,0.949594,0.949228,0.949344,0.950109,0.950218,0.950167,0.950167,0.950212,0.950331,0.889387,0.898562,0.902998,0.907381,0.913701,0.921270,0.927716,0.837375,0.928312,0.930912,0.931957,0.938200,0.941432,0.949295,0.949308,0.948034,0.950127,0.949426,0.873779,0.948937,0.946120,0.942550,0.942640,0.942340,0.941638,0.941983,0.942215,0.942921,0.894561,0.904260,0.910166,0.913988,0.920230,0.925261,0.930358,0.836978,0.930250,0.931911,0.934789,0.941891,0.942415,0.945560,0.942351,0.954831,0.949315,0.949165,0.884274,0.966879,0.966535,0.959332,0.959867,0.955100,0.952350,0.951728,0.952420,0.952391,0.905266,0.908400,0.913377,0.917065,0.922721,0.926261,0.931763,0.845207,0.931224,0.931524,0.934429,0.932275,0.940889,0.947378,0.947118,0.944640,0.951162,0.954372,0.902400,0.969069,0.970382,0.962443,0.962352,0.959752,0.961430,0.959800,0.959389,0.959013,0.914125,0.918112,0.930757,0.929907,0.932383,0.938068,0.941757,0.859659,0.943389,0.938729,0.942092,0.939121,0.946307,0.953663,0.949126,0.954228,0.955497,0.957587,0.920109,0.958876,0.959405,0.959661,0.959722,0.959670,0.960121,0.959606,0.959135,0.959212,0.929838,0.932939,0.941814,0.945623,0.947440,0.949821,0.953370,0.876982,0.957081,0.958718,0.958786,0.960065,0.958520,0.959475,0.959978,0.959620,0.958877,0.959405,0.930271,0.959041,0.959064,0.958946,0.959789,0.960149,0.960120,0.959359,0.959910,0.960484,0.937795,0.941355,0.947732,0.950185,0.950662,0.952629,0.951693,0.885065,0.954385,0.959367,0.958575,0.957182,0.959753,0.959608,0.958455,0.959501,0.958660,0.959764,0.936594,0.957126,0.959678,0.965487,0.968926,0.969627,0.965297,0.962681,0.959790,0.959704,0.945949,0.947911,0.949013,0.952173,0.953562,0.952001,0.951416,0.891599,0.955342,0.957959,0.958070,0.956619,0.960259,0.961835,0.957911,0.960069,0.957195,0.957043,0.947593,0.971735,0.979364,0.988857,1.000000,0.982771,0.981261,0.982849,0.975025,0.977083,0.952294,0.960421,0.961409,0.959978,0.965324,0.964530,0.970178,0.905015,0.969441,0.971193,0.970738,0.969771,0.973832,0.973679,0.972741,0.974343,0.972457,0.974502
allando_v_sin_a8_f7_v120,0.870963,0.945544,0.945333,0.945466,0.946385,0.946527,0.946440,0.946440,0.946462,0.946679,0.886655,0.895736,0.900044,0.904163,0.909824,0.916302,0.921586,0.833836,0.923098,0.926008,0.927794,0.933892,0.936782,0.945259,0.945288,0.944433,0.946505,0.945685,0.869436,0.945051,0.942302,0.938784,0.938882,0.938625,0.937861,0.938223,0.938526,0.939535,0.891722,0.901593,0.907592,0.911011,0.916114,0.920685,0.924075,0.833543,0.925321,0.927059,0.930584,0.937663,0.937354,0.941579,0.937886,0.949522,0.945246,0.945429,0.879888,0.960453,0.960893,0.958452,0.956320,0.951786,0.948844,0.948048,0.948884,0.948800,0.902271,0.906190,0.911107,0.914166,0.918826,0.921950,0.926233,0.842080,0.925205,0.927342,0.930144,0.928898,0.936338,0.943742,0.942116,0.940549,0.944940,0.948771,0.897477,0.962107,0.963705,0.960413,0.958662,0.956649,0.959226,0.957302,0.958142,0.957442,0.911782,0.915766,0.927509,0.926967,0.928469,0.933220,0.934890,0.856633,0.935585,0.933298,0.937534,0.936082,0.940888,0.949847,0.941319,0.948314,0.949462,0.951390,0.917557,0.955180,0.955709,0.955938,0.955977,0.956012,0.956609,0.956055,0.955574,0.955702,0.928492,0.931149,0.939502,0.943249,0.945117,0.946714,0.950008,0.875604,0.952839,0.954177,0.953965,0.955047,0.953818,0.954708,0.955433,0.955280,0.954918,0.955572,0.927141,0.955753,0.955698,0.955727,0.956323,0.956850,0.956773,0.956135,0.956448,0.956949,0.935500,0.938838,0.945209,0.948023,0.947977,0.949743,0.948461,0.883587,0.950060,0.955157,0.953682,0.952567,0.955733,0.955593,0.954845,0.955702,0.955293,0.956147,0.933162,0.952272,0.954215,0.960075,0.962517,0.965291,0.963009,0.961129,0.957347,0.957127,0.942364,0.945618,0.946538,0.949578,0.951291,0.949678,0.948915,0.889502,0.950740,0.953583,0.952892,0.951577,0.956240,0.957908,0.955471,0.957753,0.953383,0.952452,0.943197,0.965187,0.971270,0.981353,0.982771,1.000000,0.977709,0.980791,0.973638,0.975540,0.948150,0.956757,0.958528,0.957305,0.962871,0.962363,0.966777,0.902742,0.964665,0.966308,0.965346,0.963909,0.969240,0.968999,0.969234,0.971280,0.967998,0.969394
allando_v_sin_a8_f7_v125,0.874142,0.950783,0.950440,0.950665,0.951439,0.951613,0.951649,0.951594,0.951562,0.951644,0.890028,0.899125,0.903723,0.907069,0.914757,0.922252,0.931987,0.842989,0.932106,0.927237,0.927271,0.933553,0.941680,0.947732,0.949925,0.949380,0.951279,0.950712,0.872379,0.949981,0.947353,0.944130,0.944230,0.944021,0.943254,0.943590,0.943825,0.944632,0.894539,0.906615,0.910851,0.913226,0.920351,0.926292,0.934647,0.842314,0.933298,0.928314,0.930885,0.934779,0.944344,0.944012,0.939061,0.953247,0.950288,0.950465,0.881217,0.957848,0.959974,0.960283,0.961504,0.956315,0.953682,0.953332,0.954035,0.953866,0.907426,0.911931,0.913407,0.915844,0.922860,0.926946,0.935838,0.849330,0.931801,0.928166,0.931116,0.926580,0.942546,0.943114,0.946056,0.942389,0.948652,0.950744,0.901869,0.959401,0.960518,0.963304,0.965326,0.963716,0.965280,0.962889,0.961775,0.963241,0.915132,0.920664,0.929653,0.930366,0.933800,0.938251,0.945060,0.863801,0.942479,0.934204,0.938061,0.937558,0.947496,0.949609,0.953820,0.949063,0.953419,0.955831,0.920766,0.960253,0.960602,0.960829,0.960842,0.960835,0.961572,0.961179,0.960803,0.960870,0.933662,0.936770,0.943065,0.946909,0.947340,0.949045,0.953908,0.880482,0.958091,0.960940,0.961637,0.961200,0.961170,0.961940,0.962197,0.961504,0.960348,0.960822,0.930628,0.961323,0.961467,0.961264,0.962152,0.962255,0.962470,0.961796,0.962362,0.962683,0.940629,0.945544,0.949137,0.951499,0.951284,0.953100,0.952216,0.887092,0.955248,0.960804,0.961524,0.959698,0.961946,0.961831,0.960879,0.961964,0.960900,0.961789,0.935866,0.956969,0.958327,0.961023,0.963834,0.963372,0.965847,0.966135,0.963750,0.964002,0.945449,0.950860,0.951679,0.953827,0.955295,0.952585,0.951420,0.893896,0.958622,0.960086,0.961421,0.959696,0.959495,0.960911,0.958140,0.960098,0.957170,0.957943,0.946829,0.969662,0.973996,0.974858,0.981261,0.977709,1.000000,0.985247,0.986498,0.982671,0.952281,0.961032,0.963943,0.963888,0.966452,0.966372,0.968395,0.908722,0.970855,0.973035,0.973412,0.971846,0.973143,0.971758,0.971964,0.974139,0.972513,0.971590
allando_v_sin_a8_f7_v130,0.873892,0.950020,0.949863,0.949921,0.950702,0.950965,0.951016,0.951014,0.950935,0.951089,0.890331,0.899059,0.902368,0.907213,0.914331,0.920395,0.925763,0.838938,0.925944,0.927121,0.928065,0.935409,0.939171,0.947862,0.949582,0.948744,0.950925,0.950153,0.871760,0.949565,0.946900,0.943495,0.943540,0.943293,0.942573,0.943032,0.943312,0.944204,0.895080,0.905509,0.910225,0.914027,0.920738,0.924998,0.927926,0.838511,0.927843,0.927696,0.931085,0.938812,0.939885,0.944400,0.939827,0.952036,0.949345,0.949886,0.881384,0.962214,0.962547,0.961246,0.960343,0.956712,0.953556,0.952995,0.953834,0.953552,0.906436,0.911149,0.913982,0.916942,0.923757,0.925768,0.930823,0.846253,0.927211,0.927595,0.930977,0.929024,0.938731,0.945109,0.944758,0.941780,0.948312,0.951986,0.899796,0.963945,0.964641,0.963961,0.964612,0.963639,0.965624,0.962386,0.962566,0.963258,0.916171,0.921378,0.931601,0.930363,0.933249,0.937454,0.939138,0.860748,0.938138,0.933649,0.938458,0.937398,0.943988,0.951223,0.943929,0.950642,0.953428,0.955248,0.921505,0.958925,0.959307,0.959609,0.959466,0.959493,0.960249,0.959888,0.959394,0.959499,0.935329,0.936904,0.943517,0.946161,0.947828,0.950714,0.954236,0.881333,0.956639,0.957997,0.957030,0.957809,0.956994,0.958377,0.959124,0.959029,0.958573,0.959241,0.930375,0.960045,0.959877,0.959950,0.960480,0.960736,0.961022,0.960420,0.960710,0.960936,0.942148,0.945057,0.950198,0.951645,0.950344,0.953339,0.952948,0.888813,0.953397,0.959169,0.957108,0.955768,0.959641,0.959605,0.958915,0.959833,0.959420,0.960199,0.936576,0.956131,0.958088,0.963458,0.965089,0.966943,0.966860,0.966429,0.964119,0.963734,0.946883,0.951041,0.952403,0.954973,0.955002,0.952317,0.953131,0.894965,0.955233,0.958102,0.957097,0.955179,0.959429,0.960703,0.957663,0.959667,0.956255,0.955185,0.946301,0.968993,0.973293,0.981464,0.982849,0.980791,0.985247,1.000000,0.984743,0.986100,0.952672,0.962393,0.964296,0.963900,0.966215,0.964586,0.970303,0.908441,0.969118,0.970484,0.968524,0.967767,0.972219,0.970902,0.970957,0.973199,0.970447,0.971052
allando_v_sin_a8_f7_v135,0.870190,0.947809,0.947631,0.947648,0.948574,0.948509,0.948408,0.948601,0.948622,0.948661,0.888112,0.897551,0.899628,0.903518,0.911982,0.917668,0.927778,0.836697,0.925740,0.924558,0.927393,0.930620,0.937542,0.944996,0.948115,0.946287,0.948942,0.947793,0.868114,0.946877,0.944108,0.940679,0.940687,0.940425,0.939722,0.940140,0.940399,0.941563,0.893312,0.905119,0.907380,0.910208,0.918088,0.922054,0.930565,0.836074,0.927445,0.924207,0.930634,0.932558,0.939514,0.940611,0.935509,0.949955,0.947616,0.947437,0.877609,0.955475,0.957287,0.958872,0.957879,0.953694,0.951400,0.951263,0.952391,0.951835,0.905917,0.910804,0.911042,0.912840,0.921081,0.922776,0.932423,0.843247,0.925695,0.924208,0.930905,0.923538,0.937692,0.939798,0.942875,0.940180,0.945655,0.948043,0.897724,0.956715,0.957217,0.959120,0.961890,0.968732,0.970571,0.963359,0.961559,0.963648,0.914743,0.921373,0.928156,0.926054,0.931388,0.934086,0.941265,0.857823,0.936719,0.929767,0.937376,0.934348,0.942035,0.945760,0.947066,0.945745,0.950503,0.953147,0.917767,0.956959,0.957244,0.957517,0.957262,0.957260,0.958257,0.957686,0.957143,0.957209,0.937326,0.935584,0.939999,0.942612,0.943378,0.945730,0.951827,0.877317,0.955107,0.957245,0.956912,0.956795,0.956703,0.957336,0.957812,0.957281,0.956519,0.957186,0.926896,0.957690,0.957833,0.957629,0.958392,0.958437,0.958489,0.957995,0.958488,0.958866,0.942726,0.944350,0.947221,0.948907,0.947195,0.950004,0.950304,0.883889,0.951655,0.957203,0.957176,0.954630,0.958238,0.958146,0.957174,0.958227,0.957547,0.958021,0.932288,0.954561,0.955791,0.958722,0.960570,0.961152,0.963208,0.963954,0.965911,0.967167,0.941852,0.949675,0.951085,0.952441,0.953030,0.948945,0.948985,0.890199,0.954477,0.956395,0.956881,0.954410,0.956776,0.958388,0.955518,0.957327,0.955333,0.954520,0.942822,0.965531,0.970110,0.971262,0.975025,0.973638,0.986498,0.984743,1.000000,0.991181,0.949207,0.957817,0.962337,0.962316,0.962479,0.961610,0.965080,0.904699,0.967087,0.968751,0.968407,0.965995,0.969273,0.968584,0.968450,0.971004,0.971047,0.968269
allando_v_sin_a8_f7_v140,0.868713,0.947992,0.948070,0.948056,0.949151,0.949180,0.948924,0.949097,0.949231,0.949383,0.887376,0.896585,0.898967,0.902786,0.911315,0.916105,0.924655,0.834950,0.922938,0.923861,0.927029,0.931257,0.936338,0.945491,0.948604,0.946703,0.949486,0.948171,0.866341,0.947447,0.944697,0.941143,0.941160,0.940851,0.940193,0.940613,0.940987,0.942128,0.892555,0.903458,0.906864,0.909927,0.917698,0.921020,0.927233,0.834512,0.925119,0.923950,0.929947,0.934369,0.938143,0.942371,0.936094,0.950255,0.947937,0.947885,0.876156,0.957745,0.958901,0.959636,0.958021,0.954120,0.952024,0.951861,0.952989,0.952510,0.904447,0.909177,0.911080,0.912651,0.921300,0.921451,0.929916,0.841360,0.923398,0.923157,0.929916,0.924122,0.936407,0.940781,0.941993,0.941316,0.948788,0.951292,0.895282,0.958226,0.959562,0.959811,0.960918,0.967829,0.969570,0.963393,0.961992,0.963061,0.913787,0.920347,0.928532,0.925925,0.929702,0.932565,0.938070,0.855604,0.934708,0.928801,0.936575,0.933319,0.940955,0.945899,0.941723,0.947460,0.952814,0.955732,0.917116,0.957200,0.957525,0.957837,0.957741,0.957817,0.958497,0.957934,0.957530,0.957662,0.936978,0.935464,0.941019,0.943643,0.944855,0.947297,0.952652,0.876717,0.955229,0.957045,0.956017,0.956435,0.956069,0.956884,0.957516,0.957353,0.956841,0.957441,0.926428,0.958221,0.958203,0.957967,0.958788,0.958954,0.959174,0.958463,0.958883,0.959242,0.942559,0.943792,0.948439,0.949732,0.948164,0.951281,0.951075,0.883239,0.951147,0.957386,0.956283,0.954195,0.958293,0.958241,0.957416,0.958464,0.958051,0.958432,0.932406,0.957596,0.959198,0.961997,0.962165,0.963845,0.964455,0.964360,0.966452,0.967390,0.942190,0.949656,0.951031,0.953755,0.953748,0.950004,0.949868,0.889430,0.953327,0.956438,0.955677,0.953819,0.957538,0.959156,0.956503,0.958480,0.955508,0.954330,0.942306,0.969658,0.973041,0.973677,0.977083,0.975540,0.982671,0.986100,0.991181,1.000000,0.950129,0.958349,0.962226,0.962766,0.963705,0.962104,0.966469,0.903098,0.966877,0.968773,0.966774,0.965597,0.969086,0.968489,0.969189,0.971621,0.970395,0.969211
allando_v_sin_a8_f7_v15,0.912807,0.943501,0.942965,0.942463,0.942750,0.942613,0.942320,0.942210,0.942079,0.942121,0.915501,0.922486,0.925885,0.932171,0.935068,0.940232,0.943196,0.872938,0.939937,0.940298,0.940993,0.944627,0.949608,0.952531,0.945413,0.943155,0.944948,0.944197,0.912942,0.943532,0.941172,0.938262,0.938167,0.937740,0.936918,0.937111,0.937090,0.937240,0.921181,0.928361,0.932948,0.937506,0.939954,0.943621,0.944248,0.872363,0.942125,0.942652,0.944002,0.947104,0.950500,0.954090,0.948674,0.956667,0.946372,0.944135,0.923204,0.954812,0.955043,0.949189,0.950309,0.946272,0.943997,0.943590,0.943532,0.943518,0.930372,0.934091,0.936211,0.939640,0.944865,0.943408,0.947236,0.885063,0.940292,0.944042,0.944899,0.939851,0.950973,0.954331,0.957840,0.953741,0.957064,0.958954,0.943248,0.957421,0.956616,0.956092,0.958903,0.952625,0.954203,0.950490,0.951323,0.949650,0.944337,0.945395,0.952339,0.952564,0.953994,0.955298,0.953740,0.902129,0.954788,0.946715,0.950296,0.948899,0.953825,0.960139,0.956503,0.962152,0.963793,0.963106,0.948670,0.953043,0.953188,0.952246,0.952217,0.951745,0.951548,0.951195,0.950784,0.950967,0.949329,0.949950,0.953263,0.953804,0.953937,0.955826,0.956391,0.908377,0.956741,0.955500,0.953399,0.952310,0.951381,0.952642,0.953796,0.953909,0.953864,0.954343,0.956527,0.951870,0.951530,0.951314,0.951391,0.951351,0.951305,0.950939,0.950684,0.950694,0.957107,0.954726,0.956628,0.958019,0.954997,0.958474,0.956639,0.919128,0.955052,0.957740,0.955056,0.952577,0.952823,0.952392,0.951326,0.951688,0.952253,0.951912,0.961411,0.950509,0.950572,0.949851,0.945789,0.945121,0.945320,0.944752,0.943471,0.941529,0.962635,0.961041,0.958811,0.959024,0.959314,0.955265,0.954381,0.925059,0.956030,0.956891,0.955188,0.953042,0.954970,0.955897,0.950463,0.952963,0.953684,0.952197,0.978246,0.959768,0.960734,0.951512,0.952294,0.948150,0.952281,0.952672,0.949207,0.950129,1.000000,0.983731,0.978650,0.971446,0.972110,0.968207,0.971158,0.944845,0.969990,0.970044,0.966288,0.965025,0.968024,0.966027,0.962782,0.964501,0.964495,0.962986
allando_v_sin_a8_f7_v20,0.904647,0.948362,0.947872,0.947493,0.947865,0.947803,0.947555,0.947454,0.947343,0.947415,0.914419,0.921763,0.923643,0.929170,0.934015,0.939679,0.944536,0.869348,0.943062,0.942943,0.943003,0.947230,0.951583,0.955709,0.950496,0.948343,0.950018,0.949079,0.904314,0.947886,0.945942,0.942711,0.942505,0.942066,0.941160,0.941417,0.941539,0.942194,0.920000,0.927899,0.931263,0.934700,0.939449,0.943434,0.945934,0.868868,0.945258,0.944298,0.946206,0.949698,0.952085,0.954340,0.947648,0.957476,0.950131,0.948788,0.914310,0.959894,0.960586,0.957014,0.956848,0.952226,0.949501,0.948994,0.949266,0.949060,0.929734,0.933665,0.934626,0.937311,0.943408,0.944123,0.948516,0.880752,0.943508,0.946187,0.947302,0.942335,0.952622,0.956344,0.956502,0.950863,0.954892,0.957738,0.934707,0.961375,0.961230,0.962233,0.962620,0.958517,0.959826,0.957024,0.957579,0.956868,0.943138,0.945422,0.952344,0.953193,0.954575,0.956993,0.956036,0.897370,0.954220,0.950677,0.952617,0.950951,0.953866,0.961426,0.954323,0.957125,0.958765,0.960148,0.945620,0.958483,0.958627,0.957879,0.957827,0.957470,0.957451,0.957108,0.956745,0.956893,0.951206,0.952623,0.956299,0.956050,0.956742,0.959140,0.961099,0.906779,0.961598,0.960604,0.959091,0.957990,0.957038,0.958488,0.959450,0.959327,0.959196,0.959593,0.954614,0.958048,0.957719,0.957298,0.957478,0.957569,0.957615,0.957005,0.957028,0.957078,0.959394,0.958710,0.961089,0.961900,0.959405,0.961818,0.960936,0.917159,0.960090,0.963172,0.960528,0.958460,0.959078,0.958725,0.957528,0.957938,0.958368,0.957952,0.960933,0.950938,0.951746,0.954124,0.952700,0.952737,0.954175,0.953787,0.951956,0.950133,0.965209,0.965425,0.963942,0.964295,0.963843,0.960185,0.959428,0.923465,0.960872,0.961675,0.960062,0.957675,0.960454,0.960895,0.956695,0.958600,0.956074,0.953657,0.977309,0.958799,0.961828,0.959592,0.960421,0.956757,0.961032,0.962393,0.957817,0.958349,0.983731,1.000000,0.987467,0.979776,0.978874,0.974530,0.977956,0.944269,0.976392,0.975452,0.972061,0.969412,0.973411,0.970227,0.967821,0.969152,0.966572,0.964048
allando_v_sin_a8_f7_v25,0.899966,0.949693,0.949091,0.948709,0.949026,0.948976,0.948794,0.948589,0.948328,0.948329,0.915366,0.922239,0.921540,0.926965,0.933032,0.938221,0.943823,0.867314,0.941979,0.942133,0.942505,0.945340,0.950206,0.955091,0.951001,0.949604,0.950690,0.950390,0.899365,0.949067,0.946985,0.943357,0.943104,0.942559,0.941493,0.941806,0.941905,0.942867,0.921176,0.928148,0.929098,0.932590,0.938407,0.941973,0.945351,0.866779,0.944003,0.942679,0.945391,0.947620,0.950862,0.953239,0.946049,0.956809,0.950846,0.950044,0.909746,0.958135,0.959533,0.957599,0.957211,0.952852,0.950320,0.949922,0.950306,0.950037,0.931050,0.933964,0.932730,0.935221,0.942246,0.942900,0.948244,0.877840,0.942038,0.944376,0.946348,0.939855,0.951025,0.953997,0.955066,0.949536,0.953899,0.956520,0.930618,0.959945,0.959439,0.961755,0.962566,0.961330,0.961521,0.961156,0.961508,0.961549,0.943976,0.946917,0.951282,0.952067,0.954827,0.956975,0.957007,0.894954,0.954032,0.949762,0.953197,0.950112,0.953688,0.960632,0.953556,0.955764,0.957864,0.959292,0.942137,0.959629,0.959749,0.959101,0.959225,0.958929,0.958933,0.958592,0.958149,0.958317,0.951629,0.953977,0.955942,0.955607,0.956144,0.958674,0.961562,0.904483,0.962573,0.961881,0.960479,0.959440,0.958830,0.959987,0.960714,0.960500,0.960313,0.960749,0.951086,0.959777,0.959285,0.958804,0.958896,0.958956,0.959133,0.958428,0.958360,0.958502,0.957816,0.960294,0.961870,0.961675,0.959389,0.962178,0.961647,0.913771,0.960752,0.964006,0.961836,0.959551,0.960308,0.959955,0.958986,0.958982,0.959626,0.959403,0.957726,0.952380,0.953340,0.954888,0.953326,0.953331,0.955432,0.955169,0.954161,0.952752,0.962395,0.967985,0.965960,0.965920,0.964699,0.960821,0.960053,0.919772,0.961904,0.962853,0.961463,0.958750,0.962070,0.962252,0.957818,0.959482,0.956319,0.954214,0.973950,0.960316,0.964078,0.959706,0.961409,0.958528,0.963943,0.964296,0.962337,0.962226,0.978650,0.987467,1.000000,0.984903,0.980756,0.976574,0.979735,0.939577,0.978932,0.978055,0.975325,0.971756,0.975581,0.971907,0.969109,0.970680,0.968159,0.965542
allando_v_sin_a8_f7_v30,0.893454,0.947763,0.947179,0.947313,0.947062,0.947041,0.946992,0.947067,0.946941,0.947139,0.908363,0.921369,0.918154,0.922785,0.929827,0.934795,0.941319,0.861325,0.939704,0.938261,0.939383,0.942112,0.946877,0.951787,0.948910,0.947883,0.948755,0.948268,0.893451,0.947126,0.944892,0.941328,0.941138,0.940753,0.939873,0.940326,0.940530,0.941981,0.914421,0.927918,0.925614,0.928793,0.935864,0.939456,0.943254,0.860963,0.941853,0.938742,0.942118,0.944132,0.947960,0.950233,0.941444,0.954670,0.948397,0.948024,0.903275,0.955812,0.957051,0.956171,0.955191,0.951305,0.948590,0.948975,0.949086,0.949226,0.924634,0.934053,0.929307,0.931506,0.939401,0.940216,0.945576,0.871971,0.939756,0.939985,0.943016,0.936386,0.948009,0.950663,0.950304,0.945680,0.951293,0.954233,0.923514,0.955965,0.955796,0.958565,0.959798,0.959036,0.960187,0.957519,0.957738,0.959464,0.936632,0.946997,0.948251,0.948548,0.952198,0.954730,0.955841,0.887808,0.952033,0.946803,0.950183,0.946827,0.950950,0.957187,0.949366,0.952068,0.955211,0.956655,0.935735,0.957353,0.957443,0.957040,0.958151,0.957906,0.957063,0.957321,0.958200,0.957734,0.946179,0.956370,0.953126,0.952267,0.952731,0.955702,0.958950,0.898276,0.959841,0.959636,0.958169,0.957397,0.957087,0.958399,0.959189,0.959000,0.958822,0.959411,0.945131,0.957717,0.957126,0.957021,0.957273,0.958045,0.958691,0.956981,0.957438,0.957086,0.953021,0.960884,0.960263,0.958669,0.956023,0.959121,0.958953,0.907846,0.958487,0.961955,0.959605,0.957709,0.958221,0.957656,0.956827,0.956967,0.957394,0.957407,0.952099,0.951043,0.952270,0.953677,0.951748,0.951885,0.954151,0.954303,0.953533,0.952296,0.957362,0.961880,0.964635,0.965221,0.961991,0.957812,0.957548,0.914226,0.960069,0.961187,0.959344,0.956622,0.959786,0.960383,0.955658,0.957252,0.953292,0.951480,0.967953,0.959917,0.963331,0.958402,0.959978,0.957305,0.963888,0.963900,0.962316,0.962766,0.971446,0.979776,0.984903,1.000000,0.980900,0.975486,0.978550,0.932935,0.978090,0.977405,0.974158,0.970747,0.973608,0.969953,0.967604,0.969072,0.966042,0.963961
allando_v_sin_a8_f7_v35,0.895701,0.950451,0.949872,0.949809,0.949954,0.949778,0.949596,0.949636,0.949636,0.949770,0.907782,0.917170,0.928337,0.934124,0.935108,0.938701,0.943323,0.861262,0.943609,0.941868,0.940509,0.944621,0.948431,0.953878,0.952104,0.950340,0.951627,0.950857,0.895592,0.950105,0.948238,0.944823,0.944688,0.944376,0.943611,0.943890,0.944105,0.945149,0.913623,0.924005,0.936546,0.940433,0.940561,0.942832,0.945391,0.860632,0.946047,0.944022,0.944007,0.947211,0.949722,0.952985,0.946892,0.956564,0.951489,0.950866,0.905597,0.958795,0.958979,0.955557,0.957219,0.953443,0.951404,0.950859,0.951228,0.951189,0.924644,0.930912,0.940800,0.943856,0.944469,0.943743,0.948624,0.872608,0.944221,0.945372,0.944589,0.940136,0.949972,0.954781,0.954127,0.950012,0.954917,0.956852,0.926366,0.959636,0.960197,0.963604,0.962287,0.959238,0.959630,0.958778,0.958199,0.956805,0.938116,0.943231,0.958253,0.959878,0.957781,0.958884,0.958698,0.888914,0.956477,0.952423,0.952487,0.950503,0.953329,0.961612,0.955046,0.956725,0.957766,0.958925,0.936496,0.962417,0.962762,0.962378,0.962810,0.962540,0.962362,0.961965,0.961502,0.961855,0.944566,0.948119,0.959876,0.962856,0.963078,0.962414,0.963476,0.898221,0.964200,0.963270,0.962518,0.961665,0.961102,0.962304,0.962924,0.962676,0.963010,0.963670,0.946723,0.961828,0.961147,0.960727,0.961439,0.961676,0.962150,0.961199,0.961285,0.960974,0.951387,0.954234,0.962086,0.966834,0.967569,0.967219,0.963342,0.908075,0.961967,0.965112,0.963889,0.962182,0.962933,0.962065,0.960666,0.960993,0.961722,0.960981,0.953099,0.952580,0.953445,0.954999,0.954395,0.954524,0.956930,0.955406,0.953734,0.952035,0.957945,0.960389,0.960387,0.965491,0.969707,0.968170,0.963501,0.914310,0.963746,0.964710,0.963454,0.961457,0.964513,0.962835,0.959851,0.961425,0.958005,0.955850,0.968342,0.963868,0.966442,0.964147,0.965324,0.962871,0.966452,0.966215,0.962479,0.963705,0.972110,0.978874,0.980756,0.980900,1.000000,0.990239,0.988015,0.933006,0.983994,0.982988,0.979796,0.976910,0.980040,0.974154,0.972875,0.974257,0.971120,0.969253
allando_v_sin_a8_f7_v40,0.892368,0.948815,0.948235,0.948133,0.948342,0.948140,0.947971,0.948002,0.948005,0.948166,0.905767,0.914473,0.927319,0.933231,0.934679,0.938685,0.942485,0.859093,0.943904,0.941982,0.940142,0.942988,0.946559,0.951910,0.950334,0.948793,0.949932,0.949237,0.892725,0.948335,0.946769,0.943318,0.943211,0.942905,0.942104,0.942472,0.942596,0.943534,0.911863,0.921187,0.935012,0.939825,0.940068,0.942905,0.944871,0.858435,0.946175,0.944354,0.943833,0.945778,0.948129,0.950817,0.945518,0.954695,0.949720,0.949222,0.902967,0.956771,0.957261,0.953024,0.955350,0.951439,0.949578,0.949331,0.949499,0.949624,0.923280,0.927669,0.939139,0.943429,0.943896,0.944047,0.947799,0.870716,0.944749,0.945477,0.944257,0.938435,0.948159,0.952621,0.952014,0.947865,0.952882,0.954362,0.923626,0.958418,0.958019,0.961277,0.959123,0.956564,0.956923,0.956907,0.956852,0.954603,0.935688,0.939195,0.955951,0.959279,0.958352,0.959419,0.958321,0.887043,0.957806,0.953043,0.952955,0.949171,0.952718,0.959922,0.954026,0.954811,0.956156,0.957688,0.932947,0.961554,0.961961,0.961608,0.961904,0.961635,0.961541,0.961276,0.960683,0.961055,0.941328,0.944196,0.957027,0.962207,0.962532,0.961380,0.962340,0.896175,0.963630,0.962649,0.962135,0.961523,0.960926,0.961776,0.962194,0.961811,0.962064,0.962773,0.943024,0.960689,0.959989,0.959549,0.960316,0.960658,0.961076,0.960095,0.960270,0.959826,0.947447,0.950658,0.958788,0.964302,0.967439,0.966445,0.962307,0.906050,0.961941,0.963901,0.963201,0.961915,0.962214,0.961268,0.959600,0.959751,0.960611,0.959785,0.949917,0.950193,0.951300,0.952752,0.952708,0.952546,0.954656,0.952863,0.951338,0.949951,0.954781,0.957461,0.956786,0.961901,0.967330,0.968433,0.962890,0.912360,0.963476,0.963590,0.962850,0.961604,0.963681,0.961589,0.957798,0.959488,0.955263,0.954279,0.965401,0.961920,0.965684,0.963066,0.964530,0.962363,0.966372,0.964586,0.961610,0.962104,0.968207,0.974530,0.976574,0.975486,0.990239,1.000000,0.989431,0.931444,0.984962,0.983216,0.980542,0.977758,0.980414,0.973824,0.971994,0.973206,0.969453,0.968121
allando_v_sin_a8_f7_v45,0.893151,0.950737,0.950281,0.950060,0.950341,0.950203,0.950073,0.950094,0.950110,0.950258,0.905608,0.914688,0.923584,0.931614,0.937246,0.941849,0.943526,0.859056,0.943883,0.943418,0.941631,0.945947,0.949365,0.954881,0.952406,0.950855,0.952163,0.951246,0.893310,0.950386,0.948598,0.944834,0.944814,0.944456,0.943656,0.944000,0.944141,0.945223,0.911837,0.921349,0.931995,0.938140,0.943433,0.946325,0.945723,0.858399,0.946141,0.945337,0.944976,0.949263,0.950327,0.953649,0.947972,0.957095,0.951953,0.951252,0.903570,0.961460,0.961428,0.956240,0.957782,0.954067,0.951854,0.951533,0.951771,0.951828,0.923040,0.928607,0.936620,0.941573,0.947523,0.947367,0.949181,0.871257,0.945254,0.946501,0.945637,0.941081,0.950237,0.955594,0.954744,0.950343,0.955587,0.957962,0.924080,0.963761,0.962828,0.962845,0.961296,0.958584,0.959618,0.958505,0.958935,0.957984,0.936374,0.940277,0.954408,0.957271,0.961705,0.963515,0.960187,0.886991,0.959402,0.954808,0.955160,0.952069,0.955254,0.963319,0.954987,0.959027,0.960196,0.961200,0.935607,0.964243,0.964649,0.964308,0.964562,0.964327,0.964274,0.964170,0.963513,0.963711,0.943874,0.947630,0.957356,0.960487,0.962030,0.965111,0.966985,0.898288,0.967565,0.966224,0.964739,0.964232,0.963183,0.964221,0.964868,0.964692,0.964786,0.965424,0.945333,0.963056,0.962500,0.962263,0.962788,0.963207,0.963686,0.962827,0.962823,0.962357,0.950798,0.954269,0.961731,0.964251,0.965085,0.967734,0.967483,0.908608,0.966191,0.968004,0.965304,0.963464,0.964529,0.963785,0.962059,0.962159,0.963110,0.962479,0.952885,0.954272,0.955405,0.957963,0.957377,0.957383,0.957588,0.955823,0.954447,0.953000,0.958257,0.960681,0.960821,0.965124,0.967565,0.967109,0.968096,0.915192,0.967401,0.967527,0.965386,0.962893,0.966039,0.963848,0.959694,0.961896,0.957951,0.956243,0.967369,0.967407,0.970359,0.969772,0.970178,0.966777,0.968395,0.970303,0.965080,0.966469,0.971158,0.977956,0.979735,0.978550,0.988015,0.989431,1.000000,0.933585,0.991568,0.988878,0.984634,0.980262,0.983409,0.977116,0.975366,0.976919,0.973424,0.972027
allando_v_sin_a8_f7_v5,0.909850,0.905935,0.906034,0.904856,0.904510,0.904153,0.903730,0.903540,0.903355,0.903432,0.913020,0.917591,0.921013,0.922796,0.922041,0.925618,0.925767,0.912289,0.922943,0.919169,0.917490,0.918001,0.919449,0.916489,0.909600,0.907720,0.907882,0.906761,0.910956,0.906571,0.908079,0.907431,0.907206,0.906681,0.906035,0.906162,0.906049,0.906141,0.918154,0.923749,0.927249,0.925738,0.926041,0.929580,0.926671,0.911437,0.924295,0.919971,0.920390,0.918384,0.919516,0.918707,0.907326,0.911760,0.908906,0.907521,0.918702,0.912512,0.913837,0.909598,0.909422,0.907522,0.906872,0.906269,0.905341,0.905732,0.927060,0.928643,0.928491,0.926272,0.929115,0.930213,0.929104,0.920815,0.922462,0.922118,0.922680,0.914896,0.920892,0.920692,0.918677,0.909829,0.913020,0.913975,0.938998,0.917294,0.914867,0.919385,0.918384,0.914592,0.913683,0.912190,0.914399,0.911808,0.938508,0.935997,0.939763,0.940836,0.939600,0.940590,0.934382,0.942187,0.934345,0.928613,0.931418,0.925865,0.923146,0.928908,0.920767,0.919818,0.919975,0.921304,0.929733,0.908706,0.908890,0.908243,0.908057,0.907660,0.907437,0.907282,0.907089,0.907205,0.926813,0.920703,0.919631,0.918168,0.916872,0.916599,0.915373,0.940567,0.914063,0.912161,0.910418,0.907819,0.906540,0.908005,0.909555,0.910083,0.909731,0.909788,0.932159,0.908080,0.907931,0.907480,0.906922,0.907026,0.906577,0.906955,0.906792,0.905740,0.927910,0.921092,0.920218,0.919896,0.915934,0.917331,0.915180,0.951997,0.914162,0.915152,0.911957,0.910320,0.908271,0.907467,0.907409,0.907200,0.908835,0.906749,0.936176,0.894165,0.894529,0.896597,0.894641,0.894280,0.896897,0.896774,0.895247,0.893171,0.931813,0.926287,0.921443,0.920937,0.921745,0.918794,0.917049,0.953955,0.917081,0.916388,0.913126,0.911166,0.911934,0.909299,0.903337,0.904841,0.900352,0.898774,0.953741,0.905432,0.907908,0.904970,0.905015,0.902742,0.908722,0.908441,0.904699,0.903098,0.944845,0.944269,0.939577,0.932935,0.933006,0.931444,0.933585,1.000000,0.932277,0.930400,0.927106,0.924414,0.928068,0.921827,0.918099,0.919899,0.914355,0.912291
allando_v_sin_a8_f7_v50,0.892774,0.950571,0.950113,0.950099,0.950131,0.949955,0.949822,0.949849,0.949791,0.949917,0.904606,0.914029,0.921347,0.929516,0.937839,0.943632,0.946309,0.859135,0.946363,0.944201,0.942168,0.945385,0.950476,0.955265,0.952393,0.950772,0.952047,0.951033,0.893122,0.950117,0.948347,0.944526,0.944536,0.944211,0.943425,0.943825,0.943885,0.944934,0.910803,0.921074,0.929925,0.935821,0.943959,0.948232,0.948650,0.858396,0.948227,0.946060,0.945387,0.947490,0.951604,0.953641,0.947606,0.957421,0.952106,0.951209,0.902635,0.959207,0.960258,0.956071,0.957701,0.953780,0.951669,0.951607,0.951679,0.951771,0.922387,0.928512,0.934342,0.939358,0.947882,0.949236,0.951744,0.870910,0.947092,0.947215,0.946261,0.940505,0.951398,0.954283,0.955650,0.950978,0.954980,0.957194,0.923657,0.962559,0.960721,0.962259,0.962448,0.959603,0.960825,0.959184,0.958880,0.959125,0.935570,0.940376,0.951957,0.955818,0.962693,0.965683,0.964433,0.886547,0.962499,0.956634,0.956845,0.953800,0.957173,0.963082,0.958060,0.958717,0.961384,0.961777,0.935306,0.964325,0.964713,0.964303,0.964363,0.964057,0.964223,0.964198,0.963537,0.963661,0.943275,0.947812,0.955132,0.957663,0.958940,0.963038,0.967022,0.896863,0.968715,0.967417,0.966040,0.965143,0.964344,0.965151,0.965743,0.965425,0.965072,0.965554,0.944952,0.962935,0.962417,0.962149,0.962667,0.963113,0.963510,0.962633,0.962681,0.962348,0.950477,0.954256,0.960589,0.961830,0.962065,0.965217,0.966976,0.906963,0.967719,0.968858,0.966818,0.964243,0.964764,0.964076,0.962172,0.962522,0.963075,0.962674,0.952148,0.954670,0.955408,0.956962,0.956135,0.955336,0.956863,0.955819,0.954797,0.953445,0.956882,0.960180,0.960126,0.964290,0.965736,0.964500,0.966941,0.913749,0.969619,0.968842,0.967438,0.963950,0.965524,0.964062,0.959801,0.962242,0.958502,0.957023,0.967201,0.968281,0.971159,0.967693,0.969441,0.964665,0.970855,0.969118,0.967087,0.966877,0.969990,0.976392,0.978932,0.978090,0.983994,0.984962,0.991568,0.932277,1.000000,0.992474,0.988217,0.982927,0.983967,0.978523,0.976572,0.978762,0.975196,0.973117
allando_v_sin_a8_f7_v55,0.892613,0.951695,0.951194,0.951155,0.951284,0.951146,0.950965,0.951030,0.950952,0.951036,0.904314,0.913888,0.921004,0.928263,0.936471,0.942884,0.946308,0.858458,0.946617,0.944459,0.942353,0.945921,0.951079,0.956132,0.953295,0.951591,0.952943,0.952056,0.892962,0.951267,0.949127,0.945230,0.945246,0.944915,0.944066,0.944425,0.944494,0.945627,0.910642,0.920937,0.929284,0.934447,0.942442,0.947119,0.948999,0.857727,0.948554,0.946622,0.945545,0.948317,0.952516,0.955295,0.948526,0.958918,0.953055,0.952236,0.902702,0.960686,0.961488,0.957132,0.959005,0.955060,0.952794,0.952595,0.952713,0.952857,0.922100,0.927909,0.933386,0.938003,0.946635,0.947912,0.951859,0.869848,0.947688,0.947048,0.946351,0.940731,0.952132,0.954610,0.956761,0.952990,0.957741,0.959813,0.923518,0.963667,0.962516,0.962846,0.963043,0.960040,0.961190,0.960034,0.959473,0.959701,0.934803,0.939210,0.950977,0.954100,0.960956,0.964490,0.964789,0.885520,0.964350,0.956815,0.956892,0.953722,0.958549,0.963465,0.959318,0.961598,0.964335,0.964656,0.934792,0.965175,0.965460,0.965060,0.965250,0.964998,0.965004,0.964934,0.964373,0.964575,0.942898,0.947497,0.955092,0.957920,0.958745,0.962599,0.966447,0.895216,0.968738,0.968658,0.967329,0.966407,0.965685,0.966437,0.967039,0.966594,0.966143,0.966528,0.944789,0.963581,0.963207,0.962892,0.963435,0.963977,0.964206,0.963290,0.963490,0.963228,0.950542,0.953959,0.960639,0.961636,0.961898,0.965121,0.965988,0.905115,0.967190,0.970909,0.968138,0.965649,0.965657,0.964928,0.962927,0.963582,0.963770,0.963473,0.951819,0.957741,0.958699,0.959659,0.958386,0.957550,0.958412,0.957303,0.956057,0.954766,0.956834,0.959780,0.959800,0.964627,0.965475,0.964033,0.965703,0.912312,0.968943,0.970987,0.968949,0.965523,0.966417,0.965226,0.960459,0.962765,0.959467,0.958693,0.966608,0.972051,0.974444,0.969458,0.971193,0.966308,0.973035,0.970484,0.968751,0.968773,0.970044,0.975452,0.978055,0.977405,0.982988,0.983216,0.988878,0.930400,0.992474,1.000000,0.990544,0.985170,0.985396,0.980069,0.977651,0.979455,0.976236,0.974694
allando_v_sin_a8_f7_v60,0.889690,0.951095,0.950587,0.950427,0.950701,0.950469,0.950230,0.950307,0.950241,0.950291,0.901639,0.911405,0.918375,0.925151,0.932842,0.940144,0.945711,0.856663,0.946264,0.942768,0.941241,0.944678,0.950187,0.954467,0.952467,0.950819,0.952091,0.951464,0.889959,0.950310,0.948337,0.944564,0.944496,0.944176,0.943389,0.943805,0.943829,0.944765,0.907827,0.918713,0.926655,0.931121,0.938824,0.944072,0.948613,0.855954,0.948425,0.945142,0.944689,0.946703,0.951600,0.952139,0.948559,0.957865,0.952076,0.951446,0.899841,0.959212,0.960393,0.955692,0.958420,0.954111,0.951898,0.951729,0.951856,0.952007,0.919963,0.925539,0.930191,0.934783,0.942460,0.945333,0.951277,0.867220,0.948240,0.945807,0.945416,0.939974,0.950913,0.952977,0.956710,0.950221,0.954952,0.956426,0.921219,0.962763,0.960161,0.960813,0.961612,0.958415,0.959576,0.958823,0.957783,0.958958,0.932099,0.935909,0.947212,0.950260,0.956902,0.961159,0.964508,0.882582,0.964169,0.955256,0.955511,0.952733,0.957150,0.961629,0.960204,0.958907,0.962349,0.961116,0.932300,0.964080,0.964414,0.964093,0.964283,0.964035,0.964099,0.964049,0.963423,0.963594,0.940066,0.944571,0.952330,0.955777,0.956109,0.959300,0.963843,0.892394,0.966728,0.967458,0.967813,0.966619,0.966003,0.966306,0.966575,0.965810,0.965049,0.965411,0.942100,0.962679,0.962412,0.962028,0.962644,0.963148,0.963312,0.962425,0.962770,0.962622,0.947491,0.951397,0.957582,0.959307,0.960094,0.962129,0.963144,0.901936,0.965375,0.968434,0.969301,0.965964,0.965100,0.964477,0.962406,0.963035,0.962829,0.962637,0.948966,0.955550,0.956518,0.957733,0.958045,0.956665,0.957853,0.956661,0.955169,0.954040,0.954132,0.957672,0.957147,0.961572,0.963379,0.961775,0.962843,0.909000,0.967299,0.968201,0.970947,0.965655,0.965473,0.964391,0.959931,0.961575,0.958830,0.958290,0.963758,0.968507,0.971976,0.968381,0.970738,0.965346,0.973412,0.968524,0.968407,0.966774,0.966288,0.972061,0.975325,0.974158,0.979796,0.980542,0.984634,0.927106,0.988217,0.990544,1.000000,0.985737,0.984551,0.979413,0.976603,0.977672,0.975289,0.973348
allando_v_sin_a8_f7_v65,0.887115,0.949744,0.949263,0.949311,0.949619,0.949560,0.949299,0.949291,0.949285,0.949348,0.899044,0.908909,0.915642,0.921995,0.928085,0.935259,0.941405,0.853855,0.942385,0.941818,0.939800,0.942462,0.946926,0.952308,0.950901,0.949232,0.950558,0.950046,0.887614,0.948897,0.946872,0.943288,0.943197,0.942984,0.942284,0.942614,0.942765,0.943555,0.905514,0.915620,0.923071,0.928298,0.933789,0.939287,0.944161,0.853118,0.944592,0.944608,0.943260,0.945479,0.948626,0.950591,0.946266,0.956436,0.950654,0.949959,0.897622,0.956691,0.958577,0.953835,0.956491,0.952728,0.950464,0.950271,0.950538,0.950611,0.917024,0.921440,0.927176,0.931896,0.937799,0.940098,0.946364,0.864231,0.944218,0.945166,0.943522,0.937257,0.948426,0.950605,0.952761,0.950227,0.953429,0.955468,0.918021,0.958336,0.958334,0.958718,0.960132,0.956308,0.958079,0.956988,0.956464,0.955628,0.927060,0.931736,0.943611,0.945909,0.950582,0.954354,0.958345,0.879774,0.960328,0.954372,0.953289,0.949502,0.957573,0.959895,0.957330,0.958582,0.959467,0.960287,0.930385,0.961650,0.961913,0.961737,0.961838,0.961695,0.961789,0.961564,0.961023,0.961293,0.937736,0.942081,0.950300,0.954002,0.954746,0.956524,0.960158,0.890462,0.963595,0.964415,0.964671,0.965336,0.964850,0.964631,0.964472,0.963577,0.962786,0.962945,0.940177,0.961177,0.960777,0.960535,0.961197,0.961745,0.961758,0.960916,0.961315,0.961361,0.945239,0.949359,0.955688,0.957503,0.958312,0.960721,0.959609,0.900076,0.961957,0.965436,0.965253,0.966894,0.964389,0.963383,0.961409,0.961838,0.961310,0.961488,0.947180,0.954802,0.955293,0.956444,0.955820,0.955200,0.955974,0.955290,0.953863,0.952808,0.952047,0.955246,0.955267,0.959795,0.961483,0.960048,0.959160,0.906931,0.963887,0.965112,0.965758,0.969408,0.965283,0.964663,0.958381,0.960295,0.957772,0.957292,0.962641,0.968271,0.970989,0.965536,0.969771,0.963909,0.971846,0.967767,0.965995,0.965597,0.965025,0.969412,0.971756,0.970747,0.976910,0.977758,0.980262,0.924414,0.982927,0.985170,0.985737,1.000000,0.985431,0.981069,0.975829,0.976669,0.974364,0.972811
allando_v_sin_a8_f7_v70,0.889707,0.952622,0.952176,0.952072,0.952408,0.952361,0.952227,0.952141,0.952113,0.952177,0.904028,0.913122,0.918764,0.924714,0.930623,0.935951,0.941601,0.854071,0.942829,0.947686,0.948003,0.948837,0.951182,0.955923,0.953942,0.952256,0.953757,0.953140,0.890211,0.951772,0.949789,0.946090,0.946019,0.945731,0.944983,0.945383,0.945555,0.946460,0.911022,0.918933,0.926419,0.931179,0.936604,0.940554,0.944508,0.853393,0.945346,0.949745,0.951417,0.952492,0.952171,0.954144,0.949329,0.959205,0.953264,0.952771,0.900994,0.960441,0.962127,0.957757,0.959556,0.955666,0.953323,0.952901,0.953320,0.953395,0.921284,0.924205,0.930800,0.934501,0.940018,0.942287,0.947069,0.865000,0.944232,0.950592,0.951582,0.943947,0.952120,0.954760,0.956208,0.951241,0.956290,0.957752,0.920047,0.963206,0.962214,0.963818,0.963471,0.961888,0.961955,0.961803,0.962064,0.960354,0.931682,0.934799,0.946956,0.949356,0.952941,0.956341,0.957913,0.881510,0.959488,0.960482,0.962346,0.955769,0.959017,0.964631,0.957612,0.960447,0.962743,0.963443,0.933780,0.964382,0.964757,0.964568,0.964624,0.964495,0.964624,0.964369,0.963814,0.964094,0.941820,0.945405,0.953653,0.956426,0.958216,0.959624,0.963149,0.894514,0.965895,0.965928,0.966103,0.966606,0.965867,0.966260,0.966276,0.965626,0.965181,0.965689,0.943352,0.964019,0.963623,0.963306,0.963817,0.964573,0.964448,0.963629,0.963958,0.964002,0.948397,0.952074,0.958834,0.961394,0.961760,0.963675,0.962961,0.904548,0.964606,0.967244,0.966297,0.966126,0.966261,0.965653,0.963986,0.964158,0.964047,0.964352,0.951113,0.956486,0.957985,0.959329,0.958451,0.958531,0.959920,0.959016,0.957412,0.956440,0.955369,0.959344,0.959024,0.962854,0.965009,0.964206,0.962525,0.910638,0.965265,0.966662,0.966189,0.966020,0.971830,0.969665,0.962654,0.963837,0.960115,0.959312,0.967294,0.970759,0.975702,0.970476,0.973832,0.969240,0.973143,0.972219,0.969273,0.969086,0.968024,0.973411,0.975581,0.973608,0.980040,0.980414,0.983409,0.928068,0.983967,0.985396,0.984551,0.985431,1.000000,0.987951,0.981967,0.981574,0.978247,0.976873
allando_v_sin_a8_f7_v75,0.888772,0.952626,0.952153,0.952309,0.952687,0.952609,0.952508,0.952435,0.952389,0.952475,0.898912,0.909818,0.910922,0.919176,0.922338,0.930674,0.936101,0.848913,0.936475,0.943193,0.946456,0.947662,0.950249,0.956427,0.953251,0.951809,0.953532,0.952938,0.888517,0.951718,0.949170,0.945387,0.945263,0.945065,0.944344,0.944727,0.944889,0.945724,0.905147,0.915639,0.918387,0.925983,0.928952,0.934976,0.938526,0.848429,0.938795,0.945731,0.949179,0.952020,0.951130,0.954079,0.950773,0.961450,0.953642,0.952696,0.899604,0.959384,0.961461,0.957022,0.959201,0.955538,0.953154,0.952777,0.953301,0.953300,0.914855,0.920105,0.922491,0.929860,0.933539,0.936472,0.940933,0.859111,0.938149,0.947338,0.949208,0.942846,0.950957,0.954177,0.958123,0.954366,0.955601,0.958846,0.917659,0.962414,0.962864,0.962594,0.966493,0.959656,0.963449,0.960313,0.961114,0.959935,0.924614,0.930504,0.938736,0.940967,0.945343,0.949728,0.951317,0.874817,0.954102,0.954167,0.958850,0.954095,0.958307,0.964046,0.959097,0.962403,0.963239,0.962632,0.933426,0.962189,0.962550,0.962233,0.962398,0.962175,0.962330,0.962106,0.961619,0.961942,0.938739,0.942692,0.948967,0.951879,0.954650,0.955824,0.959112,0.890174,0.962773,0.962979,0.962741,0.963565,0.962795,0.963736,0.964157,0.963651,0.963061,0.963528,0.943208,0.962308,0.962000,0.961946,0.962323,0.962970,0.962796,0.962135,0.962389,0.962719,0.946720,0.949969,0.954755,0.957463,0.957325,0.960437,0.959171,0.900455,0.961649,0.963870,0.963183,0.963359,0.963570,0.963414,0.962302,0.962559,0.962143,0.963397,0.949539,0.958264,0.958960,0.960143,0.958622,0.958740,0.959955,0.960069,0.957831,0.957211,0.952758,0.956795,0.957350,0.959927,0.961009,0.959512,0.958342,0.906252,0.961610,0.963198,0.963265,0.964227,0.968067,0.973473,0.963464,0.964734,0.964133,0.962701,0.963855,0.971561,0.976476,0.970228,0.973679,0.968999,0.971758,0.970902,0.968584,0.968489,0.966027,0.970227,0.971907,0.969953,0.974154,0.973824,0.977116,0.921827,0.978523,0.980069,0.979413,0.981069,0.987951,1.000000,0.983592,0.982703,0.981522,0.979792
allando_v_sin_a8_f7_v80,0.884848,0.952214,0.951770,0.951587,0.952080,0.952101,0.951963,0.951870,0.951803,0.951849,0.897217,0.901626,0.908610,0.914651,0.921257,0.929167,0.933306,0.843638,0.939039,0.936233,0.938263,0.949837,0.955764,0.959740,0.954610,0.952592,0.954067,0.952927,0.883905,0.951692,0.948964,0.945050,0.944945,0.944659,0.943861,0.944188,0.944503,0.945392,0.901645,0.908788,0.917296,0.921871,0.927631,0.934929,0.935266,0.843367,0.941785,0.938541,0.940759,0.950459,0.956709,0.958385,0.948757,0.960173,0.953162,0.952675,0.893064,0.959505,0.963034,0.957324,0.958488,0.955254,0.952786,0.952430,0.952898,0.953010,0.912272,0.915223,0.922073,0.926205,0.931585,0.936604,0.938575,0.854285,0.938602,0.940247,0.940544,0.948547,0.956946,0.959588,0.954436,0.950283,0.956325,0.958689,0.911772,0.962712,0.962273,0.964886,0.962228,0.959749,0.961294,0.961049,0.962952,0.959353,0.923609,0.926499,0.938070,0.944093,0.942525,0.950071,0.949682,0.869346,0.948834,0.948997,0.950794,0.963383,0.963994,0.968054,0.955234,0.959876,0.963004,0.962269,0.933517,0.961343,0.961793,0.961429,0.961468,0.961273,0.961550,0.961021,0.960743,0.960834,0.937579,0.941613,0.948239,0.951187,0.953536,0.954204,0.958340,0.885864,0.960944,0.962106,0.961994,0.961636,0.961191,0.962086,0.962931,0.962522,0.961822,0.962479,0.945220,0.961403,0.961117,0.960881,0.961448,0.961834,0.961719,0.961013,0.961252,0.961533,0.944748,0.947929,0.953671,0.956696,0.955829,0.958653,0.957958,0.897392,0.958909,0.962593,0.962144,0.961905,0.961894,0.961970,0.961125,0.961428,0.961191,0.962140,0.950944,0.958434,0.959497,0.960410,0.958851,0.959202,0.960756,0.960719,0.958099,0.956870,0.950667,0.955818,0.954767,0.958310,0.960955,0.960199,0.957619,0.902273,0.959914,0.961591,0.961515,0.960002,0.964125,0.967436,0.973480,0.971206,0.963275,0.961385,0.957082,0.973786,0.975911,0.971748,0.972741,0.969234,0.971964,0.970957,0.968450,0.969189,0.962782,0.967821,0.969109,0.967604,0.972875,0.971994,0.975366,0.918099,0.976572,0.977651,0.976603,0.975829,0.981967,0.983592,1.000000,0.990208,0.981356,0.981805
allando_v_sin_a8_f7_v85,0.886308,0.953609,0.953154,0.953008,0.953571,0.953535,0.953406,0.953277,0.953236,0.953298,0.897244,0.903160,0.910276,0.916320,0.922366,0.930567,0.933585,0.846062,0.938623,0.935828,0.939793,0.947713,0.954445,0.960101,0.955711,0.953761,0.955381,0.954178,0.885237,0.953307,0.950521,0.946641,0.946599,0.946293,0.945542,0.945815,0.946135,0.946913,0.901934,0.910259,0.918998,0.923309,0.928687,0.936240,0.935583,0.845796,0.941141,0.938388,0.942525,0.948834,0.955867,0.958579,0.949521,0.961501,0.954661,0.954041,0.894414,0.960259,0.963832,0.958047,0.959929,0.956756,0.954411,0.953989,0.954551,0.954552,0.912744,0.916616,0.923552,0.927483,0.932849,0.937737,0.938864,0.856734,0.938595,0.939963,0.942524,0.945467,0.956046,0.958827,0.955745,0.954127,0.956901,0.960360,0.913137,0.963680,0.963729,0.964981,0.964023,0.961361,0.963085,0.961168,0.963125,0.960144,0.923900,0.927263,0.938736,0.944733,0.943518,0.950791,0.949450,0.871372,0.949660,0.948098,0.952272,0.959416,0.962524,0.967096,0.956523,0.960935,0.964302,0.965359,0.934336,0.963185,0.963714,0.963274,0.963390,0.963129,0.963466,0.962913,0.962611,0.962699,0.939102,0.942940,0.949627,0.953177,0.955251,0.956215,0.960362,0.887946,0.963082,0.963577,0.963422,0.963289,0.962383,0.963451,0.964220,0.964345,0.963809,0.964366,0.945775,0.963395,0.963032,0.962832,0.963453,0.963710,0.963727,0.963026,0.963327,0.963403,0.946893,0.949545,0.955147,0.958283,0.957580,0.960604,0.959566,0.899084,0.960662,0.964429,0.963832,0.963017,0.963601,0.963642,0.962678,0.963378,0.963220,0.964069,0.951324,0.960512,0.961296,0.962336,0.960647,0.960655,0.961577,0.961907,0.959810,0.958510,0.952726,0.957130,0.956370,0.959920,0.962365,0.961350,0.959460,0.904410,0.962016,0.963423,0.962934,0.961413,0.964497,0.967973,0.970331,0.974414,0.964021,0.962877,0.958485,0.977083,0.978926,0.973323,0.974343,0.971280,0.974139,0.973199,0.971004,0.971621,0.964501,0.969152,0.970680,0.969072,0.974257,0.973206,0.976919,0.919899,0.978762,0.979455,0.977672,0.976669,0.981574,0.982703,0.990208,1.000000,0.982773,0.983651
allando_v_sin_a8_f7_v90,0.889018,0.950944,0.950366,0.950461,0.951041,0.951001,0.950903,0.950875,0.950887,0.950927,0.893311,0.904322,0.907546,0.917031,0.919667,0.927444,0.936202,0.844780,0.931201,0.934988,0.935044,0.939939,0.945984,0.953236,0.950722,0.949766,0.952013,0.951218,0.887682,0.950249,0.947233,0.943463,0.943349,0.943075,0.942509,0.942601,0.942676,0.943629,0.899119,0.911052,0.915619,0.924359,0.926487,0.931064,0.938432,0.844389,0.933902,0.936134,0.937916,0.943537,0.947575,0.951271,0.952071,0.962574,0.952901,0.951193,0.898500,0.959561,0.959287,0.957071,0.957871,0.954182,0.951747,0.951559,0.952137,0.952018,0.909862,0.916763,0.920108,0.928268,0.931624,0.931310,0.941262,0.854370,0.931950,0.937769,0.937979,0.935681,0.946831,0.952391,0.959327,0.956191,0.955490,0.957623,0.917432,0.961250,0.962412,0.961505,0.966276,0.959830,0.964014,0.959154,0.958657,0.959699,0.920352,0.929608,0.937717,0.937076,0.942447,0.944554,0.952359,0.869388,0.946841,0.942059,0.946009,0.948395,0.953394,0.960275,0.961472,0.964286,0.961708,0.960984,0.932548,0.960555,0.960914,0.960513,0.960655,0.960507,0.960653,0.960313,0.959709,0.959985,0.937143,0.940542,0.947405,0.950127,0.952367,0.953776,0.957272,0.884320,0.960620,0.962306,0.960980,0.960382,0.960617,0.960975,0.961760,0.961677,0.961557,0.962004,0.941929,0.960613,0.960237,0.960231,0.960792,0.960863,0.960887,0.960373,0.960481,0.960825,0.945873,0.948532,0.952357,0.956216,0.955051,0.959171,0.958039,0.893650,0.958396,0.961864,0.961460,0.959503,0.961165,0.960837,0.959933,0.960476,0.960411,0.961330,0.945442,0.961130,0.959403,0.959628,0.958541,0.958674,0.959846,0.959957,0.958717,0.957827,0.950216,0.954319,0.955247,0.957191,0.959854,0.956506,0.955763,0.899853,0.959549,0.961246,0.961437,0.959909,0.962797,0.965817,0.962783,0.963659,0.972070,0.966625,0.956505,0.974434,0.975843,0.971112,0.972457,0.967998,0.972513,0.970447,0.971047,0.970395,0.964495,0.966572,0.968159,0.966042,0.971120,0.969453,0.973424,0.914355,0.975196,0.976236,0.975289,0.974364,0.978247,0.981522,0.981356,0.982773,1.000000,0.985220
allando_v_sin_a8_f7_v95,0.890830,0.950703,0.950200,0.950028,0.950716,0.950747,0.950594,0.950525,0.950506,0.950593,0.892948,0.901076,0.906364,0.915571,0.917931,0.927345,0.930412,0.843441,0.932456,0.932283,0.934609,0.941948,0.948135,0.955081,0.950960,0.949346,0.952106,0.951164,0.889022,0.950271,0.946799,0.942989,0.942925,0.942721,0.942047,0.942238,0.942448,0.943051,0.897554,0.907687,0.914356,0.922652,0.924400,0.931612,0.932192,0.843170,0.935029,0.935451,0.937305,0.944930,0.949504,0.953417,0.952739,0.965062,0.952943,0.950921,0.898155,0.959761,0.961758,0.955415,0.957480,0.954055,0.951389,0.951030,0.951509,0.951604,0.908179,0.913494,0.918630,0.926845,0.929077,0.932105,0.935307,0.852742,0.933097,0.937124,0.936919,0.938912,0.949279,0.954286,0.959243,0.957034,0.956692,0.960549,0.916584,0.962082,0.963525,0.961628,0.965346,0.957666,0.962070,0.957634,0.959132,0.957295,0.918602,0.923845,0.934681,0.937558,0.938471,0.944492,0.945076,0.867129,0.945294,0.941455,0.944817,0.950262,0.955077,0.961531,0.958593,0.965278,0.963010,0.961814,0.931406,0.959942,0.960426,0.959965,0.960006,0.959669,0.960008,0.959439,0.959023,0.959110,0.933423,0.938041,0.944889,0.948870,0.951481,0.952488,0.955650,0.882272,0.959621,0.960432,0.959577,0.959507,0.958584,0.959593,0.960397,0.960435,0.959952,0.961020,0.941347,0.959083,0.958666,0.958763,0.959303,0.959512,0.959621,0.958972,0.959212,0.959589,0.942276,0.945315,0.950249,0.953874,0.953429,0.957743,0.955938,0.892312,0.957280,0.960700,0.959679,0.959088,0.959608,0.959280,0.958216,0.958845,0.958643,0.959840,0.944654,0.961619,0.960919,0.961253,0.959098,0.959631,0.959520,0.959554,0.956454,0.955629,0.948181,0.951626,0.952236,0.955042,0.957718,0.956164,0.954336,0.898006,0.957676,0.959724,0.959864,0.958588,0.961290,0.965649,0.963890,0.965904,0.967594,0.968488,0.952910,0.978135,0.979346,0.973210,0.974502,0.969394,0.971590,0.971052,0.968269,0.969211,0.962986,0.964048,0.965542,0.963961,0.969253,0.968121,0.972027,0.912291,0.973117,0.974694,0.973348,0.972811,0.976873,0.979792,0.981805,0.983651,0.985220,1.000000
