,allando_v_sin_a2_f1_v10,allando_v_sin_a2_f1_v100,allando_v_sin_a2_f1_v105,allando_v_sin_a2_f1_v110,allando_v_sin_a2_f1_v115,allando_v_sin_a2_f1_v120,allando_v_sin_a2_f1_v125,allando_v_sin_a2_f1_v130,allando_v_sin_a2_f1_v135,allando_v_sin_a2_f1_v140,allando_v_sin_a2_f1_v15,allando_v_sin_a2_f1_v20,allando_v_sin_a2_f1_v25,allando_v_sin_a2_f1_v30,allando_v_sin_a2_f1_v35,allando_v_sin_a2_f1_v40,allando_v_sin_a2_f1_v45,allando_v_sin_a2_f1_v5,allando_v_sin_a2_f1_v50,allando_v_sin_a2_f1_v55,allando_v_sin_a2_f1_v60,allando_v_sin_a2_f1_v65,allando_v_sin_a2_f1_v70,allando_v_sin_a2_f1_v75,allando_v_sin_a2_f1_v80,allando_v_sin_a2_f1_v85,allando_v_sin_a2_f1_v90,allando_v_sin_a2_f1_v95,allando_v_sin_a2_f3_v10,allando_v_sin_a2_f3_v100,allando_v_sin_a2_f3_v105,allando_v_sin_a2_f3_v110,allando_v_sin_a2_f3_v115,allando_v_sin_a2_f3_v120,allando_v_sin_a2_f3_v125,allando_v_sin_a2_f3_v130,allando_v_sin_a2_f3_v135,allando_v_sin_a2_f3_v140,allando_v_sin_a2_f3_v15,allando_v_sin_a2_f3_v20,allando_v_sin_a2_f3_v25,allando_v_sin_a2_f3_v30,allando_v_sin_a2_f3_v35,allando_v_sin_a2_f3_v40,allando_v_sin_a2_f3_v45,allando_v_sin_a2_f3_v5,allando_v_sin_a2_f3_v50,allando_v_sin_a2_f3_v55,allando_v_sin_a2_f3_v60,allando_v_sin_a2_f3_v65,allando_v_sin_a2_f3_v70,allando_v_sin_a2_f3_v75,allando_v_sin_a2_f3_v80,allando_v_sin_a2_f3_v85,allando_v_sin_a2_f3_v90,allando_v_sin_a2_f3_v95,allando_v_sin_a2_f5_v10,allando_v_sin_a2_f5_v100,allando_v_sin_a2_f5_v105,allando_v_sin_a2_f5_v110,allando_v_sin_a2_f5_v115,allando_v_sin_a2_f5_v120,allando_v_sin_a2_f5_v125,allando_v_sin_a2_f5_v130,allando_v_sin_a2_f5_v135,allando_v_sin_a2_f5_v140,allando_v_sin_a2_f5_v15,allando_v_sin_a2_f5_v20,allando_v_sin_a2_f5_v25,allando_v_sin_a2_f5_v30,allando_v_sin_a2_f5_v35,allando_v_sin_a2_f5_v40,allando_v_sin_a2_f5_v45,allando_v_sin_a2_f5_v5,allando_v_sin_a2_f5_v50,allando_v_sin_a2_f5_v55,allando_v_sin_a2_f5_v60,allando_v_sin_a2_f5_v65,allando_v_sin_a2_f5_v70,allando_v_sin_a2_f5_v75,allando_v_sin_a2_f5_v80,allando_v_sin_a2_f5_v85,allando_v_sin_a2_f5_v90,allando_v_sin_a2_f5_v95,allando_v_sin_a2_f7_v10,allando_v_sin_a2_f7_v100,allando_v_sin_a2_f7_v105,allando_v_sin_a2_f7_v110,allando_v_sin_a2_f7_v115,allando_v_sin_a2_f7_v120,allando_v_sin_a2_f7_v125,allando_v_sin_a2_f7_v130,allando_v_sin_a2_f7_v135,allando_v_sin_a2_f7_v140,allando_v_sin_a2_f7_v15,allando_v_sin_a2_f7_v20,allando_v_sin_a2_f7_v25,allando_v_sin_a2_f7_v30,allando_v_sin_a2_f7_v35,allando_v_sin_a2_f7_v40,allando_v_sin_a2_f7_v45,allando_v_sin_a2_f7_v5,allando_v_sin_a2_f7_v50,allando_v_sin_a2_f7_v55,allando_v_sin_a2_f7_v60,allando_v_sin_a2_f7_v65,allando_v_sin_a2_f7_v70,allando_v_sin_a2_f7_v75,allando_v_sin_a2_f7_v80,allando_v_sin_a2_f7_v85,allando_v_sin_a2_f7_v90,allando_v_sin_a2_f7_v95,allando_v_sin_a8_f1_v10,allando_v_sin_a8_f1_v100,allando_v_sin_a8_f1_v105,allando_v_sin_a8_f1_v110,allando_v_sin_a8_f1_v115,allando_v_sin_a8_f1_v120,allando_v_sin_a8_f1_v125,allando_v_sin_a8_f1_v130,allando_v_sin_a8_f1_v135,allando_v_sin_a8_f1_v140,allando_v_sin_a8_f1_v15,allando_v_sin_a8_f1_v20,allando_v_sin_a8_f1_v25,allando_v_sin_a8_f1_v30,allando_v_sin_a8_f1_v35,allando_v_sin_a8_f1_v40,allando_v_sin_a8_f1_v45,allando_v_sin_a8_f1_v5,allando_v_sin_a8_f1_v50,allando_v_sin_a8_f1_v55,allando_v_sin_a8_f1_v60,allando_v_sin_a8_f1_v65,allando_v_sin_a8_f1_v70,allando_v_sin_a8_f1_v75,allando_v_sin_a8_f1_v80,allando_v_sin_a8_f1_v85,allando_v_sin_a8_f1_v90,allando_v_sin_a8_f1_v95,allando_v_sin_a8_f3_v10,allando_v_sin_a8_f3_v100,allando_v_sin_a8_f3_v105,allando_v_sin_a8_f3_v110,allando_v_sin_a8_f3_v115,allando_v_sin_a8_f3_v120,allando_v_sin_a8_f3_v125,allando_v_sin_a8_f3_v130,allando_v_sin_a8_f3_v135,allando_v_sin_a8_f3_v140,allando_v_sin_a8_f3_v15,allando_v_sin_a8_f3_v20,allando_v_sin_a8_f3_v25,allando_v_sin_a8_f3_v30,allando_v_sin_a8_f3_v35,allando_v_sin_a8_f3_v40,allando_v_sin_a8_f3_v45,allando_v_sin_a8_f3_v5,allando_v_sin_a8_f3_v50,allando_v_sin_a8_f3_v55,allando_v_sin_a8_f3_v60,allando_v_sin_a8_f3_v65,allando_v_sin_a8_f3_v70,allando_v_sin_a8_f3_v75,allando_v_sin_a8_f3_v80,allando_v_sin_a8_f3_v85,allando_v_sin_a8_f3_v90,allando_v_sin_a8_f3_v95,allando_v_sin_a8_f5_v10,allando_v_sin_a8_f5_v100,allando_v_sin_a8_f5_v105,allando_v_sin_a8_f5_v110,allando_v_sin_a8_f5_v115,allando_v_sin_a8_f5_v120,allando_v_sin_a8_f5_v125,allando_v_sin_a8_f5_v130,allando_v_sin_a8_f5_v135,allando_v_sin_a8_f5_v140,allando_v_sin_a8_f5_v15,allando_v_sin_a8_f5_v20,allando_v_sin_a8_f5_v25,allando_v_sin_a8_f5_v30,allando_v_sin_a8_f5_v35,allando_v_sin_a8_f5_v40,allando_v_sin_a8_f5_v45,allando_v_sin_a8_f5_v5,allando_v_sin_a8_f5_v50,allando_v_sin_a8_f5_v55,allando_v_sin_a8_f5_v60,allando_v_sin_a8_f5_v65,allando_v_sin_a8_f5_v70,allando_v_sin_a8_f5_v75,allando_v_sin_a8_f5_v80,allando_v_sin_a8_f5_v85,allando_v_sin_a8_f5_v90,allando_v_sin_a8_f5_v95,allando_v_sin_a8_f7_v10,allando_v_sin_a8_f7_v100,allando_v_sin_a8_f7_v105,allando_v_sin_a8_f7_v110,allando_v_sin_a8_f7_v115,allando_v_sin_a8_f7_v120,allando_v_sin_a8_f7_v125,allando_v_sin_a8_f7_v130,allando_v_sin_a8_f7_v135,allando_v_sin_a8_f7_v140,allando_v_sin_a8_f7_v15,allando_v_sin_a8_f7_v20,allando_v_sin_a8_f7_v25,allando_v_sin_a8_f7_v30,allando_v_sin_a8_f7_v35,allando_v_sin_a8_f7_v40,allando_v_sin_a8_f7_v45,allando_v_sin_a8_f7_v5,allando_v_sin_a8_f7_v50,allando_v_sin_a8_f7_v55,allando_v_sin_a8_f7_v60,allando_v_sin_a8_f7_v65,allando_v_sin_a8_f7_v70,allando_v_sin_a8_f7_v75,allando_v_sin_a8_f7_v80,allando_v_sin_a8_f7_v85,allando_v_sin_a8_f7_v90,allando_v_sin_a8_f7_v95
allando_v_sin_a2_f1_v10,1.000000,0.895691,0.894918,0.893798,0.893395,0.892783,0.891636,0.891524,0.891853,0.891193,0.973945,0.964020,0.960426,0.956255,0.945602,0.943844,0.940639,0.945919,0.932920,0.928171,0.917909,0.919204,0.921959,0.915455,0.899743,0.897085,0.895477,0.896011,0.976824,0.885894,0.889593,0.887969,0.888761,0.888658,0.888470,0.886178,0.886462,0.887575,0.950129,0.944690,0.942589,0.938930,0.929863,0.930198,0.925763,0.933570,0.919892,0.916129,0.909514,0.906275,0.909037,0.907978,0.904347,0.902156,0.892723,0.890063,0.970357,0.896839,0.896429,0.893164,0.888911,0.886931,0.888883,0.888789,0.885363,0.887514,0.944703,0.942628,0.938243,0.933555,0.930927,0.927895,0.925791,0.938971,0.916874,0.917736,0.908531,0.903364,0.910338,0.910977,0.915037,0.906432,0.900422,0.902686,0.964866,0.900291,0.898724,0.902573,0.905208,0.895341,0.896759,0.892699,0.896184,0.891205,0.944653,0.937793,0.934166,0.931203,0.925810,0.923404,0.917993,0.941737,0.916216,0.909180,0.907426,0.906098,0.907030,0.913898,0.911997,0.912271,0.904091,0.904312,0.943881,0.890130,0.890977,0.889153,0.889856,0.889521,0.888347,0.887923,0.888487,0.887634,0.931675,0.919646,0.915708,0.910934,0.906777,0.904296,0.899794,0.924219,0.898933,0.896009,0.890549,0.888160,0.887947,0.889382,0.892268,0.892918,0.891764,0.892097,0.928513,0.881473,0.880798,0.881323,0.879916,0.881426,0.879589,0.878490,0.880549,0.876980,0.919435,0.907164,0.903461,0.901527,0.895973,0.897983,0.895305,0.910936,0.894147,0.892095,0.888121,0.885801,0.882105,0.882785,0.880954,0.881090,0.882089,0.881037,0.926558,0.875302,0.872976,0.875659,0.873018,0.873612,0.874607,0.874903,0.870271,0.868890,0.918361,0.908310,0.902394,0.901176,0.902255,0.899260,0.895670,0.911243,0.895919,0.895477,0.891307,0.888632,0.888379,0.889430,0.882878,0.883178,0.887912,0.886741,0.925787,0.878552,0.881381,0.876902,0.875948,0.871284,0.875507,0.875204,0.871416,0.869789,0.914938,0.907070,0.901609,0.894572,0.896511,0.893457,0.893727,0.912257,0.895394,0.894522,0.891587,0.889371,0.891431,0.890192,0.886622,0.888829,0.890170,0.892153
allando_v_sin_a2_f1_v100,0.895691,1.000000,0.989145,0.974738,0.984832,0.982860,0.982513,0.982825,0.983039,0.982029,0.907677,0.914734,0.920228,0.923398,0.928344,0.933575,0.940675,0.857407,0.939920,0.939401,0.940368,0.945595,0.949994,0.958484,0.972809,0.978280,0.983395,0.988310,0.890456,0.969464,0.968749,0.964202,0.965535,0.965228,0.965353,0.965211,0.963694,0.963361,0.906752,0.915245,0.921895,0.922423,0.926938,0.932280,0.936675,0.853666,0.935816,0.940055,0.937430,0.942325,0.949050,0.950779,0.944167,0.965324,0.971284,0.972191,0.897407,0.960490,0.961689,0.959411,0.966096,0.966052,0.967238,0.965723,0.965997,0.967728,0.914758,0.918074,0.923869,0.925082,0.928492,0.932678,0.937574,0.861294,0.932284,0.934700,0.935781,0.936735,0.951376,0.955752,0.955302,0.948278,0.953994,0.957949,0.906578,0.953512,0.955486,0.956686,0.957611,0.955063,0.954982,0.954878,0.955305,0.956180,0.917673,0.922557,0.930930,0.930027,0.934098,0.938113,0.937801,0.866791,0.936177,0.932660,0.937230,0.933138,0.940732,0.949695,0.945717,0.946821,0.949689,0.952038,0.931603,0.962960,0.963142,0.963086,0.962927,0.962633,0.964120,0.963981,0.962806,0.961483,0.939837,0.940418,0.947985,0.950124,0.952973,0.952831,0.957844,0.892578,0.958884,0.959637,0.957798,0.958863,0.958492,0.959682,0.962101,0.963560,0.962495,0.962550,0.937365,0.965544,0.965840,0.966234,0.965228,0.965865,0.964191,0.965301,0.969615,0.967633,0.942424,0.943989,0.950754,0.952920,0.950250,0.952587,0.953468,0.896825,0.954896,0.960107,0.958133,0.959052,0.961752,0.962803,0.963334,0.964556,0.963519,0.967075,0.941661,0.951907,0.952905,0.957235,0.958291,0.957161,0.957941,0.958507,0.955821,0.956066,0.946807,0.950229,0.949668,0.955504,0.957042,0.955180,0.956374,0.901588,0.959376,0.959108,0.959586,0.958271,0.961123,0.963197,0.958095,0.958141,0.957218,0.954704,0.943675,0.951919,0.954611,0.952924,0.953227,0.950163,0.956372,0.955208,0.953292,0.953173,0.949866,0.952953,0.951936,0.951999,0.954976,0.954346,0.955665,0.906582,0.955489,0.955918,0.954437,0.953588,0.958655,0.958715,0.958605,0.959632,0.956140,0.956544
allando_v_sin_a2_f1_v105,0.894918,0.989145,1.000000,0.975506,0.986293,0.984099,0.983323,0.983442,0.983543,0.983291,0.907656,0.914373,0.919500,0.922652,0.926995,0.932475,0.939686,0.858233,0.939396,0.938491,0.940540,0.945516,0.948872,0.958170,0.972447,0.978131,0.981673,0.985072,0.890993,0.968817,0.969013,0.964197,0.966721,0.966469,0.965098,0.964161,0.963339,0.965457,0.907311,0.915319,0.921860,0.922059,0.926373,0.931540,0.934762,0.854754,0.936188,0.940106,0.939301,0.943823,0.948048,0.949307,0.943860,0.960422,0.971072,0.973075,0.897753,0.958365,0.961369,0.958898,0.964601,0.965708,0.966949,0.966692,0.969128,0.969636,0.915391,0.918234,0.925983,0.923109,0.928113,0.931681,0.935577,0.863061,0.935024,0.935344,0.936327,0.935774,0.946672,0.950715,0.950746,0.950998,0.953127,0.956218,0.906223,0.952558,0.954931,0.954917,0.956886,0.952498,0.955021,0.954372,0.955285,0.954928,0.917340,0.921748,0.929298,0.930825,0.930403,0.936874,0.935267,0.867793,0.934377,0.929592,0.934037,0.932998,0.938264,0.945329,0.940116,0.946317,0.949514,0.950876,0.930756,0.963613,0.963281,0.964362,0.964072,0.962080,0.965326,0.963087,0.962727,0.962006,0.938596,0.939110,0.946917,0.949662,0.951543,0.952567,0.956458,0.892756,0.957966,0.958421,0.956819,0.958811,0.957930,0.959053,0.960488,0.963255,0.961738,0.961748,0.935154,0.965111,0.967395,0.965603,0.966317,0.965855,0.965366,0.964936,0.967459,0.967720,0.940597,0.942373,0.949106,0.952312,0.950107,0.952669,0.952458,0.897451,0.951723,0.958886,0.957735,0.958748,0.961778,0.963098,0.963422,0.964333,0.963977,0.966679,0.944428,0.952890,0.952227,0.954134,0.958854,0.957302,0.957466,0.956225,0.955382,0.955661,0.947484,0.951299,0.950129,0.954901,0.956355,0.953759,0.955758,0.903058,0.958662,0.958026,0.958808,0.956927,0.962640,0.961904,0.955965,0.959570,0.956386,0.954751,0.943182,0.948999,0.952723,0.950769,0.953551,0.949293,0.955990,0.954859,0.952758,0.953106,0.948226,0.952765,0.953492,0.951511,0.953013,0.953271,0.955322,0.906716,0.954736,0.955841,0.954603,0.953851,0.957844,0.956924,0.955844,0.958472,0.955552,0.954914
allando_v_sin_a2_f1_v110,0.893798,0.974738,0.975506,1.000000,0.979383,0.978955,0.979080,0.978679,0.978925,0.978495,0.906088,0.914241,0.918387,0.921245,0.924943,0.929890,0.936239,0.855278,0.937100,0.937600,0.939064,0.942577,0.946495,0.957781,0.972301,0.978289,0.974058,0.975459,0.889273,0.970991,0.970018,0.966726,0.966757,0.966710,0.966228,0.966447,0.965277,0.967685,0.904875,0.914636,0.918610,0.919878,0.923396,0.929370,0.935712,0.851944,0.934507,0.936548,0.939794,0.939967,0.944817,0.945052,0.940399,0.960599,0.971432,0.974172,0.895995,0.956599,0.960460,0.958165,0.965090,0.966239,0.964597,0.967752,0.968111,0.967891,0.912837,0.916083,0.923015,0.921024,0.925897,0.932247,0.933898,0.859922,0.932350,0.931811,0.934479,0.932987,0.943786,0.948187,0.947802,0.946516,0.949680,0.953962,0.906823,0.951734,0.952458,0.953360,0.954706,0.950830,0.953726,0.952294,0.955933,0.954089,0.915829,0.921419,0.927267,0.927110,0.928390,0.934059,0.933940,0.865120,0.934345,0.930559,0.933171,0.931608,0.937868,0.944023,0.940118,0.944828,0.947435,0.948882,0.930355,0.963698,0.965187,0.964869,0.963675,0.962976,0.966687,0.964971,0.964252,0.963605,0.936850,0.939744,0.946335,0.949361,0.951292,0.952554,0.955947,0.889601,0.958009,0.959037,0.957328,0.958266,0.958607,0.963334,0.961541,0.963525,0.961124,0.963243,0.936168,0.966536,0.966799,0.968127,0.966627,0.966075,0.967978,0.966273,0.968677,0.966211,0.939334,0.941549,0.947694,0.951191,0.950039,0.952771,0.952511,0.894476,0.953751,0.957321,0.957455,0.956873,0.961120,0.962186,0.964626,0.963969,0.965556,0.966321,0.939865,0.949596,0.952690,0.954130,0.957737,0.954079,0.956417,0.955254,0.953785,0.953922,0.945264,0.946917,0.949762,0.950345,0.956670,0.955066,0.953469,0.900054,0.954027,0.957905,0.954759,0.954806,0.960604,0.964502,0.956132,0.958314,0.954732,0.953051,0.942224,0.946916,0.952797,0.950400,0.952440,0.948814,0.953955,0.954481,0.951327,0.952008,0.946737,0.949298,0.950373,0.950555,0.952889,0.951946,0.954350,0.905479,0.953849,0.955957,0.953459,0.952594,0.956602,0.957572,0.956425,0.955745,0.952944,0.952836
allando_v_sin_a2_f1_v115,0.893395,0.984832,0.986293,0.979383,1.000000,0.991301,0.990625,0.990870,0.991315,0.990381,0.906140,0.912711,0.918051,0.920826,0.925165,0.930919,0.937225,0.855078,0.937053,0.937081,0.938588,0.943667,0.947197,0.958847,0.974547,0.978619,0.981606,0.983836,0.888309,0.969821,0.970849,0.965945,0.967041,0.967580,0.966809,0.965483,0.965996,0.965005,0.904572,0.913102,0.919636,0.919508,0.923987,0.929862,0.932806,0.851165,0.934392,0.935667,0.938273,0.944047,0.944312,0.948214,0.943419,0.960828,0.972756,0.974401,0.896205,0.959398,0.961601,0.957771,0.967019,0.966455,0.967713,0.967617,0.968514,0.969920,0.913919,0.916316,0.920757,0.922518,0.926705,0.929487,0.932903,0.860358,0.931603,0.933351,0.935461,0.934815,0.942061,0.951472,0.951928,0.948572,0.954223,0.954759,0.904831,0.953653,0.952950,0.956178,0.956547,0.953513,0.955099,0.952932,0.954602,0.955392,0.915333,0.918950,0.927397,0.926969,0.928028,0.935402,0.933536,0.864638,0.931763,0.928652,0.933236,0.931604,0.939322,0.945237,0.941452,0.945721,0.949227,0.950049,0.929820,0.964589,0.966446,0.965446,0.963953,0.964435,0.967384,0.965269,0.964774,0.964656,0.937647,0.938509,0.946496,0.949638,0.951656,0.952900,0.957560,0.889739,0.958493,0.959188,0.958070,0.959926,0.958734,0.960858,0.962236,0.964373,0.962612,0.962878,0.935111,0.966904,0.968872,0.968251,0.967717,0.966630,0.967499,0.965952,0.970087,0.968506,0.939857,0.942916,0.949047,0.950463,0.950225,0.952473,0.952261,0.895075,0.954052,0.960138,0.959964,0.959229,0.963045,0.965214,0.964197,0.966300,0.966301,0.967017,0.940773,0.952618,0.953889,0.958209,0.959352,0.958213,0.958069,0.958931,0.954818,0.954041,0.946114,0.951757,0.949155,0.954339,0.956740,0.956135,0.955888,0.900462,0.957315,0.958470,0.958056,0.957211,0.960227,0.959651,0.958080,0.959937,0.957111,0.954297,0.942746,0.950789,0.954602,0.953603,0.955327,0.951701,0.956838,0.956159,0.953805,0.954071,0.946734,0.951988,0.953933,0.950154,0.952323,0.952504,0.954931,0.905099,0.954124,0.955773,0.955054,0.955368,0.957507,0.957710,0.958077,0.958970,0.956172,0.955977
allando_v_sin_a2_f1_v120,0.892783,0.982860,0.984099,0.978955,0.991301,1.000000,0.993266,0.992748,0.992970,0.993566,0.905833,0.912970,0.917781,0.919492,0.924319,0.929866,0.937308,0.854197,0.936566,0.936774,0.937429,0.942384,0.946401,0.956951,0.973315,0.977306,0.979603,0.981261,0.888278,0.969370,0.969916,0.965681,0.965959,0.966973,0.966579,0.965235,0.965149,0.964480,0.904589,0.913780,0.919443,0.918902,0.923358,0.929188,0.933250,0.850927,0.931867,0.936266,0.937685,0.938787,0.943726,0.946591,0.940362,0.960259,0.971991,0.973719,0.895922,0.958123,0.960999,0.958723,0.966449,0.966331,0.967296,0.967517,0.969043,0.968800,0.913304,0.916259,0.921060,0.920393,0.925520,0.928439,0.932968,0.859574,0.930031,0.932020,0.934492,0.931225,0.942282,0.947719,0.951668,0.947777,0.950960,0.956079,0.905177,0.952444,0.952808,0.954172,0.956008,0.953970,0.954601,0.953878,0.954565,0.955874,0.915247,0.918888,0.926795,0.925832,0.926827,0.931935,0.932711,0.864818,0.931389,0.927668,0.931657,0.929852,0.936752,0.943058,0.943843,0.944341,0.948126,0.949479,0.929284,0.964239,0.964385,0.964921,0.964852,0.964556,0.966572,0.965027,0.964641,0.963843,0.936825,0.937774,0.945334,0.948334,0.949930,0.950834,0.956028,0.888543,0.957347,0.958423,0.957319,0.959087,0.957603,0.959143,0.961110,0.962890,0.962994,0.962264,0.933092,0.966484,0.965607,0.967732,0.967411,0.966897,0.967237,0.964823,0.968541,0.968460,0.939357,0.940656,0.947517,0.950764,0.948874,0.952035,0.951110,0.893704,0.953406,0.956981,0.959165,0.959030,0.961660,0.963449,0.963851,0.963834,0.966429,0.968042,0.939237,0.950210,0.952218,0.956631,0.959858,0.957779,0.957982,0.957325,0.954009,0.953482,0.945336,0.950831,0.949375,0.953250,0.955774,0.954617,0.954649,0.899153,0.956713,0.957828,0.956471,0.956538,0.959758,0.959427,0.956141,0.956335,0.956481,0.956260,0.942382,0.950288,0.953809,0.952656,0.954294,0.951036,0.957480,0.955566,0.953923,0.953381,0.945336,0.950593,0.950930,0.949442,0.951613,0.951576,0.953687,0.904006,0.953672,0.954754,0.955311,0.954876,0.957045,0.956458,0.956016,0.957917,0.955116,0.955128
allando_v_sin_a2_f1_v125,0.891636,0.982513,0.983323,0.979080,0.990625,0.993266,1.000000,0.995482,0.994839,0.993164,0.904758,0.911899,0.916567,0.918659,0.923699,0.928952,0.936630,0.853208,0.936115,0.935893,0.936984,0.942279,0.945984,0.956630,0.971830,0.976180,0.979724,0.981266,0.887550,0.969207,0.969242,0.964664,0.965558,0.966376,0.965871,0.964930,0.964500,0.964583,0.903845,0.913290,0.919131,0.918551,0.922989,0.928796,0.932708,0.850355,0.931458,0.934608,0.933721,0.940763,0.945772,0.946391,0.941817,0.959230,0.971534,0.973639,0.894674,0.957206,0.960130,0.957810,0.965377,0.965532,0.967287,0.966844,0.967866,0.969020,0.912420,0.915617,0.920286,0.920714,0.924530,0.927823,0.933147,0.858718,0.929177,0.930857,0.932190,0.930288,0.940822,0.948872,0.950118,0.946985,0.950246,0.953886,0.903832,0.950465,0.952160,0.954352,0.956093,0.953687,0.956813,0.953317,0.953285,0.953253,0.914083,0.917658,0.923547,0.924879,0.925951,0.932178,0.932441,0.863780,0.930163,0.926492,0.930475,0.929068,0.936006,0.941271,0.942157,0.943632,0.947520,0.948804,0.928302,0.963691,0.964455,0.964905,0.962769,0.961854,0.966207,0.964600,0.963965,0.963454,0.936393,0.937324,0.945061,0.948032,0.950312,0.950823,0.955180,0.888148,0.956838,0.957857,0.956840,0.958834,0.957866,0.959557,0.960297,0.963081,0.961992,0.963017,0.932915,0.966044,0.965510,0.967054,0.967376,0.965845,0.965803,0.965687,0.968425,0.968819,0.938993,0.940539,0.945775,0.950131,0.948240,0.949481,0.949269,0.893877,0.950676,0.954496,0.957198,0.956383,0.961698,0.964256,0.963226,0.964214,0.965848,0.965951,0.939634,0.951182,0.951476,0.956460,0.958055,0.957538,0.957539,0.957248,0.954109,0.954872,0.946985,0.947118,0.948401,0.952540,0.955708,0.954728,0.953861,0.898448,0.956632,0.957560,0.957294,0.956147,0.961038,0.958306,0.956010,0.958597,0.954378,0.954180,0.941381,0.950503,0.953203,0.951912,0.954389,0.950161,0.957420,0.955486,0.953018,0.952855,0.946361,0.951421,0.951586,0.949614,0.951766,0.950703,0.953363,0.903806,0.953111,0.954795,0.955221,0.953753,0.956454,0.955892,0.956277,0.958018,0.954552,0.954309
allando_v_sin_a2_f1_v130,0.891524,0.982825,0.983442,0.978679,0.990870,0.992748,0.995482,1.000000,0.995121,0.993472,0.904233,0.911969,0.916667,0.918756,0.923543,0.928483,0.936085,0.853200,0.935573,0.935630,0.936910,0.942017,0.946062,0.957071,0.971519,0.975880,0.979490,0.980941,0.887197,0.969330,0.969358,0.964834,0.966309,0.966612,0.966299,0.965532,0.965213,0.964760,0.903410,0.913384,0.919050,0.918645,0.923234,0.928740,0.932802,0.850325,0.931551,0.931202,0.933891,0.938048,0.943050,0.946363,0.941715,0.959401,0.969190,0.973484,0.894496,0.955386,0.960843,0.956634,0.965870,0.965373,0.967295,0.967713,0.967681,0.968532,0.912006,0.915779,0.920395,0.919772,0.924876,0.927683,0.932229,0.859059,0.929126,0.930247,0.933740,0.932093,0.940773,0.950491,0.952180,0.946776,0.950249,0.953918,0.903519,0.951027,0.951871,0.954149,0.956451,0.952419,0.953769,0.951927,0.953910,0.954937,0.913717,0.918051,0.923551,0.924962,0.926063,0.931238,0.932481,0.863840,0.930127,0.926373,0.930415,0.928847,0.935678,0.942031,0.941977,0.943421,0.947559,0.949005,0.928068,0.963385,0.965023,0.965711,0.963311,0.962439,0.965796,0.964816,0.963780,0.963704,0.936272,0.937639,0.945317,0.948405,0.951327,0.951224,0.956143,0.888220,0.957006,0.957962,0.957291,0.960842,0.957875,0.960468,0.960915,0.964264,0.961913,0.961894,0.932928,0.965174,0.965617,0.967411,0.967503,0.965778,0.965601,0.965915,0.968699,0.968822,0.939161,0.941111,0.947109,0.950580,0.948667,0.949650,0.949718,0.894017,0.952399,0.956039,0.959176,0.957832,0.961881,0.963828,0.963411,0.964642,0.964695,0.965836,0.938762,0.950621,0.951759,0.956369,0.958069,0.956615,0.957981,0.957223,0.953820,0.953157,0.946894,0.946764,0.949090,0.953675,0.956014,0.954700,0.954582,0.898899,0.957335,0.957586,0.956262,0.956181,0.960001,0.958673,0.955901,0.958031,0.954553,0.953305,0.942136,0.949644,0.953114,0.951896,0.953657,0.949966,0.957204,0.956767,0.953491,0.953357,0.945577,0.950583,0.951592,0.949961,0.951869,0.950796,0.952888,0.903389,0.953004,0.955000,0.954816,0.952969,0.956464,0.956654,0.956220,0.957912,0.955013,0.953984
allando_v_sin_a2_f1_v135,0.891853,0.983039,0.983543,0.978925,0.991315,0.992970,0.994839,0.995121,1.000000,0.995511,0.904417,0.911900,0.916893,0.918883,0.924043,0.928982,0.936684,0.853355,0.935896,0.935540,0.936538,0.942049,0.946267,0.957552,0.971987,0.976723,0.980396,0.981768,0.887118,0.969365,0.969600,0.964953,0.966214,0.967257,0.967107,0.966065,0.965573,0.965846,0.903049,0.912955,0.919000,0.918709,0.923203,0.928804,0.932736,0.850148,0.931509,0.933403,0.935759,0.939917,0.945659,0.946444,0.941841,0.958681,0.971719,0.973744,0.894660,0.957873,0.960106,0.958302,0.966495,0.966184,0.967461,0.967850,0.968858,0.969219,0.912302,0.915810,0.920667,0.919891,0.925081,0.927989,0.932377,0.858969,0.929555,0.930028,0.932574,0.932582,0.940931,0.948920,0.951477,0.947161,0.949820,0.953727,0.903495,0.950538,0.951844,0.955325,0.954640,0.952736,0.954083,0.953374,0.953413,0.955777,0.913864,0.918266,0.923958,0.925457,0.928582,0.931198,0.931751,0.863394,0.931266,0.926349,0.930397,0.929195,0.936036,0.942987,0.942029,0.943684,0.947630,0.949059,0.928463,0.965331,0.966164,0.965815,0.964579,0.963326,0.966235,0.965475,0.964253,0.964108,0.936682,0.937911,0.945808,0.948692,0.950785,0.951625,0.956610,0.888365,0.957428,0.958504,0.957501,0.959463,0.958377,0.958926,0.961517,0.964141,0.962701,0.962919,0.933565,0.965512,0.968486,0.968562,0.968142,0.966552,0.967715,0.965919,0.969743,0.969395,0.938954,0.942764,0.948329,0.950552,0.949647,0.951596,0.951671,0.893793,0.954141,0.958279,0.959616,0.958418,0.962672,0.964347,0.963340,0.965256,0.965905,0.968025,0.938787,0.951363,0.952247,0.957477,0.959120,0.959276,0.958321,0.957566,0.955243,0.954037,0.944598,0.947128,0.949054,0.954343,0.956024,0.955545,0.954656,0.898752,0.957515,0.957915,0.957504,0.956458,0.959746,0.958880,0.956300,0.959076,0.952777,0.952056,0.941284,0.951176,0.953916,0.952711,0.954970,0.950678,0.957744,0.956104,0.953909,0.953848,0.946508,0.951029,0.952545,0.949482,0.951765,0.951300,0.954001,0.903332,0.953366,0.955123,0.955026,0.954781,0.956711,0.955879,0.956487,0.958232,0.954805,0.953890
allando_v_sin_a2_f1_v140,0.891193,0.982029,0.983291,0.978495,0.990381,0.993566,0.993164,0.993472,0.995511,1.000000,0.903348,0.911276,0.916395,0.918776,0.923636,0.929281,0.936507,0.853030,0.935927,0.935392,0.936883,0.941454,0.945498,0.957298,0.972434,0.976303,0.979389,0.981416,0.886899,0.968288,0.969733,0.964775,0.966103,0.966266,0.966402,0.965568,0.966126,0.964876,0.902499,0.912774,0.918434,0.918277,0.922803,0.928478,0.932398,0.849761,0.931317,0.933332,0.935590,0.937628,0.942727,0.946348,0.941904,0.958344,0.971565,0.973383,0.894438,0.958649,0.960512,0.958300,0.965791,0.965148,0.967446,0.967260,0.968403,0.969961,0.911810,0.915654,0.920510,0.920018,0.925108,0.927739,0.932137,0.858867,0.929400,0.930026,0.933756,0.932411,0.940626,0.948799,0.950649,0.950520,0.950626,0.953177,0.902987,0.952404,0.951667,0.954610,0.954934,0.951533,0.953594,0.952674,0.953968,0.955622,0.913046,0.918264,0.925870,0.925127,0.926084,0.931038,0.932610,0.862738,0.931395,0.926384,0.930113,0.928763,0.935533,0.942497,0.942026,0.943407,0.947467,0.948588,0.928780,0.963813,0.966122,0.964843,0.965852,0.963220,0.966813,0.965012,0.963704,0.964143,0.935749,0.937625,0.945138,0.948417,0.950060,0.951332,0.955467,0.887880,0.957541,0.958546,0.957393,0.959216,0.957777,0.959628,0.961625,0.962568,0.962279,0.962941,0.932664,0.965818,0.968279,0.967900,0.967925,0.966806,0.965748,0.966112,0.968793,0.968799,0.938446,0.940729,0.946437,0.949685,0.949771,0.951778,0.951199,0.893620,0.954931,0.957762,0.959777,0.958194,0.962036,0.964258,0.963734,0.966076,0.965257,0.967960,0.938930,0.951445,0.952033,0.956932,0.958262,0.957127,0.958162,0.957045,0.954100,0.957429,0.942923,0.947221,0.949392,0.953244,0.956257,0.952464,0.951899,0.899028,0.956831,0.956559,0.956438,0.956859,0.960122,0.958744,0.955944,0.956922,0.952375,0.954882,0.941239,0.950181,0.953998,0.952312,0.953826,0.950424,0.957473,0.956148,0.953893,0.953965,0.946379,0.951204,0.951082,0.950738,0.952638,0.951969,0.954091,0.903245,0.953405,0.955201,0.954811,0.954726,0.956393,0.956112,0.956197,0.957986,0.954968,0.954768
allando_v_sin_a2_f1_v15,0.973945,0.907677,0.907656,0.906088,0.906140,0.905833,0.904758,0.904233,0.904417,0.903348,1.000000,0.976989,0.970252,0.960097,0.955302,0.950631,0.949798,0.937050,0.942944,0.940864,0.931027,0.930610,0.931546,0.924334,0.911795,0.909219,0.907701,0.908881,0.957125,0.897032,0.899957,0.898416,0.899139,0.898473,0.898837,0.896865,0.896905,0.898092,0.974644,0.955392,0.951939,0.941174,0.938910,0.938117,0.935281,0.923905,0.930245,0.926158,0.921176,0.915470,0.917544,0.915457,0.905135,0.906832,0.901411,0.900836,0.960021,0.908528,0.909499,0.909710,0.902553,0.900326,0.901275,0.901280,0.898624,0.899561,0.968113,0.951927,0.946941,0.937217,0.937527,0.935845,0.935364,0.933519,0.925969,0.925458,0.919060,0.912748,0.917269,0.915763,0.913774,0.905444,0.909054,0.909954,0.955503,0.912028,0.909098,0.915426,0.912907,0.915379,0.911282,0.918442,0.918883,0.909240,0.966407,0.949869,0.944110,0.940432,0.935436,0.933180,0.929489,0.941280,0.927141,0.925103,0.919653,0.915402,0.914646,0.919111,0.910450,0.911596,0.911045,0.913574,0.941191,0.904762,0.905301,0.903715,0.904645,0.903789,0.903162,0.902666,0.902959,0.902300,0.948791,0.933812,0.928521,0.923454,0.918845,0.916218,0.913685,0.924077,0.912423,0.910461,0.906377,0.903634,0.903833,0.904700,0.906719,0.906912,0.906196,0.905708,0.929987,0.896343,0.895562,0.894935,0.893868,0.896190,0.893921,0.892066,0.895449,0.891589,0.930733,0.920364,0.916505,0.913467,0.909024,0.908519,0.906516,0.913184,0.905309,0.905008,0.901590,0.899762,0.896157,0.896917,0.896057,0.895021,0.896836,0.895540,0.929895,0.884454,0.885363,0.888329,0.887211,0.887931,0.889786,0.889569,0.887619,0.886183,0.927723,0.925195,0.915260,0.914024,0.914396,0.911828,0.908794,0.912938,0.907028,0.907241,0.902617,0.900318,0.902967,0.900212,0.895451,0.893864,0.888796,0.889174,0.932343,0.887729,0.893158,0.889810,0.890349,0.886394,0.890941,0.891244,0.889242,0.887946,0.918745,0.916504,0.916738,0.909616,0.909558,0.906305,0.905807,0.914195,0.908224,0.905625,0.904524,0.900692,0.907340,0.899675,0.898744,0.899315,0.894558,0.894042
allando_v_sin_a2_f1_v20,0.964020,0.914734,0.914373,0.914241,0.912711,0.912970,0.911899,0.911969,0.911900,0.911276,0.976989,1.000000,0.975889,0.966792,0.960810,0.955594,0.955830,0.926860,0.946593,0.948334,0.939756,0.934909,0.935175,0.929168,0.917758,0.915812,0.914354,0.915614,0.951685,0.903631,0.907456,0.907914,0.908724,0.908456,0.908193,0.907120,0.906916,0.906615,0.962604,0.975713,0.957400,0.951931,0.947517,0.945040,0.945207,0.915698,0.935425,0.935302,0.930641,0.922219,0.922342,0.921480,0.913694,0.915839,0.909064,0.908207,0.955266,0.917525,0.916689,0.919484,0.912263,0.908729,0.908232,0.909005,0.910144,0.908549,0.960612,0.976040,0.952691,0.945861,0.947802,0.942535,0.944822,0.927549,0.932505,0.932530,0.930582,0.916536,0.923690,0.921607,0.924248,0.915387,0.917130,0.919457,0.956043,0.920473,0.918165,0.922803,0.924148,0.921795,0.921740,0.921770,0.921529,0.921204,0.959476,0.970268,0.951724,0.942708,0.942336,0.939303,0.937769,0.930111,0.937603,0.932816,0.929814,0.917821,0.919154,0.926500,0.920687,0.921191,0.919370,0.921944,0.942021,0.912664,0.913372,0.912086,0.914928,0.913342,0.911669,0.912162,0.913379,0.912732,0.947377,0.945468,0.937780,0.930872,0.926685,0.925454,0.921996,0.922362,0.920958,0.919404,0.914740,0.912859,0.913197,0.914067,0.915459,0.916271,0.915783,0.915232,0.931398,0.905042,0.903962,0.904715,0.903387,0.905959,0.904829,0.902115,0.904555,0.901636,0.934650,0.931676,0.927141,0.922175,0.917874,0.917721,0.915308,0.913361,0.915108,0.914440,0.911005,0.908603,0.904849,0.905465,0.904955,0.903541,0.904666,0.904361,0.934208,0.893722,0.894852,0.897100,0.895773,0.897453,0.899337,0.899163,0.896783,0.896001,0.934535,0.929834,0.928198,0.927588,0.922641,0.920541,0.916910,0.917553,0.916149,0.916412,0.911752,0.910093,0.911510,0.909351,0.899804,0.899702,0.899084,0.898149,0.938452,0.895594,0.901891,0.897018,0.899045,0.895328,0.899964,0.899675,0.898597,0.897205,0.923791,0.923703,0.923281,0.922678,0.917310,0.915156,0.914641,0.918012,0.916096,0.915015,0.912499,0.910483,0.914964,0.910321,0.903385,0.904910,0.905029,0.901775
allando_v_sin_a2_f1_v25,0.960426,0.920228,0.919500,0.918387,0.918051,0.917781,0.916567,0.916667,0.916893,0.916395,0.970252,0.975889,1.000000,0.982997,0.974752,0.967704,0.965208,0.925674,0.959028,0.953567,0.944741,0.942951,0.943253,0.936263,0.923851,0.921030,0.919761,0.920541,0.949233,0.908744,0.912068,0.914079,0.912219,0.914432,0.911577,0.912989,0.912637,0.910390,0.956710,0.963041,0.978468,0.969820,0.961745,0.957510,0.952566,0.912580,0.945489,0.939776,0.934468,0.927919,0.929529,0.928060,0.920009,0.918583,0.914414,0.913173,0.952518,0.922267,0.921970,0.920620,0.914794,0.914333,0.912141,0.916569,0.913270,0.912248,0.959152,0.961012,0.975039,0.964413,0.959533,0.955955,0.953886,0.924784,0.944791,0.938790,0.933459,0.923714,0.929473,0.929297,0.928874,0.920987,0.924347,0.924811,0.958839,0.925681,0.923448,0.931804,0.927633,0.924449,0.921390,0.924930,0.922834,0.918810,0.963130,0.959531,0.968991,0.963510,0.955998,0.953094,0.949282,0.928877,0.948908,0.938949,0.936037,0.927035,0.927415,0.934000,0.929183,0.927413,0.926600,0.930868,0.947365,0.921798,0.922034,0.920738,0.922780,0.921505,0.919917,0.919614,0.921139,0.920003,0.950430,0.943664,0.947966,0.946560,0.941087,0.936709,0.932430,0.927157,0.930388,0.928090,0.924158,0.921654,0.921596,0.921957,0.923791,0.924195,0.923526,0.923098,0.934994,0.910961,0.909470,0.910396,0.909122,0.912352,0.909933,0.907242,0.910087,0.906564,0.935177,0.928590,0.931698,0.932738,0.930319,0.927408,0.922503,0.916483,0.921264,0.921079,0.918437,0.915795,0.911625,0.911275,0.909757,0.909887,0.911084,0.909728,0.937605,0.897363,0.898546,0.900452,0.899928,0.900818,0.902252,0.900747,0.899787,0.896841,0.940306,0.931461,0.924673,0.930491,0.937026,0.935847,0.925255,0.921367,0.927424,0.928040,0.921392,0.917308,0.918303,0.911356,0.906684,0.906482,0.904217,0.904813,0.942598,0.901629,0.905606,0.904436,0.903626,0.900216,0.904441,0.904809,0.900552,0.901088,0.931159,0.926176,0.922830,0.919165,0.931236,0.930889,0.926245,0.923996,0.927170,0.923787,0.920710,0.919876,0.921892,0.912070,0.909967,0.912089,0.908661,0.907153
allando_v_sin_a2_f1_v30,0.956255,0.923398,0.922652,0.921245,0.920826,0.919492,0.918659,0.918756,0.918883,0.918776,0.960097,0.966792,0.982997,1.000000,0.984199,0.976975,0.969555,0.916596,0.963720,0.958091,0.947738,0.947034,0.947573,0.941229,0.927881,0.925040,0.923365,0.924341,0.945789,0.912541,0.915838,0.916731,0.916151,0.916779,0.914303,0.913024,0.912835,0.910885,0.951967,0.957291,0.974825,0.978726,0.968929,0.961345,0.953440,0.904726,0.950404,0.945324,0.936401,0.933584,0.934063,0.934381,0.929412,0.926646,0.919977,0.917410,0.951027,0.927043,0.925397,0.924181,0.919871,0.917782,0.916768,0.919643,0.915804,0.915277,0.953142,0.961328,0.970161,0.971612,0.966069,0.958784,0.956929,0.917334,0.946097,0.943864,0.935403,0.928450,0.934711,0.936356,0.939113,0.929357,0.927929,0.930352,0.960084,0.932655,0.929588,0.934694,0.935338,0.926315,0.926939,0.927358,0.926214,0.923220,0.961502,0.961187,0.969783,0.968609,0.963892,0.960849,0.951033,0.923417,0.951611,0.943852,0.936785,0.931268,0.933594,0.942629,0.937225,0.938209,0.933536,0.935007,0.951316,0.928438,0.929229,0.927569,0.929414,0.928611,0.926863,0.926804,0.927632,0.927326,0.951219,0.948094,0.952457,0.951947,0.948269,0.945638,0.940750,0.926809,0.938948,0.935829,0.929912,0.928139,0.927911,0.928918,0.931212,0.930877,0.930334,0.930561,0.940183,0.917429,0.915731,0.916139,0.915428,0.917612,0.916200,0.913880,0.915760,0.912728,0.939316,0.934026,0.938329,0.939221,0.937525,0.938076,0.933021,0.920012,0.930228,0.929292,0.925724,0.922435,0.919623,0.918648,0.916858,0.916394,0.916975,0.915438,0.940021,0.904011,0.902658,0.905151,0.904695,0.905257,0.907360,0.905807,0.903067,0.902159,0.942186,0.935551,0.933032,0.936380,0.941832,0.940833,0.935284,0.921502,0.935299,0.934305,0.930138,0.923011,0.924016,0.918383,0.915084,0.912758,0.915914,0.912439,0.945728,0.906551,0.909702,0.908820,0.907790,0.904136,0.907516,0.911064,0.905893,0.905019,0.937084,0.932587,0.930156,0.925600,0.939575,0.937938,0.936048,0.927129,0.937270,0.933598,0.928996,0.926402,0.927948,0.922110,0.919950,0.919421,0.919808,0.916788
allando_v_sin_a2_f1_v35,0.945602,0.928344,0.926995,0.924943,0.925165,0.924319,0.923699,0.923543,0.924043,0.923636,0.955302,0.960810,0.974752,0.984199,1.000000,0.985493,0.977486,0.911077,0.972075,0.964951,0.952947,0.952633,0.954158,0.946243,0.932449,0.929835,0.928707,0.929156,0.934440,0.917176,0.919292,0.920782,0.920774,0.918379,0.918614,0.916964,0.916351,0.915492,0.948733,0.952336,0.968126,0.969561,0.977670,0.970080,0.959849,0.899956,0.955139,0.948990,0.939562,0.937535,0.940222,0.938769,0.929951,0.929485,0.923577,0.922992,0.940869,0.933393,0.932436,0.931617,0.928191,0.925143,0.921572,0.925472,0.921227,0.920925,0.951639,0.957887,0.965030,0.960949,0.970455,0.966518,0.960975,0.912529,0.950708,0.945936,0.938042,0.932495,0.939824,0.938442,0.938694,0.929369,0.933672,0.934271,0.950629,0.937768,0.932970,0.937902,0.935328,0.934047,0.932455,0.932085,0.932992,0.931265,0.960021,0.958202,0.967917,0.966189,0.970056,0.966254,0.958834,0.920934,0.956395,0.947581,0.941519,0.937491,0.937791,0.943356,0.934880,0.937162,0.940288,0.941809,0.952438,0.936471,0.936822,0.935100,0.936510,0.936132,0.934027,0.934493,0.935049,0.934089,0.955364,0.954514,0.956319,0.953098,0.950219,0.951206,0.950781,0.925189,0.948153,0.945272,0.938118,0.936043,0.936043,0.936414,0.938456,0.938628,0.938204,0.938385,0.943811,0.923676,0.922387,0.922694,0.921729,0.924295,0.922607,0.921030,0.921982,0.919768,0.942137,0.939936,0.944319,0.940321,0.938213,0.939351,0.941505,0.916740,0.939369,0.937932,0.932110,0.928844,0.925962,0.925328,0.923280,0.923071,0.923502,0.921630,0.944456,0.911246,0.911779,0.913785,0.913528,0.912171,0.914995,0.913479,0.910444,0.909076,0.947710,0.943586,0.936461,0.940812,0.942249,0.943453,0.944947,0.922169,0.947747,0.944510,0.936835,0.929258,0.930013,0.922965,0.921525,0.918748,0.914984,0.914404,0.949010,0.914724,0.917059,0.914733,0.914582,0.909646,0.916984,0.918745,0.913995,0.914503,0.939927,0.941506,0.936529,0.931861,0.940007,0.940771,0.942761,0.926169,0.945426,0.943564,0.937398,0.934155,0.935832,0.923655,0.926227,0.925070,0.920486,0.918649
allando_v_sin_a2_f1_v40,0.943844,0.933575,0.932475,0.929890,0.930919,0.929866,0.928952,0.928483,0.928982,0.929281,0.950631,0.955594,0.967704,0.976975,0.985493,1.000000,0.982894,0.911336,0.978918,0.968608,0.958208,0.958280,0.960466,0.952806,0.938042,0.934675,0.933407,0.934417,0.935092,0.925857,0.928756,0.925880,0.926096,0.923493,0.923240,0.922016,0.921497,0.924302,0.944987,0.950705,0.961473,0.963177,0.974215,0.978420,0.963305,0.901210,0.960710,0.953711,0.944038,0.943806,0.948111,0.945968,0.937736,0.942049,0.934984,0.932417,0.939337,0.939840,0.940799,0.936058,0.934492,0.931380,0.927776,0.931068,0.927029,0.926988,0.950607,0.954693,0.962698,0.963146,0.969698,0.973177,0.965145,0.912357,0.957956,0.951197,0.944255,0.940718,0.947259,0.947297,0.946827,0.936469,0.938747,0.941811,0.949900,0.944094,0.939282,0.942225,0.942349,0.938450,0.936518,0.936724,0.939366,0.938394,0.956611,0.955010,0.965055,0.967477,0.970022,0.973570,0.962666,0.915376,0.962167,0.951243,0.945893,0.946281,0.946446,0.951564,0.944689,0.945054,0.946062,0.945874,0.957557,0.940060,0.941385,0.938701,0.940590,0.939882,0.938225,0.937523,0.938809,0.938206,0.955386,0.956590,0.957161,0.954478,0.951852,0.953957,0.953025,0.926283,0.953871,0.949935,0.943632,0.941127,0.940440,0.941313,0.944512,0.943563,0.942591,0.943032,0.949876,0.929835,0.928389,0.928844,0.928104,0.929988,0.928219,0.926710,0.928200,0.925630,0.946026,0.943628,0.946723,0.942523,0.940977,0.943765,0.945089,0.921859,0.946090,0.943853,0.939294,0.936326,0.932693,0.931435,0.929335,0.929393,0.928988,0.928033,0.951304,0.921808,0.917982,0.920975,0.921163,0.920889,0.921654,0.920155,0.916256,0.915633,0.953609,0.950023,0.942850,0.946606,0.946174,0.948930,0.951188,0.923350,0.954939,0.952904,0.946111,0.936822,0.936780,0.932032,0.929301,0.929800,0.927314,0.923468,0.953550,0.920281,0.923731,0.921832,0.921985,0.916396,0.922948,0.921350,0.919817,0.917966,0.946208,0.945547,0.943194,0.940150,0.943736,0.943627,0.948390,0.926139,0.951028,0.950380,0.944973,0.940662,0.939677,0.933170,0.931658,0.934110,0.931445,0.931351
allando_v_sin_a2_f1_v45,0.940639,0.940675,0.939686,0.936239,0.937225,0.937308,0.936630,0.936085,0.936684,0.936507,0.949798,0.955830,0.965208,0.969555,0.977486,0.982894,1.000000,0.910313,0.986430,0.976936,0.966427,0.964525,0.964741,0.957261,0.943700,0.939741,0.940089,0.941070,0.932005,0.932493,0.933375,0.932014,0.930327,0.929122,0.928919,0.928661,0.926931,0.930385,0.944473,0.952472,0.960493,0.958919,0.968907,0.968950,0.979598,0.900365,0.969446,0.961088,0.951905,0.949383,0.953105,0.949187,0.938395,0.947771,0.937685,0.935907,0.937346,0.946231,0.945118,0.943789,0.942080,0.939492,0.935882,0.937534,0.933904,0.933468,0.954179,0.958647,0.960580,0.958208,0.965421,0.964800,0.975336,0.909902,0.963221,0.956394,0.951343,0.943818,0.952534,0.949989,0.950927,0.941935,0.943521,0.944379,0.949638,0.946662,0.943898,0.947403,0.948577,0.947699,0.946270,0.946650,0.945608,0.945614,0.953456,0.957144,0.965298,0.963746,0.967418,0.965932,0.974422,0.915632,0.966325,0.955341,0.951360,0.948552,0.947876,0.953960,0.951440,0.947468,0.947468,0.950886,0.955050,0.946019,0.946677,0.944562,0.946648,0.946009,0.944228,0.944221,0.945070,0.943554,0.958770,0.958792,0.963049,0.958531,0.955778,0.955142,0.955626,0.923669,0.956332,0.956386,0.952759,0.949437,0.950183,0.949826,0.951161,0.950785,0.949201,0.948797,0.946389,0.935472,0.934024,0.935722,0.933752,0.936576,0.934311,0.931765,0.934869,0.932532,0.950253,0.947178,0.949179,0.947995,0.945130,0.948082,0.948688,0.919447,0.950142,0.950528,0.946839,0.944201,0.938103,0.937804,0.935984,0.935437,0.935401,0.935201,0.951263,0.927311,0.926818,0.928369,0.927714,0.927366,0.928557,0.927912,0.926568,0.925392,0.958845,0.954215,0.947257,0.950705,0.949646,0.951859,0.949236,0.922782,0.958108,0.955591,0.953075,0.946111,0.944766,0.937542,0.934763,0.933669,0.934183,0.931405,0.956016,0.925225,0.929094,0.925330,0.928745,0.921988,0.936716,0.927331,0.930823,0.926634,0.949973,0.949719,0.948929,0.945500,0.947630,0.948024,0.949225,0.928429,0.953730,0.954353,0.953436,0.946735,0.947731,0.938455,0.937522,0.938835,0.939068,0.932580
allando_v_sin_a2_f1_v5,0.945919,0.857407,0.858233,0.855278,0.855078,0.854197,0.853208,0.853200,0.853355,0.853030,0.937050,0.926860,0.925674,0.916596,0.911077,0.911336,0.910313,1.000000,0.902089,0.892075,0.881049,0.879842,0.881621,0.871869,0.862493,0.859112,0.857358,0.857717,0.928188,0.849223,0.855295,0.855911,0.856139,0.855314,0.854555,0.853123,0.854681,0.854115,0.916630,0.909873,0.908344,0.898589,0.895332,0.896046,0.895083,0.987542,0.886850,0.877325,0.871458,0.866413,0.868637,0.864439,0.855916,0.854509,0.853864,0.851621,0.917134,0.853388,0.853732,0.851179,0.848392,0.849955,0.849728,0.851351,0.850960,0.850594,0.909640,0.906394,0.901360,0.894270,0.895496,0.895474,0.895265,0.970730,0.884878,0.877366,0.871536,0.862366,0.870009,0.866942,0.865637,0.856668,0.857984,0.856306,0.911977,0.857236,0.854481,0.858595,0.858222,0.855710,0.852934,0.852648,0.854184,0.850818,0.908308,0.902784,0.899521,0.897608,0.892796,0.889897,0.888733,0.969332,0.884348,0.874029,0.872071,0.865254,0.866800,0.870504,0.867812,0.865567,0.862240,0.863225,0.906838,0.852394,0.853966,0.852232,0.853192,0.852569,0.851733,0.850460,0.851455,0.852579,0.900537,0.888153,0.881581,0.876437,0.869667,0.867124,0.862289,0.944000,0.862529,0.860696,0.857278,0.853381,0.852966,0.854074,0.855813,0.855756,0.854177,0.853785,0.890389,0.845403,0.844001,0.844375,0.842543,0.845131,0.843450,0.841948,0.844441,0.840560,0.886120,0.873691,0.869315,0.864869,0.859933,0.860053,0.856824,0.922840,0.856152,0.856471,0.853693,0.851273,0.846636,0.847010,0.843826,0.845804,0.845838,0.844761,0.890232,0.835442,0.833849,0.836926,0.834719,0.834491,0.835828,0.835685,0.833219,0.831343,0.884394,0.874914,0.868329,0.867133,0.867956,0.863872,0.860029,0.916733,0.861387,0.860961,0.857139,0.854180,0.851209,0.849016,0.841226,0.841665,0.839524,0.840551,0.889162,0.838854,0.841297,0.838068,0.838751,0.834632,0.843935,0.840244,0.838298,0.835952,0.874863,0.871352,0.868773,0.862504,0.862208,0.859645,0.859824,0.913690,0.860968,0.859726,0.857823,0.855567,0.855961,0.850302,0.845107,0.848097,0.846301,0.844976
allando_v_sin_a2_f1_v50,0.932920,0.939920,0.939396,0.937100,0.937053,0.936566,0.936115,0.935573,0.935896,0.935927,0.942944,0.946593,0.959028,0.963720,0.972075,0.978918,0.986430,0.902089,1.000000,0.977643,0.969135,0.969770,0.971350,0.961456,0.945554,0.941489,0.940692,0.940732,0.924294,0.932513,0.933640,0.934381,0.931666,0.930856,0.929300,0.930563,0.931211,0.932172,0.936234,0.943478,0.954691,0.954550,0.964166,0.966749,0.970021,0.891924,0.978180,0.961600,0.951843,0.952412,0.959447,0.953441,0.938019,0.947717,0.939872,0.936266,0.928135,0.944911,0.946844,0.941952,0.941769,0.938884,0.935411,0.937310,0.933329,0.933078,0.945011,0.947648,0.954578,0.952667,0.958592,0.964032,0.965547,0.903162,0.969914,0.957796,0.950974,0.950372,0.957586,0.953688,0.948509,0.938471,0.942047,0.943068,0.939782,0.948905,0.942816,0.948441,0.946061,0.944730,0.942871,0.945356,0.947299,0.943913,0.946000,0.945738,0.957625,0.965951,0.961813,0.965607,0.965426,0.905475,0.965131,0.957733,0.952845,0.954706,0.953516,0.957527,0.948977,0.944776,0.945818,0.947029,0.953451,0.947437,0.948646,0.946247,0.948583,0.947664,0.946062,0.944955,0.946708,0.945364,0.954265,0.956864,0.962806,0.960482,0.957498,0.956722,0.956713,0.919880,0.958288,0.956883,0.954847,0.952193,0.952294,0.952081,0.953321,0.951694,0.950162,0.950290,0.946782,0.937509,0.934625,0.938008,0.935015,0.938320,0.935037,0.933699,0.936024,0.933922,0.945720,0.944630,0.951543,0.950971,0.949671,0.949644,0.948613,0.915520,0.951216,0.951339,0.948085,0.947788,0.939822,0.939207,0.937208,0.937718,0.936174,0.936208,0.952785,0.924160,0.925675,0.928320,0.929347,0.927514,0.929095,0.930066,0.926469,0.925026,0.952888,0.951332,0.945063,0.949418,0.953314,0.952974,0.948993,0.922235,0.954881,0.955949,0.953381,0.947314,0.946790,0.938446,0.941330,0.938918,0.932165,0.933452,0.952391,0.923694,0.928528,0.926024,0.930373,0.923194,0.935232,0.929375,0.929349,0.926340,0.946033,0.950291,0.948639,0.944937,0.949058,0.949498,0.949895,0.923202,0.954962,0.954484,0.953181,0.948469,0.949106,0.939487,0.941589,0.943576,0.933782,0.935544
allando_v_sin_a2_f1_v55,0.928171,0.939401,0.938491,0.937600,0.937081,0.936774,0.935893,0.935630,0.935540,0.935392,0.940864,0.948334,0.953567,0.958091,0.964951,0.968608,0.976936,0.892075,0.977643,1.000000,0.979504,0.971167,0.966468,0.959463,0.944397,0.940474,0.940668,0.940534,0.921757,0.931259,0.933221,0.933326,0.929702,0.931384,0.929440,0.928388,0.926724,0.931163,0.937290,0.942742,0.947137,0.950828,0.956747,0.958092,0.962794,0.883492,0.959598,0.974520,0.965491,0.957308,0.954360,0.950142,0.943136,0.948799,0.944321,0.937027,0.929466,0.947275,0.948038,0.945444,0.943714,0.938861,0.936894,0.938372,0.933887,0.933920,0.944211,0.943084,0.947976,0.946384,0.953021,0.955774,0.957618,0.893905,0.955396,0.968066,0.960071,0.949263,0.950950,0.951415,0.952797,0.941956,0.944095,0.945444,0.935985,0.948436,0.945133,0.948956,0.947478,0.948155,0.945524,0.945211,0.946312,0.944930,0.942700,0.942508,0.951448,0.952426,0.958573,0.957865,0.960583,0.902561,0.961808,0.970252,0.962571,0.950724,0.946941,0.956528,0.943431,0.946808,0.945574,0.948593,0.948781,0.946834,0.946850,0.945548,0.947973,0.946718,0.945543,0.944479,0.946066,0.944340,0.951465,0.951549,0.960283,0.956600,0.956284,0.956232,0.956844,0.915311,0.956265,0.955802,0.951441,0.951283,0.950416,0.950654,0.950485,0.950545,0.949873,0.948880,0.942333,0.936514,0.937621,0.935945,0.934366,0.937453,0.936112,0.933862,0.935947,0.933591,0.945819,0.942410,0.950489,0.949425,0.949268,0.948915,0.949303,0.911728,0.951962,0.948559,0.944485,0.945326,0.939012,0.938694,0.937032,0.936207,0.938655,0.936147,0.947660,0.925316,0.927896,0.930281,0.929671,0.929243,0.930584,0.929766,0.925721,0.927883,0.949681,0.947274,0.943013,0.947704,0.946552,0.949544,0.947644,0.915673,0.949629,0.949077,0.945064,0.946550,0.949949,0.945445,0.937273,0.936685,0.935443,0.932797,0.956468,0.924613,0.935247,0.931034,0.934965,0.925684,0.928372,0.930196,0.927432,0.925871,0.945299,0.949960,0.949104,0.943619,0.948473,0.948305,0.947793,0.919881,0.952479,0.950992,0.948595,0.947722,0.953161,0.946688,0.942822,0.940736,0.940108,0.936360
allando_v_sin_a2_f1_v60,0.917909,0.940368,0.940540,0.939064,0.938588,0.937429,0.936984,0.936910,0.936538,0.936883,0.931027,0.939756,0.944741,0.947738,0.952947,0.958208,0.966427,0.881049,0.969135,0.979504,1.000000,0.978808,0.971400,0.963195,0.945366,0.941286,0.941412,0.941992,0.911968,0.932649,0.933497,0.933060,0.933279,0.933365,0.931523,0.930707,0.929232,0.927543,0.928810,0.934249,0.942323,0.939610,0.945692,0.948368,0.953263,0.872192,0.953171,0.964494,0.978081,0.965159,0.958748,0.953486,0.942878,0.952213,0.941700,0.937899,0.921863,0.948612,0.950247,0.947114,0.945248,0.940410,0.938528,0.939050,0.935157,0.935771,0.935522,0.937155,0.942283,0.940191,0.945478,0.947717,0.949024,0.884762,0.950532,0.961368,0.973430,0.955340,0.954845,0.953097,0.952558,0.946592,0.947547,0.946867,0.928130,0.949401,0.947271,0.949852,0.949010,0.950610,0.949158,0.948879,0.950776,0.948470,0.934894,0.935391,0.941072,0.943283,0.948279,0.952910,0.953193,0.892450,0.958597,0.964026,0.976496,0.955758,0.953503,0.960436,0.946950,0.951809,0.949885,0.955601,0.945024,0.947724,0.948231,0.946949,0.949475,0.947865,0.947115,0.946298,0.946941,0.945510,0.949192,0.949777,0.956554,0.955753,0.955820,0.955198,0.955558,0.912034,0.956023,0.953445,0.953262,0.952566,0.951449,0.952294,0.951740,0.951255,0.950730,0.950126,0.939703,0.938409,0.937679,0.938072,0.936410,0.939750,0.937998,0.935160,0.938206,0.935707,0.942268,0.941382,0.946310,0.949199,0.947437,0.946172,0.945593,0.911353,0.950152,0.947448,0.945859,0.945693,0.940342,0.940196,0.939480,0.938108,0.937283,0.939158,0.946366,0.929361,0.931133,0.933877,0.931214,0.931852,0.933676,0.932334,0.930871,0.931461,0.947333,0.946824,0.945504,0.945379,0.947558,0.947572,0.944575,0.916598,0.947026,0.945604,0.944227,0.945069,0.949935,0.950268,0.940260,0.939548,0.935526,0.936683,0.951718,0.928316,0.939441,0.928584,0.935316,0.928127,0.930889,0.929724,0.930333,0.928765,0.946174,0.948786,0.946923,0.944795,0.946106,0.945076,0.946799,0.919317,0.947333,0.947153,0.945711,0.945609,0.953109,0.952110,0.944257,0.944714,0.937578,0.937105
allando_v_sin_a2_f1_v65,0.919204,0.945595,0.945516,0.942577,0.943667,0.942384,0.942279,0.942017,0.942049,0.941454,0.930610,0.934909,0.942951,0.947034,0.952633,0.958280,0.964525,0.879842,0.969770,0.971167,0.978808,1.000000,0.984903,0.974641,0.950315,0.947477,0.947097,0.947321,0.910265,0.941089,0.938146,0.937434,0.936059,0.935348,0.934614,0.934941,0.934205,0.935409,0.924915,0.929688,0.939611,0.940142,0.945414,0.949480,0.950417,0.869678,0.955969,0.960254,0.965087,0.974428,0.969586,0.966369,0.947439,0.956279,0.946172,0.942483,0.917059,0.956176,0.959048,0.951985,0.950135,0.945498,0.943339,0.942836,0.939709,0.939563,0.933092,0.935171,0.940920,0.940745,0.947044,0.950277,0.951412,0.882570,0.954315,0.958217,0.961104,0.969806,0.965229,0.965362,0.956009,0.949830,0.953523,0.955028,0.925434,0.959328,0.956152,0.957027,0.954635,0.951714,0.951787,0.952179,0.955475,0.952321,0.934280,0.933542,0.941991,0.947191,0.946986,0.954906,0.953101,0.888118,0.955423,0.959378,0.963911,0.969502,0.962141,0.968756,0.951213,0.956560,0.957685,0.958357,0.947513,0.952029,0.952730,0.951170,0.953165,0.952471,0.951059,0.950319,0.951542,0.950320,0.948510,0.951019,0.960231,0.958931,0.959877,0.960267,0.959465,0.913027,0.959746,0.958383,0.957334,0.956236,0.955274,0.955409,0.956443,0.956281,0.955048,0.954528,0.944791,0.942666,0.943434,0.942884,0.940631,0.943233,0.940493,0.938723,0.941952,0.939451,0.942456,0.941673,0.948514,0.951862,0.948360,0.949183,0.949113,0.910586,0.950837,0.950736,0.947848,0.949294,0.944606,0.942866,0.942312,0.941885,0.943808,0.942901,0.951297,0.935904,0.936654,0.939741,0.937600,0.939326,0.939429,0.939466,0.935827,0.933369,0.949523,0.948237,0.945446,0.947624,0.948972,0.950379,0.947398,0.916564,0.949463,0.948580,0.947703,0.946982,0.950431,0.951895,0.952208,0.948393,0.941814,0.941761,0.948341,0.936556,0.943214,0.939325,0.941036,0.938362,0.934994,0.940631,0.932187,0.932572,0.948193,0.950377,0.948178,0.945571,0.948140,0.946425,0.949954,0.919914,0.948787,0.949089,0.947603,0.946210,0.952562,0.951623,0.955862,0.952742,0.942497,0.944570
allando_v_sin_a2_f1_v70,0.921959,0.949994,0.948872,0.946495,0.947197,0.946401,0.945984,0.946062,0.946267,0.945498,0.931546,0.935175,0.943253,0.947573,0.954158,0.960466,0.964741,0.881621,0.971350,0.966468,0.971400,0.984903,1.000000,0.979022,0.954884,0.951541,0.951170,0.950678,0.911375,0.945171,0.944082,0.941931,0.941614,0.941227,0.939854,0.939487,0.938707,0.939081,0.924402,0.930955,0.939753,0.940064,0.947056,0.953586,0.953933,0.871872,0.958824,0.954358,0.960207,0.968354,0.977761,0.972232,0.952473,0.960837,0.951064,0.946828,0.918517,0.958397,0.960618,0.956330,0.954113,0.949596,0.946674,0.949321,0.944782,0.945163,0.933434,0.937142,0.939171,0.941258,0.946669,0.952030,0.953731,0.883581,0.956350,0.952888,0.954605,0.963976,0.971685,0.967231,0.960815,0.952140,0.957468,0.960448,0.929022,0.960840,0.957733,0.960221,0.957179,0.954946,0.955579,0.954787,0.958366,0.954543,0.935683,0.935064,0.942605,0.947627,0.947776,0.957196,0.953942,0.888815,0.953630,0.952844,0.957827,0.968749,0.969693,0.969671,0.957421,0.958988,0.962472,0.962103,0.950861,0.956649,0.957021,0.955334,0.957291,0.955917,0.955009,0.954683,0.955648,0.954698,0.951334,0.954187,0.961834,0.961273,0.961629,0.962185,0.963758,0.914021,0.963699,0.963218,0.961326,0.959193,0.958976,0.959474,0.960741,0.960280,0.959249,0.958162,0.948938,0.948373,0.948424,0.948997,0.945922,0.946797,0.945510,0.945118,0.946689,0.945309,0.946373,0.946921,0.951603,0.955107,0.951318,0.953351,0.952822,0.910806,0.953831,0.954110,0.952563,0.951873,0.947966,0.947164,0.947658,0.946448,0.945730,0.946999,0.955105,0.941836,0.943762,0.946473,0.944337,0.943857,0.943847,0.944324,0.941362,0.939220,0.952422,0.951201,0.948845,0.951918,0.952007,0.953616,0.951029,0.916726,0.954822,0.954443,0.952304,0.951117,0.952660,0.954728,0.958596,0.957709,0.948471,0.947927,0.949751,0.944341,0.945026,0.942503,0.941795,0.936050,0.945115,0.942092,0.938495,0.938989,0.954018,0.955488,0.953844,0.948743,0.950471,0.949376,0.952531,0.920103,0.953560,0.954694,0.954435,0.949914,0.954217,0.952981,0.959824,0.959737,0.947259,0.948718
allando_v_sin_a2_f1_v75,0.915455,0.958484,0.958170,0.957781,0.958847,0.956951,0.956630,0.957071,0.957552,0.957298,0.924334,0.929168,0.936263,0.941229,0.946243,0.952806,0.957261,0.871869,0.961456,0.959463,0.963195,0.974641,0.979022,1.000000,0.965020,0.962100,0.961116,0.960341,0.904926,0.955007,0.953497,0.950732,0.950864,0.950739,0.950329,0.950140,0.949821,0.949414,0.918706,0.925055,0.931395,0.936252,0.940475,0.947396,0.947977,0.863452,0.953453,0.952097,0.952368,0.961406,0.968153,0.972186,0.956470,0.968452,0.959557,0.957091,0.914499,0.963911,0.969208,0.962850,0.966505,0.961050,0.957714,0.957003,0.956929,0.955089,0.926978,0.931120,0.936463,0.936679,0.942913,0.948349,0.949374,0.875453,0.950406,0.951907,0.950758,0.957267,0.963922,0.968941,0.963852,0.958166,0.962098,0.964534,0.921795,0.963238,0.963103,0.964241,0.965399,0.959534,0.961346,0.960218,0.964048,0.961982,0.930368,0.931209,0.938700,0.943568,0.943004,0.951530,0.948229,0.879931,0.948554,0.947641,0.950637,0.959858,0.960072,0.967099,0.954816,0.960518,0.962860,0.963764,0.946633,0.963751,0.964941,0.963638,0.963758,0.962834,0.963563,0.963009,0.963659,0.962644,0.949728,0.952186,0.960288,0.961241,0.963073,0.965072,0.966899,0.905513,0.968504,0.966871,0.965171,0.963942,0.963484,0.964386,0.965677,0.966014,0.964732,0.964370,0.948075,0.958362,0.958233,0.959608,0.957824,0.956622,0.957429,0.954448,0.959552,0.959164,0.947556,0.950824,0.955436,0.958755,0.957816,0.961346,0.958210,0.906177,0.960595,0.962391,0.959061,0.959111,0.958564,0.958883,0.957424,0.955044,0.955124,0.957404,0.954566,0.949195,0.951052,0.954107,0.952470,0.951727,0.953226,0.952069,0.950269,0.948457,0.955344,0.956032,0.953284,0.954991,0.957049,0.956209,0.954339,0.913401,0.957686,0.958087,0.956321,0.956007,0.957250,0.961210,0.962680,0.961701,0.957006,0.956240,0.950485,0.952355,0.955541,0.950863,0.953690,0.947981,0.954286,0.953120,0.948699,0.949185,0.955862,0.959120,0.959181,0.955536,0.958327,0.955475,0.959092,0.916712,0.960117,0.960364,0.959089,0.957184,0.960122,0.961166,0.963735,0.967199,0.956681,0.958164
allando_v_sin_a2_f1_v80,0.899743,0.972809,0.972447,0.972301,0.974547,0.973315,0.971830,0.971519,0.971987,0.972434,0.911795,0.917758,0.923851,0.927881,0.932449,0.938042,0.943700,0.862493,0.945554,0.944397,0.945366,0.950315,0.954884,0.965020,1.000000,0.976717,0.974720,0.973626,0.893268,0.968019,0.968378,0.965965,0.965142,0.965418,0.964966,0.965053,0.964267,0.964951,0.909251,0.916778,0.924641,0.928997,0.931445,0.937161,0.941050,0.857215,0.943822,0.942786,0.944182,0.945938,0.953018,0.954281,0.947852,0.964594,0.972355,0.974346,0.902575,0.962120,0.965194,0.958774,0.966996,0.967565,0.968365,0.967523,0.967404,0.968043,0.919230,0.920667,0.931071,0.931114,0.936314,0.940699,0.943047,0.867037,0.941933,0.941892,0.944247,0.942508,0.955316,0.957393,0.954638,0.952517,0.957995,0.959785,0.911694,0.954556,0.955751,0.957082,0.956465,0.957232,0.957894,0.955457,0.958886,0.958016,0.923152,0.924269,0.933319,0.934847,0.937155,0.944651,0.939507,0.871665,0.940099,0.936580,0.939828,0.940617,0.944484,0.951941,0.945567,0.950039,0.951915,0.951736,0.934227,0.964106,0.964381,0.964104,0.963826,0.962614,0.965054,0.962846,0.962826,0.962195,0.941550,0.941657,0.949822,0.952369,0.954497,0.955756,0.959411,0.894026,0.961117,0.961472,0.960397,0.961160,0.960856,0.961018,0.963672,0.964554,0.962245,0.963505,0.940626,0.967082,0.965377,0.967847,0.966388,0.964613,0.966436,0.965338,0.967642,0.965340,0.943937,0.944030,0.952451,0.955865,0.954996,0.957248,0.958147,0.900350,0.956848,0.960351,0.959899,0.959776,0.963679,0.965308,0.964556,0.965705,0.966981,0.966411,0.949512,0.951311,0.950805,0.954904,0.956135,0.955274,0.956252,0.955655,0.954937,0.954562,0.952013,0.954948,0.953501,0.958311,0.961136,0.959684,0.958145,0.910532,0.959705,0.960648,0.959495,0.958403,0.962544,0.961789,0.962478,0.960371,0.955706,0.954894,0.945469,0.949679,0.952194,0.951485,0.952555,0.948665,0.954096,0.955441,0.952587,0.951863,0.950228,0.954300,0.954468,0.952891,0.957158,0.955835,0.957578,0.910987,0.957439,0.958043,0.958109,0.955424,0.959563,0.958097,0.960916,0.961842,0.956019,0.955485
allando_v_sin_a2_f1_v85,0.897085,0.978280,0.978131,0.978289,0.978619,0.977306,0.976180,0.975880,0.976723,0.976303,0.909219,0.915812,0.921030,0.925040,0.929835,0.934675,0.939741,0.859112,0.941489,0.940474,0.941286,0.947477,0.951541,0.962100,0.976717,1.000000,0.978407,0.978475,0.890324,0.968455,0.969976,0.965969,0.964902,0.965367,0.964321,0.964250,0.964057,0.963846,0.906873,0.915483,0.920488,0.926903,0.930647,0.935177,0.938201,0.854142,0.942521,0.938848,0.941083,0.942918,0.948445,0.951277,0.941570,0.962520,0.969896,0.973215,0.898245,0.960540,0.961921,0.955470,0.964732,0.964716,0.964535,0.964643,0.963860,0.965926,0.916299,0.919695,0.923771,0.922049,0.928681,0.935064,0.935787,0.863897,0.935096,0.934773,0.935816,0.941790,0.950504,0.953653,0.948351,0.945904,0.951485,0.953837,0.907582,0.950407,0.950769,0.954137,0.954843,0.952325,0.953012,0.954180,0.956283,0.955127,0.919008,0.922361,0.928747,0.930180,0.930354,0.940723,0.934211,0.869038,0.937860,0.934916,0.934224,0.936628,0.941082,0.947376,0.941869,0.946228,0.949046,0.949824,0.931715,0.963403,0.963909,0.963395,0.963498,0.962607,0.964020,0.963755,0.962380,0.962369,0.938453,0.940374,0.947155,0.949925,0.953030,0.953283,0.956916,0.892478,0.958060,0.958889,0.957018,0.959505,0.957574,0.958788,0.961038,0.962800,0.960283,0.963286,0.937556,0.967451,0.966533,0.966545,0.964586,0.964722,0.964594,0.963031,0.967334,0.965423,0.940571,0.944447,0.950087,0.952334,0.952387,0.954999,0.952931,0.897139,0.956682,0.960413,0.957541,0.958737,0.961651,0.963046,0.961526,0.965210,0.964238,0.966034,0.944889,0.945802,0.949160,0.950859,0.954079,0.951113,0.953920,0.953405,0.953118,0.953303,0.950070,0.947524,0.949633,0.953673,0.955224,0.954204,0.956431,0.902667,0.957781,0.956953,0.955717,0.955278,0.959405,0.961815,0.959505,0.960341,0.954758,0.950600,0.944681,0.948951,0.948651,0.948319,0.949850,0.946900,0.952711,0.951379,0.949112,0.949955,0.948175,0.953720,0.953612,0.951861,0.955133,0.952153,0.952827,0.910568,0.952877,0.953996,0.953099,0.952770,0.955578,0.956395,0.957951,0.959115,0.954791,0.953558
allando_v_sin_a2_f1_v90,0.895477,0.983395,0.981673,0.974058,0.981606,0.979603,0.979724,0.979490,0.980396,0.979389,0.907701,0.914354,0.919761,0.923365,0.928707,0.933407,0.940089,0.857358,0.940692,0.940668,0.941412,0.947097,0.951170,0.961116,0.974720,0.978407,1.000000,0.985745,0.889718,0.969104,0.969569,0.965891,0.966874,0.967151,0.967227,0.966795,0.965371,0.966152,0.906814,0.914468,0.921736,0.921596,0.927268,0.931718,0.936964,0.853705,0.938869,0.941477,0.941256,0.945917,0.949027,0.950491,0.945385,0.961325,0.971421,0.971725,0.896867,0.959066,0.963591,0.958733,0.966242,0.965871,0.966809,0.966327,0.966572,0.966596,0.914919,0.917659,0.925417,0.922880,0.928537,0.932884,0.936206,0.862125,0.936170,0.936597,0.937909,0.942984,0.954584,0.957142,0.953530,0.950552,0.955013,0.957901,0.906403,0.953233,0.953100,0.955725,0.957319,0.954414,0.956345,0.953075,0.955347,0.954529,0.917705,0.920588,0.929772,0.929265,0.931448,0.936783,0.936866,0.867534,0.933904,0.931407,0.935271,0.934955,0.941235,0.947451,0.940988,0.946900,0.952834,0.953539,0.931391,0.964727,0.965195,0.965637,0.963551,0.963327,0.964193,0.964473,0.963457,0.962658,0.939720,0.940090,0.948502,0.950534,0.953685,0.954288,0.958204,0.892820,0.959582,0.960592,0.958872,0.959057,0.959188,0.959624,0.962135,0.964556,0.964300,0.963222,0.937935,0.965637,0.964888,0.969320,0.966120,0.965725,0.965704,0.965144,0.967273,0.966233,0.941637,0.942657,0.950468,0.952301,0.951535,0.953111,0.954947,0.896680,0.956552,0.961494,0.958892,0.960411,0.963357,0.964253,0.962571,0.966193,0.965864,0.966825,0.945969,0.952234,0.953884,0.954398,0.957270,0.958096,0.957349,0.956167,0.953455,0.955991,0.949986,0.952187,0.954049,0.956843,0.955553,0.954527,0.955761,0.901822,0.957594,0.960629,0.958376,0.961047,0.962257,0.962834,0.959740,0.958077,0.959106,0.954180,0.944353,0.949202,0.953381,0.951007,0.953732,0.949527,0.956517,0.955816,0.951635,0.953245,0.949290,0.953735,0.952302,0.949691,0.953409,0.953726,0.954584,0.907394,0.955593,0.956628,0.956211,0.954630,0.957925,0.957050,0.958018,0.959984,0.956829,0.956553
allando_v_sin_a2_f1_v95,0.896011,0.988310,0.985072,0.975459,0.983836,0.981261,0.981266,0.980941,0.981768,0.981416,0.908881,0.915614,0.920541,0.924341,0.929156,0.934417,0.941070,0.857717,0.940732,0.940534,0.941992,0.947321,0.950678,0.960341,0.973626,0.978475,0.985745,1.000000,0.891177,0.968781,0.969618,0.965014,0.966424,0.966195,0.965650,0.964999,0.964141,0.965550,0.907993,0.916069,0.921229,0.922827,0.927397,0.932794,0.935642,0.853979,0.937166,0.939248,0.941772,0.943275,0.949274,0.950702,0.944079,0.961082,0.971904,0.972814,0.897790,0.961229,0.962501,0.960851,0.964619,0.966879,0.967191,0.965211,0.966960,0.968947,0.915587,0.918602,0.926546,0.923960,0.929291,0.931934,0.938144,0.862176,0.937263,0.934846,0.936755,0.937602,0.951772,0.951768,0.955538,0.948895,0.954069,0.958924,0.907284,0.954292,0.954937,0.956540,0.958047,0.953903,0.955773,0.953646,0.955612,0.955517,0.918616,0.922023,0.929931,0.930395,0.934000,0.937340,0.937364,0.867476,0.935244,0.933279,0.936635,0.934030,0.939465,0.947815,0.942979,0.947942,0.951030,0.952082,0.932765,0.963372,0.965085,0.963955,0.963126,0.963433,0.963799,0.963165,0.962332,0.962140,0.940087,0.940408,0.948267,0.951096,0.952796,0.954375,0.958333,0.893064,0.959992,0.960304,0.958773,0.958517,0.958984,0.960142,0.961976,0.963935,0.963219,0.963403,0.937739,0.966088,0.968698,0.966349,0.965687,0.966006,0.965982,0.964554,0.967650,0.966815,0.941914,0.943258,0.950433,0.952045,0.951006,0.953942,0.955142,0.897769,0.955957,0.959914,0.960484,0.958802,0.963182,0.965012,0.963293,0.964648,0.965654,0.967486,0.942594,0.951421,0.951968,0.954476,0.961552,0.955079,0.955895,0.956768,0.956661,0.956041,0.951087,0.953956,0.953765,0.953874,0.958407,0.958360,0.956342,0.902211,0.958662,0.958741,0.960796,0.961006,0.963820,0.962437,0.956440,0.959055,0.956956,0.955534,0.944865,0.951689,0.955237,0.953530,0.954879,0.948924,0.956199,0.955829,0.953089,0.953255,0.949637,0.954228,0.953871,0.953702,0.955493,0.955146,0.955826,0.908003,0.956575,0.956500,0.957078,0.956029,0.958528,0.958557,0.958493,0.960074,0.957205,0.957111
allando_v_sin_a2_f3_v10,0.976824,0.890456,0.890993,0.889273,0.888309,0.888278,0.887550,0.887197,0.887118,0.886899,0.957125,0.951685,0.949233,0.945789,0.934440,0.935092,0.932005,0.928188,0.924294,0.921757,0.911968,0.910265,0.911375,0.904926,0.893268,0.890324,0.889718,0.891177,1.000000,0.889202,0.892482,0.892334,0.893389,0.892967,0.892646,0.890658,0.890759,0.890082,0.967309,0.957684,0.955259,0.950213,0.942753,0.941018,0.936452,0.940689,0.930057,0.927124,0.919770,0.916014,0.917811,0.916633,0.910396,0.905389,0.896903,0.893103,0.972334,0.897074,0.896391,0.893816,0.888835,0.888090,0.885470,0.887658,0.885866,0.885452,0.947367,0.945571,0.938844,0.935471,0.932185,0.929755,0.928353,0.939642,0.918446,0.919205,0.911200,0.904964,0.910839,0.910789,0.914620,0.906481,0.900993,0.901190,0.968889,0.902542,0.900424,0.904534,0.906867,0.896224,0.897040,0.895015,0.896287,0.891569,0.951920,0.945390,0.941490,0.938924,0.936267,0.933946,0.925702,0.947665,0.925870,0.917052,0.912400,0.911676,0.911520,0.916329,0.917862,0.916911,0.907147,0.905912,0.934926,0.882565,0.883778,0.882029,0.881985,0.880972,0.881118,0.880266,0.880291,0.879603,0.921707,0.909796,0.906345,0.901752,0.897546,0.895120,0.891325,0.906390,0.890900,0.888122,0.882503,0.880324,0.880788,0.881043,0.884200,0.885481,0.883946,0.884487,0.938309,0.885123,0.885229,0.884712,0.883016,0.884511,0.883509,0.881760,0.884675,0.881210,0.929359,0.914852,0.911053,0.908293,0.902898,0.905754,0.902929,0.921286,0.902261,0.899446,0.894545,0.891894,0.886983,0.887122,0.885321,0.884358,0.886255,0.884769,0.926989,0.873382,0.871406,0.873011,0.870069,0.870635,0.871800,0.872608,0.867373,0.866293,0.919360,0.907230,0.901538,0.900100,0.901679,0.898700,0.894859,0.910977,0.895706,0.894883,0.890165,0.887838,0.887389,0.887502,0.880989,0.881255,0.885510,0.884389,0.932126,0.877561,0.882279,0.875161,0.874528,0.871606,0.874162,0.873561,0.869296,0.867652,0.920498,0.908662,0.902592,0.896392,0.898298,0.896143,0.896219,0.918310,0.899496,0.896909,0.893516,0.891636,0.894192,0.891889,0.887807,0.889492,0.891002,0.892519
allando_v_sin_a2_f3_v100,0.885894,0.969464,0.968817,0.970991,0.969821,0.969370,0.969207,0.969330,0.969365,0.968288,0.897032,0.903631,0.908744,0.912541,0.917176,0.925857,0.932493,0.849223,0.932513,0.931259,0.932649,0.941089,0.945171,0.955007,0.968019,0.968455,0.969104,0.968781,0.889202,1.000000,0.970072,0.967849,0.968843,0.968653,0.969091,0.968311,0.967007,0.967829,0.906501,0.915169,0.922006,0.924039,0.927524,0.932060,0.935095,0.856062,0.935020,0.935182,0.936530,0.941165,0.945933,0.947894,0.942519,0.958886,0.971160,0.971560,0.891977,0.956374,0.958239,0.957210,0.964933,0.967295,0.965359,0.968814,0.969408,0.967461,0.909269,0.912205,0.917080,0.921338,0.925956,0.930728,0.935838,0.857393,0.932420,0.930089,0.932718,0.935457,0.940779,0.949859,0.946166,0.944008,0.952643,0.956512,0.906808,0.952310,0.952933,0.954403,0.954801,0.952175,0.952816,0.949673,0.952109,0.952153,0.916469,0.919210,0.928493,0.929170,0.929889,0.934388,0.933096,0.869105,0.934007,0.930400,0.933388,0.932239,0.939102,0.944291,0.939008,0.945587,0.949142,0.951358,0.926888,0.964190,0.965204,0.964852,0.963130,0.963032,0.965593,0.964875,0.965161,0.964679,0.931877,0.933447,0.941996,0.946855,0.949794,0.950242,0.954797,0.883904,0.955941,0.957473,0.956426,0.961169,0.960318,0.960786,0.960372,0.963942,0.964467,0.962432,0.936283,0.966982,0.964121,0.963615,0.962732,0.963558,0.965183,0.962554,0.966265,0.965401,0.941078,0.942597,0.947439,0.950618,0.950687,0.952581,0.952980,0.898369,0.954009,0.957048,0.956380,0.956974,0.959779,0.961370,0.960992,0.962023,0.964451,0.965783,0.938227,0.952380,0.947977,0.952952,0.950896,0.952417,0.954017,0.952412,0.951772,0.951660,0.943779,0.946003,0.948405,0.950135,0.953474,0.953457,0.953514,0.899168,0.954094,0.956752,0.953086,0.956331,0.960437,0.957553,0.954392,0.956467,0.953535,0.951131,0.941594,0.950278,0.952750,0.951513,0.951979,0.948765,0.954494,0.952225,0.948401,0.950493,0.946476,0.949588,0.950769,0.947262,0.953468,0.952037,0.954518,0.908514,0.955252,0.955428,0.953958,0.954155,0.956985,0.955949,0.959530,0.957519,0.955955,0.955901
allando_v_sin_a2_f3_v105,0.889593,0.968749,0.969013,0.970018,0.970849,0.969916,0.969242,0.969358,0.969600,0.969733,0.899957,0.907456,0.912068,0.915838,0.919292,0.928756,0.933375,0.855295,0.933640,0.933221,0.933497,0.938146,0.944082,0.953497,0.968378,0.969976,0.969569,0.969618,0.892482,0.970072,1.000000,0.973906,0.973554,0.974508,0.973224,0.974455,0.973425,0.967365,0.907569,0.916838,0.922994,0.924497,0.928397,0.933246,0.936066,0.860965,0.935488,0.934708,0.936822,0.940889,0.945260,0.947851,0.942550,0.961277,0.969124,0.970423,0.895360,0.956559,0.959828,0.957060,0.965069,0.966185,0.965838,0.968970,0.969999,0.972483,0.913035,0.915723,0.924148,0.923058,0.928909,0.931402,0.935826,0.863702,0.931141,0.929439,0.932646,0.932517,0.940669,0.946387,0.948035,0.942583,0.948937,0.951016,0.905270,0.952649,0.952955,0.952888,0.953986,0.950493,0.951628,0.952451,0.951836,0.953249,0.918646,0.921848,0.928033,0.928099,0.930250,0.937133,0.935857,0.871139,0.934033,0.928102,0.933592,0.932390,0.938703,0.944031,0.940033,0.944458,0.946471,0.949497,0.927690,0.960798,0.965172,0.961760,0.961607,0.961938,0.964750,0.963720,0.960801,0.959939,0.932905,0.933954,0.943704,0.944895,0.949558,0.949894,0.954090,0.888625,0.956779,0.957123,0.953288,0.958524,0.957287,0.956953,0.959410,0.961347,0.958971,0.961178,0.937509,0.964535,0.964261,0.967229,0.963972,0.963889,0.963698,0.963633,0.967060,0.964495,0.942545,0.943534,0.948347,0.950495,0.949707,0.952191,0.952044,0.902316,0.953182,0.955901,0.955831,0.954584,0.959716,0.962343,0.960608,0.961130,0.963227,0.963999,0.940876,0.946224,0.947116,0.949276,0.951113,0.953275,0.952194,0.953867,0.949179,0.952832,0.948855,0.949568,0.947575,0.953216,0.956009,0.955671,0.952901,0.905827,0.954268,0.955305,0.958348,0.952603,0.957850,0.957753,0.956070,0.956804,0.952870,0.948820,0.943017,0.946206,0.951970,0.947803,0.949721,0.945191,0.951765,0.953560,0.947872,0.948864,0.946366,0.950867,0.952602,0.949250,0.953333,0.951626,0.953823,0.911679,0.953192,0.954145,0.952675,0.952914,0.956315,0.955118,0.955646,0.957464,0.952849,0.952487
allando_v_sin_a2_f3_v110,0.887969,0.964202,0.964197,0.966726,0.965945,0.965681,0.964664,0.964834,0.964953,0.964775,0.898416,0.907914,0.914079,0.916731,0.920782,0.925880,0.932014,0.855911,0.934381,0.933326,0.933060,0.937434,0.941931,0.950732,0.965965,0.965969,0.965891,0.965014,0.892334,0.967849,0.973906,1.000000,0.985614,0.986180,0.986745,0.987719,0.987036,0.975004,0.906784,0.916172,0.922047,0.923255,0.927362,0.931334,0.935113,0.861645,0.934645,0.933607,0.936097,0.939183,0.943692,0.945764,0.940099,0.954911,0.966904,0.968014,0.896466,0.952303,0.954931,0.951762,0.961798,0.965149,0.966722,0.965154,0.965006,0.970186,0.912410,0.915504,0.919281,0.918221,0.929120,0.929396,0.935107,0.864588,0.933991,0.928711,0.930777,0.928744,0.937762,0.945272,0.945770,0.939105,0.944489,0.947049,0.906016,0.947432,0.948639,0.950281,0.950526,0.948620,0.949183,0.946898,0.950396,0.949063,0.919577,0.919345,0.924848,0.927501,0.929262,0.933309,0.931022,0.872622,0.931071,0.928513,0.930791,0.929660,0.935709,0.943464,0.937525,0.940214,0.944355,0.944933,0.928476,0.959050,0.959544,0.960115,0.959521,0.958282,0.960132,0.958740,0.959088,0.958395,0.930913,0.932105,0.941460,0.944602,0.946984,0.946574,0.951821,0.887908,0.952101,0.954646,0.951064,0.955387,0.954135,0.954086,0.955537,0.958914,0.958008,0.957997,0.934464,0.961041,0.963889,0.962752,0.960207,0.963096,0.961735,0.960660,0.962589,0.958475,0.939198,0.939900,0.943798,0.947342,0.946254,0.948871,0.949028,0.901900,0.950808,0.953638,0.953383,0.952343,0.958430,0.955599,0.960978,0.960571,0.961305,0.961017,0.936238,0.947577,0.945573,0.950724,0.949654,0.945561,0.949346,0.946948,0.945917,0.948350,0.943860,0.943764,0.943091,0.949593,0.951782,0.952156,0.950237,0.904527,0.952742,0.951292,0.947904,0.955257,0.954415,0.955457,0.949808,0.950653,0.949766,0.948047,0.941681,0.942327,0.946926,0.945617,0.947133,0.942692,0.949003,0.950125,0.946387,0.946626,0.945595,0.949292,0.949182,0.947302,0.950200,0.948546,0.949749,0.910253,0.950250,0.951361,0.949774,0.949596,0.951589,0.951492,0.951720,0.953820,0.948301,0.947659
allando_v_sin_a2_f3_v115,0.888761,0.965535,0.966721,0.966757,0.967041,0.965959,0.965558,0.966309,0.966214,0.966103,0.899139,0.908724,0.912219,0.916151,0.920774,0.926096,0.930327,0.856139,0.931666,0.929702,0.933279,0.936059,0.941614,0.950864,0.965142,0.964902,0.966874,0.966424,0.893389,0.968843,0.973554,0.985614,1.000000,0.991781,0.988178,0.988036,0.987317,0.974318,0.908490,0.917361,0.923091,0.924006,0.928460,0.932828,0.935723,0.862685,0.935789,0.934313,0.936551,0.939199,0.944401,0.946873,0.940854,0.955408,0.968277,0.968399,0.895976,0.951360,0.956106,0.951509,0.961491,0.963355,0.967419,0.965503,0.967557,0.968992,0.912595,0.915869,0.923274,0.922312,0.929754,0.930208,0.935880,0.864202,0.930518,0.928832,0.931557,0.929401,0.937571,0.942423,0.942696,0.939975,0.944678,0.951638,0.906910,0.948330,0.948118,0.950882,0.950532,0.948672,0.950171,0.948735,0.952271,0.949177,0.920344,0.921104,0.926202,0.929883,0.930560,0.933975,0.932176,0.872626,0.931512,0.927606,0.930503,0.929905,0.935662,0.943120,0.934798,0.939924,0.945148,0.945990,0.926222,0.957695,0.958570,0.957795,0.961101,0.957778,0.958122,0.958492,0.957075,0.958119,0.932826,0.933076,0.941261,0.944594,0.947121,0.947535,0.951227,0.888393,0.951998,0.955928,0.951413,0.954071,0.952758,0.952846,0.956741,0.955859,0.956693,0.957444,0.934796,0.960990,0.963237,0.962875,0.962829,0.960851,0.962528,0.959944,0.963903,0.959088,0.940329,0.940934,0.944675,0.948243,0.946810,0.949807,0.950010,0.901651,0.951216,0.953883,0.953785,0.952552,0.955049,0.956500,0.958830,0.962122,0.963084,0.960407,0.939917,0.945719,0.947566,0.950344,0.949992,0.951448,0.952910,0.952492,0.950550,0.949117,0.944773,0.947706,0.947236,0.950966,0.952754,0.950837,0.949780,0.904307,0.953788,0.952052,0.951279,0.954540,0.955654,0.953565,0.952446,0.954455,0.949354,0.948202,0.942989,0.942593,0.947865,0.945453,0.947770,0.943048,0.949612,0.949932,0.947646,0.947982,0.943767,0.950892,0.948747,0.947272,0.950801,0.948113,0.951228,0.913373,0.951876,0.950834,0.951290,0.950215,0.952691,0.952130,0.952501,0.954881,0.950036,0.948546
allando_v_sin_a2_f3_v120,0.888658,0.965228,0.966469,0.966710,0.967580,0.966973,0.966376,0.966612,0.967257,0.966266,0.898473,0.908456,0.914432,0.916779,0.918379,0.923493,0.929122,0.855314,0.930856,0.931384,0.933365,0.935348,0.941227,0.950739,0.965418,0.965367,0.967151,0.966195,0.892967,0.968653,0.974508,0.986180,0.991781,1.000000,0.990424,0.989475,0.988498,0.973389,0.907611,0.916951,0.922652,0.923941,0.927529,0.931430,0.934930,0.861594,0.934017,0.933135,0.935341,0.937754,0.942391,0.944596,0.939342,0.955642,0.967309,0.968692,0.895740,0.949898,0.952946,0.950501,0.961859,0.963923,0.966653,0.965877,0.965240,0.970119,0.911589,0.915098,0.918571,0.919004,0.927052,0.928678,0.934643,0.862960,0.929217,0.927655,0.929253,0.927897,0.937250,0.942711,0.942214,0.939465,0.945634,0.946336,0.906656,0.945974,0.946678,0.949566,0.950181,0.949418,0.948619,0.947374,0.950260,0.948034,0.919144,0.919774,0.927139,0.927487,0.928486,0.932512,0.932478,0.872408,0.930769,0.926518,0.929978,0.928071,0.934482,0.941625,0.936180,0.939887,0.943208,0.945606,0.925417,0.960296,0.959285,0.958654,0.960463,0.960131,0.959398,0.957909,0.958780,0.961606,0.931955,0.931984,0.940195,0.942816,0.946642,0.947306,0.949353,0.886790,0.951165,0.955112,0.950683,0.954949,0.955059,0.953380,0.955513,0.957825,0.956576,0.956852,0.933797,0.961374,0.964695,0.962785,0.962049,0.962239,0.961782,0.960160,0.963157,0.959098,0.939517,0.940207,0.944119,0.947509,0.946833,0.948716,0.949344,0.900077,0.950597,0.953489,0.952705,0.951862,0.957497,0.955175,0.957385,0.961015,0.961602,0.962900,0.934631,0.945032,0.946305,0.949791,0.949150,0.946662,0.947894,0.947882,0.948220,0.948689,0.943750,0.945826,0.942454,0.948890,0.951555,0.950892,0.951070,0.902253,0.953350,0.951742,0.949726,0.953312,0.955974,0.955838,0.952542,0.950598,0.950359,0.947891,0.942632,0.942511,0.946102,0.944942,0.948105,0.941988,0.949790,0.949292,0.946695,0.946827,0.943862,0.948329,0.948598,0.946662,0.951097,0.948981,0.950720,0.910852,0.950951,0.951530,0.950768,0.949490,0.953027,0.951567,0.951526,0.953016,0.949881,0.948384
allando_v_sin_a2_f3_v125,0.888470,0.965353,0.965098,0.966228,0.966809,0.966579,0.965871,0.966299,0.967107,0.966402,0.898837,0.908193,0.911577,0.914303,0.918614,0.923240,0.928919,0.854555,0.929300,0.929440,0.931523,0.934614,0.939854,0.950329,0.964966,0.964321,0.967227,0.965650,0.892646,0.969091,0.973224,0.986745,0.988178,0.990424,1.000000,0.992761,0.991016,0.973261,0.907157,0.916103,0.921764,0.923039,0.927190,0.931315,0.934764,0.860505,0.933760,0.933106,0.935140,0.938263,0.942189,0.944380,0.938975,0.954497,0.966850,0.967047,0.894214,0.952155,0.953587,0.951276,0.962176,0.964565,0.966858,0.965542,0.965698,0.969452,0.911875,0.914604,0.918547,0.917309,0.925804,0.927489,0.934393,0.861929,0.929461,0.928134,0.930001,0.926277,0.936477,0.946141,0.946003,0.938791,0.943709,0.946357,0.905792,0.947981,0.948726,0.950536,0.950755,0.949902,0.950175,0.946697,0.951178,0.950304,0.918658,0.919021,0.925229,0.926673,0.927728,0.931889,0.931362,0.870971,0.930433,0.927722,0.929702,0.929018,0.933880,0.940848,0.934961,0.938546,0.943835,0.945821,0.925962,0.959961,0.960798,0.957408,0.961075,0.960166,0.958666,0.959563,0.958595,0.957949,0.931657,0.932015,0.939339,0.943147,0.945998,0.946057,0.948943,0.884529,0.950979,0.953761,0.950159,0.953554,0.952105,0.954505,0.956201,0.955199,0.955612,0.957562,0.933021,0.961140,0.964486,0.962595,0.962311,0.965155,0.962345,0.960555,0.963586,0.958918,0.939184,0.940633,0.943328,0.947304,0.946714,0.948736,0.949454,0.899543,0.950653,0.953602,0.952678,0.952065,0.956130,0.955705,0.958193,0.960680,0.960785,0.961170,0.938522,0.945230,0.946413,0.945619,0.949807,0.949696,0.947313,0.948115,0.948228,0.947862,0.943416,0.945606,0.945848,0.949522,0.949189,0.950078,0.948931,0.901890,0.950921,0.951268,0.948180,0.953492,0.957086,0.954965,0.951824,0.952967,0.950973,0.947991,0.942860,0.942923,0.946602,0.945372,0.947746,0.942572,0.951918,0.950616,0.947126,0.947041,0.942946,0.948497,0.949529,0.944560,0.949645,0.947461,0.950115,0.908648,0.950625,0.951091,0.950573,0.948663,0.952414,0.951167,0.951247,0.953605,0.948872,0.947779
allando_v_sin_a2_f3_v130,0.886178,0.965211,0.964161,0.966447,0.965483,0.965235,0.964930,0.965532,0.966065,0.965568,0.896865,0.907120,0.912989,0.913024,0.916964,0.922016,0.928661,0.853123,0.930563,0.928388,0.930707,0.934941,0.939487,0.950140,0.965053,0.964250,0.966795,0.964999,0.890658,0.968311,0.974455,0.987719,0.988036,0.989475,0.992761,1.000000,0.992527,0.974230,0.905576,0.915218,0.920638,0.921953,0.925787,0.930079,0.933542,0.859548,0.933198,0.932983,0.935466,0.938628,0.942164,0.944485,0.938990,0.954761,0.965760,0.967005,0.892895,0.950220,0.954031,0.951039,0.961459,0.964733,0.967274,0.965660,0.965341,0.971088,0.910506,0.913825,0.917514,0.916588,0.925899,0.927808,0.933909,0.860837,0.928693,0.928339,0.930672,0.926201,0.936496,0.942224,0.941841,0.937943,0.943685,0.946825,0.904807,0.945258,0.946163,0.950727,0.950458,0.950337,0.949921,0.947302,0.952302,0.948471,0.915017,0.918494,0.925545,0.927295,0.929096,0.932120,0.930339,0.870137,0.930135,0.927276,0.931871,0.927558,0.933634,0.942415,0.935993,0.938631,0.942122,0.944125,0.924593,0.959450,0.960206,0.959145,0.959286,0.957147,0.960145,0.959222,0.958930,0.958922,0.931226,0.931940,0.940735,0.944250,0.946164,0.946897,0.951643,0.885724,0.952193,0.953758,0.950429,0.954269,0.953527,0.954063,0.955231,0.956259,0.957244,0.956843,0.932789,0.961207,0.964263,0.963238,0.962610,0.964012,0.962545,0.960905,0.963809,0.959637,0.938498,0.940076,0.945040,0.947461,0.946589,0.949056,0.949182,0.899382,0.950499,0.953182,0.952832,0.952278,0.956802,0.955625,0.960146,0.961448,0.961887,0.962602,0.938862,0.944989,0.946238,0.945760,0.948091,0.947453,0.949031,0.947340,0.948880,0.946957,0.943868,0.945651,0.945949,0.949881,0.951405,0.949884,0.948844,0.901899,0.953098,0.951095,0.948323,0.950424,0.956341,0.956396,0.952554,0.949680,0.949967,0.948101,0.940873,0.941527,0.946769,0.944015,0.947444,0.941433,0.950179,0.950943,0.947795,0.947268,0.943144,0.948449,0.947935,0.945883,0.949083,0.947739,0.950197,0.909161,0.950797,0.950928,0.951143,0.949700,0.952379,0.951378,0.951257,0.953459,0.948916,0.947662
allando_v_sin_a2_f3_v135,0.886462,0.963694,0.963339,0.965277,0.965996,0.965149,0.964500,0.965213,0.965573,0.966126,0.896905,0.906916,0.912637,0.912835,0.916351,0.921497,0.926931,0.854681,0.931211,0.926724,0.929232,0.934205,0.938707,0.949821,0.964267,0.964057,0.965371,0.964141,0.890759,0.967007,0.973425,0.987036,0.987317,0.988498,0.991016,0.992527,1.000000,0.975273,0.905073,0.914394,0.920349,0.921179,0.925055,0.929413,0.932343,0.860568,0.932386,0.930662,0.933032,0.936237,0.940780,0.943062,0.937992,0.953020,0.966554,0.967234,0.892261,0.948425,0.951248,0.949273,0.959956,0.963753,0.966988,0.965179,0.966815,0.969690,0.909481,0.913070,0.916879,0.917123,0.925214,0.926289,0.932718,0.862196,0.927443,0.925554,0.927393,0.924742,0.934781,0.940313,0.939831,0.936220,0.941828,0.944064,0.903575,0.944159,0.948191,0.949280,0.948713,0.946931,0.947699,0.946959,0.951330,0.950250,0.914230,0.917729,0.924562,0.926850,0.927927,0.932272,0.930036,0.870454,0.928510,0.926573,0.928379,0.926659,0.933120,0.940679,0.935672,0.938533,0.942197,0.943481,0.923846,0.958243,0.959016,0.957517,0.960486,0.959293,0.958501,0.957673,0.958241,0.957935,0.930322,0.931598,0.939454,0.941969,0.945247,0.945049,0.948212,0.885529,0.949982,0.953783,0.951725,0.954031,0.952233,0.954067,0.956144,0.955762,0.955556,0.957083,0.932414,0.960461,0.962740,0.961869,0.961783,0.959970,0.961596,0.958949,0.962493,0.957834,0.937941,0.939184,0.941770,0.946064,0.945240,0.947909,0.947308,0.899844,0.948888,0.951584,0.951853,0.950804,0.955921,0.954636,0.956681,0.960542,0.962020,0.960750,0.936495,0.942917,0.944728,0.944092,0.946934,0.945310,0.951226,0.945787,0.946094,0.947335,0.943645,0.944909,0.944843,0.948511,0.951146,0.948965,0.948915,0.901202,0.951742,0.951863,0.950801,0.950701,0.956209,0.954998,0.950639,0.952339,0.947645,0.943527,0.939289,0.940141,0.944936,0.942720,0.945926,0.942454,0.949753,0.949323,0.946132,0.947306,0.943943,0.948239,0.948307,0.946444,0.949906,0.947895,0.948921,0.909161,0.950578,0.950275,0.949444,0.949193,0.951723,0.950318,0.950020,0.952088,0.948970,0.947287
allando_v_sin_a2_f3_v140,0.887575,0.963361,0.965457,0.967685,0.965005,0.964480,0.964583,0.964760,0.965846,0.964876,0.898092,0.906615,0.910390,0.910885,0.915492,0.924302,0.930385,0.854115,0.932172,0.931163,0.927543,0.935409,0.939081,0.949414,0.964951,0.963846,0.966152,0.965550,0.890082,0.967829,0.967365,0.975004,0.974318,0.973389,0.973261,0.974230,0.975273,1.000000,0.905430,0.915720,0.921321,0.922121,0.925477,0.929688,0.932893,0.860403,0.931760,0.930259,0.932419,0.935024,0.941185,0.942813,0.936563,0.952992,0.970288,0.968196,0.892750,0.949763,0.952100,0.949575,0.960689,0.966586,0.967496,0.966656,0.968028,0.966953,0.909803,0.913435,0.920009,0.915620,0.923861,0.926172,0.929738,0.862839,0.928661,0.925134,0.927097,0.927407,0.936378,0.941747,0.940543,0.936835,0.943321,0.946745,0.904101,0.943549,0.945892,0.947876,0.949323,0.946902,0.946846,0.945612,0.949428,0.947795,0.914406,0.917920,0.925648,0.923621,0.923749,0.928199,0.927024,0.868053,0.926918,0.921499,0.925349,0.925078,0.932183,0.937859,0.933958,0.939102,0.940620,0.941964,0.925238,0.959010,0.961117,0.960453,0.959395,0.955018,0.961901,0.961334,0.959811,0.957799,0.930211,0.932152,0.938986,0.942620,0.946526,0.946785,0.950215,0.885592,0.952827,0.952786,0.948927,0.953251,0.952001,0.953119,0.956429,0.957126,0.956749,0.959165,0.931996,0.961645,0.963730,0.960693,0.960661,0.959998,0.962298,0.957074,0.962725,0.960558,0.937964,0.940014,0.943069,0.945993,0.944898,0.946923,0.946823,0.898450,0.949200,0.951394,0.952930,0.952447,0.958092,0.955941,0.959430,0.958340,0.961647,0.963064,0.935808,0.940064,0.943199,0.946782,0.949178,0.949101,0.950091,0.948470,0.947932,0.947321,0.941030,0.942967,0.946525,0.948127,0.951478,0.950777,0.948829,0.903408,0.951034,0.952734,0.949287,0.950442,0.954642,0.952432,0.949772,0.949797,0.946118,0.947388,0.938913,0.941226,0.945061,0.945159,0.946005,0.943416,0.950005,0.948648,0.948133,0.948318,0.940734,0.947000,0.947299,0.946699,0.949182,0.947665,0.948396,0.908045,0.948882,0.950039,0.948833,0.948823,0.951843,0.950320,0.951191,0.953494,0.948599,0.946976
allando_v_sin_a2_f3_v15,0.950129,0.906752,0.907311,0.904875,0.904572,0.904589,0.903845,0.903410,0.903049,0.902499,0.974644,0.962604,0.956710,0.951967,0.948733,0.944987,0.944473,0.916630,0.936234,0.937290,0.928810,0.924915,0.924402,0.918706,0.909251,0.906873,0.906814,0.907993,0.967309,0.906501,0.907569,0.906784,0.908490,0.907611,0.907157,0.905576,0.905073,0.905430,1.000000,0.974170,0.968854,0.958731,0.956730,0.953229,0.951562,0.929563,0.943953,0.943026,0.937575,0.931501,0.932380,0.930224,0.918470,0.916147,0.912643,0.910131,0.960561,0.914549,0.915233,0.916016,0.908561,0.906676,0.903971,0.905562,0.903687,0.903645,0.976363,0.957602,0.952349,0.941830,0.944557,0.941578,0.941473,0.925349,0.931187,0.931444,0.927519,0.916646,0.922224,0.921076,0.919289,0.912189,0.916388,0.915100,0.962361,0.920798,0.916369,0.924894,0.921099,0.925173,0.920077,0.926807,0.927105,0.918483,0.974397,0.959737,0.955350,0.952196,0.949519,0.946509,0.942737,0.942646,0.941434,0.937365,0.934773,0.927124,0.924765,0.932165,0.921337,0.920631,0.921075,0.924726,0.934504,0.902338,0.903760,0.902027,0.902803,0.901454,0.901798,0.900563,0.900557,0.900078,0.947907,0.930495,0.922735,0.918295,0.913829,0.912306,0.910821,0.909567,0.910416,0.908294,0.903855,0.901565,0.902114,0.902152,0.904313,0.905044,0.904470,0.903927,0.942417,0.906321,0.906626,0.904831,0.903885,0.905575,0.904595,0.902343,0.905468,0.902139,0.946580,0.934724,0.930671,0.927208,0.922720,0.923547,0.921368,0.924250,0.920216,0.918812,0.914816,0.912844,0.907990,0.908223,0.906708,0.905375,0.906963,0.905537,0.935248,0.890019,0.891234,0.893215,0.891159,0.892185,0.894359,0.893893,0.892249,0.890809,0.933908,0.930344,0.922104,0.920421,0.919995,0.917100,0.912785,0.917480,0.912969,0.913153,0.907510,0.905685,0.909266,0.905562,0.899657,0.898269,0.894008,0.893787,0.943166,0.895364,0.900777,0.896367,0.898940,0.893523,0.897457,0.896009,0.895641,0.894949,0.929699,0.928802,0.927664,0.920873,0.919960,0.917470,0.918313,0.926506,0.917578,0.916649,0.913318,0.911526,0.914782,0.909072,0.904975,0.905744,0.902167,0.900640
allando_v_sin_a2_f3_v20,0.944690,0.915245,0.915319,0.914636,0.913102,0.913780,0.913290,0.913384,0.912955,0.912774,0.955392,0.975713,0.963041,0.957291,0.952336,0.950705,0.952472,0.909873,0.943478,0.942742,0.934249,0.929688,0.930955,0.925055,0.916778,0.915483,0.914468,0.916069,0.957684,0.915169,0.916838,0.916172,0.917361,0.916951,0.916103,0.915218,0.914394,0.915720,0.974170,1.000000,0.975996,0.967768,0.963799,0.960447,0.960938,0.922082,0.950801,0.948124,0.944141,0.937529,0.939504,0.937442,0.927806,0.927083,0.920810,0.919019,0.954508,0.923936,0.924325,0.927344,0.918550,0.916050,0.913100,0.916295,0.912745,0.913238,0.962855,0.979464,0.957577,0.950806,0.951906,0.947719,0.950254,0.920048,0.938998,0.936581,0.934438,0.921718,0.929957,0.928879,0.931600,0.922122,0.923398,0.924576,0.963856,0.929532,0.927215,0.933173,0.934756,0.932297,0.932357,0.930714,0.930680,0.931386,0.967079,0.976849,0.962319,0.956860,0.956467,0.952619,0.951888,0.937534,0.950101,0.942431,0.942727,0.932999,0.933308,0.939841,0.935212,0.933764,0.930247,0.934096,0.938485,0.913144,0.914147,0.912975,0.914841,0.913769,0.912662,0.912446,0.912970,0.912582,0.946984,0.950348,0.934675,0.928099,0.923336,0.922398,0.920201,0.911240,0.920686,0.918703,0.914896,0.912263,0.913009,0.913309,0.915070,0.916367,0.915507,0.915408,0.946208,0.917394,0.917130,0.916494,0.915547,0.916707,0.916371,0.913776,0.916753,0.913995,0.950970,0.947491,0.942886,0.937901,0.933026,0.933141,0.930799,0.927840,0.929975,0.929465,0.925651,0.922412,0.918005,0.917347,0.916807,0.916012,0.916664,0.916409,0.938178,0.900344,0.900933,0.904000,0.901833,0.903292,0.905560,0.905722,0.903347,0.902113,0.938748,0.934025,0.934641,0.933088,0.929226,0.925144,0.921746,0.921546,0.923519,0.924414,0.918606,0.916287,0.916938,0.915135,0.907000,0.906798,0.906247,0.905207,0.948888,0.905485,0.911409,0.906628,0.908830,0.904619,0.910960,0.909427,0.909382,0.908039,0.937367,0.936516,0.935693,0.936549,0.931139,0.927850,0.926344,0.932642,0.930126,0.928036,0.923049,0.921909,0.926666,0.920858,0.913899,0.915542,0.916354,0.911892
allando_v_sin_a2_f3_v25,0.942589,0.921895,0.921860,0.918610,0.919636,0.919443,0.919131,0.919050,0.919000,0.918434,0.951939,0.957400,0.978468,0.974825,0.968126,0.961473,0.960493,0.908344,0.954691,0.947137,0.942323,0.939611,0.939753,0.931395,0.924641,0.920488,0.921736,0.921229,0.955259,0.922006,0.922994,0.922047,0.923091,0.922652,0.921764,0.920638,0.920349,0.921321,0.968854,0.975996,1.000000,0.984805,0.976158,0.971224,0.966979,0.920272,0.961866,0.954620,0.949840,0.944833,0.947945,0.945583,0.936153,0.931581,0.926604,0.924861,0.951120,0.930678,0.929494,0.929177,0.923009,0.922058,0.918046,0.920071,0.920065,0.918720,0.962993,0.965503,0.981166,0.968761,0.965512,0.959005,0.960535,0.920171,0.948506,0.943185,0.939186,0.930321,0.936814,0.938555,0.937243,0.929049,0.932330,0.932444,0.964008,0.939568,0.936836,0.941416,0.937381,0.936168,0.934452,0.935180,0.934033,0.930755,0.970572,0.966400,0.977405,0.974489,0.967332,0.963652,0.958690,0.934821,0.957385,0.948634,0.948041,0.941220,0.942361,0.948005,0.942874,0.941403,0.940608,0.943136,0.941684,0.922012,0.922771,0.921560,0.922317,0.921145,0.921105,0.919878,0.920308,0.919526,0.949424,0.942089,0.953834,0.946899,0.939911,0.934280,0.930108,0.914037,0.928933,0.926777,0.922843,0.920636,0.920542,0.920304,0.922640,0.923518,0.923059,0.923098,0.950816,0.924371,0.924945,0.923999,0.923413,0.925351,0.924052,0.921353,0.923709,0.921300,0.952357,0.944874,0.948611,0.950103,0.947060,0.944988,0.940580,0.932710,0.938229,0.938349,0.934822,0.931300,0.927185,0.925291,0.924166,0.924121,0.924984,0.923890,0.944747,0.906451,0.906925,0.908720,0.908001,0.908897,0.910644,0.909295,0.907140,0.905000,0.943637,0.937580,0.932890,0.936459,0.941999,0.939940,0.933685,0.925728,0.933840,0.932367,0.927366,0.924990,0.924667,0.919418,0.915350,0.915301,0.911339,0.911741,0.953423,0.913404,0.916509,0.915147,0.915123,0.911016,0.915521,0.916130,0.912199,0.911517,0.942320,0.940394,0.937166,0.933776,0.944919,0.943737,0.940985,0.936589,0.940665,0.939029,0.934799,0.930887,0.933349,0.923221,0.923644,0.924846,0.920421,0.918827
allando_v_sin_a2_f3_v30,0.938930,0.922423,0.922059,0.919878,0.919508,0.918902,0.918551,0.918645,0.918709,0.918277,0.941174,0.951931,0.969820,0.978726,0.969561,0.963177,0.958919,0.898589,0.954550,0.950828,0.939610,0.940142,0.940064,0.936252,0.928997,0.926903,0.921596,0.922827,0.950213,0.924039,0.924497,0.923255,0.924006,0.923941,0.923039,0.921953,0.921179,0.922121,0.958731,0.967768,0.984805,1.000000,0.983034,0.977421,0.969873,0.910797,0.965192,0.959819,0.951998,0.949598,0.948928,0.948652,0.941768,0.936679,0.929896,0.927920,0.946785,0.933194,0.931792,0.929244,0.926891,0.921881,0.921595,0.922661,0.920646,0.921013,0.954217,0.961151,0.973954,0.976579,0.966758,0.960633,0.958715,0.910537,0.949176,0.946486,0.938668,0.931803,0.937348,0.942861,0.943286,0.935159,0.933901,0.935374,0.961914,0.941854,0.939111,0.943719,0.942284,0.935994,0.936332,0.935799,0.935002,0.932239,0.965366,0.964885,0.976583,0.975866,0.970261,0.965974,0.959208,0.926353,0.958368,0.949818,0.946932,0.941759,0.943368,0.951394,0.946515,0.947552,0.943290,0.944788,0.942109,0.925653,0.926383,0.925464,0.926057,0.925440,0.924860,0.923857,0.924477,0.923882,0.946653,0.945315,0.956649,0.954647,0.952746,0.946118,0.943108,0.911432,0.936950,0.931969,0.925469,0.923819,0.923768,0.924384,0.926394,0.928065,0.927099,0.927460,0.952512,0.928578,0.929381,0.928005,0.927404,0.928877,0.928094,0.925778,0.927541,0.925670,0.953281,0.948395,0.952879,0.954058,0.953077,0.953744,0.948659,0.931604,0.945575,0.944161,0.939463,0.936446,0.932519,0.929443,0.928286,0.927778,0.929467,0.927363,0.946130,0.910588,0.909601,0.912582,0.910985,0.912048,0.913979,0.912939,0.909384,0.907959,0.946143,0.940883,0.935254,0.943094,0.945651,0.946385,0.942047,0.923880,0.940924,0.939583,0.933942,0.929182,0.930781,0.924739,0.919280,0.919329,0.922858,0.919186,0.953887,0.917000,0.919315,0.918961,0.918332,0.914003,0.917637,0.918532,0.914543,0.914624,0.946468,0.943053,0.940916,0.935968,0.949102,0.947813,0.946469,0.934729,0.945878,0.943726,0.939123,0.937575,0.938383,0.932766,0.926616,0.929519,0.928567,0.926564
allando_v_sin_a2_f3_v35,0.929863,0.926938,0.926373,0.923396,0.923987,0.923358,0.922989,0.923234,0.923203,0.922803,0.938910,0.947517,0.961745,0.968929,0.977670,0.974215,0.968907,0.895332,0.964166,0.956747,0.945692,0.945414,0.947056,0.940475,0.931445,0.930647,0.927268,0.927397,0.942753,0.927524,0.928397,0.927362,0.928460,0.927529,0.927190,0.925787,0.925055,0.925477,0.956730,0.963799,0.976158,0.983034,1.000000,0.987424,0.978498,0.907155,0.972850,0.966417,0.957969,0.955191,0.956168,0.953752,0.942803,0.939458,0.933271,0.931287,0.937664,0.938925,0.938375,0.936751,0.932723,0.927238,0.925230,0.928870,0.923666,0.925186,0.952638,0.958734,0.967215,0.965411,0.975748,0.971033,0.966176,0.909135,0.954896,0.950092,0.943730,0.937575,0.944558,0.945211,0.942957,0.934831,0.939263,0.939753,0.955785,0.948657,0.942414,0.946376,0.942870,0.941962,0.940258,0.939698,0.940313,0.938517,0.964901,0.963328,0.973212,0.973177,0.976893,0.973060,0.966848,0.923870,0.963560,0.955799,0.952093,0.948526,0.949089,0.953248,0.945613,0.948193,0.950070,0.949976,0.944408,0.933509,0.934864,0.932078,0.932914,0.931359,0.930390,0.929698,0.931174,0.930506,0.952290,0.950478,0.956738,0.952196,0.950986,0.953779,0.953823,0.910841,0.949317,0.943105,0.933787,0.932926,0.930735,0.932458,0.933115,0.935043,0.934139,0.935825,0.953951,0.933969,0.934869,0.933645,0.933007,0.935044,0.933760,0.931643,0.933066,0.931567,0.956997,0.954266,0.957651,0.954273,0.953186,0.955203,0.957924,0.931736,0.954500,0.952141,0.946272,0.942844,0.938184,0.935908,0.934240,0.933988,0.934991,0.933348,0.949348,0.917215,0.920134,0.920043,0.918068,0.918250,0.919601,0.918261,0.916182,0.914541,0.948118,0.949376,0.944769,0.947304,0.945618,0.946924,0.955294,0.924365,0.956285,0.950421,0.941823,0.935138,0.935167,0.928901,0.925040,0.924660,0.923637,0.920535,0.957604,0.924021,0.926313,0.924547,0.925559,0.919830,0.925657,0.925457,0.923105,0.922821,0.948953,0.948714,0.946397,0.942694,0.948907,0.947761,0.951121,0.935888,0.953698,0.951683,0.947350,0.941981,0.945729,0.936255,0.933305,0.934482,0.931477,0.928988
allando_v_sin_a2_f3_v40,0.930198,0.932280,0.931540,0.929370,0.929862,0.929188,0.928796,0.928740,0.928804,0.928478,0.938117,0.945040,0.957510,0.961345,0.970080,0.978420,0.968950,0.896046,0.966749,0.958092,0.948368,0.949480,0.953586,0.947396,0.937161,0.935177,0.931718,0.932794,0.941018,0.932060,0.933246,0.931334,0.932828,0.931430,0.931315,0.930079,0.929413,0.929688,0.953229,0.960447,0.971224,0.977421,0.987424,1.000000,0.981471,0.906847,0.978476,0.969891,0.961055,0.959180,0.961961,0.959469,0.947245,0.946279,0.938212,0.936297,0.936673,0.944068,0.945672,0.940515,0.937523,0.932541,0.930043,0.934866,0.928829,0.930180,0.950248,0.954979,0.963686,0.964231,0.974906,0.978817,0.969808,0.908214,0.963654,0.953812,0.946502,0.943549,0.949961,0.949541,0.948248,0.939112,0.943187,0.944456,0.954555,0.952542,0.947489,0.951100,0.948100,0.945086,0.944349,0.943464,0.945808,0.942703,0.962577,0.961417,0.970045,0.974509,0.975599,0.980387,0.968438,0.922964,0.967422,0.957850,0.955186,0.955019,0.955625,0.959743,0.951074,0.952233,0.954403,0.954232,0.946100,0.940206,0.940783,0.937627,0.940419,0.937148,0.935972,0.936463,0.937924,0.937325,0.952559,0.951786,0.957658,0.953796,0.953421,0.955082,0.955874,0.912306,0.955670,0.949690,0.941367,0.939853,0.937209,0.937946,0.941185,0.942185,0.939999,0.941884,0.958332,0.939526,0.940317,0.939062,0.938051,0.940509,0.939103,0.937230,0.938650,0.936974,0.959351,0.956583,0.958995,0.956622,0.955496,0.958363,0.959737,0.934912,0.960228,0.956970,0.951706,0.948933,0.943389,0.941686,0.939488,0.939538,0.940455,0.939129,0.953829,0.924148,0.924307,0.926843,0.925077,0.924990,0.925881,0.924968,0.921077,0.919501,0.955843,0.952183,0.948666,0.952561,0.948547,0.950684,0.956006,0.927968,0.961117,0.956450,0.950313,0.940766,0.939862,0.935571,0.932799,0.933239,0.927499,0.927270,0.960944,0.929734,0.932214,0.930148,0.931100,0.923934,0.933403,0.931388,0.927443,0.926574,0.952922,0.952225,0.950467,0.946115,0.950677,0.950995,0.954463,0.937818,0.957892,0.956176,0.952542,0.948611,0.949782,0.942688,0.941988,0.943029,0.936205,0.935968
allando_v_sin_a2_f3_v45,0.925763,0.936675,0.934762,0.935712,0.932806,0.933250,0.932708,0.932802,0.932736,0.932398,0.935281,0.945207,0.952566,0.953440,0.959849,0.963305,0.979598,0.895083,0.970021,0.962794,0.953263,0.950417,0.953933,0.947977,0.941050,0.938201,0.936964,0.935642,0.936452,0.935095,0.936066,0.935113,0.935723,0.934930,0.934764,0.933542,0.932343,0.932893,0.951562,0.960938,0.966979,0.969873,0.978498,0.981471,1.000000,0.905803,0.985189,0.975639,0.969148,0.964435,0.965270,0.959659,0.947587,0.949013,0.941438,0.938892,0.933366,0.947568,0.948316,0.946440,0.943679,0.935909,0.935637,0.937376,0.933637,0.934818,0.948915,0.954275,0.959137,0.957152,0.963842,0.965585,0.976417,0.905065,0.967737,0.956075,0.955943,0.944991,0.951245,0.951483,0.949522,0.944328,0.945295,0.945461,0.952255,0.953079,0.950546,0.953391,0.951512,0.951142,0.949201,0.947869,0.947746,0.948931,0.958247,0.961544,0.968114,0.967229,0.972208,0.970707,0.978913,0.921647,0.971640,0.961892,0.960150,0.953460,0.954766,0.958256,0.957159,0.952945,0.953350,0.956182,0.940315,0.943369,0.941891,0.942182,0.942691,0.940978,0.938692,0.938679,0.940636,0.939111,0.950795,0.952388,0.957588,0.953532,0.951617,0.952801,0.954454,0.907872,0.955091,0.954603,0.950153,0.945614,0.946310,0.945708,0.946147,0.946223,0.944622,0.945925,0.955301,0.943069,0.943446,0.942404,0.941679,0.943879,0.942046,0.939448,0.942386,0.941304,0.959156,0.959340,0.961170,0.960072,0.958744,0.958967,0.960146,0.927995,0.961678,0.961218,0.958086,0.954948,0.947801,0.946278,0.943479,0.943363,0.943937,0.942399,0.951839,0.926858,0.928519,0.930002,0.929625,0.929334,0.929874,0.928710,0.926144,0.926667,0.955269,0.953707,0.951469,0.952992,0.953797,0.950322,0.951275,0.922159,0.956631,0.957751,0.951903,0.948433,0.944736,0.940653,0.934094,0.933326,0.933435,0.930716,0.961746,0.931930,0.936553,0.931483,0.935610,0.928517,0.940239,0.932762,0.935881,0.932850,0.953202,0.954855,0.953249,0.951003,0.953593,0.953237,0.954179,0.935626,0.958111,0.957748,0.957251,0.952955,0.953577,0.946336,0.941570,0.943624,0.944685,0.935842
allando_v_sin_a2_f3_v5,0.933570,0.853666,0.854754,0.851944,0.851165,0.850927,0.850355,0.850325,0.850148,0.849761,0.923905,0.915698,0.912580,0.904726,0.899956,0.901210,0.900365,0.987542,0.891924,0.883492,0.872192,0.869678,0.871872,0.863452,0.857215,0.854142,0.853705,0.853979,0.940689,0.856062,0.860965,0.861645,0.862685,0.861594,0.860505,0.859548,0.860568,0.860403,0.929563,0.922082,0.920272,0.910797,0.907155,0.906847,0.905803,1.000000,0.897579,0.888022,0.881618,0.877585,0.880171,0.875704,0.864858,0.861039,0.860435,0.858315,0.916337,0.853970,0.854210,0.851816,0.849296,0.851975,0.850462,0.851897,0.849548,0.849735,0.908333,0.905772,0.901837,0.894522,0.894377,0.894536,0.894258,0.970076,0.884328,0.876466,0.870936,0.861562,0.869568,0.866724,0.865480,0.857127,0.858119,0.856604,0.920603,0.859741,0.856560,0.860813,0.858482,0.856329,0.853856,0.854947,0.854863,0.851339,0.912004,0.905140,0.901840,0.900300,0.896092,0.893608,0.892736,0.971179,0.888187,0.876502,0.873911,0.867114,0.868926,0.870049,0.871205,0.865236,0.864289,0.863373,0.898215,0.846741,0.848422,0.847295,0.847482,0.846392,0.846277,0.844989,0.845712,0.846623,0.891257,0.878265,0.872925,0.868247,0.862255,0.859564,0.855507,0.939698,0.855970,0.854673,0.851326,0.847214,0.847168,0.847371,0.849331,0.849764,0.848659,0.847480,0.899948,0.851704,0.851945,0.850700,0.849714,0.851449,0.850019,0.848557,0.850797,0.847866,0.896740,0.883745,0.879206,0.874579,0.870016,0.869899,0.867534,0.933379,0.866596,0.866429,0.862773,0.860475,0.853756,0.854158,0.850485,0.852437,0.853080,0.850866,0.890031,0.836104,0.834745,0.836893,0.834947,0.834593,0.835778,0.836102,0.833639,0.831138,0.885408,0.876531,0.867283,0.866895,0.867545,0.863849,0.859849,0.917527,0.861398,0.861507,0.856654,0.853570,0.851103,0.848849,0.841569,0.842394,0.840159,0.840733,0.894940,0.842395,0.844351,0.841664,0.839498,0.834970,0.844593,0.840419,0.838183,0.838850,0.876870,0.873430,0.870406,0.864192,0.864407,0.862496,0.862486,0.922643,0.866301,0.864827,0.862862,0.860224,0.858433,0.852486,0.848876,0.851401,0.849012,0.847822
allando_v_sin_a2_f3_v50,0.919892,0.935816,0.936188,0.934507,0.934392,0.931867,0.931458,0.931551,0.931509,0.931317,0.930245,0.935425,0.945489,0.950404,0.955139,0.960710,0.969446,0.886850,0.978180,0.959598,0.953171,0.955969,0.958824,0.953453,0.943822,0.942521,0.938869,0.937166,0.930057,0.935020,0.935488,0.934645,0.935789,0.934017,0.933760,0.933198,0.932386,0.931760,0.943953,0.950801,0.961866,0.965192,0.972850,0.978476,0.985189,0.897579,1.000000,0.977008,0.969444,0.968496,0.970091,0.964390,0.949021,0.949804,0.941187,0.938674,0.924701,0.946446,0.949840,0.943027,0.941627,0.934695,0.935593,0.936808,0.931494,0.933431,0.941684,0.947089,0.955501,0.954169,0.960440,0.965902,0.967173,0.897869,0.973995,0.961892,0.954752,0.951630,0.959197,0.954070,0.949489,0.941849,0.943864,0.944491,0.944433,0.952527,0.948928,0.953761,0.949064,0.948556,0.946161,0.948088,0.950269,0.945622,0.952867,0.953241,0.963415,0.971063,0.967272,0.971523,0.970110,0.913891,0.969897,0.963640,0.959311,0.961399,0.958559,0.961989,0.953652,0.950346,0.952450,0.953555,0.939748,0.940379,0.941038,0.938483,0.942226,0.940312,0.943507,0.938079,0.939585,0.939257,0.944136,0.947948,0.956199,0.954848,0.952868,0.952935,0.955056,0.903642,0.956048,0.953417,0.950756,0.949437,0.946221,0.946195,0.947992,0.946101,0.944073,0.947502,0.956464,0.943864,0.943741,0.943208,0.942948,0.944391,0.943045,0.940288,0.942826,0.942297,0.954921,0.955833,0.960809,0.960803,0.960395,0.960748,0.960301,0.925812,0.962367,0.961480,0.959306,0.959008,0.949949,0.947617,0.944540,0.944854,0.944195,0.943074,0.953033,0.923718,0.924355,0.929069,0.929902,0.928229,0.930457,0.930303,0.928594,0.925252,0.951119,0.950291,0.943503,0.949629,0.950084,0.954076,0.951835,0.918747,0.955615,0.952839,0.953451,0.948872,0.943098,0.941932,0.941561,0.939627,0.931607,0.930804,0.957290,0.929248,0.934261,0.931557,0.935635,0.929012,0.939142,0.933921,0.933709,0.930498,0.950611,0.954406,0.952421,0.949242,0.954137,0.953910,0.954834,0.933481,0.957321,0.957106,0.956759,0.953296,0.954850,0.946972,0.949958,0.948993,0.939529,0.941128
allando_v_sin_a2_f3_v55,0.916129,0.940055,0.940106,0.936548,0.935667,0.936266,0.934608,0.931202,0.933403,0.933332,0.926158,0.935302,0.939776,0.945324,0.948990,0.953711,0.961088,0.877325,0.961600,0.974520,0.964494,0.960254,0.954358,0.952097,0.942786,0.938848,0.941477,0.939248,0.927124,0.935182,0.934708,0.933607,0.934313,0.933135,0.933106,0.932983,0.930662,0.930259,0.943026,0.948124,0.954620,0.959819,0.966417,0.969891,0.975639,0.888022,0.977008,1.000000,0.980927,0.973591,0.966252,0.963664,0.952843,0.950915,0.940527,0.938702,0.927856,0.948712,0.949440,0.945113,0.944437,0.935930,0.935677,0.937461,0.931799,0.933974,0.938391,0.941354,0.944903,0.947658,0.956928,0.955595,0.959614,0.889980,0.957963,0.973491,0.964771,0.950765,0.953592,0.951967,0.953646,0.945043,0.945727,0.947406,0.944675,0.952889,0.950615,0.953776,0.954391,0.948275,0.946788,0.946043,0.948289,0.945161,0.948084,0.948065,0.957235,0.958810,0.962839,0.963243,0.962705,0.908709,0.966595,0.976056,0.968552,0.957169,0.955650,0.961502,0.951680,0.954250,0.953357,0.953916,0.936850,0.942878,0.941575,0.942562,0.942482,0.940755,0.942520,0.938153,0.939795,0.939074,0.939403,0.941294,0.953511,0.946501,0.952531,0.952649,0.953506,0.899009,0.953028,0.950064,0.947609,0.946911,0.945471,0.944619,0.946085,0.945439,0.944694,0.946040,0.952195,0.943063,0.943747,0.942324,0.941050,0.944259,0.942551,0.940022,0.943374,0.941365,0.953455,0.951577,0.956943,0.958240,0.959431,0.960203,0.959843,0.920819,0.962654,0.959368,0.956304,0.957366,0.949167,0.946391,0.944623,0.943468,0.943575,0.943477,0.949114,0.926273,0.928912,0.931558,0.929074,0.929766,0.932578,0.930605,0.926832,0.925501,0.948876,0.949236,0.941163,0.947830,0.947003,0.949126,0.950498,0.915994,0.953039,0.953290,0.945143,0.947269,0.949724,0.949415,0.938281,0.938059,0.935318,0.933037,0.960424,0.933484,0.938441,0.931778,0.937203,0.931531,0.933524,0.933187,0.931860,0.929206,0.951033,0.952302,0.951648,0.947005,0.952828,0.952604,0.952861,0.929582,0.955933,0.956049,0.954044,0.953141,0.958707,0.953818,0.947741,0.947361,0.943853,0.941222
allando_v_sin_a2_f3_v60,0.909514,0.937430,0.939301,0.939794,0.938273,0.937685,0.933721,0.933891,0.935759,0.935590,0.921176,0.930641,0.934468,0.936401,0.939562,0.944038,0.951905,0.871458,0.951843,0.965491,0.978081,0.965087,0.960207,0.952368,0.944182,0.941083,0.941256,0.941772,0.919770,0.936530,0.936822,0.936097,0.936551,0.935341,0.935140,0.935466,0.933032,0.932419,0.937575,0.944141,0.949840,0.951998,0.957969,0.961055,0.969148,0.881618,0.969444,0.980927,1.000000,0.979907,0.970779,0.966548,0.955736,0.953333,0.942262,0.939784,0.920816,0.950505,0.952261,0.948067,0.946356,0.936735,0.937879,0.939723,0.936753,0.936226,0.935236,0.935908,0.943228,0.939289,0.946058,0.949982,0.952421,0.884006,0.952588,0.961124,0.977752,0.955609,0.955121,0.954947,0.953821,0.949580,0.948552,0.948188,0.939315,0.955421,0.952838,0.955606,0.953891,0.954621,0.954659,0.951094,0.952124,0.950673,0.944315,0.944382,0.950763,0.953028,0.956605,0.957877,0.957819,0.900520,0.963005,0.969824,0.980411,0.959001,0.958088,0.964209,0.954126,0.955689,0.955306,0.959289,0.934537,0.940640,0.940811,0.939951,0.943591,0.942139,0.940069,0.939998,0.940462,0.939342,0.939118,0.938511,0.946946,0.946185,0.948962,0.945738,0.951223,0.899852,0.949184,0.948472,0.947249,0.948002,0.945419,0.944579,0.945250,0.945335,0.945119,0.946272,0.950107,0.945872,0.945692,0.945134,0.943909,0.946562,0.945187,0.942017,0.945538,0.943600,0.954098,0.953894,0.956016,0.958691,0.959151,0.958853,0.958188,0.921101,0.960936,0.959117,0.957776,0.957256,0.950455,0.948291,0.947152,0.945843,0.946229,0.946452,0.948400,0.928538,0.931361,0.933616,0.931369,0.931350,0.934137,0.934083,0.934305,0.931529,0.949116,0.945437,0.946273,0.947674,0.948891,0.947923,0.944762,0.915985,0.948226,0.948234,0.944299,0.943711,0.949447,0.952653,0.940241,0.940889,0.937044,0.934803,0.959395,0.932991,0.944583,0.934621,0.940349,0.933912,0.935968,0.936068,0.936833,0.935979,0.951964,0.954706,0.954028,0.950227,0.952286,0.951243,0.952206,0.930491,0.954211,0.954263,0.952929,0.951777,0.959801,0.956122,0.948661,0.950448,0.942961,0.942233
allando_v_sin_a2_f3_v65,0.906275,0.942325,0.943823,0.939967,0.944047,0.938787,0.940763,0.938048,0.939917,0.937628,0.915470,0.922219,0.927919,0.933584,0.937535,0.943806,0.949383,0.866413,0.952412,0.957308,0.965159,0.974428,0.968354,0.961406,0.945938,0.942918,0.945917,0.943275,0.916014,0.941165,0.940889,0.939183,0.939199,0.937754,0.938263,0.938628,0.936237,0.935024,0.931501,0.937529,0.944833,0.949598,0.955191,0.959180,0.964435,0.877585,0.968496,0.973591,0.979907,1.000000,0.980893,0.976953,0.961351,0.961504,0.947030,0.943781,0.916566,0.957666,0.959593,0.952531,0.950399,0.943691,0.940052,0.942384,0.938968,0.940397,0.928916,0.930820,0.935519,0.940047,0.946104,0.948911,0.950416,0.878265,0.951784,0.956914,0.962581,0.978539,0.962588,0.964153,0.958157,0.953241,0.953197,0.957023,0.935021,0.962254,0.961261,0.960348,0.957226,0.953743,0.954297,0.952958,0.955304,0.952994,0.941165,0.940609,0.951040,0.953153,0.954197,0.958792,0.957298,0.892257,0.958954,0.963579,0.968418,0.969373,0.963718,0.971113,0.957631,0.963688,0.960763,0.961457,0.935555,0.947140,0.943979,0.942994,0.946785,0.945492,0.946509,0.942160,0.944379,0.944861,0.937031,0.939104,0.949277,0.948025,0.952907,0.951607,0.953433,0.898187,0.953198,0.953382,0.950486,0.951015,0.948710,0.948611,0.950094,0.949681,0.948612,0.950521,0.952739,0.949629,0.949905,0.949608,0.948842,0.950017,0.948676,0.945666,0.949021,0.948106,0.953777,0.954449,0.958554,0.960489,0.960939,0.962610,0.962668,0.919490,0.963625,0.963841,0.960559,0.961357,0.954495,0.952132,0.950432,0.949905,0.950395,0.950154,0.950395,0.935511,0.937732,0.941822,0.939415,0.941855,0.940416,0.939979,0.938447,0.934559,0.950622,0.950749,0.947498,0.950785,0.951634,0.950295,0.949450,0.914135,0.948977,0.951521,0.946048,0.946686,0.950940,0.954860,0.949783,0.948584,0.943512,0.942170,0.956681,0.942139,0.949444,0.946087,0.947767,0.941698,0.940749,0.944909,0.938205,0.939876,0.955533,0.957614,0.955209,0.952368,0.955364,0.953550,0.957115,0.927745,0.956697,0.957257,0.955678,0.954290,0.961432,0.959736,0.958389,0.956473,0.950361,0.951514
allando_v_sin_a2_f3_v70,0.909037,0.949050,0.948048,0.944817,0.944312,0.943726,0.945772,0.943050,0.945659,0.942727,0.917544,0.922342,0.929529,0.934063,0.940222,0.948111,0.953105,0.868637,0.959447,0.954360,0.958748,0.969586,0.977761,0.968153,0.953018,0.948445,0.949027,0.949274,0.917811,0.945933,0.945260,0.943692,0.944401,0.942391,0.942189,0.942164,0.940780,0.941185,0.932380,0.939504,0.947945,0.948928,0.956168,0.961961,0.965270,0.880171,0.970091,0.966252,0.970779,0.980893,1.000000,0.985832,0.967529,0.965889,0.952347,0.949134,0.915167,0.959325,0.962638,0.955914,0.955404,0.948549,0.945853,0.948046,0.944938,0.944794,0.931606,0.933409,0.937589,0.938291,0.945908,0.951397,0.954683,0.880219,0.954419,0.952586,0.955258,0.963438,0.974820,0.969830,0.961533,0.953601,0.960228,0.961269,0.936361,0.963834,0.961619,0.963979,0.960984,0.958861,0.958384,0.957002,0.959946,0.955895,0.943175,0.942854,0.950799,0.956014,0.955925,0.962381,0.959846,0.894698,0.959505,0.957400,0.962526,0.971280,0.974617,0.973399,0.964981,0.964646,0.967158,0.966817,0.939465,0.949982,0.950136,0.948647,0.950261,0.949161,0.947632,0.949308,0.948377,0.947529,0.940971,0.943155,0.950165,0.950463,0.952492,0.953033,0.955247,0.898736,0.956371,0.956451,0.956003,0.954049,0.953675,0.951830,0.953228,0.953532,0.952474,0.953285,0.957271,0.954976,0.955338,0.954951,0.954035,0.955173,0.953773,0.951145,0.954346,0.953289,0.957213,0.957872,0.960532,0.962754,0.961987,0.964428,0.964863,0.919033,0.966252,0.967609,0.966498,0.966161,0.959272,0.956955,0.955750,0.955355,0.955537,0.954813,0.954552,0.942927,0.945699,0.946573,0.943369,0.944357,0.944112,0.945047,0.941367,0.939764,0.951930,0.951520,0.949431,0.951448,0.953979,0.952084,0.951157,0.916594,0.955498,0.955212,0.952890,0.950077,0.951236,0.954951,0.956895,0.956358,0.947903,0.947528,0.956783,0.951907,0.954572,0.946790,0.949573,0.943845,0.951503,0.947495,0.946252,0.944652,0.959734,0.961007,0.959506,0.956758,0.958135,0.956901,0.959508,0.929510,0.961537,0.962304,0.960923,0.957652,0.961566,0.959162,0.966252,0.965044,0.955861,0.957609
allando_v_sin_a2_f3_v75,0.907978,0.950779,0.949307,0.945052,0.948214,0.946591,0.946391,0.946363,0.946444,0.946348,0.915457,0.921480,0.928060,0.934381,0.938769,0.945968,0.949187,0.864439,0.953441,0.950142,0.953486,0.966369,0.972232,0.972186,0.954281,0.951277,0.950491,0.950702,0.916633,0.947894,0.947851,0.945764,0.946873,0.944596,0.944380,0.944485,0.943062,0.942813,0.930224,0.937442,0.945583,0.948652,0.953752,0.959469,0.959659,0.875704,0.964390,0.963664,0.966548,0.976953,0.985832,1.000000,0.972212,0.968902,0.955682,0.952390,0.914567,0.961776,0.965201,0.958776,0.958193,0.952546,0.949026,0.948931,0.947999,0.948291,0.929062,0.932791,0.936946,0.941130,0.945888,0.948733,0.950759,0.876408,0.948095,0.950568,0.953453,0.959777,0.966243,0.970560,0.964227,0.960701,0.963356,0.966469,0.935518,0.965838,0.965877,0.964776,0.963723,0.958874,0.960103,0.960717,0.962314,0.957950,0.941654,0.942402,0.951661,0.955994,0.954892,0.961126,0.956037,0.889458,0.957896,0.955653,0.960635,0.967618,0.968796,0.974045,0.962779,0.969211,0.970570,0.970422,0.939894,0.951845,0.952328,0.950980,0.952965,0.952077,0.951021,0.951618,0.951381,0.950080,0.941468,0.944882,0.952738,0.953829,0.954228,0.956287,0.958149,0.897418,0.957867,0.957555,0.955494,0.954077,0.954813,0.953053,0.955689,0.955487,0.954662,0.952659,0.960548,0.957620,0.957763,0.956984,0.957034,0.957130,0.956113,0.953810,0.956549,0.955811,0.957979,0.958400,0.962068,0.966323,0.963234,0.967471,0.966148,0.918289,0.966416,0.968061,0.966047,0.965425,0.961125,0.959756,0.958499,0.957517,0.957150,0.957768,0.954862,0.949745,0.950323,0.951651,0.946833,0.948530,0.947948,0.947289,0.944303,0.942226,0.953398,0.953157,0.951321,0.953907,0.956364,0.954577,0.952830,0.915833,0.954973,0.955482,0.954206,0.953131,0.953320,0.957136,0.957949,0.957888,0.951460,0.951133,0.957394,0.958872,0.960510,0.952054,0.952638,0.947292,0.952078,0.952720,0.947857,0.950508,0.963013,0.963672,0.961534,0.959129,0.961106,0.958721,0.962132,0.928897,0.962606,0.963774,0.960450,0.959003,0.962521,0.962787,0.966963,0.966950,0.958977,0.960971
allando_v_sin_a2_f3_v80,0.904347,0.944167,0.943860,0.940399,0.943419,0.940362,0.941817,0.941715,0.941841,0.941904,0.905135,0.913694,0.920009,0.929412,0.929951,0.937736,0.938395,0.855916,0.938019,0.943136,0.942878,0.947439,0.952473,0.956470,0.947852,0.941570,0.945385,0.944079,0.910396,0.942519,0.942550,0.940099,0.940854,0.939342,0.938975,0.938990,0.937992,0.936563,0.918470,0.927806,0.936153,0.941768,0.942803,0.947245,0.947587,0.864858,0.949021,0.952843,0.955736,0.961351,0.967529,0.972212,1.000000,0.968299,0.952237,0.949071,0.912061,0.957299,0.956935,0.954250,0.952493,0.943636,0.944302,0.945326,0.943105,0.943410,0.919520,0.923785,0.928631,0.937020,0.937331,0.940096,0.941221,0.867547,0.939534,0.943822,0.943863,0.945532,0.951540,0.958247,0.968104,0.956752,0.955689,0.957251,0.930860,0.959636,0.960287,0.958510,0.960072,0.952399,0.955501,0.952333,0.953051,0.951281,0.931202,0.933307,0.941372,0.942494,0.944947,0.949635,0.946790,0.881398,0.948314,0.943763,0.946560,0.950431,0.955561,0.961947,0.962052,0.964490,0.961515,0.959659,0.934344,0.946177,0.946903,0.945950,0.946649,0.945906,0.945774,0.947791,0.944598,0.944317,0.931832,0.932975,0.945870,0.947585,0.947555,0.949807,0.950048,0.886586,0.951970,0.950411,0.948714,0.948515,0.947491,0.947015,0.949688,0.950202,0.948943,0.951856,0.950966,0.951921,0.951551,0.951349,0.950934,0.951090,0.950638,0.948425,0.950607,0.949998,0.947965,0.947650,0.955366,0.959210,0.957516,0.959606,0.958551,0.904611,0.959259,0.959950,0.959809,0.957650,0.955755,0.952710,0.953288,0.951293,0.951125,0.950611,0.944570,0.942931,0.943403,0.945532,0.942916,0.944866,0.944909,0.942893,0.938352,0.938184,0.945433,0.945272,0.944329,0.946146,0.948293,0.948247,0.945809,0.904160,0.948131,0.951823,0.951558,0.947386,0.948391,0.951669,0.947945,0.948520,0.953669,0.954638,0.949014,0.948537,0.951615,0.947051,0.946545,0.942617,0.943998,0.945646,0.940035,0.940989,0.956034,0.954798,0.953772,0.948911,0.953993,0.952802,0.955290,0.914650,0.955679,0.956136,0.955387,0.953773,0.956546,0.957554,0.956072,0.956748,0.958996,0.958665
allando_v_sin_a2_f3_v85,0.902156,0.965324,0.960422,0.960599,0.960828,0.960259,0.959230,0.959401,0.958681,0.958344,0.906832,0.915839,0.918583,0.926646,0.929485,0.942049,0.947771,0.854509,0.947717,0.948799,0.952213,0.956279,0.960837,0.968452,0.964594,0.962520,0.961325,0.961082,0.905389,0.958886,0.961277,0.954911,0.955408,0.955642,0.954497,0.954761,0.953020,0.952992,0.916147,0.927083,0.931581,0.936679,0.939458,0.946279,0.949013,0.861039,0.949804,0.950915,0.953333,0.961504,0.965889,0.968902,0.968299,1.000000,0.968213,0.964566,0.911270,0.967559,0.971853,0.966602,0.968186,0.963035,0.963846,0.963605,0.962407,0.962375,0.921988,0.926425,0.928413,0.935399,0.938728,0.941443,0.947546,0.865902,0.943305,0.947371,0.948033,0.950231,0.961740,0.965475,0.971876,0.966644,0.966641,0.969442,0.925936,0.966317,0.967776,0.966573,0.971348,0.962897,0.967559,0.962476,0.964723,0.964503,0.925627,0.931070,0.939835,0.940819,0.943789,0.949276,0.949536,0.872284,0.950242,0.944702,0.949171,0.954687,0.957585,0.966622,0.965637,0.969233,0.966878,0.967040,0.937951,0.961716,0.962797,0.961670,0.961262,0.962199,0.960752,0.961016,0.960500,0.960218,0.941394,0.943045,0.951304,0.953542,0.955947,0.957423,0.961379,0.887433,0.963826,0.964273,0.961362,0.962498,0.963288,0.962126,0.962840,0.964134,0.964101,0.963452,0.951623,0.963071,0.966107,0.963933,0.964703,0.963609,0.964235,0.961520,0.963817,0.964786,0.954219,0.955320,0.959566,0.960391,0.959919,0.965314,0.963912,0.902830,0.964795,0.968662,0.965940,0.965474,0.965283,0.965524,0.963944,0.963498,0.963794,0.964014,0.951750,0.957235,0.959732,0.960003,0.957341,0.960694,0.960790,0.961698,0.956017,0.954363,0.955261,0.955902,0.955736,0.958278,0.959488,0.958778,0.957639,0.907276,0.961064,0.960192,0.958998,0.960052,0.963711,0.966941,0.962891,0.963760,0.966997,0.966564,0.954381,0.961074,0.964436,0.958541,0.960703,0.954130,0.961125,0.958870,0.957088,0.957838,0.962486,0.963401,0.964047,0.961054,0.963251,0.961237,0.962222,0.913298,0.964100,0.965981,0.964598,0.964228,0.965951,0.967482,0.967962,0.969185,0.969446,0.971186
allando_v_sin_a2_f3_v90,0.892723,0.971284,0.971072,0.971432,0.972756,0.971991,0.971534,0.969190,0.971719,0.971565,0.901411,0.909064,0.914414,0.919977,0.923577,0.934984,0.937685,0.853864,0.939872,0.944321,0.941700,0.946172,0.951064,0.959557,0.972355,0.969896,0.971421,0.971904,0.896903,0.971160,0.969124,0.966904,0.968277,0.967309,0.966850,0.965760,0.966554,0.970288,0.912643,0.920810,0.926604,0.929896,0.933271,0.938212,0.941438,0.860435,0.941187,0.940527,0.942262,0.947030,0.952347,0.955682,0.952237,0.968213,1.000000,0.977061,0.899328,0.959523,0.964314,0.959822,0.967176,0.970879,0.971363,0.970737,0.971570,0.968872,0.917471,0.918885,0.928259,0.928634,0.934627,0.936881,0.940823,0.862808,0.942853,0.937456,0.938693,0.938886,0.949657,0.954892,0.956944,0.952306,0.957725,0.960332,0.913971,0.957486,0.958766,0.958525,0.959082,0.955583,0.958214,0.954637,0.956301,0.955508,0.922132,0.925735,0.931186,0.933654,0.937176,0.941081,0.940779,0.873927,0.939445,0.935079,0.939533,0.939176,0.946019,0.951429,0.947391,0.954100,0.953859,0.954393,0.929674,0.965272,0.965950,0.965419,0.964768,0.963119,0.966078,0.964517,0.965337,0.963983,0.937194,0.939713,0.946870,0.950232,0.951867,0.954536,0.958541,0.886550,0.961674,0.963690,0.960570,0.962843,0.961338,0.962199,0.963641,0.965504,0.964711,0.964940,0.942026,0.966628,0.965208,0.967468,0.967106,0.965904,0.963908,0.965313,0.967871,0.964350,0.946357,0.947126,0.951277,0.954534,0.953577,0.957939,0.957409,0.902093,0.958715,0.960650,0.960996,0.960596,0.962237,0.965330,0.963927,0.967864,0.968668,0.967515,0.944751,0.953156,0.951757,0.954088,0.953195,0.956932,0.955586,0.955246,0.952619,0.952287,0.949177,0.952065,0.951511,0.956546,0.956547,0.955770,0.953981,0.906625,0.956881,0.958453,0.960019,0.958990,0.962194,0.962774,0.958054,0.960908,0.960927,0.955551,0.948593,0.953455,0.956635,0.953939,0.953428,0.951047,0.957368,0.956700,0.954866,0.955252,0.954114,0.957142,0.957766,0.954941,0.958311,0.957393,0.958113,0.911773,0.959366,0.960310,0.959166,0.957339,0.961067,0.961621,0.961382,0.962911,0.961005,0.959434
allando_v_sin_a2_f3_v95,0.890063,0.972191,0.973075,0.974172,0.974401,0.973719,0.973639,0.973484,0.973744,0.973383,0.900836,0.908207,0.913173,0.917410,0.922992,0.932417,0.935907,0.851621,0.936266,0.937027,0.937899,0.942483,0.946828,0.957091,0.974346,0.973215,0.971725,0.972814,0.893103,0.971560,0.970423,0.968014,0.968399,0.968692,0.967047,0.967005,0.967234,0.968196,0.910131,0.919019,0.924861,0.927920,0.931287,0.936297,0.938892,0.858315,0.938674,0.938702,0.939784,0.943781,0.949134,0.952390,0.949071,0.964566,0.977061,1.000000,0.896367,0.958687,0.963477,0.956984,0.965820,0.966906,0.969924,0.969325,0.970408,0.968960,0.913977,0.919675,0.921456,0.925946,0.932805,0.932781,0.940574,0.860748,0.933538,0.933972,0.935632,0.934380,0.946750,0.950295,0.951408,0.947294,0.952862,0.956421,0.911148,0.954892,0.956356,0.956417,0.957112,0.954618,0.955457,0.954808,0.957156,0.956798,0.920871,0.925113,0.932181,0.932920,0.934276,0.939457,0.937024,0.871197,0.937712,0.933206,0.935279,0.938524,0.942979,0.949622,0.943246,0.949525,0.952390,0.954348,0.931550,0.964191,0.965550,0.964305,0.964042,0.963421,0.965175,0.963454,0.963682,0.962890,0.935179,0.937847,0.944134,0.949340,0.951377,0.953019,0.957912,0.886807,0.959094,0.960988,0.957909,0.959693,0.958032,0.959750,0.962431,0.964102,0.962778,0.964191,0.942204,0.968688,0.968352,0.967477,0.967086,0.966861,0.968006,0.965703,0.967309,0.966448,0.944465,0.945777,0.950736,0.953740,0.953183,0.956274,0.956238,0.901257,0.957139,0.960108,0.960138,0.959057,0.963661,0.964578,0.962553,0.966562,0.966810,0.968331,0.943838,0.950988,0.955257,0.954710,0.954125,0.954267,0.957179,0.956369,0.953893,0.951651,0.950089,0.953024,0.950219,0.954631,0.955510,0.954758,0.953937,0.902961,0.957017,0.957548,0.957762,0.959477,0.962422,0.961756,0.956594,0.958644,0.957136,0.956052,0.945273,0.952432,0.954963,0.952499,0.955090,0.949927,0.955819,0.955350,0.951392,0.953231,0.950936,0.954645,0.956571,0.954742,0.958343,0.955096,0.958205,0.910083,0.957760,0.958599,0.958120,0.956564,0.959690,0.959242,0.959653,0.961079,0.959130,0.958614
allando_v_sin_a2_f5_v10,0.970357,0.897407,0.897753,0.895995,0.896205,0.895922,0.894674,0.894496,0.894660,0.894438,0.960021,0.955266,0.952518,0.951027,0.940869,0.939337,0.937346,0.917134,0.928135,0.929466,0.921863,0.917059,0.918517,0.914499,0.902575,0.898245,0.896867,0.897790,0.972334,0.891977,0.895360,0.896466,0.895976,0.895740,0.894214,0.892895,0.892261,0.892750,0.960561,0.954508,0.951120,0.946785,0.937664,0.936673,0.933366,0.916337,0.924701,0.927856,0.920816,0.916566,0.915167,0.914567,0.912061,0.911270,0.899328,0.896367,1.000000,0.910926,0.909763,0.907589,0.901702,0.899266,0.898413,0.901929,0.898539,0.898735,0.969143,0.963919,0.958024,0.952815,0.949608,0.946635,0.944147,0.947404,0.935016,0.936764,0.929933,0.921419,0.927301,0.927752,0.933256,0.924249,0.918834,0.917373,0.972326,0.911472,0.909766,0.913378,0.916239,0.907691,0.907667,0.903760,0.906382,0.902929,0.952968,0.946654,0.942644,0.939532,0.936859,0.933288,0.928905,0.936669,0.930028,0.922795,0.921710,0.916140,0.916113,0.923493,0.922010,0.922724,0.915671,0.916899,0.940261,0.891531,0.891814,0.890658,0.891555,0.890199,0.889709,0.889274,0.889589,0.889004,0.927803,0.917804,0.915063,0.909244,0.904893,0.902676,0.899259,0.906447,0.899138,0.896138,0.891438,0.889310,0.889072,0.889874,0.893265,0.894391,0.893859,0.893857,0.934911,0.889303,0.888295,0.888261,0.886959,0.889040,0.887993,0.885127,0.888855,0.885242,0.925059,0.912842,0.908996,0.907700,0.903406,0.905350,0.901723,0.913231,0.901626,0.899287,0.896022,0.893450,0.890329,0.890172,0.889248,0.887876,0.889860,0.888550,0.944885,0.888186,0.887344,0.888171,0.885887,0.886045,0.887235,0.887024,0.883045,0.881386,0.936563,0.923613,0.920678,0.917338,0.918502,0.915855,0.913324,0.930402,0.912966,0.912452,0.907306,0.905396,0.905009,0.903549,0.895416,0.894923,0.900759,0.899546,0.934437,0.887899,0.891240,0.884668,0.884500,0.879584,0.882365,0.882219,0.878634,0.877142,0.924392,0.915594,0.910197,0.903483,0.905797,0.904240,0.904150,0.919955,0.904588,0.904083,0.900760,0.899238,0.902169,0.900344,0.894471,0.896074,0.899047,0.898562
allando_v_sin_a2_f5_v100,0.896839,0.960490,0.958365,0.956599,0.959398,0.958123,0.957206,0.955386,0.957873,0.958649,0.908528,0.917525,0.922267,0.927043,0.933393,0.939840,0.946231,0.853388,0.944911,0.947275,0.948612,0.956176,0.958397,0.963911,0.962120,0.960540,0.959066,0.961229,0.897074,0.956374,0.956559,0.952303,0.951360,0.949898,0.952155,0.950220,0.948425,0.949763,0.914549,0.923936,0.930678,0.933194,0.938925,0.944068,0.947568,0.853970,0.946446,0.948712,0.950505,0.957666,0.959325,0.961776,0.957299,0.967559,0.959523,0.958687,0.910926,1.000000,0.988860,0.976282,0.973803,0.965459,0.964297,0.963699,0.962599,0.962667,0.930136,0.933105,0.937000,0.938254,0.948904,0.950970,0.955449,0.871192,0.954421,0.954484,0.957607,0.959132,0.966647,0.973807,0.973288,0.970809,0.977816,0.981260,0.918628,0.978428,0.978830,0.970868,0.968903,0.967146,0.969494,0.965664,0.967517,0.967060,0.929275,0.932207,0.940785,0.939819,0.942428,0.947355,0.949588,0.871962,0.948006,0.943042,0.947861,0.950042,0.954187,0.962093,0.954721,0.962849,0.964567,0.965543,0.930750,0.961221,0.963868,0.961693,0.962559,0.961087,0.963515,0.961886,0.960854,0.960494,0.940034,0.940853,0.951693,0.953765,0.954838,0.956692,0.960023,0.887308,0.962743,0.963797,0.962029,0.963191,0.960359,0.959930,0.962027,0.962441,0.963024,0.963339,0.941982,0.961637,0.962488,0.962492,0.962565,0.962558,0.962645,0.959865,0.963054,0.963596,0.949343,0.950129,0.956173,0.957380,0.957490,0.959737,0.959909,0.897728,0.960189,0.964233,0.962765,0.961516,0.961918,0.962141,0.961535,0.960436,0.960405,0.962906,0.956462,0.962026,0.963940,0.969831,0.972859,0.972287,0.968532,0.966775,0.963729,0.961938,0.963278,0.960984,0.962341,0.964548,0.965635,0.963665,0.964252,0.915048,0.966384,0.968303,0.965568,0.964167,0.968834,0.968261,0.966662,0.965946,0.963575,0.963178,0.948208,0.958992,0.961656,0.971288,0.969261,0.962177,0.959650,0.963926,0.956932,0.959762,0.955602,0.959563,0.959571,0.957019,0.960086,0.957449,0.961293,0.912276,0.959194,0.960752,0.960545,0.957898,0.961391,0.960440,0.963090,0.961287,0.959353,0.961653
allando_v_sin_a2_f5_v105,0.896429,0.961689,0.961369,0.960460,0.961601,0.960999,0.960130,0.960843,0.960106,0.960512,0.909499,0.916689,0.921970,0.925397,0.932436,0.940799,0.945118,0.853732,0.946844,0.948038,0.950247,0.959048,0.960618,0.969208,0.965194,0.961921,0.963591,0.962501,0.896391,0.958239,0.959828,0.954931,0.956106,0.952946,0.953587,0.954031,0.951248,0.952100,0.915233,0.924325,0.929494,0.931792,0.938375,0.945672,0.948316,0.854210,0.949840,0.949440,0.952261,0.959593,0.962638,0.965201,0.956935,0.971853,0.964314,0.963477,0.909763,0.988860,1.000000,0.979025,0.977173,0.969053,0.967030,0.965817,0.966490,0.966815,0.931977,0.933019,0.935822,0.937208,0.948058,0.948632,0.953950,0.871023,0.954770,0.955572,0.958654,0.960779,0.968787,0.973756,0.972617,0.969003,0.975912,0.981183,0.917663,0.976174,0.976796,0.972486,0.970704,0.969181,0.971199,0.967998,0.971299,0.969655,0.929942,0.932019,0.940672,0.942230,0.942967,0.949807,0.948383,0.872059,0.950647,0.947270,0.950734,0.953185,0.956360,0.964920,0.954533,0.961092,0.965888,0.965871,0.932720,0.963903,0.965184,0.964195,0.965102,0.962562,0.965417,0.963675,0.963646,0.962872,0.940006,0.943555,0.951994,0.954652,0.955251,0.958127,0.961923,0.887568,0.963461,0.964477,0.963369,0.964256,0.962645,0.962737,0.963328,0.964236,0.964531,0.965022,0.944111,0.964919,0.965162,0.965545,0.964644,0.964680,0.964684,0.962327,0.964390,0.965799,0.949959,0.950831,0.957437,0.958170,0.957931,0.960806,0.960201,0.899002,0.962072,0.966158,0.964308,0.964153,0.965461,0.963603,0.963975,0.963970,0.963382,0.964473,0.957653,0.963529,0.965110,0.969607,0.971868,0.972893,0.970568,0.968078,0.965798,0.964404,0.962607,0.963503,0.961913,0.965609,0.966529,0.965191,0.964632,0.913937,0.967117,0.968810,0.967648,0.967119,0.969735,0.971562,0.969925,0.969944,0.964358,0.964805,0.950661,0.958780,0.964560,0.969589,0.968850,0.964244,0.964102,0.966476,0.960071,0.962653,0.956565,0.962185,0.961436,0.959110,0.960902,0.959184,0.962871,0.913613,0.962031,0.962850,0.961579,0.960190,0.964068,0.963520,0.964237,0.965960,0.960050,0.962910
allando_v_sin_a2_f5_v110,0.893164,0.959411,0.958898,0.958165,0.957771,0.958723,0.957810,0.956634,0.958302,0.958300,0.909710,0.919484,0.920620,0.924181,0.931617,0.936058,0.943789,0.851179,0.941952,0.945444,0.947114,0.951985,0.956330,0.962850,0.958774,0.955470,0.958733,0.960851,0.893816,0.957210,0.957060,0.951762,0.951509,0.950501,0.951276,0.951039,0.949273,0.949575,0.916016,0.927344,0.929177,0.929244,0.936751,0.940515,0.946440,0.851816,0.943027,0.945113,0.948067,0.952531,0.955914,0.958776,0.954250,0.966602,0.959822,0.956984,0.907589,0.976282,0.979025,1.000000,0.975616,0.969871,0.962814,0.963650,0.962020,0.963603,0.933773,0.937604,0.935865,0.934927,0.945485,0.946113,0.952399,0.869268,0.948185,0.949321,0.953207,0.952967,0.960861,0.966279,0.966669,0.962082,0.968455,0.969337,0.915853,0.970164,0.970600,0.971545,0.971699,0.970545,0.973301,0.972155,0.973012,0.974367,0.930923,0.935503,0.938305,0.938199,0.941928,0.943716,0.946222,0.870811,0.943570,0.941556,0.945884,0.947001,0.949387,0.956235,0.951162,0.956396,0.961433,0.962667,0.930265,0.958653,0.960099,0.958698,0.960961,0.959952,0.959905,0.958666,0.959946,0.958645,0.942180,0.943220,0.949371,0.949545,0.951039,0.953431,0.957229,0.885148,0.959187,0.960492,0.958087,0.958507,0.958027,0.958891,0.959992,0.960310,0.960438,0.960257,0.940216,0.961005,0.961555,0.961507,0.961739,0.961526,0.962072,0.960146,0.962181,0.960805,0.949842,0.952096,0.953448,0.955916,0.953657,0.956746,0.955640,0.897263,0.956838,0.961920,0.958964,0.959573,0.959956,0.960822,0.961006,0.959823,0.959141,0.960662,0.951786,0.958352,0.959449,0.964132,0.964861,0.969315,0.970985,0.968710,0.965366,0.965958,0.959522,0.961936,0.962216,0.962739,0.963666,0.960446,0.960586,0.911137,0.962900,0.964792,0.962923,0.961512,0.964655,0.965270,0.962945,0.962304,0.960445,0.959426,0.946750,0.952215,0.958757,0.960649,0.960156,0.963192,0.962619,0.963333,0.959600,0.960139,0.950368,0.959130,0.959371,0.957250,0.956895,0.954264,0.956810,0.911118,0.957502,0.958039,0.956789,0.954335,0.958791,0.958918,0.960156,0.958637,0.959514,0.957709
allando_v_sin_a2_f5_v115,0.888911,0.966096,0.964601,0.965090,0.967019,0.966449,0.965377,0.965870,0.966495,0.965791,0.902553,0.912263,0.914794,0.919871,0.928191,0.934492,0.942080,0.848392,0.941769,0.943714,0.945248,0.950135,0.954113,0.966505,0.966996,0.964732,0.966242,0.964619,0.888835,0.964933,0.965069,0.961798,0.961491,0.961859,0.962176,0.961459,0.959956,0.960689,0.908561,0.918550,0.923009,0.926891,0.932723,0.937523,0.943679,0.849296,0.941627,0.944437,0.946356,0.950399,0.955404,0.958193,0.952493,0.968186,0.967176,0.965820,0.901702,0.973803,0.977173,0.975616,1.000000,0.974675,0.970810,0.971260,0.970692,0.973491,0.925379,0.927012,0.929514,0.930783,0.937947,0.940682,0.947106,0.864231,0.944955,0.946426,0.948984,0.948295,0.957538,0.962981,0.964556,0.960562,0.964579,0.967462,0.910730,0.964617,0.968945,0.971364,0.970530,0.968120,0.970246,0.965222,0.966940,0.968912,0.923797,0.927452,0.933415,0.934345,0.936421,0.941351,0.943045,0.866747,0.941487,0.938395,0.943526,0.942076,0.948892,0.955823,0.951536,0.956293,0.958337,0.959703,0.928521,0.967303,0.967777,0.965932,0.967073,0.966647,0.966532,0.966732,0.966292,0.965323,0.940245,0.939474,0.951720,0.953011,0.955299,0.957883,0.962527,0.884027,0.964066,0.965391,0.963942,0.965398,0.964000,0.964918,0.965201,0.966802,0.967273,0.966610,0.940586,0.967964,0.968110,0.970711,0.969616,0.968426,0.967951,0.966382,0.968818,0.967843,0.947732,0.950378,0.955478,0.958766,0.957690,0.959937,0.959601,0.894410,0.961613,0.966081,0.963564,0.963482,0.967634,0.967109,0.966035,0.966749,0.967800,0.968830,0.950769,0.960743,0.962233,0.967186,0.968297,0.969496,0.970037,0.968441,0.967128,0.964947,0.957287,0.959606,0.960463,0.962754,0.963910,0.962089,0.962084,0.907385,0.964849,0.966426,0.965421,0.963972,0.969604,0.968684,0.965684,0.965995,0.962806,0.962865,0.948864,0.957650,0.962103,0.962311,0.964639,0.962823,0.967094,0.964779,0.961458,0.961502,0.952123,0.958375,0.958949,0.956738,0.959398,0.958508,0.960185,0.909525,0.961151,0.961362,0.961809,0.959018,0.964972,0.962920,0.963832,0.964949,0.961102,0.960827
allando_v_sin_a2_f5_v120,0.886931,0.966052,0.965708,0.966239,0.966455,0.966331,0.965532,0.965373,0.966184,0.965148,0.900326,0.908729,0.914333,0.917782,0.925143,0.931380,0.939492,0.849955,0.938884,0.938861,0.940410,0.945498,0.949596,0.961050,0.967565,0.964716,0.965871,0.966879,0.888090,0.967295,0.966185,0.965149,0.963355,0.963923,0.964565,0.964733,0.963753,0.966586,0.906676,0.916050,0.922058,0.921881,0.927238,0.932541,0.935909,0.851975,0.934695,0.935930,0.936735,0.943691,0.948549,0.952546,0.943636,0.963035,0.970879,0.966906,0.899266,0.965459,0.969053,0.969871,0.974675,1.000000,0.973055,0.972913,0.975406,0.975827,0.920039,0.925050,0.926954,0.927877,0.935086,0.937236,0.941722,0.865704,0.937550,0.938796,0.941848,0.941321,0.950721,0.954057,0.956321,0.952530,0.957917,0.960640,0.905722,0.957486,0.959887,0.962431,0.961312,0.961193,0.962288,0.959243,0.962184,0.962255,0.918911,0.925195,0.930467,0.930705,0.932963,0.938234,0.936809,0.865233,0.936203,0.931257,0.935634,0.936710,0.941706,0.949074,0.943870,0.949268,0.951499,0.953287,0.928040,0.961532,0.964664,0.963339,0.962973,0.962179,0.964413,0.962898,0.963103,0.961465,0.934334,0.938482,0.946530,0.948903,0.951881,0.953482,0.957078,0.884142,0.959769,0.960860,0.958755,0.959589,0.959467,0.959800,0.961815,0.961928,0.961498,0.962520,0.936514,0.966546,0.967035,0.965571,0.967216,0.963787,0.963771,0.963393,0.966837,0.968129,0.943951,0.945315,0.949244,0.951447,0.950172,0.953343,0.953403,0.894680,0.952411,0.958563,0.957340,0.958027,0.963924,0.961490,0.961812,0.964823,0.966144,0.966121,0.945070,0.956357,0.957344,0.961732,0.961228,0.961622,0.964476,0.963698,0.962845,0.961519,0.952527,0.952725,0.954753,0.956331,0.957637,0.954785,0.955120,0.907575,0.957644,0.959874,0.959715,0.956754,0.960530,0.963639,0.961450,0.961682,0.958862,0.957675,0.943879,0.951982,0.956311,0.955717,0.957557,0.956292,0.961032,0.959747,0.957043,0.956996,0.948394,0.953993,0.953800,0.952984,0.953612,0.951612,0.954817,0.909955,0.954653,0.956369,0.954179,0.954040,0.957321,0.958190,0.958105,0.958753,0.955306,0.954818
allando_v_sin_a2_f5_v125,0.888883,0.967238,0.966949,0.964597,0.967713,0.967296,0.967287,0.967295,0.967461,0.967446,0.901275,0.908232,0.912141,0.916768,0.921572,0.927776,0.935882,0.849728,0.935411,0.936894,0.938528,0.943339,0.946674,0.957714,0.968365,0.964535,0.966809,0.967191,0.885470,0.965359,0.965838,0.966722,0.967419,0.966653,0.966858,0.967274,0.966988,0.967496,0.903971,0.913100,0.918046,0.921595,0.925230,0.930043,0.935637,0.850462,0.935593,0.935677,0.937879,0.940052,0.945853,0.949026,0.944302,0.963846,0.971363,0.969924,0.898413,0.964297,0.967030,0.962814,0.970810,0.973055,1.000000,0.981436,0.978064,0.977658,0.918808,0.921350,0.925172,0.925495,0.932980,0.934897,0.939232,0.865272,0.937104,0.936552,0.940229,0.938364,0.947961,0.952373,0.954537,0.950844,0.957524,0.959350,0.905835,0.955154,0.957823,0.957783,0.960847,0.956937,0.958807,0.956437,0.959146,0.959704,0.918920,0.922488,0.926807,0.927869,0.930060,0.934496,0.934530,0.865905,0.934913,0.930360,0.934184,0.932654,0.937918,0.944584,0.942560,0.945560,0.950039,0.950084,0.926106,0.964008,0.964129,0.964240,0.962550,0.962597,0.965544,0.964075,0.963420,0.963076,0.935416,0.936652,0.943912,0.948644,0.950274,0.951922,0.956333,0.884871,0.958446,0.959340,0.957296,0.958476,0.957706,0.959276,0.961181,0.962128,0.962781,0.962724,0.936295,0.967524,0.966775,0.966944,0.966611,0.966495,0.966773,0.966170,0.968592,0.967115,0.943829,0.944571,0.947685,0.952739,0.950815,0.953835,0.953273,0.894172,0.954033,0.959125,0.959612,0.957974,0.963897,0.963176,0.963165,0.965360,0.967248,0.968620,0.946662,0.955609,0.956516,0.957920,0.961094,0.962135,0.962491,0.963430,0.960677,0.960384,0.950954,0.953731,0.952925,0.957783,0.959541,0.957788,0.956142,0.905857,0.959175,0.960647,0.960568,0.960634,0.963209,0.963623,0.959236,0.960175,0.957663,0.956882,0.941267,0.952833,0.957201,0.956577,0.957034,0.954185,0.957978,0.959194,0.958647,0.958878,0.944349,0.953611,0.954681,0.953556,0.955994,0.954402,0.955267,0.906233,0.954308,0.956194,0.955408,0.953578,0.957364,0.955483,0.957873,0.958866,0.956765,0.954655
allando_v_sin_a2_f5_v130,0.888789,0.965723,0.966692,0.967752,0.967617,0.967517,0.966844,0.967713,0.967850,0.967260,0.901280,0.909005,0.916569,0.919643,0.925472,0.931068,0.937534,0.851351,0.937310,0.938372,0.939050,0.942836,0.949321,0.957003,0.967523,0.964643,0.966327,0.965211,0.887658,0.968814,0.968970,0.965154,0.965503,0.965877,0.965542,0.965660,0.965179,0.966656,0.905562,0.916295,0.920071,0.922661,0.928870,0.934866,0.937376,0.851897,0.936808,0.937461,0.939723,0.942384,0.948046,0.948931,0.945326,0.963605,0.970737,0.969325,0.901929,0.963699,0.965817,0.963650,0.971260,0.972913,0.981436,1.000000,0.980647,0.978616,0.921608,0.925164,0.927267,0.928741,0.936035,0.937978,0.941891,0.868638,0.939429,0.938796,0.942224,0.940396,0.950983,0.956433,0.957442,0.951747,0.957247,0.959535,0.909113,0.954326,0.957068,0.957070,0.960395,0.957413,0.958738,0.958090,0.958164,0.959560,0.921433,0.925155,0.930147,0.930997,0.931610,0.937351,0.936194,0.869108,0.934508,0.931247,0.935696,0.934375,0.940693,0.946104,0.942233,0.946043,0.951227,0.951333,0.927806,0.963663,0.963521,0.963629,0.963732,0.962326,0.963903,0.963636,0.963981,0.963637,0.936827,0.939510,0.946158,0.948660,0.951155,0.952304,0.956699,0.884490,0.958680,0.960436,0.958743,0.960261,0.959336,0.959074,0.961240,0.961546,0.962534,0.961525,0.936727,0.965506,0.965209,0.965129,0.966397,0.966151,0.966467,0.965761,0.967400,0.968175,0.943498,0.945185,0.948806,0.951663,0.950686,0.952895,0.953048,0.895301,0.955464,0.959801,0.958039,0.958400,0.964344,0.963383,0.962482,0.964303,0.967186,0.967652,0.945039,0.953118,0.955922,0.957522,0.960049,0.961152,0.962608,0.962483,0.960765,0.959896,0.951014,0.951811,0.953796,0.956683,0.958030,0.957553,0.956362,0.907703,0.958768,0.960156,0.958304,0.959675,0.962649,0.963829,0.960340,0.959622,0.958139,0.956575,0.942935,0.955104,0.953315,0.954177,0.954987,0.955175,0.959974,0.956975,0.955648,0.955791,0.947330,0.953305,0.953047,0.952276,0.953473,0.951891,0.953962,0.910026,0.954725,0.956427,0.957092,0.956248,0.957265,0.956755,0.960596,0.958450,0.955396,0.955151
allando_v_sin_a2_f5_v135,0.885363,0.965997,0.969128,0.968111,0.968514,0.969043,0.967866,0.967681,0.968858,0.968403,0.898624,0.910144,0.913270,0.915804,0.921227,0.927029,0.933904,0.850960,0.933329,0.933887,0.935157,0.939709,0.944782,0.956929,0.967404,0.963860,0.966572,0.966960,0.885866,0.969408,0.969999,0.965006,0.967557,0.965240,0.965698,0.965341,0.966815,0.968028,0.903687,0.912745,0.920065,0.920646,0.923666,0.928829,0.933637,0.849548,0.931494,0.931799,0.936753,0.938968,0.944938,0.947999,0.943105,0.962407,0.971570,0.970408,0.898539,0.962599,0.966490,0.962020,0.970692,0.975406,0.978064,0.980647,1.000000,0.977165,0.919105,0.921814,0.924416,0.925647,0.931933,0.934697,0.938929,0.865272,0.936392,0.935650,0.938785,0.935646,0.947414,0.950434,0.953328,0.949349,0.955689,0.958326,0.904167,0.951755,0.955595,0.954898,0.955878,0.955364,0.958334,0.957330,0.958614,0.958311,0.917164,0.921189,0.926506,0.928361,0.928104,0.933368,0.934570,0.863972,0.932623,0.927620,0.933458,0.932475,0.939713,0.944826,0.940930,0.943397,0.947714,0.950752,0.925616,0.962976,0.962770,0.963255,0.962474,0.960907,0.963669,0.963996,0.964070,0.962826,0.935080,0.936567,0.943484,0.946588,0.949260,0.949602,0.954708,0.881207,0.956620,0.958386,0.956054,0.957761,0.957688,0.958264,0.959108,0.961355,0.961744,0.960749,0.934170,0.965896,0.968109,0.963869,0.966132,0.963903,0.965542,0.966405,0.967759,0.965584,0.940281,0.941651,0.946626,0.949150,0.949305,0.950448,0.950193,0.891641,0.952697,0.957477,0.958016,0.956234,0.961953,0.963837,0.963364,0.962806,0.966011,0.967614,0.944786,0.957833,0.957130,0.959073,0.960202,0.960601,0.960588,0.962177,0.961363,0.961863,0.949415,0.953001,0.952458,0.957295,0.957368,0.956423,0.955389,0.905083,0.958305,0.959630,0.958632,0.957947,0.961032,0.962381,0.959978,0.960353,0.956173,0.956497,0.940216,0.952499,0.955670,0.954190,0.956053,0.952615,0.960229,0.958324,0.957988,0.961185,0.945128,0.953704,0.954363,0.952356,0.954202,0.952673,0.954212,0.903579,0.953625,0.953760,0.953199,0.954534,0.957402,0.955368,0.958492,0.959611,0.955798,0.955959
allando_v_sin_a2_f5_v140,0.887514,0.967728,0.969636,0.967891,0.969920,0.968800,0.969020,0.968532,0.969219,0.969961,0.899561,0.908549,0.912248,0.915277,0.920925,0.926988,0.933468,0.850594,0.933078,0.933920,0.935771,0.939563,0.945163,0.955089,0.968043,0.965926,0.966596,0.968947,0.885452,0.967461,0.972483,0.970186,0.968992,0.970119,0.969452,0.971088,0.969690,0.966953,0.903645,0.913238,0.918720,0.921013,0.925186,0.930180,0.934818,0.849735,0.933431,0.933974,0.936226,0.940397,0.944794,0.948291,0.943410,0.962375,0.968872,0.968960,0.898735,0.962667,0.966815,0.963603,0.973491,0.975827,0.977658,0.978616,0.977165,1.000000,0.921027,0.923666,0.926810,0.927335,0.935333,0.938747,0.941591,0.865302,0.936873,0.939145,0.941489,0.937540,0.947703,0.952477,0.955187,0.950742,0.958010,0.959222,0.905966,0.955736,0.956629,0.957692,0.957916,0.956781,0.958599,0.959286,0.959492,0.960302,0.918423,0.922589,0.928515,0.929631,0.930310,0.934753,0.934348,0.865257,0.933528,0.929610,0.933898,0.932368,0.938892,0.945392,0.941892,0.946466,0.949460,0.950912,0.925920,0.965044,0.965411,0.964438,0.963620,0.962695,0.965264,0.964527,0.964311,0.964466,0.934334,0.938027,0.945044,0.946997,0.951454,0.951391,0.956926,0.886035,0.959002,0.959819,0.957672,0.958583,0.959167,0.961130,0.961077,0.963667,0.963343,0.963906,0.933222,0.964331,0.966629,0.965639,0.967598,0.967220,0.965574,0.966554,0.968475,0.967232,0.941268,0.942095,0.946778,0.949614,0.948285,0.951551,0.951996,0.893853,0.953654,0.957515,0.958396,0.958954,0.964818,0.964965,0.963205,0.962842,0.966566,0.966383,0.945256,0.955790,0.957257,0.958043,0.960227,0.960327,0.962031,0.961122,0.960838,0.962373,0.951767,0.953790,0.954730,0.956879,0.959046,0.957987,0.957621,0.906476,0.959921,0.960487,0.960557,0.960090,0.963316,0.963837,0.960385,0.960762,0.956745,0.956621,0.942388,0.948970,0.957717,0.955976,0.956918,0.955563,0.959449,0.959145,0.959801,0.961247,0.946086,0.954078,0.952423,0.953462,0.954484,0.952555,0.954893,0.906616,0.952962,0.955787,0.955744,0.952954,0.955994,0.955806,0.957812,0.958957,0.954820,0.953504
allando_v_sin_a2_f5_v15,0.944703,0.914758,0.915391,0.912837,0.913919,0.913304,0.912420,0.912006,0.912302,0.911810,0.968113,0.960612,0.959152,0.953142,0.951639,0.950607,0.954179,0.909640,0.945011,0.944211,0.935522,0.933092,0.933434,0.926978,0.919230,0.916299,0.914919,0.915587,0.947367,0.909269,0.913035,0.912410,0.912595,0.911589,0.911875,0.910506,0.909481,0.909803,0.976363,0.962855,0.962993,0.954217,0.952638,0.950248,0.948915,0.908333,0.941684,0.938391,0.935236,0.928916,0.931606,0.929062,0.919520,0.921988,0.917471,0.913977,0.969143,0.930136,0.931977,0.933773,0.925379,0.920039,0.918808,0.921608,0.919105,0.921027,1.000000,0.977937,0.973139,0.962261,0.964117,0.961935,0.961902,0.937758,0.952224,0.949121,0.945317,0.936158,0.942530,0.940743,0.939281,0.931084,0.933995,0.932576,0.965059,0.928852,0.926210,0.932549,0.930196,0.934827,0.929591,0.936227,0.935949,0.927925,0.980369,0.963123,0.957869,0.955075,0.951132,0.948066,0.945254,0.928899,0.943706,0.936835,0.936524,0.930144,0.930958,0.934030,0.928117,0.928670,0.929083,0.932034,0.937887,0.913038,0.913272,0.912340,0.913108,0.911698,0.911830,0.911073,0.911033,0.910681,0.956485,0.936179,0.933440,0.927018,0.922236,0.920603,0.920011,0.911234,0.919584,0.918208,0.914889,0.912383,0.912541,0.912730,0.914712,0.915505,0.914771,0.914357,0.937437,0.910860,0.911167,0.909911,0.909062,0.911720,0.909851,0.907559,0.909837,0.907427,0.940273,0.931993,0.928522,0.926199,0.922258,0.922068,0.919863,0.918716,0.920024,0.919938,0.917502,0.915072,0.912403,0.912134,0.911458,0.910059,0.912384,0.910444,0.952679,0.905411,0.906826,0.910311,0.909869,0.910636,0.912327,0.911840,0.909501,0.908077,0.951345,0.949419,0.940091,0.939247,0.939770,0.935993,0.933286,0.935496,0.934697,0.934097,0.928910,0.926107,0.927848,0.922276,0.916198,0.915192,0.909679,0.910012,0.943742,0.904522,0.908974,0.904915,0.906310,0.902501,0.908529,0.907057,0.906902,0.905106,0.931765,0.931161,0.931288,0.925103,0.924740,0.924263,0.923574,0.927899,0.923993,0.923109,0.920441,0.918583,0.922984,0.915806,0.913814,0.914378,0.910944,0.908930
allando_v_sin_a2_f5_v20,0.942628,0.918074,0.918234,0.916083,0.916316,0.916259,0.915617,0.915779,0.915810,0.915654,0.951927,0.976040,0.961012,0.961328,0.957887,0.954693,0.958647,0.906394,0.947648,0.943084,0.937155,0.935171,0.937142,0.931120,0.920667,0.919695,0.917659,0.918602,0.945571,0.912205,0.915723,0.915504,0.915869,0.915098,0.914604,0.913825,0.913070,0.913435,0.957602,0.979464,0.965503,0.961151,0.958734,0.954979,0.954275,0.905772,0.947089,0.941354,0.935908,0.930820,0.933409,0.932791,0.923785,0.926425,0.918885,0.919675,0.963919,0.933105,0.933019,0.937604,0.927012,0.925050,0.921350,0.925164,0.921814,0.923666,0.977937,1.000000,0.976718,0.969440,0.968937,0.964125,0.965511,0.932635,0.955240,0.949236,0.946333,0.936665,0.944688,0.944115,0.944997,0.936066,0.934248,0.936400,0.960572,0.932755,0.929766,0.935650,0.937964,0.934083,0.934736,0.932646,0.933059,0.933493,0.968105,0.980817,0.963568,0.958179,0.956127,0.953052,0.950292,0.925718,0.946549,0.936539,0.937899,0.931592,0.932775,0.938663,0.934930,0.933800,0.933240,0.934705,0.939714,0.916330,0.916817,0.915996,0.918445,0.917151,0.915589,0.915972,0.916718,0.916981,0.948261,0.950150,0.940968,0.932667,0.926999,0.927100,0.925884,0.912982,0.925086,0.922520,0.918473,0.915911,0.915934,0.917032,0.918766,0.920012,0.919500,0.919192,0.938273,0.915181,0.915251,0.915174,0.914338,0.917181,0.915592,0.913082,0.914942,0.913072,0.942977,0.940670,0.937836,0.932851,0.926868,0.928214,0.926044,0.920580,0.924688,0.925429,0.922262,0.918884,0.916691,0.915873,0.915102,0.914408,0.916011,0.914221,0.952840,0.910134,0.911014,0.914815,0.912312,0.913436,0.917299,0.917307,0.914181,0.912498,0.952234,0.948336,0.947557,0.947358,0.944805,0.941258,0.938855,0.934361,0.940129,0.939485,0.934263,0.928920,0.930266,0.926433,0.919960,0.918964,0.918425,0.916277,0.945463,0.907641,0.911181,0.907878,0.908918,0.905212,0.911996,0.910992,0.911045,0.909403,0.934562,0.935182,0.934592,0.934973,0.931152,0.928651,0.927799,0.929384,0.929175,0.928199,0.925202,0.922302,0.925298,0.920041,0.915847,0.917413,0.916621,0.913398
allando_v_sin_a2_f5_v25,0.938243,0.923869,0.925983,0.923015,0.920757,0.921060,0.920286,0.920395,0.920667,0.920510,0.946941,0.952691,0.975039,0.970161,0.965030,0.962698,0.960580,0.901360,0.954578,0.947976,0.942283,0.940920,0.939171,0.936463,0.931071,0.923771,0.925417,0.926546,0.938844,0.917080,0.924148,0.919281,0.923274,0.918571,0.918547,0.917514,0.916879,0.920009,0.952349,0.957577,0.981166,0.973954,0.967215,0.963686,0.959137,0.901837,0.955501,0.944903,0.943228,0.935519,0.937589,0.936946,0.928631,0.928413,0.928259,0.921456,0.958024,0.937000,0.935822,0.935865,0.929514,0.926954,0.925172,0.927267,0.924416,0.926810,0.973139,0.976718,1.000000,0.984912,0.981283,0.973110,0.972939,0.927980,0.963677,0.958879,0.953095,0.943391,0.949958,0.950482,0.946899,0.941139,0.941285,0.942363,0.957277,0.936725,0.934063,0.940532,0.935683,0.935465,0.932806,0.934481,0.935166,0.929654,0.968050,0.963394,0.975410,0.973739,0.964585,0.959770,0.954606,0.920175,0.952638,0.943911,0.941178,0.937556,0.936775,0.942986,0.935367,0.937376,0.937789,0.939298,0.940298,0.922671,0.923263,0.923562,0.923580,0.922511,0.923299,0.920754,0.921246,0.922137,0.947840,0.942483,0.951933,0.947835,0.943572,0.936738,0.935213,0.913473,0.934044,0.930313,0.925272,0.923035,0.922464,0.923213,0.923853,0.926175,0.925624,0.925899,0.943357,0.921177,0.920408,0.919718,0.919997,0.923055,0.920428,0.918067,0.919565,0.917298,0.942876,0.937166,0.941432,0.948755,0.938410,0.937486,0.931866,0.921489,0.930147,0.930580,0.928810,0.924672,0.923860,0.921619,0.920520,0.920035,0.921916,0.919199,0.957384,0.916637,0.917830,0.919502,0.917528,0.919583,0.921878,0.919720,0.917781,0.916626,0.956214,0.951196,0.946386,0.949960,0.956032,0.953684,0.948367,0.937964,0.948244,0.946981,0.941777,0.937728,0.938783,0.931864,0.928389,0.927295,0.923693,0.921802,0.949852,0.913116,0.916519,0.914329,0.913964,0.911195,0.913709,0.914300,0.911920,0.911972,0.938978,0.936744,0.933997,0.930076,0.942729,0.941400,0.938526,0.931311,0.937635,0.934448,0.930147,0.928102,0.931708,0.923550,0.922714,0.924531,0.921050,0.918955
allando_v_sin_a2_f5_v30,0.933555,0.925082,0.923109,0.921024,0.922518,0.920393,0.920714,0.919772,0.919891,0.920018,0.937217,0.945861,0.964413,0.971612,0.960949,0.963146,0.958208,0.894270,0.952667,0.946384,0.940191,0.940745,0.941258,0.936679,0.931114,0.922049,0.922880,0.923960,0.935471,0.921338,0.923058,0.918221,0.922312,0.919004,0.917309,0.916588,0.917123,0.915620,0.941830,0.950806,0.968761,0.976579,0.965411,0.964231,0.957152,0.894522,0.954169,0.947658,0.939289,0.940047,0.938291,0.941130,0.937020,0.935399,0.928634,0.925946,0.952815,0.938254,0.937208,0.934927,0.930783,0.927877,0.925495,0.928741,0.925647,0.927335,0.962261,0.969440,0.984912,1.000000,0.984786,0.977077,0.974120,0.920589,0.965397,0.963172,0.953539,0.946296,0.951226,0.953968,0.954563,0.947471,0.942910,0.945289,0.954363,0.938716,0.937202,0.940723,0.940796,0.933651,0.934779,0.932941,0.933547,0.931174,0.955996,0.957599,0.970459,0.971984,0.965632,0.960618,0.952252,0.911660,0.951514,0.944736,0.939972,0.939585,0.937881,0.946065,0.941529,0.944100,0.940202,0.939129,0.938753,0.926262,0.926228,0.925552,0.926798,0.925784,0.925252,0.924318,0.924603,0.924869,0.939987,0.941759,0.950411,0.949130,0.946680,0.943832,0.938870,0.909082,0.941029,0.932679,0.926833,0.924753,0.925253,0.925322,0.927132,0.928117,0.927681,0.928485,0.942297,0.923888,0.922893,0.922844,0.922229,0.925157,0.923310,0.921049,0.922295,0.919834,0.940763,0.937300,0.942080,0.943305,0.942631,0.943570,0.937013,0.919964,0.934821,0.935093,0.932035,0.927336,0.926943,0.923917,0.922857,0.921815,0.924302,0.921502,0.956352,0.920594,0.919932,0.921336,0.920274,0.922118,0.924166,0.921245,0.918156,0.918623,0.955589,0.951571,0.949016,0.952785,0.958117,0.957574,0.954148,0.935577,0.952353,0.951336,0.946232,0.941956,0.941703,0.936287,0.931361,0.930854,0.931874,0.930058,0.947110,0.915092,0.918094,0.917722,0.916831,0.913736,0.915532,0.916895,0.913069,0.912739,0.938974,0.937545,0.935258,0.932175,0.943882,0.943438,0.941886,0.926631,0.940303,0.938756,0.934493,0.932251,0.934797,0.930139,0.926070,0.927935,0.928473,0.926626
allando_v_sin_a2_f5_v35,0.930927,0.928492,0.928113,0.925897,0.926705,0.925520,0.924530,0.924876,0.925081,0.925108,0.937527,0.947802,0.959533,0.966069,0.970455,0.969698,0.965421,0.895496,0.958592,0.953021,0.945478,0.947044,0.946669,0.942913,0.936314,0.928681,0.928537,0.929291,0.932185,0.925956,0.928909,0.929120,0.929754,0.927052,0.925804,0.925899,0.925214,0.923861,0.944557,0.951906,0.965512,0.966758,0.975748,0.974906,0.963842,0.894377,0.960440,0.956928,0.946058,0.946104,0.945908,0.945888,0.937331,0.938728,0.934627,0.932805,0.949608,0.948904,0.948058,0.945485,0.937947,0.935086,0.932980,0.936035,0.931933,0.935333,0.964117,0.968937,0.981283,0.984786,1.000000,0.987263,0.983246,0.922131,0.973016,0.968377,0.961549,0.953132,0.958448,0.958372,0.956958,0.949568,0.951978,0.951727,0.949837,0.946038,0.941285,0.945714,0.942931,0.940875,0.940855,0.938595,0.939184,0.939349,0.959193,0.960505,0.968897,0.972058,0.976976,0.969792,0.961017,0.913267,0.960275,0.950539,0.947832,0.944737,0.944763,0.948782,0.941775,0.946328,0.948766,0.947546,0.940441,0.933449,0.934314,0.933726,0.934240,0.933661,0.932632,0.931931,0.932420,0.931994,0.946153,0.946126,0.953268,0.948947,0.947928,0.952071,0.952980,0.910774,0.949146,0.942586,0.934922,0.933823,0.934769,0.934320,0.936464,0.936394,0.936306,0.936125,0.944973,0.931681,0.930834,0.930043,0.929735,0.932501,0.930997,0.928512,0.930082,0.927808,0.947605,0.943985,0.947169,0.945180,0.942731,0.947613,0.947665,0.922680,0.944643,0.944073,0.938951,0.935222,0.934082,0.931975,0.930840,0.929953,0.931125,0.929446,0.962164,0.929931,0.930186,0.931699,0.929343,0.929276,0.929984,0.928973,0.926751,0.926504,0.961910,0.958928,0.955804,0.959018,0.961409,0.960452,0.963386,0.939827,0.962232,0.960028,0.954591,0.949392,0.948523,0.941906,0.937747,0.936554,0.935177,0.932453,0.952848,0.925253,0.927143,0.923796,0.922766,0.919792,0.922554,0.924818,0.922242,0.922457,0.947470,0.945600,0.942470,0.941087,0.945603,0.944997,0.948772,0.931199,0.949788,0.948178,0.942291,0.938233,0.940469,0.934226,0.932336,0.933327,0.931694,0.929151
allando_v_sin_a2_f5_v40,0.927895,0.932678,0.931681,0.932247,0.929487,0.928439,0.927823,0.927683,0.927989,0.927739,0.935845,0.942535,0.955955,0.958784,0.966518,0.973177,0.964800,0.895474,0.964032,0.955774,0.947717,0.950277,0.952030,0.948349,0.940699,0.935064,0.932884,0.931934,0.929755,0.930728,0.931402,0.929396,0.930208,0.928678,0.927489,0.927808,0.926289,0.926172,0.941578,0.947719,0.959005,0.960633,0.971033,0.978817,0.965585,0.894536,0.965902,0.955595,0.949982,0.948911,0.951397,0.948733,0.940096,0.941443,0.936881,0.932781,0.946635,0.950970,0.948632,0.946113,0.940682,0.937236,0.934897,0.937978,0.934697,0.938747,0.961935,0.964125,0.973110,0.977077,0.987263,1.000000,0.984591,0.920526,0.978931,0.971049,0.964245,0.959485,0.964792,0.962852,0.959366,0.947931,0.950303,0.951386,0.945964,0.947884,0.943655,0.947442,0.944765,0.943076,0.942242,0.940594,0.942596,0.940653,0.955772,0.954512,0.962332,0.969724,0.970601,0.978690,0.962878,0.912023,0.961919,0.953707,0.950099,0.949544,0.949492,0.953035,0.943661,0.945388,0.948028,0.948713,0.940701,0.936549,0.937184,0.935476,0.936617,0.935960,0.934977,0.934648,0.935071,0.934256,0.944120,0.945575,0.948056,0.946118,0.946092,0.948374,0.949592,0.913386,0.950265,0.946478,0.940318,0.939729,0.939095,0.937437,0.938911,0.940279,0.939176,0.938893,0.945502,0.933876,0.933297,0.933012,0.932307,0.935776,0.934998,0.931410,0.933350,0.930981,0.946319,0.943924,0.947480,0.944496,0.943273,0.945421,0.946389,0.921839,0.949223,0.946229,0.942369,0.938677,0.936350,0.935503,0.934508,0.933809,0.935004,0.931958,0.964258,0.930914,0.932444,0.934336,0.932198,0.931903,0.932687,0.932042,0.929418,0.929457,0.962301,0.959709,0.955660,0.959021,0.960681,0.961895,0.963869,0.939420,0.965140,0.962495,0.956719,0.951004,0.951292,0.947558,0.943148,0.941981,0.936686,0.935858,0.953763,0.925138,0.929318,0.927025,0.928202,0.921351,0.927527,0.925893,0.923281,0.922021,0.945077,0.945498,0.943074,0.940746,0.944508,0.945420,0.948456,0.930867,0.951622,0.949834,0.945804,0.941992,0.944128,0.936912,0.938629,0.938712,0.931736,0.932173
allando_v_sin_a2_f5_v45,0.925791,0.937574,0.935577,0.933898,0.932903,0.932968,0.933147,0.932229,0.932377,0.932137,0.935364,0.944822,0.953886,0.956929,0.960975,0.965145,0.975336,0.895265,0.965547,0.957618,0.949024,0.951412,0.953731,0.949374,0.943047,0.935787,0.936206,0.938144,0.928353,0.935838,0.935826,0.935107,0.935880,0.934643,0.934393,0.933909,0.932718,0.929738,0.941473,0.950254,0.960535,0.958715,0.966176,0.969808,0.976417,0.894258,0.967173,0.959614,0.952421,0.950416,0.954683,0.950759,0.941221,0.947546,0.940823,0.940574,0.944147,0.955449,0.953950,0.952399,0.947106,0.941722,0.939232,0.941891,0.938929,0.941591,0.961902,0.965511,0.972939,0.974120,0.983246,0.984591,1.000000,0.919059,0.982803,0.972756,0.968446,0.959363,0.966637,0.964162,0.964040,0.954360,0.956216,0.955558,0.945749,0.949962,0.946571,0.950448,0.949755,0.950235,0.949210,0.948142,0.944758,0.946735,0.953689,0.956929,0.966156,0.965485,0.972798,0.970491,0.976254,0.911850,0.966427,0.955208,0.951927,0.948039,0.948955,0.952908,0.951274,0.948793,0.951089,0.951944,0.941104,0.940952,0.941736,0.939419,0.940486,0.941883,0.939078,0.938410,0.939112,0.937052,0.947571,0.947352,0.956804,0.952813,0.950231,0.947058,0.952361,0.909416,0.954090,0.955471,0.948975,0.945775,0.945979,0.944820,0.944066,0.945799,0.942613,0.942647,0.946051,0.938595,0.938199,0.939200,0.937414,0.939376,0.938861,0.934714,0.936962,0.936721,0.950913,0.949205,0.953228,0.950583,0.946843,0.948530,0.950314,0.918865,0.949479,0.951328,0.950936,0.944625,0.941488,0.940330,0.938883,0.940473,0.939366,0.936087,0.963187,0.937203,0.938178,0.938470,0.937802,0.937253,0.938249,0.937625,0.935982,0.936122,0.964877,0.963128,0.960116,0.963700,0.965591,0.963351,0.963815,0.936920,0.968097,0.967583,0.963854,0.957367,0.956687,0.950886,0.945608,0.944115,0.944045,0.940344,0.956866,0.929856,0.933089,0.929495,0.931615,0.925261,0.935832,0.929696,0.932241,0.929951,0.948307,0.950882,0.948792,0.945725,0.949316,0.948795,0.949070,0.928821,0.954084,0.955325,0.952437,0.948267,0.949065,0.942443,0.939861,0.939412,0.940859,0.935062
allando_v_sin_a2_f5_v5,0.938971,0.861294,0.863061,0.859922,0.860358,0.859574,0.858718,0.859059,0.858969,0.858867,0.933519,0.927549,0.924784,0.917334,0.912529,0.912357,0.909902,0.970730,0.903162,0.893905,0.884762,0.882570,0.883581,0.875453,0.867037,0.863897,0.862125,0.862176,0.939642,0.857393,0.863702,0.864588,0.864202,0.862960,0.861929,0.860837,0.862196,0.862839,0.925349,0.920048,0.920171,0.910537,0.909135,0.908214,0.905065,0.970076,0.897869,0.889980,0.884006,0.878265,0.880219,0.876408,0.867547,0.865902,0.862808,0.860748,0.947404,0.871192,0.871023,0.869268,0.864231,0.865704,0.865272,0.868638,0.865272,0.865302,0.937758,0.932635,0.927980,0.920589,0.922131,0.920526,0.919059,1.000000,0.909227,0.902517,0.896478,0.888150,0.893459,0.889630,0.886920,0.876786,0.877500,0.875215,0.926638,0.870566,0.866732,0.871591,0.870758,0.868004,0.865487,0.865177,0.867376,0.863744,0.922068,0.914761,0.911497,0.910124,0.907490,0.903376,0.899473,0.975192,0.896869,0.887719,0.885405,0.880340,0.879203,0.883170,0.879318,0.878009,0.875392,0.876538,0.905843,0.856201,0.857168,0.855835,0.856953,0.855702,0.855090,0.854020,0.854766,0.856050,0.899270,0.888737,0.882990,0.879539,0.872588,0.870788,0.866565,0.937683,0.866086,0.864052,0.860308,0.856055,0.855913,0.856686,0.859114,0.859213,0.858466,0.858210,0.898572,0.854981,0.853667,0.853456,0.852273,0.854870,0.853585,0.851600,0.853686,0.850431,0.893092,0.882669,0.879337,0.875010,0.870551,0.871377,0.867905,0.925219,0.867145,0.866527,0.863761,0.860379,0.856871,0.856779,0.854561,0.854662,0.855600,0.854210,0.914237,0.851001,0.850197,0.852397,0.850502,0.850284,0.851864,0.851666,0.849141,0.847079,0.908050,0.897172,0.889585,0.888499,0.889105,0.885485,0.882794,0.940519,0.883641,0.882921,0.877691,0.874529,0.871206,0.866004,0.858948,0.858552,0.855953,0.857137,0.900206,0.848523,0.850519,0.846406,0.846072,0.842546,0.850127,0.847441,0.844939,0.842809,0.886176,0.882277,0.878296,0.872605,0.872933,0.871143,0.871991,0.923492,0.872323,0.870612,0.867512,0.865492,0.866231,0.860363,0.855823,0.858031,0.855402,0.853876
allando_v_sin_a2_f5_v50,0.916874,0.932284,0.935024,0.932350,0.931603,0.930031,0.929177,0.929126,0.929555,0.929400,0.925969,0.932505,0.944791,0.946097,0.950708,0.957956,0.963221,0.884878,0.969914,0.955396,0.950532,0.954315,0.956350,0.950406,0.941933,0.935096,0.936170,0.937263,0.918446,0.932420,0.931141,0.933991,0.930518,0.929217,0.929461,0.928693,0.927443,0.928661,0.931187,0.938998,0.948506,0.949176,0.954896,0.963654,0.967737,0.884328,0.973995,0.957963,0.952588,0.951784,0.954419,0.948095,0.939534,0.943305,0.942853,0.933538,0.935016,0.954421,0.954770,0.948185,0.944955,0.937550,0.937104,0.939429,0.936392,0.936873,0.952224,0.955240,0.963677,0.965397,0.973016,0.978931,0.982803,0.909227,1.000000,0.974663,0.969033,0.968590,0.971539,0.966154,0.961199,0.951786,0.952174,0.953489,0.934658,0.948661,0.945680,0.948313,0.945333,0.944327,0.943474,0.941573,0.943147,0.940861,0.943977,0.943933,0.953054,0.960548,0.960841,0.966655,0.965784,0.901820,0.969500,0.956303,0.953030,0.952553,0.950019,0.953872,0.946635,0.944899,0.946221,0.946658,0.933401,0.938205,0.937831,0.936377,0.938659,0.937032,0.935799,0.935286,0.938107,0.935820,0.936326,0.940951,0.948851,0.948133,0.944973,0.945028,0.948972,0.902111,0.951072,0.950808,0.946098,0.946159,0.944341,0.942107,0.942583,0.942135,0.939770,0.939677,0.938907,0.935163,0.934587,0.934984,0.934458,0.936984,0.935409,0.932752,0.935427,0.933661,0.940138,0.942209,0.945369,0.943858,0.944989,0.943100,0.945533,0.911765,0.948512,0.949083,0.947506,0.944820,0.939810,0.937641,0.935787,0.936657,0.937615,0.934163,0.961649,0.932206,0.934133,0.937606,0.937656,0.936709,0.936367,0.935627,0.931607,0.932475,0.959726,0.956584,0.954151,0.958716,0.961200,0.963377,0.960614,0.931800,0.964844,0.965035,0.962335,0.957545,0.954795,0.950233,0.947374,0.944756,0.937608,0.940205,0.949756,0.924735,0.930625,0.929352,0.931779,0.924589,0.932761,0.927605,0.926638,0.924460,0.941639,0.945795,0.942678,0.941796,0.945385,0.945572,0.946707,0.923110,0.951042,0.951856,0.950038,0.945638,0.946261,0.938768,0.941016,0.939542,0.932184,0.932953
allando_v_sin_a2_f5_v55,0.917736,0.934700,0.935344,0.931811,0.933351,0.932020,0.930857,0.930247,0.930028,0.930026,0.925458,0.932530,0.938790,0.943864,0.945936,0.951197,0.956394,0.877366,0.957796,0.968066,0.961368,0.958217,0.952888,0.951907,0.941892,0.934773,0.936597,0.934846,0.919205,0.930089,0.929439,0.928711,0.928832,0.927655,0.928134,0.928339,0.925554,0.925134,0.931444,0.936581,0.943185,0.946486,0.950092,0.953812,0.956075,0.876466,0.961892,0.973491,0.961124,0.956914,0.952586,0.950568,0.943822,0.947371,0.937456,0.933972,0.936764,0.954484,0.955572,0.949321,0.946426,0.938796,0.936552,0.938796,0.935650,0.939145,0.949121,0.949236,0.958879,0.963172,0.968377,0.971049,0.972756,0.902517,0.974663,1.000000,0.981019,0.967087,0.968245,0.967657,0.965905,0.955897,0.953311,0.955204,0.936922,0.949202,0.947617,0.950651,0.950182,0.945196,0.946445,0.943251,0.944968,0.942304,0.940116,0.941973,0.948561,0.953116,0.956297,0.958911,0.958512,0.897461,0.961540,0.975374,0.963590,0.955508,0.949850,0.957631,0.945733,0.947958,0.947288,0.947664,0.933544,0.937375,0.937922,0.937606,0.938338,0.938158,0.937215,0.935467,0.936569,0.936174,0.934784,0.935851,0.944479,0.944581,0.945978,0.944382,0.946887,0.898973,0.951331,0.944539,0.943042,0.941175,0.939865,0.941052,0.940580,0.940165,0.939741,0.941827,0.939343,0.936949,0.934755,0.935301,0.933883,0.938452,0.934999,0.932946,0.935737,0.933296,0.939676,0.937164,0.945637,0.944102,0.944905,0.945819,0.946310,0.911157,0.949856,0.946458,0.943657,0.943646,0.940887,0.939882,0.937401,0.934959,0.935412,0.935016,0.961474,0.931776,0.933116,0.935636,0.934571,0.935253,0.937210,0.935969,0.932401,0.933001,0.957969,0.954604,0.953147,0.956280,0.959734,0.961008,0.960251,0.931061,0.961386,0.960128,0.957392,0.957460,0.960209,0.956612,0.946813,0.945499,0.941918,0.942088,0.954699,0.924408,0.933208,0.928336,0.931915,0.926718,0.927692,0.927258,0.924001,0.923179,0.943134,0.946918,0.943517,0.940650,0.945464,0.945862,0.946814,0.922576,0.948844,0.948772,0.947378,0.946581,0.952662,0.948088,0.941414,0.940935,0.937339,0.937062
allando_v_sin_a2_f5_v60,0.908531,0.935781,0.936327,0.934479,0.935461,0.934492,0.932190,0.933740,0.932574,0.933756,0.919060,0.930582,0.933459,0.935403,0.938042,0.944255,0.951343,0.871536,0.950974,0.960071,0.973430,0.961104,0.954605,0.950758,0.944247,0.935816,0.937909,0.936755,0.911200,0.932718,0.932646,0.930777,0.931557,0.929253,0.930001,0.930672,0.927393,0.927097,0.927519,0.934438,0.939186,0.938668,0.943730,0.946502,0.955943,0.870936,0.954752,0.964771,0.977752,0.962581,0.955258,0.953453,0.943863,0.948033,0.938693,0.935632,0.929933,0.957607,0.958654,0.953207,0.948984,0.941848,0.940229,0.942224,0.938785,0.941489,0.945317,0.946333,0.953095,0.953539,0.961549,0.964245,0.968446,0.896478,0.969033,0.981019,1.000000,0.972141,0.971213,0.968977,0.967757,0.959940,0.958360,0.957556,0.931717,0.951560,0.949900,0.951561,0.950722,0.951473,0.950647,0.947904,0.948644,0.947928,0.936859,0.938570,0.943420,0.946335,0.950163,0.953110,0.953119,0.893003,0.959662,0.964397,0.980702,0.955110,0.951212,0.958437,0.948684,0.950290,0.951349,0.954843,0.930902,0.939854,0.939503,0.938566,0.940735,0.938947,0.938739,0.937821,0.937938,0.936990,0.935268,0.936548,0.942817,0.943147,0.944004,0.943294,0.945436,0.899236,0.946417,0.943266,0.944287,0.943490,0.941542,0.942473,0.942345,0.942481,0.942722,0.941906,0.938242,0.938866,0.937720,0.938007,0.937299,0.940092,0.938540,0.935646,0.938929,0.936152,0.941939,0.941673,0.944573,0.945516,0.944273,0.945774,0.944131,0.911738,0.948554,0.947247,0.946242,0.944373,0.942292,0.941405,0.940447,0.938793,0.938476,0.940067,0.959868,0.936879,0.938875,0.940733,0.938533,0.939109,0.940607,0.939162,0.938027,0.939613,0.958129,0.956610,0.956789,0.957494,0.960331,0.959433,0.957353,0.929314,0.959994,0.959646,0.957447,0.957078,0.962173,0.959886,0.947581,0.947994,0.942224,0.942980,0.953580,0.929050,0.939476,0.929596,0.935029,0.930092,0.931883,0.930970,0.931325,0.930575,0.946032,0.948347,0.947424,0.944547,0.945548,0.945724,0.948600,0.923967,0.950369,0.947323,0.946673,0.944926,0.953087,0.950760,0.941714,0.944236,0.938791,0.937871
allando_v_sin_a2_f5_v65,0.903364,0.936735,0.935774,0.932987,0.934815,0.931225,0.930288,0.932093,0.932582,0.932411,0.912748,0.916536,0.923714,0.928450,0.932495,0.940718,0.943818,0.862366,0.950372,0.949263,0.955340,0.969806,0.963976,0.957267,0.942508,0.941790,0.942984,0.937602,0.904964,0.935457,0.932517,0.928744,0.929401,0.927897,0.926277,0.926201,0.924742,0.927407,0.916646,0.921718,0.930321,0.931803,0.937575,0.943549,0.944991,0.861562,0.951630,0.950765,0.955609,0.978539,0.963438,0.959777,0.945532,0.950231,0.938886,0.934380,0.921419,0.959132,0.960779,0.952967,0.948295,0.941321,0.938364,0.940396,0.935646,0.937540,0.936158,0.936665,0.943391,0.946296,0.953132,0.959485,0.959363,0.888150,0.968590,0.967087,0.972141,1.000000,0.981572,0.978035,0.968797,0.959470,0.959253,0.958345,0.922966,0.953664,0.952987,0.953200,0.948289,0.945310,0.945771,0.945244,0.949573,0.943821,0.930231,0.928209,0.936422,0.943657,0.942216,0.949223,0.946416,0.882514,0.949743,0.958146,0.956094,0.974263,0.961576,0.964617,0.944999,0.951900,0.953163,0.949827,0.931980,0.935022,0.935376,0.934562,0.935985,0.936945,0.934363,0.933334,0.934733,0.933174,0.929737,0.931905,0.939680,0.939329,0.939621,0.940964,0.941092,0.892681,0.942959,0.941745,0.940442,0.939875,0.938777,0.939324,0.940980,0.940629,0.938981,0.937251,0.938660,0.934201,0.933489,0.936581,0.934584,0.938026,0.934170,0.931770,0.935191,0.933614,0.934526,0.934304,0.938837,0.939968,0.938501,0.942219,0.940300,0.905927,0.943046,0.943018,0.940690,0.940122,0.938535,0.936811,0.936653,0.935121,0.936265,0.935649,0.961658,0.936905,0.936972,0.940774,0.939814,0.940582,0.940437,0.939413,0.935902,0.935525,0.953148,0.951491,0.949447,0.952256,0.956330,0.956708,0.955354,0.925366,0.955291,0.955800,0.954202,0.952735,0.955573,0.955056,0.956360,0.952388,0.943294,0.943649,0.941972,0.929549,0.933558,0.934425,0.933526,0.928754,0.927710,0.929971,0.924732,0.925569,0.941364,0.943261,0.940397,0.937099,0.940418,0.938748,0.941968,0.917100,0.941622,0.941306,0.940308,0.938257,0.944942,0.944513,0.948981,0.945949,0.936473,0.939322
allando_v_sin_a2_f5_v70,0.910338,0.951376,0.946672,0.943786,0.942061,0.942282,0.940822,0.940773,0.940931,0.940626,0.917269,0.923690,0.929473,0.934711,0.939824,0.947259,0.952534,0.870009,0.957586,0.950950,0.954845,0.965229,0.971685,0.963922,0.955316,0.950504,0.954584,0.951772,0.910839,0.940779,0.940669,0.937762,0.937571,0.937250,0.936477,0.936496,0.934781,0.936378,0.922224,0.929957,0.936814,0.937348,0.944558,0.949961,0.951245,0.869568,0.959197,0.953592,0.955121,0.962588,0.974820,0.966243,0.951540,0.961740,0.949657,0.946750,0.927301,0.966647,0.968787,0.960861,0.957538,0.950721,0.947961,0.950983,0.947414,0.947703,0.942530,0.944688,0.949958,0.951226,0.958448,0.964792,0.966637,0.893459,0.971539,0.968245,0.971213,0.981572,1.000000,0.985225,0.977701,0.968148,0.970049,0.970022,0.928172,0.957900,0.955848,0.959737,0.956428,0.954598,0.954589,0.951999,0.957361,0.953016,0.935474,0.935090,0.943529,0.950234,0.947374,0.954701,0.954938,0.888063,0.953876,0.956953,0.959265,0.971633,0.972914,0.967358,0.957046,0.957867,0.961016,0.961503,0.938969,0.946924,0.947194,0.946245,0.946698,0.945618,0.945767,0.944262,0.945058,0.943868,0.937683,0.941761,0.946906,0.948081,0.948720,0.947944,0.950498,0.899582,0.951751,0.951727,0.952108,0.949773,0.948705,0.947850,0.949617,0.950027,0.949054,0.949016,0.947733,0.944778,0.948396,0.945749,0.944900,0.946581,0.945345,0.943082,0.946320,0.944085,0.944565,0.945247,0.948664,0.949432,0.947667,0.950265,0.951141,0.910211,0.952162,0.953616,0.952076,0.952385,0.948162,0.946379,0.946255,0.945470,0.945139,0.945402,0.967618,0.949154,0.950626,0.951887,0.949373,0.949001,0.949368,0.949752,0.947265,0.945964,0.961909,0.961175,0.959152,0.962296,0.963612,0.964073,0.961871,0.928853,0.965660,0.965326,0.963296,0.961298,0.963487,0.963323,0.964834,0.962623,0.953433,0.954610,0.949768,0.945350,0.946880,0.940147,0.941706,0.934956,0.944074,0.940535,0.939709,0.937153,0.952702,0.954560,0.951276,0.947376,0.949295,0.948871,0.950907,0.921791,0.954049,0.952422,0.951915,0.949076,0.952899,0.951671,0.958243,0.958139,0.946584,0.948751
allando_v_sin_a2_f5_v75,0.910977,0.955752,0.950715,0.948187,0.951472,0.947719,0.948872,0.950491,0.948920,0.948799,0.915763,0.921607,0.929297,0.936356,0.938442,0.947297,0.949989,0.866942,0.953688,0.951415,0.953097,0.965362,0.967231,0.968941,0.957393,0.953653,0.957142,0.951768,0.910789,0.949859,0.946387,0.945272,0.942423,0.942711,0.946141,0.942224,0.940313,0.941747,0.921076,0.928879,0.938555,0.942861,0.945211,0.949541,0.951483,0.866724,0.954070,0.951967,0.954947,0.964153,0.969830,0.970560,0.958247,0.965475,0.954892,0.950295,0.927752,0.973807,0.973756,0.966279,0.962981,0.954057,0.952373,0.956433,0.950434,0.952477,0.940743,0.944115,0.950482,0.953968,0.958372,0.962852,0.964162,0.889630,0.966154,0.967657,0.968977,0.978035,0.985225,1.000000,0.982475,0.974171,0.973473,0.974113,0.929282,0.964311,0.962826,0.963303,0.961089,0.957689,0.958713,0.955602,0.960407,0.956468,0.935591,0.936571,0.946513,0.949774,0.948275,0.955102,0.953145,0.884948,0.953802,0.952610,0.956118,0.965703,0.963074,0.977089,0.958012,0.964910,0.962581,0.961804,0.939706,0.949916,0.952021,0.949177,0.950506,0.950757,0.949232,0.948456,0.948992,0.947938,0.938714,0.942082,0.949788,0.951170,0.951740,0.951632,0.953979,0.898289,0.954233,0.955281,0.952887,0.951548,0.952646,0.951677,0.952400,0.954064,0.952878,0.952005,0.951152,0.949642,0.949075,0.950252,0.949764,0.950459,0.950557,0.949195,0.950777,0.949249,0.947476,0.946559,0.953362,0.954506,0.953049,0.955502,0.953773,0.908810,0.954473,0.955703,0.953333,0.952969,0.951534,0.950407,0.950926,0.948961,0.949204,0.949903,0.967619,0.952192,0.953077,0.955988,0.954610,0.955696,0.954824,0.954081,0.951100,0.949473,0.964844,0.963463,0.961654,0.965352,0.967383,0.967229,0.964978,0.928866,0.967358,0.967627,0.964624,0.962318,0.965751,0.966875,0.967557,0.966238,0.959351,0.959169,0.952255,0.945695,0.948274,0.949340,0.947572,0.944821,0.944858,0.945751,0.940244,0.941884,0.955642,0.956908,0.954641,0.950301,0.956055,0.953613,0.956100,0.920624,0.956486,0.956098,0.954372,0.951656,0.957265,0.955630,0.961704,0.960387,0.952156,0.953833
allando_v_sin_a2_f5_v80,0.915037,0.955302,0.950746,0.947802,0.951928,0.951668,0.950118,0.952180,0.951477,0.950649,0.913774,0.924248,0.928874,0.939113,0.938694,0.946827,0.950927,0.865637,0.948509,0.952797,0.952558,0.956009,0.960815,0.963852,0.954638,0.948351,0.953530,0.955538,0.914620,0.946166,0.948035,0.945770,0.942696,0.942214,0.946003,0.941841,0.939831,0.940543,0.919289,0.931600,0.937243,0.943286,0.942957,0.948248,0.949522,0.865480,0.949489,0.953646,0.953821,0.958157,0.961533,0.964227,0.968104,0.971876,0.956944,0.951408,0.933256,0.973288,0.972617,0.966669,0.964556,0.956321,0.954537,0.957442,0.953328,0.955187,0.939281,0.944997,0.946899,0.954563,0.956958,0.959366,0.964040,0.886920,0.961199,0.965905,0.967757,0.968797,0.977701,0.982475,1.000000,0.980511,0.975784,0.976699,0.935364,0.964537,0.963117,0.963170,0.968160,0.958597,0.961890,0.957110,0.959075,0.959716,0.934466,0.937607,0.943301,0.944777,0.947142,0.953495,0.952650,0.884378,0.953527,0.948627,0.953281,0.954018,0.957055,0.965940,0.968787,0.969804,0.968419,0.963746,0.939859,0.953753,0.953328,0.953096,0.953661,0.952579,0.953087,0.950863,0.951866,0.950556,0.938076,0.941391,0.951355,0.952199,0.952967,0.954050,0.955538,0.895914,0.957917,0.957384,0.956056,0.954418,0.954468,0.953005,0.955585,0.955895,0.955690,0.956404,0.948032,0.953617,0.955472,0.952749,0.951814,0.952472,0.952973,0.951291,0.951746,0.950883,0.949077,0.947856,0.952246,0.955013,0.954238,0.958119,0.957481,0.905829,0.958059,0.959416,0.956830,0.954441,0.953310,0.951841,0.953634,0.951956,0.951822,0.951458,0.963715,0.956275,0.955847,0.957218,0.955255,0.955317,0.957127,0.955775,0.951726,0.951506,0.964706,0.962998,0.962735,0.964982,0.966923,0.965047,0.965763,0.926150,0.968544,0.968169,0.968274,0.964864,0.966394,0.967347,0.961237,0.961479,0.967451,0.966239,0.952675,0.949768,0.952357,0.946391,0.947363,0.941482,0.947156,0.945350,0.943770,0.942840,0.958828,0.956879,0.955489,0.950696,0.957078,0.952882,0.954870,0.918989,0.957040,0.958329,0.958452,0.953820,0.958708,0.959493,0.955810,0.956355,0.960591,0.959161
allando_v_sin_a2_f5_v85,0.906432,0.948278,0.950998,0.946516,0.948572,0.947777,0.946985,0.946776,0.947161,0.950520,0.905444,0.915387,0.920987,0.929357,0.929369,0.936469,0.941935,0.856668,0.938471,0.941956,0.946592,0.949830,0.952140,0.958166,0.952517,0.945904,0.950552,0.948895,0.906481,0.944008,0.942583,0.939105,0.939975,0.939465,0.938791,0.937943,0.936220,0.936835,0.912189,0.922122,0.929049,0.935159,0.934831,0.939112,0.944328,0.857127,0.941849,0.945043,0.949580,0.953241,0.953601,0.960701,0.956752,0.966644,0.952306,0.947294,0.924249,0.970809,0.969003,0.962082,0.960562,0.952530,0.950844,0.951747,0.949349,0.950742,0.931084,0.936066,0.941139,0.947471,0.949568,0.947931,0.954360,0.876786,0.951786,0.955897,0.959940,0.959470,0.968148,0.974171,0.980511,1.000000,0.975688,0.975956,0.926850,0.957391,0.960308,0.957758,0.962417,0.954285,0.958866,0.953007,0.953759,0.951926,0.926741,0.930725,0.938210,0.937081,0.939708,0.942578,0.944997,0.875134,0.944229,0.939593,0.946853,0.945179,0.953410,0.959135,0.959184,0.971545,0.962230,0.963120,0.932530,0.951641,0.950214,0.950294,0.950122,0.950075,0.949294,0.949452,0.949644,0.947405,0.932920,0.933918,0.943156,0.946576,0.947833,0.948824,0.950474,0.887385,0.953768,0.952113,0.950228,0.950685,0.950109,0.950572,0.950677,0.953473,0.952406,0.952775,0.940103,0.948595,0.948277,0.948626,0.948039,0.949166,0.949486,0.945908,0.949704,0.947960,0.943125,0.942996,0.947121,0.950083,0.948927,0.952963,0.950590,0.897655,0.950887,0.955098,0.951531,0.952286,0.949788,0.948417,0.948035,0.947849,0.948636,0.948680,0.955659,0.958532,0.955767,0.955540,0.953432,0.953051,0.951590,0.950471,0.949156,0.947694,0.957322,0.955517,0.955811,0.958837,0.960759,0.957738,0.957494,0.917040,0.961119,0.961912,0.960198,0.960810,0.960709,0.962125,0.956478,0.959307,0.963326,0.962207,0.945034,0.952181,0.952002,0.945077,0.946056,0.941528,0.945249,0.942125,0.941740,0.942818,0.954236,0.951783,0.950342,0.945645,0.951361,0.948248,0.951651,0.910226,0.951892,0.953884,0.951217,0.951753,0.952760,0.955375,0.952518,0.955817,0.957037,0.957904
allando_v_sin_a2_f5_v90,0.900422,0.953994,0.953127,0.949680,0.954223,0.950960,0.950246,0.950249,0.949820,0.950626,0.909054,0.917130,0.924347,0.927929,0.933672,0.938747,0.943521,0.857984,0.942047,0.944095,0.947547,0.953523,0.957468,0.962098,0.957995,0.951485,0.955013,0.954069,0.900993,0.952643,0.948937,0.944489,0.944678,0.945634,0.943709,0.943685,0.941828,0.943321,0.916388,0.923398,0.932330,0.933901,0.939263,0.943187,0.945295,0.858119,0.943864,0.945727,0.948552,0.953197,0.960228,0.963356,0.955689,0.966641,0.957725,0.952862,0.918834,0.977816,0.975912,0.968455,0.964579,0.957917,0.957524,0.957247,0.955689,0.958010,0.933995,0.934248,0.941285,0.942910,0.951978,0.950303,0.956216,0.877500,0.952174,0.953311,0.958360,0.959253,0.970049,0.973473,0.975784,0.975688,1.000000,0.985721,0.923458,0.964300,0.964613,0.962835,0.961292,0.961678,0.960322,0.959756,0.959649,0.957609,0.931550,0.932406,0.940462,0.940505,0.943693,0.947359,0.948308,0.876239,0.949348,0.942529,0.949119,0.948689,0.954951,0.958508,0.957010,0.964401,0.972841,0.973559,0.931710,0.956458,0.957832,0.955845,0.957492,0.956815,0.955995,0.955198,0.956219,0.954392,0.936836,0.937800,0.946734,0.952411,0.950795,0.954116,0.956029,0.889307,0.958588,0.958614,0.955111,0.954548,0.956644,0.954950,0.957811,0.956953,0.958055,0.958143,0.941412,0.955393,0.955918,0.955077,0.955775,0.956371,0.955167,0.952582,0.955907,0.953591,0.945779,0.944950,0.950914,0.953924,0.953242,0.956515,0.954522,0.899786,0.953857,0.958073,0.958205,0.955371,0.956407,0.956210,0.953936,0.955080,0.955909,0.957820,0.957679,0.966817,0.967727,0.964371,0.959836,0.958365,0.957720,0.954854,0.955196,0.953537,0.960793,0.959192,0.958674,0.961249,0.964005,0.961285,0.961183,0.918254,0.963822,0.965133,0.964143,0.962283,0.964723,0.964936,0.961890,0.960911,0.959695,0.961536,0.947669,0.969231,0.967698,0.952805,0.953020,0.946610,0.950638,0.950871,0.948178,0.950925,0.958123,0.955985,0.954323,0.952348,0.955973,0.954053,0.956257,0.913387,0.955843,0.958692,0.955715,0.955329,0.957971,0.956831,0.957702,0.957960,0.957019,0.958868
allando_v_sin_a2_f5_v95,0.902686,0.957949,0.956218,0.953962,0.954759,0.956079,0.953886,0.953918,0.953727,0.953177,0.909954,0.919457,0.924811,0.930352,0.934271,0.941811,0.944379,0.856306,0.943068,0.945444,0.946867,0.955028,0.960448,0.964534,0.959785,0.953837,0.957901,0.958924,0.901190,0.956512,0.951016,0.947049,0.951638,0.946336,0.946357,0.946825,0.944064,0.946745,0.915100,0.924576,0.932444,0.935374,0.939753,0.944456,0.945461,0.856604,0.944491,0.947406,0.948188,0.957023,0.961269,0.966469,0.957251,0.969442,0.960332,0.956421,0.917373,0.981260,0.981183,0.969337,0.967462,0.960640,0.959350,0.959535,0.958326,0.959222,0.932576,0.936400,0.942363,0.945289,0.951727,0.951386,0.955558,0.875215,0.953489,0.955204,0.957556,0.958345,0.970022,0.974113,0.976699,0.975956,0.985721,1.000000,0.923861,0.967710,0.969911,0.964992,0.965753,0.961051,0.963330,0.959828,0.962635,0.960274,0.930379,0.932181,0.940582,0.942190,0.942684,0.947902,0.947073,0.875006,0.949363,0.942414,0.948053,0.950040,0.958434,0.962516,0.955810,0.967201,0.975908,0.972955,0.932756,0.959993,0.960333,0.958999,0.959094,0.957678,0.958651,0.957675,0.958104,0.956575,0.937895,0.939934,0.950340,0.953391,0.954773,0.957513,0.960607,0.888486,0.960953,0.961493,0.958971,0.958936,0.957557,0.956992,0.959405,0.959880,0.959934,0.960728,0.944296,0.958322,0.958622,0.957482,0.957186,0.958204,0.958507,0.955376,0.958448,0.957195,0.949001,0.948251,0.952582,0.956215,0.954362,0.959342,0.957809,0.899281,0.958117,0.961591,0.959201,0.958207,0.958142,0.956375,0.956914,0.956348,0.957402,0.959249,0.958930,0.967352,0.969513,0.968129,0.962717,0.962548,0.959982,0.959108,0.957958,0.955934,0.961913,0.960800,0.960687,0.963885,0.965192,0.963463,0.963332,0.917083,0.965541,0.966998,0.964363,0.963559,0.966365,0.969290,0.964767,0.964454,0.963172,0.963963,0.949614,0.970747,0.967533,0.956919,0.956190,0.949962,0.952395,0.953804,0.949903,0.952471,0.960117,0.959131,0.957977,0.955678,0.958630,0.956331,0.959495,0.913350,0.959231,0.962060,0.957812,0.957972,0.960006,0.960211,0.960437,0.962091,0.958932,0.961504
allando_v_sin_a2_f7_v10,0.964866,0.906578,0.906223,0.906823,0.904831,0.905177,0.903832,0.903519,0.903495,0.902987,0.955503,0.956043,0.958839,0.960084,0.950629,0.949900,0.949638,0.911977,0.939782,0.935985,0.928130,0.925434,0.929022,0.921795,0.911694,0.907582,0.906403,0.907284,0.968889,0.906808,0.905270,0.906016,0.906910,0.906656,0.905792,0.904807,0.903575,0.904101,0.962361,0.963856,0.964008,0.961914,0.955785,0.954555,0.952255,0.920603,0.944433,0.944675,0.939315,0.935021,0.936361,0.935518,0.930860,0.925936,0.913971,0.911148,0.972326,0.918628,0.917663,0.915853,0.910730,0.905722,0.905835,0.909113,0.904167,0.905966,0.965059,0.960572,0.957277,0.954363,0.949837,0.945964,0.945749,0.926638,0.934658,0.936922,0.931717,0.922966,0.928172,0.929282,0.935364,0.926850,0.923458,0.923861,1.000000,0.927412,0.925614,0.926566,0.929827,0.920040,0.921216,0.918759,0.920222,0.917211,0.974211,0.966705,0.963484,0.958259,0.957785,0.952506,0.948273,0.949464,0.947826,0.938857,0.937852,0.933168,0.932965,0.939527,0.943426,0.940881,0.933097,0.933505,0.946118,0.903075,0.903861,0.902156,0.903214,0.902123,0.901847,0.901038,0.901723,0.900898,0.940875,0.928580,0.931576,0.919368,0.915539,0.912930,0.910886,0.911760,0.910549,0.907968,0.903995,0.901710,0.901310,0.902113,0.904856,0.906065,0.905788,0.905555,0.951561,0.904629,0.905001,0.901072,0.903225,0.903686,0.901513,0.900102,0.902695,0.900094,0.941730,0.931676,0.929504,0.928715,0.924319,0.926632,0.923618,0.928278,0.922753,0.918636,0.915380,0.913023,0.907689,0.904659,0.904178,0.904272,0.903756,0.904132,0.941642,0.894247,0.893056,0.895010,0.892802,0.892259,0.893165,0.894124,0.889915,0.888719,0.935281,0.924700,0.920906,0.919347,0.922498,0.919274,0.915845,0.927092,0.917814,0.917066,0.911921,0.909496,0.909025,0.908016,0.900403,0.901069,0.906865,0.905213,0.953036,0.905330,0.907895,0.902554,0.902489,0.897185,0.902326,0.900416,0.898079,0.895939,0.943881,0.935505,0.930834,0.923576,0.926140,0.924525,0.923758,0.939665,0.925240,0.924261,0.921748,0.919482,0.921046,0.918106,0.912671,0.914437,0.917359,0.916698
allando_v_sin_a2_f7_v100,0.900291,0.953512,0.952558,0.951734,0.953653,0.952444,0.950465,0.951027,0.950538,0.952404,0.912028,0.920473,0.925681,0.932655,0.937768,0.944094,0.946662,0.857236,0.948905,0.948436,0.949401,0.959328,0.960840,0.963238,0.954556,0.950407,0.953233,0.954292,0.902542,0.952310,0.952649,0.947432,0.948330,0.945974,0.947981,0.945258,0.944159,0.943549,0.920798,0.929532,0.939568,0.941854,0.948657,0.952542,0.953079,0.859741,0.952527,0.952889,0.955421,0.962254,0.963834,0.965838,0.959636,0.966317,0.957486,0.954892,0.911472,0.978428,0.976174,0.970164,0.964617,0.957486,0.955154,0.954326,0.951755,0.955736,0.928852,0.932755,0.936725,0.938716,0.946038,0.947884,0.949962,0.870566,0.948661,0.949202,0.951560,0.953664,0.957900,0.964311,0.964537,0.957391,0.964300,0.967710,0.927412,1.000000,0.989104,0.981977,0.977573,0.975560,0.976401,0.970651,0.970354,0.970334,0.939123,0.937795,0.947028,0.947323,0.953956,0.959686,0.958065,0.881164,0.958947,0.954118,0.959406,0.961037,0.964695,0.973397,0.967117,0.973906,0.977907,0.980260,0.931601,0.956380,0.958118,0.957364,0.957845,0.956532,0.957002,0.956643,0.955538,0.954820,0.941473,0.940858,0.949944,0.952250,0.954048,0.956553,0.958288,0.889104,0.959328,0.959376,0.957536,0.958431,0.955880,0.956634,0.957431,0.958038,0.957853,0.959015,0.944934,0.959126,0.958710,0.959256,0.959940,0.959433,0.958751,0.957852,0.959998,0.959268,0.952223,0.952361,0.959030,0.960894,0.959388,0.962279,0.962739,0.903503,0.962854,0.965769,0.963156,0.960804,0.961521,0.959220,0.959244,0.959370,0.958183,0.960303,0.948375,0.952616,0.953727,0.961953,0.962074,0.963946,0.959872,0.957148,0.953684,0.951763,0.954214,0.953431,0.953562,0.954861,0.956178,0.954775,0.955483,0.908870,0.957507,0.958229,0.957279,0.953056,0.956685,0.958493,0.955298,0.956778,0.953588,0.952848,0.955969,0.959591,0.963874,0.971456,0.969230,0.963263,0.960132,0.964885,0.957680,0.959466,0.957050,0.961173,0.962725,0.958978,0.962640,0.961047,0.966213,0.916766,0.964085,0.965006,0.964892,0.961236,0.964844,0.964181,0.964726,0.963780,0.961068,0.962198
allando_v_sin_a2_f7_v105,0.898724,0.955486,0.954931,0.952458,0.952950,0.952808,0.952160,0.951871,0.951844,0.951667,0.909098,0.918165,0.923448,0.929588,0.932970,0.939282,0.943898,0.854481,0.942816,0.945133,0.947271,0.956152,0.957733,0.963103,0.955751,0.950769,0.953100,0.954937,0.900424,0.952933,0.952955,0.948639,0.948118,0.946678,0.948726,0.946163,0.948191,0.945892,0.916369,0.927215,0.936836,0.939111,0.942414,0.947489,0.950546,0.856560,0.948928,0.950615,0.952838,0.961261,0.961619,0.965877,0.960287,0.967776,0.958766,0.956356,0.909766,0.978830,0.976796,0.970600,0.968945,0.959887,0.957823,0.957068,0.955595,0.956629,0.926210,0.929766,0.934063,0.937202,0.941285,0.943655,0.946571,0.866732,0.945680,0.947617,0.949900,0.952987,0.955848,0.962826,0.963117,0.960308,0.964613,0.969911,0.925614,0.989104,1.000000,0.983648,0.980899,0.975292,0.976329,0.971335,0.970278,0.969027,0.935076,0.935628,0.946769,0.944616,0.945721,0.954363,0.955004,0.878051,0.955895,0.950747,0.953722,0.957689,0.962562,0.971465,0.966318,0.975567,0.975084,0.977521,0.930751,0.955800,0.957763,0.957190,0.957513,0.957128,0.957668,0.955726,0.955730,0.955814,0.937967,0.938422,0.948640,0.952826,0.952982,0.956073,0.955919,0.887313,0.957383,0.958826,0.956174,0.957609,0.955375,0.955731,0.956765,0.957383,0.957771,0.957892,0.945179,0.959458,0.960295,0.960228,0.961286,0.960456,0.959615,0.958161,0.960421,0.960131,0.951664,0.951263,0.959606,0.960950,0.959503,0.962734,0.961349,0.900803,0.961643,0.965510,0.962180,0.961222,0.962177,0.959088,0.960569,0.960845,0.958773,0.960257,0.946975,0.954389,0.955442,0.963663,0.963703,0.965385,0.961051,0.958017,0.954288,0.953582,0.953418,0.952497,0.953024,0.954922,0.956750,0.954504,0.953067,0.907238,0.955604,0.958323,0.957009,0.954461,0.958223,0.959150,0.955857,0.957049,0.957441,0.954865,0.953478,0.961312,0.965095,0.970849,0.970729,0.965289,0.961902,0.965994,0.958763,0.960935,0.960013,0.961467,0.960142,0.956436,0.962102,0.960138,0.966688,0.914825,0.962528,0.965209,0.962423,0.961997,0.965140,0.964790,0.964379,0.964382,0.962684,0.964141
allando_v_sin_a2_f7_v110,0.902573,0.956686,0.954917,0.953360,0.956178,0.954172,0.954352,0.954149,0.955325,0.954610,0.915426,0.922803,0.931804,0.934694,0.937902,0.942225,0.947403,0.858595,0.948441,0.948956,0.949852,0.957027,0.960221,0.964241,0.957082,0.954137,0.955725,0.956540,0.904534,0.954403,0.952888,0.950281,0.950882,0.949566,0.950536,0.950727,0.949280,0.947876,0.924894,0.933173,0.941416,0.943719,0.946376,0.951100,0.953391,0.860813,0.953761,0.953776,0.955606,0.960348,0.963979,0.964776,0.958510,0.966573,0.958525,0.956417,0.913378,0.970868,0.972486,0.971545,0.971364,0.962431,0.957783,0.957070,0.954898,0.957692,0.932549,0.935650,0.940532,0.940723,0.945714,0.947442,0.950448,0.871591,0.948313,0.950651,0.951561,0.953200,0.959737,0.963303,0.963170,0.957758,0.962835,0.964992,0.926566,0.981977,0.983648,1.000000,0.985740,0.981081,0.980301,0.975051,0.974740,0.972460,0.939726,0.940886,0.950150,0.950769,0.953239,0.958400,0.954035,0.883315,0.956845,0.952982,0.956459,0.961943,0.963913,0.972075,0.966303,0.970386,0.973359,0.973684,0.933254,0.957166,0.957993,0.956629,0.957491,0.958316,0.958185,0.957017,0.956864,0.956957,0.943469,0.943631,0.953453,0.954450,0.956489,0.957055,0.958223,0.890409,0.958609,0.959041,0.957053,0.956128,0.955149,0.956496,0.956869,0.958726,0.959905,0.958392,0.947108,0.959995,0.961124,0.962443,0.961499,0.962929,0.960547,0.959595,0.961350,0.962271,0.954316,0.953371,0.960143,0.963724,0.961755,0.964003,0.962703,0.904886,0.962192,0.965497,0.962133,0.961479,0.961999,0.961032,0.961103,0.961403,0.960508,0.961068,0.949742,0.949525,0.950599,0.956021,0.956838,0.958539,0.962602,0.961085,0.957027,0.955933,0.956137,0.955069,0.954702,0.956390,0.959874,0.958768,0.956377,0.911056,0.958445,0.958218,0.955845,0.955996,0.960576,0.960356,0.959316,0.959282,0.956548,0.953863,0.957337,0.956479,0.959879,0.963469,0.963773,0.960133,0.964476,0.965125,0.960220,0.960840,0.957738,0.962279,0.961668,0.958189,0.964873,0.963127,0.964323,0.918969,0.963859,0.964628,0.963176,0.962396,0.966699,0.965034,0.967494,0.965904,0.962378,0.962599
allando_v_sin_a2_f7_v115,0.905208,0.957611,0.956886,0.954706,0.956547,0.956008,0.956093,0.956451,0.954640,0.954934,0.912907,0.924148,0.927633,0.935338,0.935328,0.942349,0.948577,0.858222,0.946061,0.947478,0.949010,0.954635,0.957179,0.965399,0.956465,0.954843,0.957319,0.958047,0.906867,0.954801,0.953986,0.950526,0.950532,0.950181,0.950755,0.950458,0.948713,0.949323,0.921099,0.934756,0.937381,0.942284,0.942870,0.948100,0.951512,0.858482,0.949064,0.954391,0.953891,0.957226,0.960984,0.963723,0.960072,0.971348,0.959082,0.957112,0.916239,0.968903,0.970704,0.971699,0.970530,0.961312,0.960847,0.960395,0.955878,0.957916,0.930196,0.937964,0.935683,0.940796,0.942931,0.944765,0.949755,0.870758,0.945333,0.950182,0.950722,0.948289,0.956428,0.961089,0.968160,0.962417,0.961292,0.965753,0.929827,0.977573,0.980899,0.985740,1.000000,0.982268,0.984477,0.973562,0.972900,0.973788,0.936438,0.941810,0.947098,0.945732,0.950892,0.953244,0.952841,0.882410,0.951662,0.948887,0.954242,0.955317,0.960153,0.969038,0.969555,0.972747,0.972396,0.973259,0.933730,0.956960,0.959479,0.958008,0.958344,0.958978,0.959088,0.957222,0.958634,0.957577,0.942669,0.943757,0.953249,0.951456,0.954758,0.956306,0.956520,0.890232,0.957743,0.959136,0.956677,0.956501,0.955401,0.956002,0.958243,0.959389,0.960058,0.959950,0.947343,0.961657,0.961943,0.962175,0.961608,0.962274,0.962110,0.960508,0.961435,0.961698,0.955992,0.954000,0.959578,0.962459,0.959433,0.962936,0.961864,0.904313,0.963351,0.964705,0.962811,0.961777,0.961451,0.960513,0.961821,0.960611,0.961180,0.960785,0.949355,0.952181,0.952587,0.956540,0.957249,0.957824,0.962556,0.963283,0.958930,0.957617,0.955088,0.955433,0.958137,0.958542,0.958799,0.956649,0.955244,0.910342,0.958653,0.958730,0.958104,0.956104,0.960510,0.963264,0.956923,0.958248,0.961927,0.958737,0.957886,0.956668,0.960631,0.960809,0.963374,0.958767,0.966361,0.965838,0.963062,0.962328,0.960557,0.962645,0.962713,0.959919,0.962579,0.960988,0.962162,0.920270,0.962342,0.964313,0.963397,0.962859,0.965832,0.968138,0.964583,0.966231,0.967664,0.966829
allando_v_sin_a2_f7_v120,0.895341,0.955063,0.952498,0.950830,0.953513,0.953970,0.953687,0.952419,0.952736,0.951533,0.915379,0.921795,0.924449,0.926315,0.934047,0.938450,0.947699,0.855710,0.944730,0.948155,0.950610,0.951714,0.954946,0.959534,0.957232,0.952325,0.954414,0.953903,0.896224,0.952175,0.950493,0.948620,0.948672,0.949418,0.949902,0.950337,0.946931,0.946902,0.925173,0.932297,0.936168,0.935994,0.941962,0.945086,0.951142,0.856329,0.948556,0.948275,0.954621,0.953743,0.958861,0.958874,0.952399,0.962897,0.955583,0.954618,0.907691,0.967146,0.969181,0.970545,0.968120,0.961193,0.956937,0.957413,0.955364,0.956781,0.934827,0.934083,0.935465,0.933651,0.940875,0.943076,0.950235,0.868004,0.944327,0.945196,0.951473,0.945310,0.954598,0.957689,0.958597,0.954285,0.961678,0.961051,0.920040,0.975560,0.975292,0.981081,0.982268,1.000000,0.988229,0.977908,0.974844,0.972544,0.939379,0.939836,0.944322,0.943134,0.948608,0.952276,0.957347,0.878379,0.953287,0.947826,0.955717,0.953981,0.959043,0.965230,0.960310,0.963332,0.968498,0.973550,0.928638,0.955457,0.956948,0.956553,0.956068,0.956040,0.957425,0.955675,0.955012,0.954693,0.948194,0.942764,0.948778,0.949496,0.950480,0.950884,0.954843,0.887469,0.955974,0.956958,0.955790,0.955827,0.957414,0.955399,0.955904,0.956877,0.956592,0.956946,0.941389,0.958980,0.959593,0.958537,0.958614,0.961012,0.960216,0.958229,0.959288,0.958640,0.955574,0.953286,0.957073,0.958551,0.956394,0.958548,0.959099,0.900635,0.959327,0.962434,0.961281,0.958954,0.960541,0.958863,0.960927,0.958457,0.957647,0.959408,0.944344,0.949539,0.951334,0.954709,0.956060,0.956849,0.958829,0.960425,0.963004,0.965271,0.952209,0.956844,0.955358,0.956871,0.957582,0.954410,0.952731,0.906960,0.956393,0.956947,0.954820,0.953120,0.958921,0.958137,0.955804,0.956395,0.953415,0.950649,0.953681,0.954003,0.958503,0.957842,0.960769,0.956535,0.964461,0.963906,0.969176,0.968280,0.954131,0.959489,0.960793,0.958344,0.958881,0.956739,0.959274,0.916658,0.959370,0.962468,0.961641,0.958703,0.964246,0.961433,0.962603,0.963541,0.961232,0.957837
allando_v_sin_a2_f7_v125,0.896759,0.954982,0.955021,0.953726,0.955099,0.954601,0.956813,0.953769,0.954083,0.953594,0.911282,0.921740,0.921390,0.926939,0.932455,0.936518,0.946270,0.852934,0.942871,0.945524,0.949158,0.951787,0.955579,0.961346,0.957894,0.953012,0.956345,0.955773,0.897040,0.952816,0.951628,0.949183,0.950171,0.948619,0.950175,0.949921,0.947699,0.946846,0.920077,0.932357,0.934452,0.936332,0.940258,0.944349,0.949201,0.853856,0.946161,0.946788,0.954659,0.954297,0.958384,0.960103,0.955501,0.967559,0.958214,0.955457,0.907667,0.969494,0.971199,0.973301,0.970246,0.962288,0.958807,0.958738,0.958334,0.958599,0.929591,0.934736,0.932806,0.934779,0.940855,0.942242,0.949210,0.865487,0.943474,0.946445,0.950647,0.945771,0.954589,0.958713,0.961890,0.958866,0.960322,0.963330,0.921216,0.976401,0.976329,0.980301,0.984477,0.988229,1.000000,0.977488,0.975423,0.975455,0.935022,0.940419,0.942237,0.940809,0.943896,0.950515,0.951570,0.875643,0.947148,0.944106,0.952788,0.952613,0.957479,0.964928,0.962598,0.965933,0.968485,0.971603,0.930590,0.957875,0.958797,0.958178,0.958526,0.957323,0.959607,0.958463,0.957659,0.957129,0.946144,0.943283,0.950098,0.948441,0.951221,0.952974,0.955973,0.885946,0.958698,0.959381,0.958021,0.957501,0.958362,0.958362,0.957473,0.958353,0.958507,0.959141,0.942903,0.960498,0.960935,0.961436,0.960508,0.961843,0.961072,0.960963,0.961448,0.961386,0.955891,0.954129,0.958064,0.959639,0.956354,0.959400,0.960684,0.898009,0.959960,0.963251,0.961616,0.961215,0.962113,0.960836,0.961309,0.960557,0.959940,0.960015,0.944126,0.952209,0.952641,0.956674,0.957512,0.959483,0.962205,0.964608,0.963738,0.964947,0.951471,0.955400,0.956403,0.957328,0.958214,0.954729,0.954254,0.905434,0.957889,0.958030,0.956781,0.955201,0.958707,0.960982,0.958129,0.958484,0.958345,0.955622,0.952333,0.955367,0.958788,0.959891,0.961991,0.958418,0.966092,0.965739,0.970939,0.970165,0.955528,0.958924,0.962037,0.959344,0.958973,0.956946,0.959858,0.912473,0.961677,0.961968,0.962428,0.960090,0.963737,0.964507,0.963488,0.964962,0.965146,0.962184
allando_v_sin_a2_f7_v130,0.892699,0.954878,0.954372,0.952294,0.952932,0.953878,0.953317,0.951927,0.953374,0.952674,0.918442,0.921770,0.924930,0.927358,0.932085,0.936724,0.946650,0.852648,0.945356,0.945211,0.948879,0.952179,0.954787,0.960218,0.955457,0.954180,0.953075,0.953646,0.895015,0.949673,0.952451,0.946898,0.948735,0.947374,0.946697,0.947302,0.946959,0.945612,0.926807,0.930714,0.935180,0.935799,0.939698,0.943464,0.947869,0.854947,0.948088,0.946043,0.951094,0.952958,0.957002,0.960717,0.952333,0.962476,0.954637,0.954808,0.903760,0.965664,0.967998,0.972155,0.965222,0.959243,0.956437,0.958090,0.957330,0.959286,0.936227,0.932646,0.934481,0.932941,0.938595,0.940594,0.948142,0.865177,0.941573,0.943251,0.947904,0.945244,0.951999,0.955602,0.957110,0.953007,0.959756,0.959828,0.918759,0.970651,0.971335,0.975051,0.973562,0.977908,0.977488,1.000000,0.986628,0.981096,0.942504,0.940259,0.943417,0.942433,0.943882,0.948517,0.950255,0.875713,0.947827,0.944128,0.951249,0.951660,0.955322,0.960546,0.957077,0.959553,0.963589,0.966439,0.927981,0.955028,0.956242,0.955091,0.957993,0.956423,0.956568,0.956207,0.955319,0.955188,0.947609,0.942820,0.951822,0.950883,0.950921,0.951438,0.954960,0.885435,0.957232,0.957435,0.957491,0.956011,0.954689,0.956611,0.956137,0.957703,0.956844,0.956763,0.940974,0.960448,0.961158,0.959794,0.959753,0.959853,0.959267,0.957018,0.959153,0.958982,0.950271,0.951432,0.954944,0.958916,0.955173,0.957304,0.956251,0.898156,0.956860,0.961136,0.960320,0.957994,0.959081,0.959100,0.959495,0.958679,0.958711,0.958825,0.943095,0.951277,0.950426,0.956282,0.956131,0.958002,0.961024,0.959089,0.958108,0.958746,0.949192,0.959231,0.954120,0.955225,0.958588,0.952956,0.952185,0.903507,0.953841,0.957047,0.955155,0.953519,0.957988,0.957720,0.956016,0.955874,0.953120,0.952253,0.949692,0.953265,0.957805,0.957764,0.960154,0.957021,0.963800,0.963199,0.964378,0.964355,0.953134,0.959222,0.962497,0.960035,0.959149,0.956744,0.958151,0.911395,0.958574,0.959288,0.958373,0.957496,0.962130,0.960646,0.961307,0.961199,0.959854,0.957933
allando_v_sin_a2_f7_v135,0.896184,0.955305,0.955285,0.955933,0.954602,0.954565,0.953285,0.953910,0.953413,0.953968,0.918883,0.921529,0.922834,0.926214,0.932992,0.939366,0.945608,0.854184,0.947299,0.946312,0.950776,0.955475,0.958366,0.964048,0.958886,0.956283,0.955347,0.955612,0.896287,0.952109,0.951836,0.950396,0.952271,0.950260,0.951178,0.952302,0.951330,0.949428,0.927105,0.930680,0.934033,0.935002,0.940313,0.945808,0.947746,0.854863,0.950269,0.948289,0.952124,0.955304,0.959946,0.962314,0.953051,0.964723,0.956301,0.957156,0.906382,0.967517,0.971299,0.973012,0.966940,0.962184,0.959146,0.958164,0.958614,0.959492,0.935949,0.933059,0.935166,0.933547,0.939184,0.942596,0.944758,0.867376,0.943147,0.944968,0.948644,0.949573,0.957361,0.960407,0.959075,0.953759,0.959649,0.962635,0.920222,0.970354,0.970278,0.974740,0.972900,0.974844,0.975423,0.986628,1.000000,0.985203,0.941740,0.939527,0.942967,0.945290,0.944278,0.950605,0.948092,0.877228,0.947479,0.946582,0.952355,0.955923,0.957808,0.963714,0.955526,0.960117,0.964398,0.965715,0.932047,0.957783,0.958438,0.957810,0.958547,0.957840,0.958363,0.958100,0.957200,0.956334,0.946899,0.945735,0.950326,0.952080,0.953490,0.954252,0.957683,0.889092,0.959464,0.958763,0.957486,0.957784,0.956441,0.956960,0.958094,0.958896,0.958034,0.959355,0.943332,0.961550,0.960565,0.960251,0.960754,0.960323,0.960342,0.958342,0.959947,0.959560,0.950909,0.951866,0.955860,0.959257,0.955597,0.958656,0.958265,0.899464,0.957996,0.961388,0.960339,0.959950,0.960556,0.959783,0.960622,0.959416,0.959033,0.959065,0.947076,0.951029,0.952303,0.957425,0.957232,0.959005,0.963377,0.961321,0.959454,0.959290,0.951935,0.958974,0.955333,0.956165,0.958159,0.956733,0.953193,0.907386,0.955009,0.956983,0.955382,0.955423,0.959357,0.959918,0.960066,0.958829,0.953849,0.953937,0.949717,0.954368,0.958457,0.958405,0.959882,0.958003,0.963070,0.963631,0.962436,0.962847,0.954214,0.960261,0.963823,0.960348,0.959115,0.958727,0.960547,0.914846,0.958903,0.960361,0.957774,0.957340,0.962785,0.961682,0.963828,0.963850,0.958974,0.960015
allando_v_sin_a2_f7_v140,0.891205,0.956180,0.954928,0.954089,0.955392,0.955874,0.953253,0.954937,0.955777,0.955622,0.909240,0.921204,0.918810,0.923220,0.931265,0.938394,0.945614,0.850818,0.943913,0.944930,0.948470,0.952321,0.954543,0.961982,0.958016,0.955127,0.954529,0.955517,0.891569,0.952153,0.953249,0.949063,0.949177,0.948034,0.950304,0.948471,0.950250,0.947795,0.918483,0.931386,0.930755,0.932239,0.938517,0.942703,0.948931,0.851339,0.945622,0.945161,0.950673,0.952994,0.955895,0.957950,0.951281,0.964503,0.955508,0.956798,0.902929,0.967060,0.969655,0.974367,0.968912,0.962255,0.959704,0.959560,0.958311,0.960302,0.927925,0.933493,0.929654,0.931174,0.939349,0.940653,0.946735,0.863744,0.940861,0.942304,0.947928,0.943821,0.953016,0.956468,0.959716,0.951926,0.957609,0.960274,0.917211,0.970334,0.969027,0.972460,0.973788,0.972544,0.975455,0.981096,0.985203,1.000000,0.933829,0.940875,0.940818,0.940437,0.944435,0.948364,0.950036,0.873320,0.947594,0.943902,0.951183,0.950470,0.954306,0.960095,0.955543,0.958698,0.963355,0.964370,0.928474,0.957078,0.957528,0.956451,0.959024,0.958061,0.958598,0.958865,0.957899,0.957200,0.942604,0.945956,0.947881,0.949004,0.950293,0.952666,0.955953,0.885160,0.958251,0.958740,0.957145,0.957301,0.956240,0.957312,0.958679,0.958915,0.959106,0.958088,0.939113,0.960486,0.960335,0.960896,0.961496,0.960061,0.960537,0.958260,0.959703,0.959474,0.948895,0.953832,0.955938,0.956648,0.954309,0.957314,0.957394,0.896717,0.957944,0.961552,0.959422,0.958862,0.960039,0.958482,0.959431,0.958825,0.958132,0.958946,0.942221,0.952132,0.953461,0.957340,0.958173,0.959136,0.963696,0.962802,0.960079,0.960446,0.949701,0.956548,0.957171,0.956175,0.956483,0.954168,0.952048,0.904561,0.955095,0.957276,0.956161,0.954179,0.957690,0.958814,0.956048,0.956661,0.955346,0.953756,0.948026,0.953273,0.958468,0.957371,0.959574,0.957132,0.964235,0.964106,0.964676,0.964210,0.951436,0.958936,0.962579,0.961726,0.958908,0.954861,0.958280,0.914662,0.959256,0.959754,0.959263,0.956623,0.961307,0.960257,0.959775,0.960787,0.960147,0.958329
allando_v_sin_a2_f7_v15,0.944653,0.917673,0.917340,0.915829,0.915333,0.915247,0.914083,0.913717,0.913864,0.913046,0.966407,0.959476,0.963130,0.961502,0.960021,0.956611,0.953456,0.908308,0.946000,0.942700,0.934894,0.934280,0.935683,0.930368,0.923152,0.919008,0.917705,0.918616,0.951920,0.916469,0.918646,0.919577,0.920344,0.919144,0.918658,0.915017,0.914230,0.914406,0.974397,0.967079,0.970572,0.965366,0.964901,0.962577,0.958247,0.912004,0.952867,0.948084,0.944315,0.941165,0.943175,0.941654,0.931202,0.925627,0.922132,0.920871,0.952968,0.929275,0.929942,0.930923,0.923797,0.918911,0.918920,0.921433,0.917164,0.918423,0.980369,0.968105,0.968050,0.955996,0.959193,0.955772,0.953689,0.922068,0.943977,0.940116,0.936859,0.930231,0.935474,0.935591,0.934466,0.926741,0.931550,0.930379,0.974211,0.939123,0.935076,0.939726,0.936438,0.939379,0.935022,0.942504,0.941740,0.933829,1.000000,0.976267,0.972762,0.968930,0.966134,0.962819,0.956976,0.940189,0.954408,0.946877,0.945889,0.941496,0.940634,0.944694,0.936285,0.938679,0.938908,0.942020,0.939170,0.916836,0.917514,0.915990,0.916862,0.915766,0.915821,0.914673,0.915128,0.914797,0.964110,0.941876,0.939647,0.931178,0.927345,0.925503,0.926430,0.912959,0.924000,0.921629,0.917219,0.915479,0.914884,0.915791,0.918001,0.918719,0.918689,0.918725,0.947875,0.916207,0.917074,0.917013,0.913839,0.914935,0.915287,0.913231,0.915385,0.913329,0.950639,0.942164,0.940730,0.939309,0.935667,0.936188,0.934895,0.928684,0.932863,0.931917,0.928881,0.926424,0.919784,0.919941,0.917473,0.914614,0.917359,0.916608,0.945151,0.904137,0.904585,0.907186,0.906118,0.906677,0.908713,0.908501,0.906187,0.904709,0.942711,0.943135,0.932827,0.933021,0.934938,0.932255,0.929906,0.927321,0.929570,0.929071,0.923039,0.919337,0.922013,0.917823,0.913888,0.913038,0.908418,0.907333,0.955914,0.914539,0.917907,0.915945,0.914974,0.911360,0.915770,0.916535,0.915153,0.914357,0.945617,0.944045,0.944493,0.937161,0.938340,0.936485,0.936604,0.938518,0.937141,0.935927,0.932859,0.928918,0.933186,0.925275,0.924650,0.925150,0.920926,0.918861
allando_v_sin_a2_f7_v20,0.937793,0.922557,0.921748,0.921419,0.918950,0.918888,0.917658,0.918051,0.918266,0.918264,0.949869,0.970268,0.959531,0.961187,0.958202,0.955010,0.957144,0.902784,0.945738,0.942508,0.935391,0.933542,0.935064,0.931209,0.924269,0.922361,0.920588,0.922023,0.945390,0.919210,0.921848,0.919345,0.921104,0.919774,0.919021,0.918494,0.917729,0.917920,0.959737,0.976849,0.966400,0.964885,0.963328,0.961417,0.961544,0.905140,0.953241,0.948065,0.944382,0.940609,0.942854,0.942402,0.933307,0.931070,0.925735,0.925113,0.946654,0.932207,0.932019,0.935503,0.927452,0.925195,0.922488,0.925155,0.921189,0.922589,0.963123,0.980817,0.963394,0.957599,0.960505,0.954512,0.956929,0.914761,0.943933,0.941973,0.938570,0.928209,0.935090,0.936571,0.937607,0.930725,0.932406,0.932181,0.966705,0.937795,0.935628,0.940886,0.941810,0.939836,0.940419,0.940259,0.939527,0.940875,0.976267,1.000000,0.977731,0.969463,0.968192,0.962901,0.961785,0.931838,0.956484,0.947480,0.945801,0.941662,0.939405,0.945294,0.938975,0.940409,0.939094,0.940627,0.939759,0.919867,0.921377,0.919834,0.922254,0.921232,0.920419,0.919919,0.920556,0.920947,0.950332,0.962582,0.947518,0.937781,0.931022,0.930809,0.929418,0.909594,0.927648,0.926059,0.921491,0.919266,0.919218,0.920888,0.922734,0.923472,0.923331,0.923943,0.947027,0.920659,0.921896,0.921837,0.919626,0.921089,0.920913,0.918886,0.920645,0.918294,0.951923,0.950873,0.947968,0.944142,0.938335,0.940754,0.938128,0.924544,0.935645,0.936055,0.931364,0.929645,0.925130,0.922534,0.922377,0.920204,0.921984,0.921036,0.944876,0.909934,0.908789,0.911897,0.910017,0.911032,0.914494,0.913551,0.912803,0.911331,0.946471,0.942797,0.941918,0.942167,0.940157,0.935389,0.932738,0.925238,0.933457,0.933363,0.928794,0.924354,0.926426,0.923129,0.916902,0.916510,0.916804,0.913836,0.955775,0.917885,0.921492,0.919075,0.919199,0.916469,0.921719,0.922436,0.922502,0.921823,0.946299,0.946883,0.947548,0.948678,0.944364,0.940169,0.940943,0.936729,0.942053,0.940385,0.936425,0.933552,0.936237,0.931821,0.927867,0.928611,0.930160,0.924668
allando_v_sin_a2_f7_v25,0.934166,0.930930,0.929298,0.927267,0.927397,0.926795,0.923547,0.923551,0.923958,0.925870,0.944110,0.951724,0.968991,0.969783,0.967917,0.965055,0.965298,0.899521,0.957625,0.951448,0.941072,0.941991,0.942605,0.938700,0.933319,0.928747,0.929772,0.929931,0.941490,0.928493,0.928033,0.924848,0.926202,0.927139,0.925229,0.925545,0.924562,0.925648,0.955350,0.962319,0.977405,0.976583,0.973212,0.970045,0.968114,0.901840,0.963415,0.957235,0.950763,0.951040,0.950799,0.951661,0.941372,0.939835,0.931186,0.932181,0.942644,0.940785,0.940672,0.938305,0.933415,0.930467,0.926807,0.930147,0.926506,0.928515,0.957869,0.963568,0.975410,0.970459,0.968897,0.962332,0.966156,0.911497,0.953054,0.948561,0.943420,0.936422,0.943529,0.946513,0.943301,0.938210,0.940462,0.940582,0.963484,0.947028,0.946769,0.950150,0.947098,0.944322,0.942237,0.943417,0.942967,0.940818,0.972762,0.977731,1.000000,0.985970,0.977800,0.972664,0.970373,0.929599,0.965577,0.956543,0.953302,0.949957,0.947758,0.955324,0.947327,0.949241,0.946979,0.948844,0.942275,0.929321,0.930304,0.929235,0.930639,0.929456,0.929039,0.927915,0.929190,0.928669,0.954167,0.952285,0.966544,0.957532,0.954949,0.952025,0.943809,0.911392,0.938779,0.935170,0.930858,0.928886,0.928267,0.929535,0.931044,0.933048,0.931704,0.931707,0.951682,0.933222,0.929223,0.930527,0.931093,0.932231,0.928651,0.927947,0.930541,0.926172,0.954841,0.950253,0.957104,0.957733,0.954905,0.953048,0.948418,0.927654,0.945816,0.947225,0.942125,0.939155,0.936433,0.935236,0.933854,0.930372,0.931540,0.930168,0.949422,0.917301,0.917476,0.920047,0.920175,0.920638,0.922065,0.920908,0.918800,0.916878,0.955390,0.948716,0.943139,0.957890,0.960064,0.949000,0.942645,0.927294,0.943312,0.949177,0.936718,0.934298,0.935830,0.930104,0.926212,0.925821,0.923865,0.922032,0.961294,0.928055,0.930660,0.931961,0.931368,0.927041,0.930064,0.931719,0.928465,0.928887,0.953064,0.953070,0.951549,0.948855,0.958490,0.956629,0.954259,0.939308,0.953513,0.952070,0.947400,0.945116,0.948019,0.939514,0.939174,0.939706,0.937787,0.934746
allando_v_sin_a2_f7_v30,0.931203,0.930027,0.930825,0.927110,0.926969,0.925832,0.924879,0.924962,0.925457,0.925127,0.940432,0.942708,0.963510,0.968609,0.966189,0.967477,0.963746,0.897608,0.965951,0.952426,0.943283,0.947191,0.947627,0.943568,0.934847,0.930180,0.929265,0.930395,0.938924,0.929170,0.928099,0.927501,0.929883,0.927487,0.926673,0.927295,0.926850,0.923621,0.952196,0.956860,0.974489,0.975866,0.973177,0.974509,0.967229,0.900300,0.971063,0.958810,0.953028,0.953153,0.956014,0.955994,0.942494,0.940819,0.933654,0.932920,0.939532,0.939819,0.942230,0.938199,0.934345,0.930705,0.927869,0.930997,0.928361,0.929631,0.955075,0.958179,0.973739,0.971984,0.972058,0.969724,0.965485,0.910124,0.960548,0.953116,0.946335,0.943657,0.950234,0.949774,0.944777,0.937081,0.940505,0.942190,0.958259,0.947323,0.944616,0.950769,0.945732,0.943134,0.940809,0.942433,0.945290,0.940437,0.968930,0.969463,0.985970,1.000000,0.982278,0.979341,0.969851,0.926820,0.967761,0.961615,0.957253,0.958330,0.955289,0.958926,0.947273,0.948221,0.948786,0.949579,0.945643,0.931856,0.933470,0.931499,0.933202,0.932073,0.931705,0.930140,0.931316,0.930972,0.948456,0.947739,0.962875,0.958179,0.958235,0.946485,0.947821,0.912312,0.944187,0.938457,0.933960,0.931593,0.932020,0.932298,0.934815,0.935360,0.933942,0.934574,0.954283,0.935135,0.932827,0.934351,0.933259,0.935232,0.932412,0.931979,0.933201,0.929204,0.954039,0.949697,0.956847,0.957440,0.957669,0.956377,0.951268,0.931231,0.948698,0.948419,0.945048,0.943302,0.939231,0.938206,0.935181,0.934483,0.934157,0.933207,0.953348,0.918298,0.918402,0.920706,0.920347,0.920393,0.922936,0.922503,0.919242,0.917579,0.954046,0.949051,0.942299,0.950907,0.960337,0.962638,0.947804,0.929543,0.949201,0.944991,0.939725,0.936186,0.937657,0.933222,0.932839,0.932351,0.924681,0.924295,0.962027,0.929474,0.932680,0.930516,0.930593,0.926792,0.930914,0.931320,0.926801,0.926841,0.953368,0.954654,0.952861,0.949584,0.960730,0.959665,0.958106,0.941138,0.957619,0.955052,0.950549,0.947041,0.950510,0.942637,0.945001,0.945858,0.937885,0.938051
allando_v_sin_a2_f7_v35,0.925810,0.934098,0.930403,0.928390,0.928028,0.926827,0.925951,0.926063,0.928582,0.926084,0.935436,0.942336,0.955998,0.963892,0.970056,0.970022,0.967418,0.892796,0.961813,0.958573,0.948279,0.946986,0.947776,0.943004,0.937155,0.930354,0.931448,0.934000,0.936267,0.929889,0.930250,0.929262,0.930560,0.928486,0.927728,0.929096,0.927927,0.923749,0.949519,0.956467,0.967332,0.970261,0.976893,0.975599,0.972208,0.896092,0.967272,0.962839,0.956605,0.954197,0.955925,0.954892,0.944947,0.943789,0.937176,0.934276,0.936859,0.942428,0.942967,0.941928,0.936421,0.932963,0.930060,0.931610,0.928104,0.930310,0.951132,0.956127,0.964585,0.965632,0.976976,0.970601,0.972798,0.907490,0.960841,0.956297,0.950163,0.942216,0.947374,0.948275,0.947142,0.939708,0.943693,0.942684,0.957785,0.953956,0.945721,0.953239,0.950892,0.948608,0.943896,0.943882,0.944278,0.944435,0.966134,0.968192,0.977800,0.982278,1.000000,0.986450,0.978616,0.922634,0.975525,0.967320,0.963309,0.957764,0.956075,0.960203,0.951533,0.952265,0.954507,0.954395,0.941594,0.934670,0.936515,0.934543,0.935754,0.935037,0.934515,0.933725,0.934161,0.933585,0.947252,0.948700,0.958042,0.950099,0.952379,0.955627,0.957652,0.908557,0.948769,0.941767,0.936835,0.934533,0.934377,0.935998,0.937927,0.939023,0.937222,0.938209,0.951376,0.938122,0.937120,0.935447,0.937037,0.936359,0.936163,0.933796,0.936715,0.934152,0.955938,0.952025,0.958013,0.954780,0.954724,0.957745,0.960502,0.927425,0.956728,0.952675,0.948140,0.945582,0.942740,0.941625,0.937846,0.938898,0.937051,0.934870,0.949896,0.921277,0.921218,0.922444,0.921838,0.920495,0.924263,0.922244,0.920441,0.919403,0.952995,0.953390,0.950346,0.953649,0.953619,0.956130,0.959607,0.926413,0.958401,0.959086,0.945350,0.939136,0.939641,0.935322,0.928309,0.929918,0.927493,0.925116,0.962985,0.932551,0.935790,0.932493,0.931981,0.927704,0.933665,0.933076,0.930880,0.929731,0.954936,0.954321,0.954240,0.951910,0.957516,0.957658,0.961364,0.940671,0.963235,0.961172,0.956237,0.950831,0.953105,0.945377,0.942697,0.943267,0.941897,0.938024
allando_v_sin_a2_f7_v40,0.923404,0.938113,0.936874,0.934059,0.935402,0.931935,0.932178,0.931238,0.931198,0.931038,0.933180,0.939303,0.953094,0.960849,0.966254,0.973570,0.965932,0.889897,0.965607,0.957865,0.952910,0.954906,0.957196,0.951530,0.944651,0.940723,0.936783,0.937340,0.933946,0.934388,0.937133,0.933309,0.933975,0.932512,0.931889,0.932120,0.932272,0.928199,0.946509,0.952619,0.963652,0.965974,0.973060,0.980387,0.970707,0.893608,0.971523,0.963243,0.957877,0.958792,0.962381,0.961126,0.949635,0.949276,0.941081,0.939457,0.933288,0.947355,0.949807,0.943716,0.941351,0.938234,0.934496,0.937351,0.933368,0.934753,0.948066,0.953052,0.959770,0.960618,0.969792,0.978690,0.970491,0.903376,0.966655,0.958911,0.953110,0.949223,0.954701,0.955102,0.953495,0.942578,0.947359,0.947902,0.952506,0.959686,0.954363,0.958400,0.953244,0.952276,0.950515,0.948517,0.950605,0.948364,0.962819,0.962901,0.972664,0.979341,0.986450,1.000000,0.981997,0.919932,0.979903,0.971244,0.966102,0.966968,0.964076,0.967236,0.957542,0.957669,0.959580,0.958487,0.942330,0.939003,0.942671,0.938290,0.940251,0.939474,0.938656,0.937873,0.938076,0.938020,0.945600,0.947825,0.955643,0.952745,0.955219,0.957381,0.958094,0.908824,0.960866,0.947709,0.944846,0.940861,0.939094,0.941191,0.943716,0.943117,0.941634,0.942482,0.954031,0.943379,0.943844,0.940878,0.942100,0.943092,0.942534,0.941229,0.939998,0.938747,0.955557,0.953438,0.959362,0.957639,0.956343,0.959717,0.960930,0.929497,0.960937,0.957672,0.953886,0.951682,0.947229,0.946207,0.944186,0.944655,0.941574,0.939277,0.959675,0.924744,0.925295,0.927795,0.927494,0.926098,0.929110,0.927375,0.924405,0.924149,0.954291,0.950447,0.948198,0.954673,0.957003,0.957325,0.959392,0.928515,0.961767,0.958657,0.950046,0.943520,0.943367,0.938877,0.936489,0.936215,0.930060,0.929727,0.964221,0.937275,0.941078,0.939161,0.938672,0.933457,0.939476,0.938672,0.935207,0.933787,0.957934,0.959730,0.957576,0.955312,0.959648,0.960025,0.964374,0.943547,0.966840,0.964995,0.961413,0.955404,0.957298,0.950866,0.950674,0.951188,0.944823,0.944488
allando_v_sin_a2_f7_v45,0.917993,0.937801,0.935267,0.933940,0.933536,0.932711,0.932441,0.932481,0.931751,0.932610,0.929489,0.937769,0.949282,0.951033,0.958834,0.962666,0.974422,0.888733,0.965426,0.960583,0.953193,0.953101,0.953942,0.948229,0.939507,0.934211,0.936866,0.937364,0.925702,0.933096,0.935857,0.931022,0.932176,0.932478,0.931362,0.930339,0.930036,0.927024,0.942737,0.951888,0.958690,0.959208,0.966848,0.968438,0.978913,0.892736,0.970110,0.962705,0.957819,0.957298,0.959846,0.956037,0.946790,0.949536,0.940779,0.937024,0.928905,0.949588,0.948383,0.946222,0.943045,0.936809,0.934530,0.936194,0.934570,0.934348,0.945254,0.950292,0.954606,0.952252,0.961017,0.962878,0.976254,0.899473,0.965784,0.958512,0.953119,0.946416,0.954938,0.953145,0.952650,0.944997,0.948308,0.947073,0.948273,0.958065,0.955004,0.954035,0.952841,0.957347,0.951570,0.950255,0.948092,0.950036,0.956976,0.961785,0.970373,0.969851,0.978616,0.981997,1.000000,0.916681,0.983887,0.971512,0.967744,0.963723,0.963253,0.966247,0.962347,0.959152,0.958036,0.960335,0.938508,0.938867,0.941818,0.938060,0.939739,0.940099,0.939325,0.938450,0.939479,0.938611,0.946206,0.947084,0.953868,0.950186,0.948466,0.944416,0.950401,0.903725,0.950658,0.951048,0.946934,0.943867,0.944994,0.945933,0.943841,0.944698,0.943641,0.941959,0.950026,0.941719,0.942799,0.939235,0.941361,0.943232,0.941400,0.939901,0.941918,0.937427,0.956863,0.955092,0.957583,0.957205,0.954582,0.955475,0.957793,0.921174,0.958191,0.958512,0.956112,0.952202,0.947336,0.946919,0.944600,0.943861,0.943661,0.941278,0.951308,0.929004,0.928484,0.930172,0.930957,0.929242,0.930136,0.929380,0.928080,0.928571,0.950783,0.949155,0.946988,0.949599,0.951308,0.949281,0.948049,0.921411,0.960159,0.960955,0.951803,0.945539,0.946085,0.939534,0.936092,0.936208,0.935183,0.931832,0.964684,0.939859,0.943040,0.939862,0.942714,0.935348,0.946506,0.939593,0.941975,0.939154,0.956957,0.959105,0.958741,0.955993,0.958976,0.958971,0.960373,0.937239,0.965327,0.965326,0.964976,0.959352,0.959126,0.951795,0.950809,0.950334,0.952105,0.945319
allando_v_sin_a2_f7_v5,0.941737,0.866791,0.867793,0.865120,0.864638,0.864818,0.863780,0.863840,0.863394,0.862738,0.941280,0.930111,0.928877,0.923417,0.920934,0.915376,0.915632,0.969332,0.905475,0.902561,0.892450,0.888118,0.888815,0.879931,0.871665,0.869038,0.867534,0.867476,0.947665,0.869105,0.871139,0.872622,0.872626,0.872408,0.870971,0.870137,0.870454,0.868053,0.942646,0.937534,0.934821,0.926353,0.923870,0.922964,0.921647,0.971179,0.913891,0.908709,0.900520,0.892257,0.894698,0.889458,0.881398,0.872284,0.873927,0.871197,0.936669,0.871962,0.872059,0.870811,0.866747,0.865233,0.865905,0.869108,0.863972,0.865257,0.928899,0.925718,0.920175,0.911660,0.913267,0.912023,0.911850,0.975192,0.901820,0.897461,0.893003,0.882514,0.888063,0.884948,0.884378,0.875134,0.876239,0.875006,0.949464,0.881164,0.878051,0.883315,0.882410,0.878379,0.875643,0.875713,0.877228,0.873320,0.940189,0.931838,0.929599,0.926820,0.922634,0.919932,0.916681,1.000000,0.913218,0.905952,0.904343,0.896028,0.894331,0.898734,0.893962,0.894246,0.890146,0.889620,0.909713,0.861456,0.862318,0.861291,0.862031,0.860515,0.860515,0.859510,0.860492,0.860609,0.905001,0.892035,0.887674,0.882523,0.877012,0.874532,0.871370,0.941265,0.870314,0.868574,0.865373,0.861662,0.861395,0.862101,0.864114,0.864436,0.864254,0.863227,0.914871,0.862985,0.862596,0.859946,0.858572,0.860213,0.860772,0.857412,0.860629,0.859423,0.907796,0.894821,0.892897,0.892608,0.884840,0.886411,0.881987,0.939482,0.879374,0.876601,0.872944,0.871136,0.863448,0.860775,0.861162,0.861041,0.863287,0.862014,0.906121,0.849097,0.848345,0.850565,0.847917,0.847187,0.848665,0.848292,0.847140,0.844736,0.899906,0.890058,0.883139,0.884122,0.882764,0.882237,0.878508,0.930045,0.879487,0.878566,0.871485,0.869441,0.867750,0.864188,0.856746,0.857364,0.854595,0.853601,0.919477,0.862147,0.864556,0.860088,0.860775,0.856457,0.864447,0.861679,0.858416,0.856653,0.903389,0.898256,0.895171,0.888053,0.888994,0.887352,0.886713,0.942292,0.888236,0.886320,0.883349,0.881146,0.882726,0.875575,0.870394,0.872956,0.869736,0.867471
allando_v_sin_a2_f7_v50,0.916216,0.936177,0.934377,0.934345,0.931763,0.931389,0.930163,0.930127,0.931266,0.931395,0.927141,0.937603,0.948908,0.951611,0.956395,0.962167,0.966325,0.884348,0.965131,0.961808,0.958597,0.955423,0.953630,0.948554,0.940099,0.937860,0.933904,0.935244,0.925870,0.934007,0.934033,0.931071,0.931512,0.930769,0.930433,0.930135,0.928510,0.926918,0.941434,0.950101,0.957385,0.958368,0.963560,0.967422,0.971640,0.888187,0.969897,0.966595,0.963005,0.958954,0.959505,0.957896,0.948314,0.950242,0.939445,0.937712,0.930028,0.948006,0.950647,0.943570,0.941487,0.936203,0.934913,0.934508,0.932623,0.933528,0.943706,0.946549,0.952638,0.951514,0.960275,0.961919,0.966427,0.896869,0.969500,0.961540,0.959662,0.949743,0.953876,0.953802,0.953527,0.944229,0.949348,0.949363,0.947826,0.958947,0.955895,0.956845,0.951662,0.953287,0.947148,0.947827,0.947479,0.947594,0.954408,0.956484,0.965577,0.967761,0.975525,0.979903,0.983887,0.913218,1.000000,0.977846,0.973861,0.964348,0.964285,0.967082,0.962249,0.960244,0.959711,0.961753,0.935612,0.940507,0.941364,0.938877,0.941038,0.939810,0.939263,0.938348,0.937939,0.937115,0.940030,0.943688,0.951766,0.947991,0.945106,0.946463,0.948916,0.901141,0.950680,0.947424,0.949036,0.946717,0.945110,0.945473,0.945569,0.944763,0.943892,0.943760,0.948640,0.942276,0.941985,0.938249,0.940355,0.941406,0.941290,0.938551,0.940937,0.937543,0.952604,0.950663,0.955074,0.955039,0.953466,0.956120,0.956305,0.920141,0.959357,0.956591,0.954858,0.953756,0.947839,0.946659,0.943947,0.943546,0.943657,0.940481,0.951386,0.927454,0.928509,0.930634,0.929553,0.927336,0.928546,0.926707,0.923851,0.923349,0.950336,0.945325,0.945019,0.946726,0.949062,0.948302,0.945800,0.920366,0.952982,0.953358,0.951072,0.946610,0.944255,0.940615,0.933683,0.935292,0.931921,0.931352,0.963988,0.940224,0.947121,0.940070,0.943285,0.935276,0.942965,0.938631,0.937344,0.935437,0.956215,0.956878,0.956047,0.953518,0.958349,0.957834,0.960593,0.937260,0.962723,0.964365,0.964021,0.960675,0.959766,0.954306,0.948959,0.949669,0.946671,0.945064
allando_v_sin_a2_f7_v55,0.909180,0.932660,0.929592,0.930559,0.928652,0.927668,0.926492,0.926373,0.926349,0.926384,0.925103,0.932816,0.938949,0.943852,0.947581,0.951243,0.955341,0.874029,0.957733,0.970252,0.964026,0.959378,0.952844,0.947641,0.936580,0.934916,0.931407,0.933279,0.917052,0.930400,0.928102,0.928513,0.927606,0.926518,0.927722,0.927276,0.926573,0.921499,0.937365,0.942431,0.948634,0.949818,0.955799,0.957850,0.961892,0.876502,0.963640,0.976056,0.969824,0.963579,0.957400,0.955653,0.943763,0.944702,0.935079,0.933206,0.922795,0.943042,0.947270,0.941556,0.938395,0.931257,0.930360,0.931247,0.927620,0.929610,0.936835,0.936539,0.943911,0.944736,0.950539,0.953707,0.955208,0.887719,0.956303,0.975374,0.964397,0.958146,0.956953,0.952610,0.948627,0.939593,0.942529,0.942414,0.938857,0.954118,0.950747,0.952982,0.948887,0.947826,0.944106,0.944128,0.946582,0.943902,0.946877,0.947480,0.956543,0.961615,0.967320,0.971244,0.971512,0.905952,0.977846,1.000000,0.981138,0.969510,0.961261,0.968794,0.953269,0.954555,0.953250,0.954915,0.930353,0.933999,0.934896,0.933843,0.937087,0.934293,0.934762,0.932814,0.933327,0.934828,0.933369,0.935517,0.943353,0.941133,0.942142,0.941498,0.942626,0.895858,0.943721,0.941361,0.940596,0.940589,0.938650,0.937337,0.938017,0.939786,0.939087,0.937270,0.944498,0.936927,0.937741,0.933358,0.936760,0.937940,0.936459,0.935339,0.937364,0.933176,0.946766,0.942674,0.949742,0.950182,0.950050,0.950805,0.951361,0.915408,0.955830,0.951158,0.948008,0.948790,0.943946,0.941367,0.940834,0.940720,0.937352,0.937458,0.950139,0.919402,0.922296,0.924217,0.923250,0.922643,0.924895,0.924556,0.921719,0.920594,0.946013,0.940169,0.938780,0.941036,0.944681,0.946722,0.943010,0.915529,0.944153,0.943341,0.939949,0.941188,0.946033,0.943376,0.934869,0.933758,0.927173,0.926569,0.963550,0.932133,0.940458,0.934281,0.939002,0.932497,0.934676,0.934254,0.930829,0.929824,0.949087,0.954306,0.952514,0.949337,0.954804,0.953649,0.955110,0.933047,0.957656,0.957308,0.955531,0.955233,0.961306,0.954736,0.949167,0.948404,0.941878,0.941886
allando_v_sin_a2_f7_v60,0.907426,0.937230,0.934037,0.933171,0.933236,0.931657,0.930475,0.930415,0.930397,0.930113,0.919653,0.929814,0.936037,0.936785,0.941519,0.945893,0.951360,0.872071,0.952845,0.962571,0.976496,0.963911,0.957827,0.950637,0.939828,0.934224,0.935271,0.936635,0.912400,0.933388,0.933592,0.930791,0.930503,0.929978,0.929702,0.931871,0.928379,0.925349,0.934773,0.942727,0.948041,0.946932,0.952093,0.955186,0.960150,0.873911,0.959311,0.968552,0.980411,0.968418,0.962526,0.960635,0.946560,0.949171,0.939533,0.935279,0.921710,0.947861,0.950734,0.945884,0.943526,0.935634,0.934184,0.935696,0.933458,0.933898,0.936524,0.937899,0.941178,0.939972,0.947832,0.950099,0.951927,0.885405,0.953030,0.963590,0.980702,0.956094,0.959265,0.956118,0.953281,0.946853,0.949119,0.948053,0.937852,0.959406,0.953722,0.956459,0.954242,0.955717,0.952788,0.951249,0.952355,0.951183,0.945889,0.945801,0.953302,0.957253,0.963309,0.966102,0.967744,0.904343,0.973861,0.981138,1.000000,0.972751,0.967075,0.971395,0.960133,0.961466,0.960299,0.962679,0.932135,0.937082,0.937423,0.936487,0.939387,0.937445,0.937013,0.936418,0.936494,0.935049,0.936073,0.936414,0.943700,0.943101,0.942007,0.940474,0.942552,0.899022,0.942751,0.942195,0.941939,0.942696,0.940737,0.940089,0.940297,0.941633,0.940239,0.940527,0.944984,0.937784,0.937803,0.937824,0.937737,0.939575,0.940396,0.937756,0.941287,0.937854,0.950803,0.947595,0.951390,0.952093,0.951365,0.951396,0.952174,0.917972,0.955894,0.953097,0.950405,0.950007,0.944654,0.943333,0.943334,0.939113,0.940518,0.942539,0.946649,0.925909,0.928551,0.930748,0.929018,0.928528,0.930591,0.929748,0.928773,0.928122,0.945930,0.945044,0.943940,0.943899,0.946634,0.945827,0.943297,0.918420,0.944570,0.944604,0.940626,0.940652,0.947798,0.946193,0.936520,0.938492,0.931246,0.930491,0.963741,0.937389,0.946461,0.937953,0.942628,0.936839,0.938716,0.938871,0.937980,0.937490,0.952482,0.955376,0.954832,0.952256,0.954635,0.955533,0.956486,0.934317,0.958811,0.957144,0.956232,0.954320,0.962847,0.958758,0.951626,0.952880,0.945200,0.944399
allando_v_sin_a2_f7_v65,0.906098,0.933138,0.932998,0.931608,0.931604,0.929852,0.929068,0.928847,0.929195,0.928763,0.915402,0.917821,0.927035,0.931268,0.937491,0.946281,0.948552,0.865254,0.954706,0.950724,0.955758,0.969502,0.968749,0.959858,0.940617,0.936628,0.934955,0.934030,0.911676,0.932239,0.932390,0.929660,0.929905,0.928071,0.929018,0.927558,0.926659,0.925078,0.927124,0.932999,0.941220,0.941759,0.948526,0.955019,0.953460,0.867114,0.961399,0.957169,0.959001,0.969373,0.971280,0.967618,0.950431,0.954687,0.939176,0.938524,0.916140,0.950042,0.953185,0.947001,0.942076,0.936710,0.932654,0.934375,0.932475,0.932368,0.930144,0.931592,0.937556,0.939585,0.944737,0.949544,0.948039,0.880340,0.952553,0.955508,0.955110,0.974263,0.971633,0.965703,0.954018,0.945179,0.948689,0.950040,0.933168,0.961037,0.957689,0.961943,0.955317,0.953981,0.952613,0.951660,0.955923,0.950470,0.941496,0.941662,0.949957,0.958330,0.957764,0.966968,0.963723,0.896028,0.964348,0.969510,0.972751,1.000000,0.979563,0.979856,0.958984,0.963728,0.963648,0.961441,0.935672,0.935570,0.936631,0.933938,0.935996,0.934843,0.934332,0.933151,0.934092,0.933537,0.931971,0.935074,0.940613,0.939586,0.939954,0.940129,0.940362,0.893245,0.941179,0.941125,0.939605,0.938794,0.937888,0.937530,0.938997,0.938229,0.937343,0.938172,0.950651,0.936676,0.935869,0.936887,0.939270,0.937425,0.935613,0.935144,0.937089,0.935895,0.945053,0.944204,0.948696,0.949467,0.947078,0.949057,0.950287,0.915782,0.949574,0.950245,0.948301,0.947904,0.943210,0.942210,0.941646,0.938935,0.937072,0.939165,0.951747,0.927864,0.927725,0.931008,0.929170,0.928770,0.931631,0.931548,0.928344,0.926158,0.943515,0.942712,0.939725,0.941453,0.944354,0.944379,0.941672,0.915252,0.942656,0.942724,0.939895,0.939098,0.941992,0.943936,0.950126,0.946459,0.936471,0.934283,0.954231,0.939464,0.942562,0.939677,0.939126,0.935510,0.937950,0.938173,0.934786,0.934125,0.951634,0.953820,0.952794,0.949895,0.953946,0.951761,0.954693,0.930070,0.955863,0.955439,0.954534,0.950309,0.956004,0.954700,0.963970,0.959450,0.948362,0.950150
allando_v_sin_a2_f7_v70,0.907030,0.940732,0.938264,0.937868,0.939322,0.936752,0.936006,0.935678,0.936036,0.935533,0.914646,0.919154,0.927415,0.933594,0.937791,0.946446,0.947876,0.866800,0.953516,0.946941,0.953503,0.962141,0.969693,0.960072,0.944484,0.941082,0.941235,0.939465,0.911520,0.939102,0.938703,0.935709,0.935662,0.934482,0.933880,0.933634,0.933120,0.932183,0.924765,0.933308,0.942361,0.943368,0.949089,0.955625,0.954766,0.868926,0.958559,0.955650,0.958088,0.963718,0.974617,0.968796,0.955561,0.957585,0.946019,0.942979,0.916113,0.954187,0.956360,0.949387,0.948892,0.941706,0.937918,0.940693,0.939713,0.938892,0.930958,0.932775,0.936775,0.937881,0.944763,0.949492,0.948955,0.879203,0.950019,0.949850,0.951212,0.961576,0.972914,0.963074,0.957055,0.953410,0.954951,0.958434,0.932965,0.964695,0.962562,0.963913,0.960153,0.959043,0.957479,0.955322,0.957808,0.954306,0.940634,0.939405,0.947758,0.955289,0.956075,0.964076,0.963253,0.894331,0.964285,0.961261,0.967075,0.979563,1.000000,0.981344,0.968239,0.970748,0.971915,0.971695,0.935927,0.942330,0.942863,0.941276,0.942315,0.941782,0.940496,0.940841,0.940707,0.939938,0.936636,0.938013,0.943696,0.944578,0.942536,0.944645,0.943796,0.894015,0.945814,0.946814,0.945640,0.944855,0.945131,0.943587,0.945314,0.946276,0.943564,0.944440,0.951752,0.944475,0.945871,0.944682,0.944779,0.946099,0.942892,0.942384,0.945383,0.943076,0.949157,0.948737,0.952818,0.953330,0.951526,0.953628,0.953055,0.912314,0.954498,0.955600,0.954632,0.954779,0.949891,0.948142,0.947073,0.946351,0.945279,0.945856,0.950428,0.939414,0.939333,0.940364,0.937386,0.937728,0.937958,0.936613,0.935200,0.932726,0.946451,0.946750,0.943360,0.945801,0.947279,0.946342,0.943491,0.913577,0.948487,0.947829,0.946211,0.947039,0.946792,0.948601,0.951722,0.950594,0.942874,0.941568,0.956950,0.950584,0.952001,0.944680,0.946690,0.940448,0.948793,0.944917,0.942844,0.941582,0.956885,0.956281,0.955837,0.953267,0.956033,0.955967,0.957379,0.928027,0.959502,0.960531,0.959269,0.958365,0.959565,0.958383,0.964849,0.962985,0.953089,0.954871
allando_v_sin_a2_f7_v75,0.913898,0.949695,0.945329,0.944023,0.945237,0.943058,0.941271,0.942031,0.942987,0.942497,0.919111,0.926500,0.934000,0.942629,0.943356,0.951564,0.953960,0.870504,0.957527,0.956528,0.960436,0.968756,0.969671,0.967099,0.951941,0.947376,0.947451,0.947815,0.916329,0.944291,0.944031,0.943464,0.943120,0.941625,0.940848,0.942415,0.940679,0.937859,0.932165,0.939841,0.948005,0.951394,0.953248,0.959743,0.958256,0.870049,0.961989,0.961502,0.964209,0.971113,0.973399,0.974045,0.961947,0.966622,0.951429,0.949622,0.923493,0.962093,0.964920,0.956235,0.955823,0.949074,0.944584,0.946104,0.944826,0.945392,0.934030,0.938663,0.942986,0.946065,0.948782,0.953035,0.952908,0.883170,0.953872,0.957631,0.958437,0.964617,0.967358,0.977089,0.965940,0.959135,0.958508,0.962516,0.939527,0.973397,0.971465,0.972075,0.969038,0.965230,0.964928,0.960546,0.963714,0.960095,0.944694,0.945294,0.955324,0.958926,0.960203,0.967236,0.966247,0.898734,0.967082,0.968794,0.971395,0.979856,0.981344,1.000000,0.976225,0.977199,0.974023,0.973992,0.942638,0.949580,0.950348,0.947185,0.948884,0.947288,0.949146,0.946786,0.947543,0.946487,0.943358,0.943858,0.954556,0.952722,0.952193,0.952197,0.951182,0.900183,0.952683,0.951705,0.950234,0.949942,0.948029,0.948683,0.950068,0.950256,0.950405,0.952240,0.958904,0.950946,0.951605,0.950453,0.951762,0.951438,0.949958,0.949663,0.951526,0.949986,0.955446,0.954986,0.960913,0.962119,0.959824,0.961302,0.960750,0.920003,0.960876,0.961736,0.958881,0.958635,0.955943,0.954867,0.954359,0.952077,0.950406,0.951479,0.960374,0.940237,0.940727,0.945553,0.943791,0.944869,0.946496,0.944116,0.939664,0.937887,0.954431,0.952879,0.951611,0.954455,0.955607,0.954714,0.951317,0.919487,0.953556,0.954647,0.950822,0.948936,0.951804,0.955477,0.957283,0.958201,0.952761,0.948406,0.963724,0.950247,0.954087,0.953048,0.953687,0.948605,0.950726,0.952128,0.946320,0.946493,0.963424,0.965650,0.964187,0.959042,0.963788,0.962580,0.964923,0.932718,0.965174,0.965001,0.963388,0.961953,0.965930,0.964470,0.968765,0.967072,0.959486,0.961250
allando_v_sin_a2_f7_v80,0.911997,0.945717,0.940116,0.940118,0.941452,0.943843,0.942157,0.941977,0.942029,0.942026,0.910450,0.920687,0.929183,0.937225,0.934880,0.944689,0.951440,0.867812,0.948977,0.943431,0.946950,0.951213,0.957421,0.954816,0.945567,0.941869,0.940988,0.942979,0.917862,0.939008,0.940033,0.937525,0.934798,0.936180,0.934961,0.935993,0.935672,0.933958,0.921337,0.935212,0.942874,0.946515,0.945613,0.951074,0.957159,0.871205,0.953652,0.951680,0.954126,0.957631,0.964981,0.962779,0.962052,0.965637,0.947391,0.943246,0.922010,0.954721,0.954533,0.951162,0.951536,0.943870,0.942560,0.942233,0.940930,0.941892,0.928117,0.934930,0.935367,0.941529,0.941775,0.943661,0.951274,0.879318,0.946635,0.945733,0.948684,0.944999,0.957046,0.958012,0.968787,0.959184,0.957010,0.955810,0.943426,0.967117,0.966318,0.966303,0.969555,0.960310,0.962598,0.957077,0.955526,0.955543,0.936285,0.938975,0.947327,0.947273,0.951533,0.957542,0.962347,0.893962,0.962249,0.953269,0.960133,0.958984,0.968239,0.976225,1.000000,0.978921,0.970437,0.970374,0.935157,0.946020,0.946822,0.944489,0.945616,0.943623,0.943404,0.943458,0.943664,0.943119,0.934327,0.936526,0.944804,0.947050,0.946438,0.943992,0.945965,0.893340,0.948460,0.949508,0.949130,0.947352,0.946426,0.946504,0.948247,0.947919,0.948113,0.947865,0.950303,0.947273,0.948311,0.946817,0.948877,0.947426,0.947216,0.945653,0.948151,0.947039,0.949769,0.949133,0.952715,0.956034,0.954445,0.957288,0.955241,0.909357,0.956571,0.957914,0.957792,0.955097,0.951383,0.950791,0.949414,0.949663,0.948622,0.947681,0.944886,0.941059,0.939676,0.941596,0.941842,0.940243,0.940698,0.940473,0.936010,0.936268,0.948030,0.945783,0.945757,0.946358,0.950212,0.946890,0.944599,0.911491,0.952495,0.951471,0.951006,0.948824,0.945914,0.948380,0.943628,0.947509,0.952684,0.953949,0.956860,0.948529,0.951460,0.945707,0.948957,0.941992,0.955534,0.945425,0.948809,0.943225,0.959190,0.959348,0.956743,0.951819,0.957872,0.957725,0.957558,0.927652,0.960554,0.961541,0.962634,0.960042,0.959859,0.959607,0.956876,0.957590,0.961243,0.958823
allando_v_sin_a2_f7_v85,0.912271,0.946821,0.946317,0.944828,0.945721,0.944341,0.943632,0.943421,0.943684,0.943407,0.911596,0.921191,0.927413,0.938209,0.937162,0.945054,0.947468,0.865567,0.944776,0.946808,0.951809,0.956560,0.958988,0.960518,0.950039,0.946228,0.946900,0.947942,0.916911,0.945587,0.944458,0.940214,0.939924,0.939887,0.938546,0.938631,0.938533,0.939102,0.920631,0.933764,0.941403,0.947552,0.948193,0.952233,0.952945,0.865236,0.950346,0.954250,0.955689,0.963688,0.964646,0.969211,0.964490,0.969233,0.954100,0.949525,0.922724,0.962849,0.961092,0.956396,0.956293,0.949268,0.945560,0.946043,0.943397,0.946466,0.928670,0.933800,0.937376,0.944100,0.946328,0.945388,0.948793,0.878009,0.944899,0.947958,0.950290,0.951900,0.957867,0.964910,0.969804,0.971545,0.964401,0.967201,0.940881,0.973906,0.975567,0.970386,0.972747,0.963332,0.965933,0.959553,0.960117,0.958698,0.938679,0.940409,0.949241,0.948221,0.952265,0.957669,0.959152,0.894246,0.960244,0.954555,0.961466,0.963728,0.970748,0.977199,0.978921,1.000000,0.981632,0.978983,0.938589,0.949643,0.948979,0.946814,0.948931,0.947745,0.946603,0.947684,0.946998,0.946285,0.939038,0.940835,0.949352,0.949238,0.950492,0.951338,0.951063,0.894748,0.952627,0.952422,0.950622,0.948695,0.947473,0.947548,0.949906,0.950728,0.950360,0.950536,0.951721,0.949791,0.949654,0.951264,0.951133,0.950196,0.949867,0.949067,0.951648,0.949393,0.952766,0.951450,0.955678,0.958173,0.956514,0.960931,0.959197,0.911650,0.958585,0.961059,0.957524,0.956085,0.953932,0.951419,0.951173,0.950651,0.951484,0.951457,0.950067,0.950826,0.951727,0.950547,0.947723,0.947976,0.945695,0.943558,0.940837,0.940167,0.951518,0.949403,0.949441,0.951406,0.952423,0.949983,0.949032,0.914007,0.952793,0.954430,0.950716,0.950168,0.951357,0.953967,0.948541,0.951503,0.956536,0.955367,0.958983,0.959712,0.959893,0.954175,0.954359,0.947941,0.950292,0.951740,0.946548,0.948207,0.966138,0.962021,0.960942,0.956213,0.959332,0.958242,0.961216,0.927779,0.961423,0.963792,0.960873,0.959550,0.962085,0.962567,0.960788,0.961837,0.963743,0.964876
allando_v_sin_a2_f7_v90,0.904091,0.949689,0.949514,0.947435,0.949227,0.948126,0.947520,0.947559,0.947630,0.947467,0.911045,0.919370,0.926600,0.933536,0.940288,0.946062,0.947468,0.862240,0.945818,0.945574,0.949885,0.957685,0.962472,0.962860,0.951915,0.949046,0.952834,0.951030,0.907147,0.949142,0.946471,0.944355,0.945148,0.943208,0.943835,0.942122,0.942197,0.940620,0.921075,0.930247,0.940608,0.943290,0.950070,0.954403,0.953350,0.864289,0.952450,0.953357,0.955306,0.960763,0.967158,0.970570,0.961515,0.966878,0.953859,0.952390,0.915671,0.964567,0.965888,0.961433,0.958337,0.951499,0.950039,0.951227,0.947714,0.949460,0.929083,0.933240,0.937789,0.940202,0.948766,0.948028,0.951089,0.875392,0.946221,0.947288,0.951349,0.953163,0.961016,0.962581,0.968419,0.962230,0.972841,0.975908,0.933097,0.977907,0.975084,0.973359,0.972396,0.968498,0.968485,0.963589,0.964398,0.963355,0.938908,0.939094,0.946979,0.948786,0.954507,0.959580,0.958036,0.890146,0.959711,0.953250,0.960299,0.963648,0.971915,0.974023,0.970437,0.981632,1.000000,0.987836,0.936444,0.953123,0.954205,0.953153,0.953755,0.953752,0.953043,0.951570,0.951992,0.951269,0.940147,0.942502,0.949707,0.951779,0.952865,0.955940,0.957677,0.892022,0.958600,0.956640,0.954087,0.953414,0.952427,0.952891,0.955407,0.955413,0.954609,0.954738,0.950036,0.956711,0.954579,0.954699,0.954441,0.954995,0.955318,0.953093,0.954265,0.953727,0.951973,0.952080,0.956134,0.959077,0.957603,0.961197,0.961217,0.908286,0.960022,0.962694,0.960455,0.958618,0.957622,0.955712,0.954761,0.955713,0.956903,0.956657,0.949581,0.957841,0.960902,0.958470,0.952732,0.950652,0.950315,0.947351,0.945904,0.944439,0.952666,0.953066,0.951227,0.952589,0.955155,0.952334,0.952287,0.912256,0.955481,0.956874,0.955702,0.951493,0.953644,0.955792,0.952261,0.953364,0.952933,0.953240,0.957972,0.970291,0.968936,0.955907,0.955452,0.949111,0.954127,0.954508,0.950903,0.953189,0.966216,0.962568,0.962659,0.959416,0.961776,0.960041,0.963705,0.926778,0.963195,0.967028,0.964895,0.959631,0.962530,0.963325,0.963278,0.964173,0.961445,0.962669
allando_v_sin_a2_f7_v95,0.904312,0.952038,0.950876,0.948882,0.950049,0.949479,0.948804,0.949005,0.949059,0.948588,0.913574,0.921944,0.930868,0.935007,0.941809,0.945874,0.950886,0.863225,0.947029,0.948593,0.955601,0.958357,0.962103,0.963764,0.951736,0.949824,0.953539,0.952082,0.905912,0.951358,0.949497,0.944933,0.945990,0.945606,0.945821,0.944125,0.943481,0.941964,0.924726,0.934096,0.943136,0.944788,0.949976,0.954232,0.956182,0.863373,0.953555,0.953916,0.959289,0.961457,0.966817,0.970422,0.959659,0.967040,0.954393,0.954348,0.916899,0.965543,0.965871,0.962667,0.959703,0.953287,0.950084,0.951333,0.950752,0.950912,0.932034,0.934705,0.939298,0.939129,0.947546,0.948713,0.951944,0.876538,0.946658,0.947664,0.954843,0.949827,0.961503,0.961804,0.963746,0.963120,0.973559,0.972955,0.933505,0.980260,0.977521,0.973684,0.973259,0.973550,0.971603,0.966439,0.965715,0.964370,0.942020,0.940627,0.948844,0.949579,0.954395,0.958487,0.960335,0.889620,0.961753,0.954915,0.962679,0.961441,0.971695,0.973992,0.970374,0.978983,0.987836,1.000000,0.936292,0.955203,0.957251,0.954657,0.955737,0.953831,0.953883,0.953755,0.953314,0.951925,0.944130,0.944634,0.950225,0.952897,0.952378,0.955187,0.956494,0.893307,0.957185,0.957905,0.956566,0.955839,0.955423,0.954896,0.956646,0.957273,0.956776,0.956452,0.949161,0.958501,0.956380,0.956973,0.956460,0.956718,0.956176,0.954770,0.956635,0.955204,0.954817,0.954063,0.958284,0.960606,0.958428,0.962011,0.961604,0.910253,0.961122,0.963609,0.961583,0.959994,0.958922,0.957511,0.957051,0.956662,0.956598,0.957703,0.950981,0.957545,0.960714,0.958251,0.953169,0.951791,0.951132,0.948479,0.949029,0.948655,0.954904,0.952484,0.952237,0.953856,0.955869,0.953754,0.952835,0.912063,0.956324,0.958642,0.954856,0.953376,0.955471,0.956507,0.951678,0.955416,0.952068,0.953357,0.959657,0.970101,0.969594,0.957386,0.958242,0.951453,0.957522,0.956307,0.954027,0.956565,0.966428,0.963321,0.963067,0.960624,0.962828,0.961545,0.964599,0.926619,0.964203,0.967889,0.963675,0.963197,0.963923,0.963131,0.963224,0.965811,0.960857,0.961991
allando_v_sin_a8_f1_v10,0.943881,0.931603,0.930756,0.930355,0.929820,0.929284,0.928302,0.928068,0.928463,0.928780,0.941191,0.942021,0.947365,0.951316,0.952438,0.957557,0.955050,0.906838,0.953451,0.948781,0.945024,0.947513,0.950861,0.946633,0.934227,0.931715,0.931391,0.932765,0.934926,0.926888,0.927690,0.928476,0.926222,0.925417,0.925962,0.924593,0.923846,0.925238,0.934504,0.938485,0.941684,0.942109,0.944408,0.946100,0.940315,0.898215,0.939748,0.936850,0.934537,0.935555,0.939465,0.939894,0.934344,0.937951,0.929674,0.931550,0.940261,0.930750,0.932720,0.930265,0.928521,0.928040,0.926106,0.927806,0.925616,0.925920,0.937887,0.939714,0.940298,0.938753,0.940441,0.940701,0.941104,0.905843,0.933401,0.933544,0.930902,0.931980,0.938969,0.939706,0.939859,0.932530,0.931710,0.932756,0.946118,0.931601,0.930751,0.933254,0.933730,0.928638,0.930590,0.927981,0.932047,0.928474,0.939170,0.939759,0.942275,0.945643,0.941594,0.942330,0.938508,0.909713,0.935612,0.930353,0.932135,0.935672,0.935927,0.942638,0.935157,0.938589,0.936444,0.936292,1.000000,0.940423,0.941983,0.939124,0.940924,0.939875,0.938787,0.938088,0.939093,0.939210,0.973195,0.966520,0.962543,0.957020,0.954191,0.951876,0.950182,0.946782,0.950489,0.948169,0.942918,0.941601,0.940752,0.940926,0.944093,0.943539,0.942666,0.942510,0.967587,0.932692,0.930129,0.933401,0.930548,0.930203,0.929142,0.928545,0.928340,0.926521,0.958266,0.948217,0.947355,0.946994,0.942710,0.945482,0.940847,0.936382,0.940461,0.940712,0.935747,0.934660,0.932048,0.931251,0.932608,0.930493,0.932142,0.930249,0.963925,0.924016,0.923091,0.924825,0.921623,0.922565,0.924579,0.923437,0.921818,0.919182,0.956458,0.954544,0.947355,0.944171,0.944523,0.941743,0.939259,0.932582,0.940050,0.939645,0.936700,0.933948,0.933810,0.935125,0.933103,0.934817,0.934752,0.931078,0.959747,0.925101,0.926607,0.923090,0.921937,0.919075,0.924281,0.926232,0.921075,0.920226,0.955221,0.953371,0.950424,0.941868,0.942778,0.937663,0.942123,0.933934,0.942887,0.939209,0.935634,0.936341,0.938414,0.938557,0.939892,0.940433,0.935510,0.933828
allando_v_sin_a8_f1_v100,0.890130,0.962960,0.963613,0.963698,0.964589,0.964239,0.963691,0.963385,0.965331,0.963813,0.904762,0.912664,0.921798,0.928438,0.936471,0.940060,0.946019,0.852394,0.947437,0.946834,0.947724,0.952029,0.956649,0.963751,0.964106,0.963403,0.964727,0.963372,0.882565,0.964190,0.960798,0.959050,0.957695,0.960296,0.959961,0.959450,0.958243,0.959010,0.902338,0.913144,0.922012,0.925653,0.933509,0.940206,0.943369,0.846741,0.940379,0.942878,0.940640,0.947140,0.949982,0.951845,0.946177,0.961716,0.965272,0.964191,0.891531,0.961221,0.963903,0.958653,0.967303,0.961532,0.964008,0.963663,0.962976,0.965044,0.913038,0.916330,0.922671,0.926262,0.933449,0.936549,0.940952,0.856201,0.938205,0.937375,0.939854,0.935022,0.946924,0.949916,0.953753,0.951641,0.956458,0.959993,0.903075,0.956380,0.955800,0.957166,0.956960,0.955457,0.957875,0.955028,0.957783,0.957078,0.916836,0.919867,0.929321,0.931856,0.934670,0.939003,0.938867,0.861456,0.940507,0.933999,0.937082,0.935570,0.942330,0.949580,0.946020,0.949643,0.953123,0.955203,0.940423,1.000000,0.991318,0.992698,0.982883,0.982840,0.991173,0.991046,0.983752,0.982140,0.951232,0.954585,0.966314,0.970325,0.973120,0.974848,0.979795,0.899857,0.981538,0.982087,0.979308,0.980240,0.980434,0.980600,0.982544,0.984161,0.984103,0.989759,0.940410,0.973389,0.973100,0.973099,0.974140,0.973386,0.972722,0.972402,0.972788,0.974805,0.948349,0.950636,0.964290,0.967205,0.968225,0.972182,0.972362,0.897563,0.973279,0.974519,0.971706,0.970901,0.972486,0.972029,0.971640,0.971727,0.973399,0.972995,0.945709,0.959926,0.961266,0.963854,0.963804,0.962233,0.962100,0.961165,0.961156,0.959761,0.953652,0.955027,0.954764,0.959982,0.964268,0.963460,0.965991,0.904281,0.968106,0.968852,0.968106,0.966269,0.969507,0.967379,0.963449,0.965431,0.963053,0.962303,0.947477,0.957862,0.961428,0.959894,0.962866,0.955301,0.962350,0.960829,0.958870,0.959005,0.957431,0.962238,0.964031,0.960164,0.966614,0.966621,0.968704,0.907570,0.969081,0.969510,0.970136,0.964684,0.969019,0.964494,0.964840,0.966099,0.963104,0.962826
allando_v_sin_a8_f1_v105,0.890977,0.963142,0.963281,0.965187,0.966446,0.964385,0.964455,0.965023,0.966164,0.966122,0.905301,0.913372,0.922034,0.929229,0.936822,0.941385,0.946677,0.853966,0.948646,0.946850,0.948231,0.952730,0.957021,0.964941,0.964381,0.963909,0.965195,0.965085,0.883778,0.965204,0.965172,0.959544,0.958570,0.959285,0.960798,0.960206,0.959016,0.961117,0.903760,0.914147,0.922771,0.926383,0.934864,0.940783,0.941891,0.848422,0.941038,0.941575,0.940811,0.943979,0.950136,0.952328,0.946903,0.962797,0.965950,0.965550,0.891814,0.963868,0.965184,0.960099,0.967777,0.964664,0.964129,0.963521,0.962770,0.965411,0.913272,0.916817,0.923263,0.926228,0.934314,0.937184,0.941736,0.857168,0.937831,0.937922,0.939503,0.935376,0.947194,0.952021,0.953328,0.950214,0.957832,0.960333,0.903861,0.958118,0.957763,0.957993,0.959479,0.956948,0.958797,0.956242,0.958438,0.957528,0.917514,0.921377,0.930304,0.933470,0.936515,0.942671,0.941818,0.862318,0.941364,0.934896,0.937423,0.936631,0.942863,0.950348,0.946822,0.948979,0.954205,0.957251,0.941983,0.991318,1.000000,0.992501,0.983582,0.983654,0.992384,0.990022,0.984036,0.983196,0.951815,0.955887,0.966412,0.970801,0.973245,0.975500,0.980127,0.900533,0.982702,0.982409,0.979988,0.980989,0.981112,0.981641,0.983710,0.984288,0.984534,0.989929,0.942340,0.974364,0.974637,0.974622,0.975992,0.974163,0.973303,0.973019,0.975013,0.975705,0.948879,0.952263,0.964677,0.967598,0.966777,0.972599,0.972593,0.899377,0.973560,0.975392,0.974299,0.971482,0.973857,0.972852,0.972455,0.973544,0.973846,0.972841,0.945403,0.960413,0.961587,0.964178,0.964004,0.962212,0.964506,0.962671,0.961773,0.960379,0.954918,0.956624,0.955721,0.960422,0.965052,0.965535,0.965868,0.905289,0.967656,0.968416,0.969018,0.967136,0.970074,0.967501,0.964639,0.966695,0.962809,0.962633,0.947584,0.958413,0.962377,0.959803,0.962469,0.957961,0.963698,0.962811,0.959705,0.961047,0.958600,0.962958,0.965243,0.961807,0.967661,0.966995,0.970910,0.908498,0.970124,0.971346,0.969305,0.965969,0.970606,0.965983,0.966828,0.967152,0.964597,0.963379
allando_v_sin_a8_f1_v110,0.889153,0.963086,0.964362,0.964869,0.965446,0.964921,0.964905,0.965711,0.965815,0.964843,0.903715,0.912086,0.920738,0.927569,0.935100,0.938701,0.944562,0.852232,0.946247,0.945548,0.946949,0.951170,0.955334,0.963638,0.964104,0.963395,0.965637,0.963955,0.882029,0.964852,0.961760,0.960115,0.957795,0.958654,0.957408,0.959145,0.957517,0.960453,0.902027,0.912975,0.921560,0.925464,0.932078,0.937627,0.942182,0.847295,0.938483,0.942562,0.939951,0.942994,0.948647,0.950980,0.945950,0.961670,0.965419,0.964305,0.890658,0.961693,0.964195,0.958698,0.965932,0.963339,0.964240,0.963629,0.963255,0.964438,0.912340,0.915996,0.923562,0.925552,0.933726,0.935476,0.939419,0.855835,0.936377,0.937606,0.938566,0.934562,0.946245,0.949177,0.953096,0.950294,0.955845,0.958999,0.902156,0.957364,0.957190,0.956629,0.958008,0.956553,0.958178,0.955091,0.957810,0.956451,0.915990,0.919834,0.929235,0.931499,0.934543,0.938290,0.938060,0.861291,0.938877,0.933843,0.936487,0.933938,0.941276,0.947185,0.944489,0.946814,0.953153,0.954657,0.939124,0.992698,0.992501,1.000000,0.983069,0.982831,0.993597,0.990261,0.984124,0.982562,0.950176,0.953457,0.965501,0.969564,0.972338,0.974509,0.978983,0.899781,0.980894,0.981059,0.978869,0.979840,0.980006,0.980146,0.982186,0.983587,0.983633,0.989035,0.940008,0.973835,0.972890,0.973973,0.974640,0.974114,0.972762,0.973240,0.974306,0.974729,0.948087,0.951353,0.960121,0.966267,0.966699,0.971257,0.970300,0.898758,0.972411,0.973912,0.971809,0.970212,0.972109,0.972067,0.972225,0.972525,0.973589,0.974248,0.943185,0.959553,0.961433,0.963819,0.963368,0.961806,0.962387,0.962221,0.961388,0.959891,0.953129,0.953960,0.954107,0.959498,0.963641,0.964217,0.966289,0.903098,0.967601,0.968366,0.967618,0.965716,0.970174,0.967087,0.963351,0.965944,0.962176,0.960849,0.946586,0.956304,0.962468,0.959262,0.962863,0.957462,0.962555,0.961848,0.959619,0.959794,0.955256,0.961293,0.961895,0.959895,0.965030,0.966307,0.968693,0.907584,0.968826,0.969005,0.968133,0.965594,0.968770,0.965232,0.964189,0.965835,0.962939,0.961067
allando_v_sin_a8_f1_v115,0.889856,0.962927,0.964072,0.963675,0.963953,0.964852,0.962769,0.963311,0.964579,0.965852,0.904645,0.914928,0.922780,0.929414,0.936510,0.940590,0.946648,0.853192,0.948583,0.947973,0.949475,0.953165,0.957291,0.963758,0.963826,0.963498,0.963551,0.963126,0.881985,0.963130,0.961607,0.959521,0.961101,0.960463,0.961075,0.959286,0.960486,0.959395,0.902803,0.914841,0.922317,0.926057,0.932914,0.940419,0.942691,0.847482,0.942226,0.942482,0.943591,0.946785,0.950261,0.952965,0.946649,0.961262,0.964768,0.964042,0.891555,0.962559,0.965102,0.960961,0.967073,0.962973,0.962550,0.963732,0.962474,0.963620,0.913108,0.918445,0.923580,0.926798,0.934240,0.936617,0.940486,0.856953,0.938659,0.938338,0.940735,0.935985,0.946698,0.950506,0.953661,0.950122,0.957492,0.959094,0.903214,0.957845,0.957513,0.957491,0.958344,0.956068,0.958526,0.957993,0.958547,0.959024,0.916862,0.922254,0.930639,0.933202,0.935754,0.940251,0.939739,0.862031,0.941038,0.937087,0.939387,0.935996,0.942315,0.948884,0.945616,0.948931,0.953755,0.955737,0.940924,0.982883,0.983582,0.983069,1.000000,0.990199,0.985036,0.984924,0.990522,0.990086,0.951012,0.956359,0.967448,0.971356,0.973166,0.975594,0.980318,0.900624,0.982375,0.982653,0.980806,0.981453,0.981257,0.982265,0.984243,0.984681,0.985400,0.984164,0.941696,0.973717,0.974015,0.974260,0.975004,0.975415,0.974020,0.973134,0.973282,0.974913,0.947157,0.953128,0.964051,0.968408,0.968847,0.971403,0.972345,0.898539,0.972547,0.974583,0.974810,0.972426,0.973080,0.972546,0.971271,0.972207,0.972440,0.971753,0.944501,0.960521,0.962947,0.964113,0.963618,0.963483,0.965276,0.963388,0.962461,0.961286,0.953133,0.955870,0.958401,0.961667,0.964882,0.964095,0.964245,0.903929,0.967071,0.967954,0.968115,0.967290,0.969446,0.968154,0.965145,0.966390,0.962362,0.961862,0.947639,0.958152,0.962196,0.959848,0.964953,0.958245,0.964354,0.964428,0.960492,0.961083,0.955452,0.961479,0.963739,0.962596,0.967229,0.967629,0.970849,0.908450,0.968505,0.969616,0.968543,0.966093,0.970292,0.966104,0.965129,0.967022,0.963850,0.962865
allando_v_sin_a8_f1_v120,0.889521,0.962633,0.962080,0.962976,0.964435,0.964556,0.961854,0.962439,0.963326,0.963220,0.903789,0.913342,0.921505,0.928611,0.936132,0.939882,0.946009,0.852569,0.947664,0.946718,0.947865,0.952471,0.955917,0.962834,0.962614,0.962607,0.963327,0.963433,0.880972,0.963032,0.961938,0.958282,0.957778,0.960131,0.960166,0.957147,0.959293,0.955018,0.901454,0.913769,0.921145,0.925440,0.931359,0.937148,0.940978,0.846392,0.940312,0.940755,0.942139,0.945492,0.949161,0.952077,0.945906,0.962199,0.963119,0.963421,0.890199,0.961087,0.962562,0.959952,0.966647,0.962179,0.962597,0.962326,0.960907,0.962695,0.911698,0.917151,0.922511,0.925784,0.933661,0.935960,0.941883,0.855702,0.937032,0.938158,0.938947,0.936945,0.945618,0.950757,0.952579,0.950075,0.956815,0.957678,0.902123,0.956532,0.957128,0.958316,0.958978,0.956040,0.957323,0.956423,0.957840,0.958061,0.915766,0.921232,0.929456,0.932073,0.935037,0.939474,0.940099,0.860515,0.939810,0.934293,0.937445,0.934843,0.941782,0.947288,0.943623,0.947745,0.953752,0.953831,0.939875,0.982840,0.983654,0.982831,0.990199,1.000000,0.984992,0.985037,0.987372,0.986826,0.950256,0.955506,0.966923,0.970410,0.972334,0.975684,0.980208,0.899824,0.981733,0.982358,0.980043,0.980800,0.981041,0.982099,0.983633,0.984390,0.984851,0.984061,0.940108,0.973034,0.974493,0.973037,0.974989,0.973865,0.974444,0.974254,0.973798,0.974803,0.946699,0.952339,0.960887,0.967044,0.968637,0.972151,0.970848,0.897517,0.972437,0.973875,0.973532,0.971682,0.972290,0.973116,0.972685,0.971213,0.972893,0.971131,0.943661,0.959838,0.961614,0.963598,0.964352,0.962709,0.964454,0.962214,0.960807,0.960484,0.953115,0.954436,0.956102,0.961309,0.964014,0.963428,0.964219,0.902909,0.967423,0.968767,0.968353,0.967162,0.969045,0.967893,0.963205,0.966215,0.961857,0.960806,0.946299,0.957567,0.962916,0.960156,0.963591,0.958004,0.964828,0.963678,0.960257,0.960311,0.954906,0.961412,0.963398,0.961801,0.966872,0.966289,0.969608,0.907374,0.969069,0.970224,0.969903,0.967985,0.969782,0.965966,0.963961,0.965698,0.964347,0.961937
allando_v_sin_a8_f1_v125,0.888347,0.964120,0.965326,0.966687,0.967384,0.966572,0.966207,0.965796,0.966235,0.966813,0.903162,0.911669,0.919917,0.926863,0.934027,0.938225,0.944228,0.851733,0.946062,0.945543,0.947115,0.951059,0.955009,0.963563,0.965054,0.964020,0.964193,0.963799,0.881118,0.965593,0.964750,0.960132,0.958122,0.959398,0.958666,0.960145,0.958501,0.961901,0.901798,0.912662,0.921105,0.924860,0.930390,0.935972,0.938692,0.846277,0.943507,0.942520,0.940069,0.946509,0.947632,0.951021,0.945774,0.960752,0.966078,0.965175,0.889709,0.963515,0.965417,0.959905,0.966532,0.964413,0.965544,0.963903,0.963669,0.965264,0.911830,0.915589,0.923299,0.925252,0.932632,0.934977,0.939078,0.855090,0.935799,0.937215,0.938739,0.934363,0.945767,0.949232,0.953087,0.949294,0.955995,0.958651,0.901847,0.957002,0.957668,0.958185,0.959088,0.957425,0.959607,0.956568,0.958363,0.958598,0.915821,0.920419,0.929039,0.931705,0.934515,0.938656,0.939325,0.860515,0.939263,0.934762,0.937013,0.934332,0.940496,0.949146,0.943404,0.946603,0.953043,0.953883,0.938787,0.991173,0.992384,0.993597,0.985036,0.984992,1.000000,0.991387,0.985209,0.984258,0.949438,0.953312,0.965006,0.969421,0.971818,0.974594,0.979278,0.898737,0.981273,0.981363,0.979609,0.980507,0.980509,0.981754,0.983103,0.983812,0.984339,0.989807,0.939834,0.974250,0.975295,0.974335,0.975959,0.974946,0.974317,0.974741,0.975413,0.976528,0.947280,0.950840,0.960144,0.966022,0.967065,0.970742,0.970631,0.897835,0.972557,0.974291,0.972155,0.971188,0.974090,0.973480,0.972842,0.973342,0.974968,0.974055,0.943068,0.960006,0.962796,0.964099,0.964412,0.963284,0.964815,0.962754,0.962516,0.960294,0.952740,0.955479,0.955172,0.960970,0.964236,0.963869,0.966444,0.902416,0.967851,0.968678,0.968607,0.967229,0.969499,0.966769,0.964294,0.966439,0.963141,0.962186,0.945670,0.957096,0.961454,0.960324,0.964167,0.958439,0.965875,0.964428,0.962770,0.961999,0.955365,0.962078,0.962988,0.960425,0.966904,0.966294,0.969790,0.907673,0.968847,0.969532,0.968327,0.965557,0.969268,0.965250,0.965183,0.965401,0.964197,0.962420
allando_v_sin_a8_f1_v130,0.887923,0.963981,0.963087,0.964971,0.965269,0.965027,0.964600,0.964816,0.965475,0.965012,0.902666,0.912162,0.919614,0.926804,0.934493,0.937523,0.944221,0.850460,0.944955,0.944479,0.946298,0.950319,0.954683,0.963009,0.962846,0.963755,0.964473,0.963165,0.880266,0.964875,0.963720,0.958740,0.958492,0.957909,0.959563,0.959222,0.957673,0.961334,0.900563,0.912446,0.919878,0.923857,0.929698,0.936463,0.938679,0.844989,0.938079,0.938153,0.939998,0.942160,0.949308,0.951618,0.947791,0.961016,0.964517,0.963454,0.889274,0.961886,0.963675,0.958666,0.966732,0.962898,0.964075,0.963636,0.963996,0.964527,0.911073,0.915972,0.920754,0.924318,0.931931,0.934648,0.938410,0.854020,0.935286,0.935467,0.937821,0.933334,0.944262,0.948456,0.950863,0.949452,0.955198,0.957675,0.901038,0.956643,0.955726,0.957017,0.957222,0.955675,0.958463,0.956207,0.958100,0.958865,0.914673,0.919919,0.927915,0.930140,0.933725,0.937873,0.938450,0.859510,0.938348,0.932814,0.936418,0.933151,0.940841,0.946786,0.943458,0.947684,0.951570,0.953755,0.938088,0.991046,0.990022,0.990261,0.984924,0.985037,0.991387,1.000000,0.985919,0.984612,0.948998,0.953509,0.964853,0.968682,0.971437,0.973846,0.978749,0.898067,0.980871,0.981534,0.979694,0.980181,0.980629,0.981849,0.983498,0.984406,0.984455,0.988198,0.938462,0.973709,0.973384,0.974055,0.973806,0.974429,0.973527,0.974789,0.975317,0.976494,0.946269,0.950820,0.960455,0.963772,0.965173,0.971342,0.970736,0.895934,0.971529,0.973493,0.972713,0.970994,0.973792,0.972522,0.971830,0.972814,0.973364,0.973151,0.942009,0.959968,0.961384,0.964185,0.963954,0.963108,0.964677,0.964252,0.962068,0.960694,0.951861,0.953694,0.955301,0.959809,0.963149,0.963597,0.964375,0.902409,0.966548,0.967530,0.965830,0.965677,0.968974,0.967929,0.963633,0.964989,0.964130,0.961148,0.945943,0.956429,0.960637,0.959440,0.962938,0.957715,0.964157,0.962472,0.960767,0.960507,0.955586,0.960583,0.961389,0.959243,0.964819,0.967325,0.967926,0.905836,0.969296,0.968921,0.968110,0.964972,0.969145,0.964268,0.963231,0.965105,0.962760,0.961590
allando_v_sin_a8_f1_v135,0.888487,0.962806,0.962727,0.964252,0.964774,0.964641,0.963965,0.963780,0.964253,0.963704,0.902959,0.913379,0.921139,0.927632,0.935049,0.938809,0.945070,0.851455,0.946708,0.946066,0.946941,0.951542,0.955648,0.963659,0.962826,0.962380,0.963457,0.962332,0.880291,0.965161,0.960801,0.959088,0.957075,0.958780,0.958595,0.958930,0.958241,0.959811,0.900557,0.912970,0.920308,0.924477,0.931174,0.937924,0.940636,0.845712,0.939585,0.939795,0.940462,0.944379,0.948377,0.951381,0.944598,0.960500,0.965337,0.963682,0.889589,0.960854,0.963646,0.959946,0.966292,0.963103,0.963420,0.963981,0.964070,0.964311,0.911033,0.916718,0.921246,0.924603,0.932420,0.935071,0.939112,0.854766,0.938107,0.936569,0.937938,0.934733,0.945058,0.948992,0.951866,0.949644,0.956219,0.958104,0.901723,0.955538,0.955730,0.956864,0.958634,0.955012,0.957659,0.955319,0.957200,0.957899,0.915128,0.920556,0.929190,0.931316,0.934161,0.938076,0.939479,0.860492,0.937939,0.933327,0.936494,0.934092,0.940707,0.947543,0.943664,0.946998,0.951992,0.953314,0.939093,0.983752,0.984036,0.984124,0.990522,0.987372,0.985209,0.985919,1.000000,0.991679,0.950279,0.955922,0.966406,0.969652,0.972426,0.974269,0.979125,0.899548,0.980622,0.981876,0.979908,0.980893,0.980654,0.981451,0.983406,0.985111,0.985579,0.983043,0.939365,0.974780,0.973886,0.974705,0.974413,0.975219,0.975321,0.974058,0.975340,0.976465,0.946027,0.952363,0.961097,0.965976,0.967171,0.970719,0.972358,0.896615,0.972032,0.975316,0.973430,0.971053,0.972535,0.971446,0.971317,0.972855,0.972219,0.972744,0.942198,0.958634,0.962011,0.963381,0.963605,0.962573,0.963907,0.962682,0.961413,0.960411,0.952257,0.954153,0.955703,0.962173,0.963373,0.963144,0.964411,0.903082,0.966650,0.967406,0.966527,0.965767,0.969921,0.967571,0.963533,0.965650,0.961147,0.960335,0.946390,0.957326,0.962125,0.959721,0.963486,0.955643,0.963900,0.961512,0.959473,0.959229,0.952478,0.961329,0.962222,0.962299,0.965840,0.965615,0.969305,0.906530,0.969347,0.970451,0.968423,0.964765,0.969106,0.965479,0.963588,0.966288,0.963280,0.962129
allando_v_sin_a8_f1_v140,0.887634,0.961483,0.962006,0.963605,0.964656,0.963843,0.963454,0.963704,0.964108,0.964143,0.902300,0.912732,0.920003,0.927326,0.934089,0.938206,0.943554,0.852579,0.945364,0.944340,0.945510,0.950320,0.954698,0.962644,0.962195,0.962369,0.962658,0.962140,0.879603,0.964679,0.959939,0.958395,0.958119,0.961606,0.957949,0.958922,0.957935,0.957799,0.900078,0.912582,0.919526,0.923882,0.930506,0.937325,0.939111,0.846623,0.939257,0.939074,0.939342,0.944861,0.947529,0.950080,0.944317,0.960218,0.963983,0.962890,0.889004,0.960494,0.962872,0.958645,0.965323,0.961465,0.963076,0.963637,0.962826,0.964466,0.910681,0.916981,0.922137,0.924869,0.931994,0.934256,0.937052,0.856050,0.935820,0.936174,0.936990,0.933174,0.943868,0.947938,0.950556,0.947405,0.954392,0.956575,0.900898,0.954820,0.955814,0.956957,0.957577,0.954693,0.957129,0.955188,0.956334,0.957200,0.914797,0.920947,0.928669,0.930972,0.933585,0.938020,0.938611,0.860609,0.937115,0.934828,0.935049,0.933537,0.939938,0.946487,0.943119,0.946285,0.951269,0.951925,0.939210,0.982140,0.983196,0.982562,0.990086,0.986826,0.984258,0.984612,0.991679,1.000000,0.949146,0.954956,0.965422,0.969180,0.971184,0.973490,0.978267,0.900325,0.980359,0.980888,0.978641,0.979219,0.979146,0.980590,0.982554,0.983597,0.985173,0.982123,0.939088,0.974174,0.973632,0.972762,0.973935,0.974885,0.974121,0.972813,0.973600,0.976472,0.945744,0.951167,0.962056,0.964979,0.966159,0.970828,0.969178,0.897935,0.970911,0.974342,0.972565,0.971440,0.972082,0.970675,0.971820,0.970809,0.971824,0.971785,0.942170,0.957663,0.960577,0.962162,0.962119,0.962079,0.963423,0.961576,0.960581,0.960037,0.951119,0.953914,0.956600,0.960102,0.963599,0.961707,0.963812,0.902384,0.966274,0.967186,0.965765,0.965328,0.967616,0.966170,0.963144,0.964807,0.959844,0.959697,0.945923,0.955347,0.959748,0.958672,0.960165,0.956419,0.963175,0.961775,0.958910,0.960428,0.953439,0.960826,0.962441,0.962744,0.965774,0.966037,0.967875,0.907308,0.967704,0.967368,0.967013,0.963687,0.968390,0.964742,0.962495,0.964760,0.962446,0.961988
allando_v_sin_a8_f1_v15,0.931675,0.939837,0.938596,0.936850,0.937647,0.936825,0.936393,0.936272,0.936682,0.935749,0.948791,0.947377,0.950430,0.951219,0.955364,0.955386,0.958770,0.900537,0.954265,0.951465,0.949192,0.948510,0.951334,0.949728,0.941550,0.938453,0.939720,0.940087,0.921707,0.931877,0.932905,0.930913,0.932826,0.931955,0.931657,0.931226,0.930322,0.930211,0.947907,0.946984,0.949424,0.946653,0.952290,0.952559,0.950795,0.891257,0.944136,0.939403,0.939118,0.937031,0.940971,0.941468,0.931832,0.941394,0.937194,0.935179,0.927803,0.940034,0.940006,0.942180,0.940245,0.934334,0.935416,0.936827,0.935080,0.934334,0.956485,0.948261,0.947840,0.939987,0.946153,0.944120,0.947571,0.899270,0.936326,0.934784,0.935268,0.929737,0.937683,0.938714,0.938076,0.932920,0.936836,0.937895,0.940875,0.941473,0.937967,0.943469,0.942669,0.948194,0.946144,0.947609,0.946899,0.942604,0.964110,0.950332,0.954167,0.948456,0.947252,0.945600,0.946206,0.905001,0.940030,0.933369,0.936073,0.931971,0.936636,0.943358,0.934327,0.939038,0.940147,0.944130,0.973195,0.951232,0.951815,0.950176,0.951012,0.950256,0.949438,0.948998,0.950279,0.949146,1.000000,0.975518,0.970925,0.965629,0.962454,0.960481,0.960228,0.938917,0.959703,0.959252,0.954288,0.952863,0.952322,0.951581,0.953441,0.953868,0.952587,0.951765,0.960539,0.941132,0.941853,0.941616,0.941025,0.941238,0.938640,0.937158,0.938949,0.938203,0.971870,0.961022,0.957260,0.957947,0.953363,0.953873,0.952149,0.930102,0.947597,0.950244,0.945617,0.943544,0.941323,0.942666,0.941549,0.939773,0.943128,0.939183,0.955613,0.933857,0.933075,0.934632,0.933069,0.932969,0.934222,0.936055,0.937274,0.935268,0.961608,0.963900,0.955764,0.953599,0.951786,0.948257,0.946784,0.929890,0.948096,0.949150,0.943834,0.940993,0.943892,0.943357,0.939002,0.939723,0.936221,0.932064,0.960531,0.932677,0.935804,0.934057,0.933333,0.930875,0.938365,0.939232,0.941549,0.941330,0.956648,0.959914,0.958165,0.952479,0.950747,0.947113,0.949739,0.928682,0.951514,0.947436,0.944751,0.941755,0.946961,0.943113,0.941579,0.943575,0.941031,0.935633
allando_v_sin_a8_f1_v20,0.919646,0.940418,0.939110,0.939744,0.938509,0.937774,0.937324,0.937639,0.937911,0.937625,0.933812,0.945468,0.943664,0.948094,0.954514,0.956590,0.958792,0.888153,0.956864,0.951549,0.949777,0.951019,0.954187,0.952186,0.941657,0.940374,0.940090,0.940408,0.909796,0.933447,0.933954,0.932105,0.933076,0.931984,0.932015,0.931940,0.931598,0.932152,0.930495,0.950348,0.942089,0.945315,0.950478,0.951786,0.952388,0.878265,0.947948,0.941294,0.938511,0.939104,0.943155,0.944882,0.932975,0.943045,0.939713,0.937847,0.917804,0.940853,0.943555,0.943220,0.939474,0.938482,0.936652,0.939510,0.936567,0.938027,0.936179,0.950150,0.942483,0.941759,0.946126,0.945575,0.947352,0.888737,0.940951,0.935851,0.936548,0.931905,0.941761,0.942082,0.941391,0.933918,0.937800,0.939934,0.928580,0.940858,0.938422,0.943631,0.943757,0.942764,0.943283,0.942820,0.945735,0.945956,0.941876,0.962582,0.952285,0.947739,0.948700,0.947825,0.947084,0.892035,0.943688,0.935517,0.936414,0.935074,0.938013,0.943858,0.936526,0.940835,0.942502,0.944634,0.966520,0.954585,0.955887,0.953457,0.956359,0.955506,0.953312,0.953509,0.955922,0.954956,0.975518,1.000000,0.977305,0.968620,0.966209,0.965542,0.964503,0.927939,0.964327,0.963596,0.958644,0.957624,0.957066,0.956413,0.957947,0.958605,0.957722,0.957156,0.956470,0.945710,0.944965,0.945271,0.945442,0.945012,0.943823,0.941510,0.942794,0.944433,0.966418,0.969997,0.962792,0.960726,0.953783,0.959496,0.958422,0.922373,0.956070,0.959231,0.953213,0.950197,0.947528,0.947113,0.944855,0.944012,0.944922,0.943608,0.956758,0.936226,0.936176,0.937718,0.936660,0.937451,0.938792,0.939257,0.938234,0.936206,0.959484,0.963054,0.963109,0.959521,0.955258,0.950837,0.951630,0.921758,0.953654,0.954657,0.950125,0.946274,0.947517,0.946080,0.942129,0.943861,0.938880,0.937830,0.958896,0.935404,0.936558,0.933793,0.935516,0.932900,0.939298,0.938764,0.939497,0.939216,0.955554,0.961605,0.960859,0.963873,0.954385,0.949858,0.953953,0.922300,0.955708,0.954909,0.949186,0.947021,0.950686,0.945725,0.946947,0.948230,0.943559,0.940490
allando_v_sin_a8_f1_v25,0.915708,0.947985,0.946917,0.946335,0.946496,0.945334,0.945061,0.945317,0.945808,0.945138,0.928521,0.937780,0.947966,0.952457,0.956319,0.957161,0.963049,0.881581,0.962806,0.960283,0.956554,0.960231,0.961834,0.960288,0.949822,0.947155,0.948502,0.948267,0.906345,0.941996,0.943704,0.941460,0.941261,0.940195,0.939339,0.940735,0.939454,0.938986,0.922735,0.934675,0.953834,0.956649,0.956738,0.957658,0.957588,0.872925,0.956199,0.953511,0.946946,0.949277,0.950165,0.952738,0.945870,0.951304,0.946870,0.944134,0.915063,0.951693,0.951994,0.949371,0.951720,0.946530,0.943912,0.946158,0.943484,0.945044,0.933440,0.940968,0.951933,0.950411,0.953268,0.948056,0.956804,0.882990,0.948851,0.944479,0.942817,0.939680,0.946906,0.949788,0.951355,0.943156,0.946734,0.950340,0.931576,0.949944,0.948640,0.953453,0.953249,0.948778,0.950098,0.951822,0.950326,0.947881,0.939647,0.947518,0.966544,0.962875,0.958042,0.955643,0.953868,0.887674,0.951766,0.943353,0.943700,0.940613,0.943696,0.954556,0.944804,0.949352,0.949707,0.950225,0.962543,0.966314,0.966412,0.965501,0.967448,0.966923,0.965006,0.964853,0.966406,0.965422,0.970925,0.977305,1.000000,0.986521,0.983179,0.979956,0.977477,0.923557,0.975967,0.975174,0.970436,0.969073,0.968715,0.967888,0.968991,0.969371,0.968942,0.968123,0.955327,0.955186,0.954340,0.955629,0.956034,0.955551,0.955353,0.953193,0.952690,0.955390,0.960631,0.963088,0.973595,0.975113,0.973880,0.973383,0.969304,0.916391,0.965919,0.966702,0.961807,0.961440,0.959679,0.957010,0.957719,0.956318,0.955137,0.953765,0.956071,0.941628,0.944951,0.949083,0.945479,0.945278,0.947235,0.946093,0.944594,0.942015,0.960816,0.962324,0.961753,0.964288,0.965695,0.964069,0.960560,0.920694,0.960558,0.961351,0.958449,0.955124,0.960001,0.955748,0.952033,0.951027,0.949287,0.946605,0.960452,0.944449,0.948052,0.945120,0.946189,0.942192,0.947972,0.947996,0.944877,0.946055,0.960686,0.964050,0.963585,0.960761,0.966650,0.964275,0.964509,0.921041,0.963018,0.962578,0.958526,0.956093,0.960092,0.954473,0.953895,0.955328,0.950823,0.948937
allando_v_sin_a8_f1_v30,0.910934,0.950124,0.949662,0.949361,0.949638,0.948334,0.948032,0.948405,0.948692,0.948417,0.923454,0.930872,0.946560,0.951947,0.953098,0.954478,0.958531,0.876437,0.960482,0.956600,0.955753,0.958931,0.961273,0.961241,0.952369,0.949925,0.950534,0.951096,0.901752,0.946855,0.944895,0.944602,0.944594,0.942816,0.943147,0.944250,0.941969,0.942620,0.918295,0.928099,0.946899,0.954647,0.952196,0.953796,0.953532,0.868247,0.954848,0.946501,0.946185,0.948025,0.950463,0.953829,0.947585,0.953542,0.950232,0.949340,0.909244,0.953765,0.954652,0.949545,0.953011,0.948903,0.948644,0.948660,0.946588,0.946997,0.927018,0.932667,0.947835,0.949130,0.948947,0.946118,0.952813,0.879539,0.948133,0.944581,0.943147,0.939329,0.948081,0.951170,0.952199,0.946576,0.952411,0.953391,0.919368,0.952250,0.952826,0.954450,0.951456,0.949496,0.948441,0.950883,0.952080,0.949004,0.931178,0.937781,0.957532,0.958179,0.950099,0.952745,0.950186,0.882523,0.947991,0.941133,0.943101,0.939586,0.944578,0.952722,0.947050,0.949238,0.951779,0.952897,0.957020,0.970325,0.970801,0.969564,0.971356,0.970410,0.969421,0.968682,0.969652,0.969180,0.965629,0.968620,0.986521,1.000000,0.988714,0.983918,0.979880,0.918147,0.979019,0.976862,0.972877,0.971809,0.970896,0.970661,0.972155,0.971905,0.971556,0.971555,0.950216,0.959652,0.957760,0.958796,0.959740,0.959747,0.957331,0.957655,0.956392,0.958585,0.953283,0.957672,0.970490,0.976847,0.977301,0.976201,0.970360,0.912145,0.966262,0.970580,0.965754,0.962508,0.961888,0.960136,0.959852,0.960672,0.958400,0.958787,0.952757,0.946766,0.949410,0.951017,0.949178,0.948002,0.950975,0.948990,0.945872,0.945116,0.958790,0.960582,0.956732,0.962956,0.968143,0.967011,0.963226,0.915984,0.962479,0.964028,0.961084,0.958381,0.960733,0.957349,0.955034,0.954284,0.950840,0.950468,0.954288,0.949221,0.951394,0.948795,0.949261,0.947625,0.951637,0.951392,0.947311,0.948882,0.959956,0.963058,0.961764,0.957724,0.969410,0.969059,0.967638,0.918935,0.964685,0.963296,0.961487,0.959131,0.961926,0.956856,0.956990,0.958925,0.954488,0.952969
allando_v_sin_a8_f1_v35,0.906777,0.952973,0.951543,0.951292,0.951656,0.949930,0.950312,0.951327,0.950785,0.950060,0.918845,0.926685,0.941087,0.948269,0.950219,0.951852,0.955778,0.869667,0.957498,0.956284,0.955820,0.959877,0.961629,0.963073,0.954497,0.953030,0.953685,0.952796,0.897546,0.949794,0.949558,0.946984,0.947121,0.946642,0.945998,0.946164,0.945247,0.946526,0.913829,0.923336,0.939911,0.952746,0.950986,0.953421,0.951617,0.862255,0.952868,0.952531,0.948962,0.952907,0.952492,0.954228,0.947555,0.955947,0.951867,0.951377,0.904893,0.954838,0.955251,0.951039,0.955299,0.951881,0.950274,0.951155,0.949260,0.951454,0.922236,0.926999,0.943572,0.946680,0.947928,0.946092,0.950231,0.872588,0.944973,0.945978,0.944004,0.939621,0.948720,0.951740,0.952967,0.947833,0.950795,0.954773,0.915539,0.954048,0.952982,0.956489,0.954758,0.950480,0.951221,0.950921,0.953490,0.950293,0.927345,0.931022,0.954949,0.958235,0.952379,0.955219,0.948466,0.877012,0.945106,0.942142,0.942007,0.939954,0.942536,0.952193,0.946438,0.950492,0.952865,0.952378,0.954191,0.973120,0.973245,0.972338,0.973166,0.972334,0.971818,0.971437,0.972426,0.971184,0.962454,0.966209,0.983179,0.988714,1.000000,0.987853,0.983242,0.916202,0.981255,0.978560,0.974319,0.974234,0.972474,0.972164,0.973556,0.974257,0.973790,0.973545,0.948557,0.960855,0.962800,0.962564,0.962665,0.961928,0.961135,0.960394,0.959507,0.962014,0.952837,0.957391,0.971160,0.977424,0.978038,0.977667,0.971978,0.912040,0.969545,0.971525,0.966177,0.966673,0.964014,0.962530,0.960583,0.961913,0.961891,0.960302,0.952081,0.947176,0.950021,0.952462,0.951055,0.951310,0.951205,0.949657,0.949243,0.947325,0.957014,0.959281,0.957710,0.962588,0.966609,0.968634,0.965077,0.915098,0.964621,0.965402,0.961355,0.959410,0.963150,0.960852,0.957574,0.956902,0.953721,0.953562,0.954509,0.949908,0.953220,0.950159,0.952746,0.948501,0.951868,0.952366,0.946350,0.949222,0.959900,0.964164,0.963230,0.957407,0.968630,0.969219,0.968833,0.918203,0.966063,0.967082,0.962927,0.960282,0.964721,0.959382,0.958258,0.960901,0.956399,0.954687
allando_v_sin_a8_f1_v40,0.904296,0.952831,0.952567,0.952554,0.952900,0.950834,0.950823,0.951224,0.951625,0.951332,0.916218,0.925454,0.936709,0.945638,0.951206,0.953957,0.955142,0.867124,0.956722,0.956232,0.955198,0.960267,0.962185,0.965072,0.955756,0.953283,0.954288,0.954375,0.895120,0.950242,0.949894,0.946574,0.947535,0.947306,0.946057,0.946897,0.945049,0.946785,0.912306,0.922398,0.934280,0.946118,0.953779,0.955082,0.952801,0.859564,0.952935,0.952649,0.945738,0.951607,0.953033,0.956287,0.949807,0.957423,0.954536,0.953019,0.902676,0.956692,0.958127,0.953431,0.957883,0.953482,0.951922,0.952304,0.949602,0.951391,0.920603,0.927100,0.936738,0.943832,0.952071,0.948374,0.947058,0.870788,0.945028,0.944382,0.943294,0.940964,0.947944,0.951632,0.954050,0.948824,0.954116,0.957513,0.912930,0.956553,0.956073,0.957055,0.956306,0.950884,0.952974,0.951438,0.954252,0.952666,0.925503,0.930809,0.952025,0.946485,0.955627,0.957381,0.944416,0.874532,0.946463,0.941498,0.940474,0.940129,0.944645,0.952197,0.943992,0.951338,0.955940,0.955187,0.951876,0.974848,0.975500,0.974509,0.975594,0.975684,0.974594,0.973846,0.974269,0.973490,0.960481,0.965542,0.979956,0.983918,0.987853,1.000000,0.988417,0.913323,0.986098,0.981976,0.977346,0.976334,0.974976,0.975064,0.975922,0.976485,0.976075,0.976252,0.948677,0.962940,0.964293,0.962510,0.963951,0.962557,0.961856,0.961591,0.960575,0.963325,0.954378,0.956094,0.970158,0.974754,0.975989,0.978707,0.976974,0.910991,0.972851,0.973907,0.969733,0.967258,0.965456,0.964387,0.964995,0.963149,0.962235,0.961138,0.952258,0.952047,0.954248,0.955400,0.953297,0.954583,0.955607,0.952691,0.951427,0.948799,0.958989,0.960268,0.958771,0.963654,0.965434,0.966424,0.969166,0.914889,0.967507,0.967092,0.963495,0.960216,0.963166,0.960670,0.957221,0.958076,0.954097,0.954133,0.952049,0.954676,0.955671,0.954238,0.952813,0.951610,0.952449,0.956134,0.949327,0.952086,0.960958,0.964492,0.965084,0.962409,0.968648,0.967844,0.972054,0.918010,0.969694,0.969003,0.965712,0.962588,0.966338,0.960512,0.959076,0.961556,0.958953,0.955714
allando_v_sin_a8_f1_v45,0.899794,0.957844,0.956458,0.955947,0.957560,0.956028,0.955180,0.956143,0.956610,0.955467,0.913685,0.921996,0.932430,0.940750,0.950781,0.953025,0.955626,0.862289,0.956713,0.956844,0.955558,0.959465,0.963758,0.966899,0.959411,0.956916,0.958204,0.958333,0.891325,0.954797,0.954090,0.951821,0.951227,0.949353,0.948943,0.951643,0.948212,0.950215,0.910821,0.920201,0.930108,0.943108,0.953823,0.955874,0.954454,0.855507,0.955056,0.953506,0.951223,0.953433,0.955247,0.958149,0.950048,0.961379,0.958541,0.957912,0.899259,0.960023,0.961923,0.957229,0.962527,0.957078,0.956333,0.956699,0.954708,0.956926,0.920011,0.925884,0.935213,0.938870,0.952980,0.949592,0.952361,0.866565,0.948972,0.946887,0.945436,0.941092,0.950498,0.953979,0.955538,0.950474,0.956029,0.960607,0.910886,0.958288,0.955919,0.958223,0.956520,0.954843,0.955973,0.954960,0.957683,0.955953,0.926430,0.929418,0.943809,0.947821,0.957652,0.958094,0.950401,0.871370,0.948916,0.942626,0.942552,0.940362,0.943796,0.951182,0.945965,0.951063,0.957677,0.956494,0.950182,0.979795,0.980127,0.978983,0.980318,0.980208,0.979278,0.978749,0.979125,0.978267,0.960228,0.964503,0.977477,0.979880,0.983242,0.988417,1.000000,0.910615,0.990256,0.987463,0.981957,0.981357,0.979629,0.980068,0.980706,0.981196,0.980902,0.980940,0.947943,0.967915,0.968471,0.968185,0.967976,0.967809,0.968958,0.965159,0.965184,0.968527,0.956134,0.957738,0.970776,0.974236,0.972688,0.977677,0.979301,0.906511,0.976405,0.977379,0.973976,0.971918,0.968595,0.968559,0.967678,0.967796,0.966527,0.964839,0.951391,0.955602,0.957345,0.960411,0.957843,0.958214,0.959199,0.956176,0.957045,0.954458,0.960883,0.961590,0.961094,0.965566,0.967101,0.968524,0.972001,0.912086,0.972004,0.971770,0.968449,0.963232,0.967865,0.965397,0.962843,0.962764,0.960049,0.957816,0.953912,0.956429,0.958809,0.956666,0.956759,0.951092,0.956805,0.957440,0.954540,0.956173,0.962480,0.967097,0.966501,0.964010,0.968347,0.967236,0.972364,0.916190,0.974935,0.972744,0.969889,0.964962,0.969885,0.963321,0.963569,0.965205,0.959767,0.958287
allando_v_sin_a8_f1_v5,0.924219,0.892578,0.892756,0.889601,0.889739,0.888543,0.888148,0.888220,0.888365,0.887880,0.924077,0.922362,0.927157,0.926809,0.925189,0.926283,0.923669,0.944000,0.919880,0.915311,0.912034,0.913027,0.914021,0.905513,0.894026,0.892478,0.892820,0.893064,0.906390,0.883904,0.888625,0.887908,0.888393,0.886790,0.884529,0.885724,0.885529,0.885592,0.909567,0.911240,0.914037,0.911432,0.910841,0.912306,0.907872,0.939698,0.903642,0.899009,0.899852,0.898187,0.898736,0.897418,0.886586,0.887433,0.886550,0.886807,0.906447,0.887308,0.887568,0.885148,0.884027,0.884142,0.884871,0.884490,0.881207,0.886035,0.911234,0.912982,0.913473,0.909082,0.910774,0.913386,0.909416,0.937683,0.902111,0.898973,0.899236,0.892681,0.899582,0.898289,0.895914,0.887385,0.889307,0.888486,0.911760,0.889104,0.887313,0.890409,0.890232,0.887469,0.885946,0.885435,0.889092,0.885160,0.912959,0.909594,0.911392,0.912312,0.908557,0.908824,0.903725,0.941265,0.901141,0.895858,0.899022,0.893245,0.894015,0.900183,0.893340,0.894748,0.892022,0.893307,0.946782,0.899857,0.900533,0.899781,0.900624,0.899824,0.898737,0.898067,0.899548,0.900325,0.938917,0.927939,0.923557,0.918147,0.916202,0.913323,0.910615,1.000000,0.909548,0.908467,0.904566,0.901588,0.900426,0.900752,0.902268,0.902953,0.901837,0.900516,0.918326,0.889212,0.888276,0.888906,0.887186,0.888586,0.886983,0.887478,0.887116,0.885449,0.916243,0.908108,0.905600,0.903070,0.898834,0.899351,0.897537,0.964706,0.895346,0.897061,0.892787,0.892418,0.889323,0.889363,0.887969,0.888897,0.889946,0.887819,0.917972,0.876906,0.876451,0.879743,0.877483,0.878378,0.879116,0.879156,0.878002,0.875125,0.916041,0.911957,0.905159,0.905663,0.903818,0.901046,0.898971,0.949990,0.898614,0.898715,0.893641,0.891581,0.893375,0.890531,0.883728,0.885150,0.881201,0.881183,0.921256,0.877579,0.879487,0.878305,0.878696,0.876194,0.881968,0.882382,0.878347,0.877137,0.910039,0.908021,0.905525,0.899013,0.899045,0.897745,0.899209,0.951049,0.899044,0.897074,0.894129,0.893300,0.896617,0.891485,0.887693,0.890266,0.885735,0.883913
allando_v_sin_a8_f1_v50,0.898933,0.958884,0.957966,0.958009,0.958493,0.957347,0.956838,0.957006,0.957428,0.957541,0.912423,0.920958,0.930388,0.938948,0.948153,0.953871,0.956332,0.862529,0.958288,0.956265,0.956023,0.959746,0.963699,0.968504,0.961117,0.958060,0.959582,0.959992,0.890900,0.955941,0.956779,0.952101,0.951998,0.951165,0.950979,0.952193,0.949982,0.952827,0.910416,0.920686,0.928933,0.936950,0.949317,0.955670,0.955091,0.855970,0.956048,0.953028,0.949184,0.953198,0.956371,0.957867,0.951970,0.963826,0.961674,0.959094,0.899138,0.962743,0.963461,0.959187,0.964066,0.959769,0.958446,0.958680,0.956620,0.959002,0.919584,0.925086,0.934044,0.941029,0.949146,0.950265,0.954090,0.866086,0.951072,0.951331,0.946417,0.942959,0.951751,0.954233,0.957917,0.953768,0.958588,0.960953,0.910549,0.959328,0.957383,0.958609,0.957743,0.955974,0.958698,0.957232,0.959464,0.958251,0.924000,0.927648,0.938779,0.944187,0.948769,0.960866,0.950658,0.870314,0.950680,0.943721,0.942751,0.941179,0.945814,0.952683,0.948460,0.952627,0.958600,0.957185,0.950489,0.981538,0.982702,0.980894,0.982375,0.981733,0.981273,0.980871,0.980622,0.980359,0.959703,0.964327,0.975967,0.979019,0.981255,0.986098,0.990256,0.909548,1.000000,0.989915,0.984902,0.984561,0.983135,0.983444,0.983739,0.983263,0.982267,0.982864,0.948470,0.969856,0.970357,0.970752,0.970578,0.970359,0.968363,0.968014,0.967978,0.971240,0.955294,0.958875,0.970755,0.972543,0.971947,0.978161,0.979201,0.905380,0.979171,0.979954,0.977084,0.975293,0.971087,0.972845,0.971510,0.971599,0.970055,0.968971,0.951928,0.959456,0.960571,0.962854,0.960734,0.961194,0.961127,0.960370,0.959416,0.956548,0.961240,0.962553,0.960563,0.965785,0.969167,0.968706,0.970995,0.911400,0.973363,0.973373,0.971816,0.967721,0.970053,0.968605,0.964592,0.966153,0.962123,0.961097,0.953996,0.959189,0.961743,0.958955,0.959802,0.955845,0.961389,0.961096,0.958492,0.958373,0.961335,0.967630,0.968793,0.964754,0.969544,0.969407,0.973939,0.915449,0.975351,0.974767,0.972745,0.969207,0.971722,0.967211,0.965094,0.967263,0.964451,0.962556
allando_v_sin_a8_f1_v55,0.896009,0.959637,0.958421,0.959037,0.959188,0.958423,0.957857,0.957962,0.958504,0.958546,0.910461,0.919404,0.928090,0.935829,0.945272,0.949935,0.956386,0.860696,0.956883,0.955802,0.953445,0.958383,0.963218,0.966871,0.961472,0.958889,0.960592,0.960304,0.888122,0.957473,0.957123,0.954646,0.955928,0.955112,0.953761,0.953758,0.953783,0.952786,0.908294,0.918703,0.926777,0.931969,0.943105,0.949690,0.954603,0.854673,0.953417,0.950064,0.948472,0.953382,0.956451,0.957555,0.950411,0.964273,0.963690,0.960988,0.896138,0.963797,0.964477,0.960492,0.965391,0.960860,0.959340,0.960436,0.958386,0.959819,0.918208,0.922520,0.930313,0.932679,0.942586,0.946478,0.955471,0.864052,0.950808,0.944539,0.943266,0.941745,0.951727,0.955281,0.957384,0.952113,0.958614,0.961493,0.907968,0.959376,0.958826,0.959041,0.959136,0.956958,0.959381,0.957435,0.958763,0.958740,0.921629,0.926059,0.935170,0.938457,0.941767,0.947709,0.951048,0.868574,0.947424,0.941361,0.942195,0.941125,0.946814,0.951705,0.949508,0.952422,0.956640,0.957905,0.948169,0.982087,0.982409,0.981059,0.982653,0.982358,0.981363,0.981534,0.981876,0.980888,0.959252,0.963596,0.975174,0.976862,0.978560,0.981976,0.987463,0.908467,0.989915,1.000000,0.988710,0.986999,0.985589,0.985247,0.985651,0.985176,0.983959,0.983000,0.946056,0.971312,0.970408,0.971269,0.971902,0.971361,0.971762,0.969312,0.969401,0.971949,0.954602,0.958239,0.969345,0.971310,0.971387,0.975468,0.976815,0.902889,0.976682,0.980708,0.977828,0.976260,0.971838,0.972807,0.971386,0.970911,0.970791,0.968199,0.949978,0.959370,0.962977,0.964453,0.962689,0.963580,0.963869,0.962056,0.960341,0.959183,0.957613,0.959997,0.962078,0.966312,0.967435,0.967637,0.969604,0.908976,0.973152,0.974582,0.972785,0.968735,0.970603,0.968313,0.965033,0.966078,0.963907,0.962380,0.951216,0.961154,0.962717,0.958386,0.962122,0.957665,0.964150,0.962647,0.960889,0.960391,0.959723,0.966866,0.968049,0.965313,0.969005,0.969213,0.973347,0.911608,0.975646,0.976033,0.974716,0.970937,0.972051,0.968593,0.968280,0.969060,0.966005,0.962780
allando_v_sin_a8_f1_v60,0.890549,0.957798,0.956819,0.957328,0.958070,0.957319,0.956840,0.957291,0.957501,0.957393,0.906377,0.914740,0.924158,0.929912,0.938118,0.943632,0.952759,0.857278,0.954847,0.951441,0.953262,0.957334,0.961326,0.965171,0.960397,0.957018,0.958872,0.958773,0.882503,0.956426,0.953288,0.951064,0.951413,0.950683,0.950159,0.950429,0.951725,0.948927,0.903855,0.914896,0.922843,0.925469,0.933787,0.941367,0.950153,0.851326,0.950756,0.947609,0.947249,0.950486,0.956003,0.955494,0.948714,0.961362,0.960570,0.957909,0.891438,0.962029,0.963369,0.958087,0.963942,0.958755,0.957296,0.958743,0.956054,0.957672,0.914889,0.918473,0.925272,0.926833,0.934922,0.940318,0.948975,0.860308,0.946098,0.943042,0.944287,0.940442,0.952108,0.952887,0.956056,0.950228,0.955111,0.958971,0.903995,0.957536,0.956174,0.957053,0.956677,0.955790,0.958021,0.957491,0.957486,0.957145,0.917219,0.921491,0.930858,0.933960,0.936835,0.944846,0.946934,0.865373,0.949036,0.940596,0.941939,0.939605,0.945640,0.950234,0.949130,0.950622,0.954087,0.956566,0.942918,0.979308,0.979988,0.978869,0.980806,0.980043,0.979609,0.979694,0.979908,0.978641,0.954288,0.958644,0.970436,0.972877,0.974319,0.977346,0.981957,0.904566,0.984902,0.988710,1.000000,0.988133,0.986994,0.985522,0.983884,0.983403,0.981984,0.980674,0.942025,0.970420,0.969939,0.970294,0.970322,0.970935,0.969383,0.968399,0.969128,0.971892,0.950488,0.954433,0.965445,0.969455,0.967666,0.970526,0.969443,0.900034,0.972528,0.976609,0.977591,0.976126,0.972844,0.972664,0.970729,0.972068,0.969442,0.968760,0.946366,0.959611,0.961249,0.963660,0.964390,0.962263,0.962537,0.962007,0.959667,0.958789,0.954636,0.958754,0.957680,0.963598,0.965870,0.964681,0.966232,0.905162,0.970627,0.971330,0.972204,0.969194,0.970690,0.968330,0.965528,0.965542,0.962280,0.962153,0.948416,0.959251,0.962593,0.958702,0.961241,0.955590,0.964821,0.960056,0.960312,0.960199,0.957312,0.963428,0.964711,0.962418,0.967510,0.969530,0.970260,0.910007,0.972512,0.973866,0.974610,0.970549,0.973214,0.965985,0.967532,0.967313,0.964031,0.961801
allando_v_sin_a8_f1_v65,0.888160,0.958863,0.958811,0.958266,0.959926,0.959087,0.958834,0.960842,0.959463,0.959216,0.903634,0.912859,0.921654,0.928139,0.936043,0.941127,0.949437,0.853381,0.952193,0.951283,0.952566,0.956236,0.959193,0.963942,0.961160,0.959505,0.959057,0.958517,0.880324,0.961169,0.958524,0.955387,0.954071,0.954949,0.953554,0.954269,0.954031,0.953251,0.901565,0.912263,0.920636,0.923819,0.932926,0.939853,0.945614,0.847214,0.949437,0.946911,0.948002,0.951015,0.954049,0.954077,0.948515,0.962498,0.962843,0.959693,0.889310,0.963191,0.964256,0.958507,0.965398,0.959589,0.958476,0.960261,0.957761,0.958583,0.912383,0.915911,0.923035,0.924753,0.933823,0.939729,0.945775,0.856055,0.946159,0.941175,0.943490,0.939875,0.949773,0.951548,0.954418,0.950685,0.954548,0.958936,0.901710,0.958431,0.957609,0.956128,0.956501,0.955827,0.957501,0.956011,0.957784,0.957301,0.915479,0.919266,0.928886,0.931593,0.934533,0.940861,0.943867,0.861662,0.946717,0.940589,0.942696,0.938794,0.944855,0.949942,0.947352,0.948695,0.953414,0.955839,0.941601,0.980240,0.980989,0.979840,0.981453,0.980800,0.980507,0.980181,0.980893,0.979219,0.952863,0.957624,0.969073,0.971809,0.974234,0.976334,0.981357,0.901588,0.984561,0.986999,0.988133,1.000000,0.989163,0.986020,0.984807,0.983962,0.982041,0.981042,0.941574,0.970984,0.971580,0.971124,0.971128,0.971845,0.969573,0.969467,0.970576,0.972113,0.949645,0.954271,0.966376,0.967845,0.967893,0.971534,0.970442,0.897888,0.972744,0.977842,0.978228,0.976801,0.972461,0.972873,0.970278,0.972919,0.969941,0.968212,0.944951,0.959290,0.961985,0.964730,0.963865,0.963994,0.963525,0.960672,0.960280,0.958462,0.952861,0.956091,0.957761,0.962613,0.964896,0.966006,0.965534,0.902448,0.969843,0.971129,0.971461,0.971230,0.971200,0.969537,0.966135,0.966525,0.963094,0.961880,0.948314,0.958740,0.963892,0.961783,0.964845,0.959732,0.965381,0.962381,0.960690,0.960747,0.956790,0.964695,0.966244,0.964630,0.969265,0.968720,0.972321,0.907211,0.972748,0.974284,0.975955,0.973002,0.974300,0.968891,0.966629,0.968725,0.964166,0.962759
allando_v_sin_a8_f1_v70,0.887947,0.958492,0.957930,0.958607,0.958734,0.957603,0.957866,0.957875,0.958377,0.957777,0.903833,0.913197,0.921596,0.927911,0.936043,0.940440,0.950183,0.852966,0.952294,0.950416,0.951449,0.955274,0.958976,0.963484,0.960856,0.957574,0.959188,0.958984,0.880788,0.960318,0.957287,0.954135,0.952758,0.955059,0.952105,0.953527,0.952233,0.952001,0.902114,0.913009,0.920542,0.923768,0.930735,0.937209,0.946310,0.847168,0.946221,0.945471,0.945419,0.948710,0.953675,0.954813,0.947491,0.963288,0.961338,0.958032,0.889072,0.960359,0.962645,0.958027,0.964000,0.959467,0.957706,0.959336,0.957688,0.959167,0.912541,0.915934,0.922464,0.925253,0.934769,0.939095,0.945979,0.855913,0.944341,0.939865,0.941542,0.938777,0.948705,0.952646,0.954468,0.950109,0.956644,0.957557,0.901310,0.955880,0.955375,0.955149,0.955401,0.957414,0.958362,0.954689,0.956441,0.956240,0.914884,0.919218,0.928267,0.932020,0.934377,0.939094,0.944994,0.861395,0.945110,0.938650,0.940737,0.937888,0.945131,0.948029,0.946426,0.947473,0.952427,0.955423,0.940752,0.980434,0.981112,0.980006,0.981257,0.981041,0.980509,0.980629,0.980654,0.979146,0.952322,0.957066,0.968715,0.970896,0.972474,0.974976,0.979629,0.900426,0.983135,0.985589,0.986994,0.989163,1.000000,0.987819,0.985945,0.984390,0.983068,0.981363,0.940443,0.970415,0.971369,0.970721,0.970967,0.970659,0.969743,0.967579,0.970092,0.971720,0.948393,0.953936,0.964970,0.966247,0.965748,0.970261,0.968393,0.897164,0.970570,0.974940,0.976555,0.975449,0.973688,0.972373,0.970456,0.971452,0.969975,0.968755,0.943878,0.959151,0.961829,0.962057,0.962533,0.962064,0.960851,0.961064,0.959740,0.958685,0.951963,0.957464,0.955565,0.961327,0.964475,0.963486,0.962877,0.901170,0.968422,0.969725,0.971246,0.970439,0.971039,0.967921,0.964510,0.965620,0.961252,0.961251,0.947209,0.957717,0.961977,0.959201,0.962170,0.956978,0.965363,0.960551,0.960203,0.959893,0.955087,0.962899,0.964263,0.963813,0.966164,0.967068,0.967715,0.905901,0.970895,0.972246,0.973773,0.972271,0.973760,0.967511,0.966361,0.966854,0.965204,0.962614
allando_v_sin_a8_f1_v75,0.889382,0.959682,0.959053,0.963334,0.960858,0.959143,0.959557,0.960468,0.958926,0.959628,0.904700,0.914067,0.921957,0.928918,0.936414,0.941313,0.949826,0.854074,0.952081,0.950654,0.952294,0.955409,0.959474,0.964386,0.961018,0.958788,0.959624,0.960142,0.881043,0.960786,0.956953,0.954086,0.952846,0.953380,0.954505,0.954063,0.954067,0.953119,0.902152,0.913309,0.920304,0.924384,0.932458,0.937946,0.945708,0.847371,0.946195,0.944619,0.944579,0.948611,0.951830,0.953053,0.947015,0.962126,0.962199,0.959750,0.889874,0.959930,0.962737,0.958891,0.964918,0.959800,0.959276,0.959074,0.958264,0.961130,0.912730,0.917032,0.923213,0.925322,0.934320,0.937437,0.944820,0.856686,0.942107,0.941052,0.942473,0.939324,0.947850,0.951677,0.953005,0.950572,0.954950,0.956992,0.902113,0.956634,0.955731,0.956496,0.956002,0.955399,0.958362,0.956611,0.956960,0.957312,0.915791,0.920888,0.929535,0.932298,0.935998,0.941191,0.945933,0.862101,0.945473,0.937337,0.940089,0.937530,0.943587,0.948683,0.946504,0.947548,0.952891,0.954896,0.940926,0.980600,0.981641,0.980146,0.982265,0.982099,0.981754,0.981849,0.981451,0.980590,0.951581,0.956413,0.967888,0.970661,0.972164,0.975064,0.980068,0.900752,0.983444,0.985247,0.985522,0.986020,0.987819,1.000000,0.989403,0.985549,0.983443,0.982398,0.940055,0.970868,0.970459,0.970171,0.971850,0.971343,0.969886,0.970108,0.971044,0.971393,0.947417,0.953867,0.962958,0.968159,0.966035,0.971131,0.967969,0.897779,0.972380,0.975527,0.976173,0.973935,0.971615,0.974181,0.971446,0.971408,0.971430,0.969970,0.943806,0.960044,0.960630,0.963346,0.962669,0.960651,0.962121,0.960690,0.960773,0.960220,0.952807,0.955648,0.956267,0.961430,0.964524,0.963575,0.963584,0.902496,0.968047,0.970748,0.970369,0.969830,0.970837,0.968201,0.964049,0.965228,0.961955,0.961180,0.948124,0.957853,0.961965,0.957373,0.963630,0.955160,0.964541,0.961376,0.960794,0.960008,0.956091,0.963545,0.965941,0.962747,0.966432,0.966963,0.969840,0.907673,0.969680,0.971773,0.972405,0.970471,0.971734,0.968193,0.965206,0.966182,0.964295,0.960980
allando_v_sin_a8_f1_v80,0.892268,0.962101,0.960488,0.961541,0.962236,0.961110,0.960297,0.960915,0.961517,0.961625,0.906719,0.915459,0.923791,0.931212,0.938456,0.944512,0.951161,0.855813,0.953321,0.950485,0.951740,0.956443,0.960741,0.965677,0.963672,0.961038,0.962135,0.961976,0.884200,0.960372,0.959410,0.955537,0.956741,0.955513,0.956201,0.955231,0.956144,0.956429,0.904313,0.915070,0.922640,0.926394,0.933115,0.941185,0.946147,0.849331,0.947992,0.946085,0.945250,0.950094,0.953228,0.955689,0.949688,0.962840,0.963641,0.962431,0.893265,0.962027,0.963328,0.959992,0.965201,0.961815,0.961181,0.961240,0.959108,0.961077,0.914712,0.918766,0.923853,0.927132,0.936464,0.938911,0.944066,0.859114,0.942583,0.940580,0.942345,0.940980,0.949617,0.952400,0.955585,0.950677,0.957811,0.959405,0.904856,0.957431,0.956765,0.956869,0.958243,0.955904,0.957473,0.956137,0.958094,0.958679,0.918001,0.922734,0.931044,0.934815,0.937927,0.943716,0.943841,0.864114,0.945569,0.938017,0.940297,0.938997,0.945314,0.950068,0.948247,0.949906,0.955407,0.956646,0.944093,0.982544,0.983710,0.982186,0.984243,0.983633,0.983103,0.983498,0.983406,0.982554,0.953441,0.957947,0.968991,0.972155,0.973556,0.975922,0.980706,0.902268,0.983739,0.985651,0.983884,0.984807,0.985945,0.989403,1.000000,0.987211,0.985451,0.983987,0.945855,0.972304,0.972634,0.971381,0.974196,0.973039,0.971316,0.971175,0.971830,0.972504,0.949138,0.954422,0.964159,0.969032,0.967541,0.972210,0.971606,0.899576,0.974257,0.976415,0.976070,0.974660,0.973500,0.973902,0.971798,0.972915,0.972621,0.970434,0.947473,0.961471,0.962212,0.963899,0.963573,0.964282,0.964023,0.963414,0.961227,0.960077,0.954678,0.957109,0.957291,0.962021,0.965618,0.964600,0.966010,0.904713,0.968742,0.970557,0.970166,0.969589,0.969762,0.969614,0.966044,0.966716,0.963675,0.961320,0.950312,0.958199,0.963340,0.957305,0.962682,0.955815,0.964819,0.963139,0.961158,0.959860,0.956535,0.964733,0.964162,0.963999,0.967477,0.967804,0.969832,0.909272,0.970638,0.970903,0.972318,0.971005,0.970361,0.968405,0.967043,0.968348,0.964944,0.962545
allando_v_sin_a8_f1_v85,0.892918,0.963560,0.963255,0.963525,0.964373,0.962890,0.963081,0.964264,0.964141,0.962568,0.906912,0.916271,0.924195,0.930877,0.938628,0.943563,0.950785,0.855756,0.951694,0.950545,0.951255,0.956281,0.960280,0.966014,0.964554,0.962800,0.964556,0.963935,0.885481,0.963942,0.961347,0.958914,0.955859,0.957825,0.955199,0.956259,0.955762,0.957126,0.905044,0.916367,0.923518,0.928065,0.935043,0.942185,0.946223,0.849764,0.946101,0.945439,0.945335,0.949681,0.953532,0.955487,0.950202,0.964134,0.965504,0.964102,0.894391,0.962441,0.964236,0.960310,0.966802,0.961928,0.962128,0.961546,0.961355,0.963667,0.915505,0.920012,0.926175,0.928117,0.936394,0.940279,0.945799,0.859213,0.942135,0.940165,0.942481,0.940629,0.950027,0.954064,0.955895,0.953473,0.956953,0.959880,0.906065,0.958038,0.957383,0.958726,0.959389,0.956877,0.958353,0.957703,0.958896,0.958915,0.918719,0.923472,0.933048,0.935360,0.939023,0.943117,0.944698,0.864436,0.944763,0.939786,0.941633,0.938229,0.946276,0.950256,0.947919,0.950728,0.955413,0.957273,0.943539,0.984161,0.984288,0.983587,0.984681,0.984390,0.983812,0.984406,0.985111,0.983597,0.953868,0.958605,0.969371,0.971905,0.974257,0.976485,0.981196,0.902953,0.983263,0.985176,0.983403,0.983962,0.984390,0.985549,0.987211,1.000000,0.986843,0.985431,0.945823,0.971980,0.972160,0.971795,0.973181,0.973074,0.971260,0.970974,0.973106,0.973779,0.950370,0.955410,0.964896,0.970552,0.970251,0.973112,0.971098,0.900426,0.972904,0.976662,0.975169,0.972874,0.973525,0.974759,0.972505,0.972850,0.972141,0.974576,0.949200,0.960695,0.962776,0.964864,0.964263,0.963644,0.964458,0.963374,0.962809,0.960629,0.956519,0.957508,0.958672,0.962769,0.965677,0.965399,0.965933,0.905057,0.969072,0.970268,0.969601,0.968440,0.970422,0.969532,0.965218,0.967144,0.963842,0.962355,0.951279,0.959657,0.962576,0.959203,0.963565,0.957269,0.965069,0.961709,0.960461,0.960839,0.958132,0.965323,0.964377,0.963434,0.966881,0.966218,0.969683,0.909664,0.970306,0.971847,0.972001,0.968848,0.970988,0.968530,0.968240,0.969235,0.965869,0.963233
allando_v_sin_a8_f1_v90,0.891764,0.962495,0.961738,0.961124,0.962612,0.962994,0.961992,0.961913,0.962701,0.962279,0.906196,0.915783,0.923526,0.930334,0.938204,0.942591,0.949201,0.854177,0.950162,0.949873,0.950730,0.955048,0.959249,0.964732,0.962245,0.960283,0.964300,0.963219,0.883946,0.964467,0.958971,0.958008,0.956693,0.956576,0.955612,0.957244,0.955556,0.956749,0.904470,0.915507,0.923059,0.927099,0.934139,0.939999,0.944622,0.848659,0.944073,0.944694,0.945119,0.948612,0.952474,0.954662,0.948943,0.964101,0.964711,0.962778,0.893859,0.963024,0.964531,0.960438,0.967273,0.961498,0.962781,0.962534,0.961744,0.963343,0.914771,0.919500,0.925624,0.927681,0.936306,0.939176,0.942613,0.858466,0.939770,0.939741,0.942722,0.938981,0.949054,0.952878,0.955690,0.952406,0.958055,0.959934,0.905788,0.957853,0.957771,0.959905,0.960058,0.956592,0.958507,0.956844,0.958034,0.959106,0.918689,0.923331,0.931704,0.933942,0.937222,0.941634,0.943641,0.864254,0.943892,0.939087,0.940239,0.937343,0.943564,0.950405,0.948113,0.950360,0.954609,0.956776,0.942666,0.984103,0.984534,0.983633,0.985400,0.984851,0.984339,0.984455,0.985579,0.985173,0.952587,0.957722,0.968942,0.971556,0.973790,0.976075,0.980902,0.901837,0.982267,0.983959,0.981984,0.982041,0.983068,0.983443,0.985451,0.986843,1.000000,0.986184,0.941966,0.973533,0.973880,0.973786,0.974820,0.973334,0.973545,0.972891,0.973677,0.972901,0.948818,0.953024,0.965431,0.969664,0.970066,0.972291,0.972644,0.898935,0.973636,0.977455,0.974479,0.973110,0.973858,0.972205,0.971683,0.972143,0.974116,0.971517,0.945622,0.960134,0.962288,0.964373,0.963740,0.963498,0.963833,0.962545,0.961179,0.960058,0.955591,0.956521,0.957646,0.962076,0.965060,0.964617,0.965457,0.904359,0.969800,0.969828,0.968086,0.966043,0.970692,0.968111,0.964881,0.966084,0.963949,0.961601,0.949274,0.957950,0.962988,0.960625,0.962393,0.956682,0.964141,0.963001,0.959216,0.959388,0.955987,0.964945,0.964137,0.963057,0.967561,0.968558,0.970575,0.909199,0.969557,0.970692,0.972616,0.968363,0.970182,0.967105,0.965540,0.967191,0.963933,0.962482
allando_v_sin_a8_f1_v95,0.892097,0.962550,0.961748,0.963243,0.962878,0.962264,0.963017,0.961894,0.962919,0.962941,0.905708,0.915232,0.923098,0.930561,0.938385,0.943032,0.948797,0.853785,0.950290,0.948880,0.950126,0.954528,0.958162,0.964370,0.963505,0.963286,0.963222,0.963403,0.884487,0.962432,0.961178,0.957997,0.957444,0.956852,0.957562,0.956843,0.957083,0.959165,0.903927,0.915408,0.923098,0.927460,0.935825,0.941884,0.945925,0.847480,0.947502,0.946040,0.946272,0.950521,0.953285,0.952659,0.951856,0.963452,0.964940,0.964191,0.893857,0.963339,0.965022,0.960257,0.966610,0.962520,0.962724,0.961525,0.960749,0.963906,0.914357,0.919192,0.925899,0.928485,0.936125,0.938893,0.942647,0.858210,0.939677,0.941827,0.941906,0.937251,0.949016,0.952005,0.956404,0.952775,0.958143,0.960728,0.905555,0.959015,0.957892,0.958392,0.959950,0.956946,0.959141,0.956763,0.959355,0.958088,0.918725,0.923943,0.931707,0.934574,0.938209,0.942482,0.941959,0.863227,0.943760,0.937270,0.940527,0.938172,0.944440,0.952240,0.947865,0.950536,0.954738,0.956452,0.942510,0.989759,0.989929,0.989035,0.984164,0.984061,0.989807,0.988198,0.983043,0.982123,0.951765,0.957156,0.968123,0.971555,0.973545,0.976252,0.980940,0.900516,0.982864,0.983000,0.980674,0.981042,0.981363,0.982398,0.983987,0.985431,0.986184,1.000000,0.942951,0.972679,0.972556,0.973426,0.973424,0.973330,0.972706,0.972195,0.972865,0.974484,0.949588,0.953592,0.964431,0.968796,0.968368,0.973307,0.973198,0.898858,0.974237,0.976506,0.975202,0.971944,0.972377,0.972578,0.971832,0.972363,0.972616,0.973116,0.947228,0.960971,0.961668,0.963688,0.963093,0.962280,0.963653,0.962147,0.961577,0.960198,0.956066,0.956640,0.958073,0.962076,0.965990,0.965573,0.966813,0.906005,0.968239,0.969182,0.969986,0.967888,0.970104,0.968740,0.964779,0.966824,0.964387,0.963490,0.948670,0.957602,0.962151,0.958872,0.961780,0.957143,0.963351,0.961200,0.959567,0.959946,0.957921,0.963992,0.964751,0.963382,0.967750,0.967604,0.971133,0.909321,0.971549,0.970986,0.970853,0.966602,0.970185,0.966718,0.966856,0.968007,0.965086,0.965196
allando_v_sin_a8_f3_v10,0.928513,0.937365,0.935154,0.936168,0.935111,0.933092,0.932915,0.932928,0.933565,0.932664,0.929987,0.931398,0.934994,0.940183,0.943811,0.949876,0.946389,0.890389,0.946782,0.942333,0.939703,0.944791,0.948938,0.948075,0.940626,0.937556,0.937935,0.937739,0.938309,0.936283,0.937509,0.934464,0.934796,0.933797,0.933021,0.932789,0.932414,0.931996,0.942417,0.946208,0.950816,0.952512,0.953951,0.958332,0.955301,0.899948,0.956464,0.952195,0.950107,0.952739,0.957271,0.960548,0.950966,0.951623,0.942026,0.942204,0.934911,0.941982,0.944111,0.940216,0.940586,0.936514,0.936295,0.936727,0.934170,0.933222,0.937437,0.938273,0.943357,0.942297,0.944973,0.945502,0.946051,0.898572,0.938907,0.939343,0.938242,0.938660,0.947733,0.951152,0.948032,0.940103,0.941412,0.944296,0.951561,0.944934,0.945179,0.947108,0.947343,0.941389,0.942903,0.940974,0.943332,0.939113,0.947875,0.947027,0.951682,0.954283,0.951376,0.954031,0.950026,0.914871,0.948640,0.944498,0.944984,0.950651,0.951752,0.958904,0.950303,0.951721,0.950036,0.949161,0.967587,0.940410,0.942340,0.940008,0.941696,0.940108,0.939834,0.938462,0.939365,0.939088,0.960539,0.956470,0.955327,0.950216,0.948557,0.948677,0.947943,0.918326,0.948470,0.946056,0.942025,0.941574,0.940443,0.940055,0.945855,0.945823,0.941966,0.942951,1.000000,0.947743,0.946929,0.946801,0.946593,0.945665,0.944997,0.943683,0.945840,0.943493,0.977202,0.966260,0.964935,0.964938,0.960471,0.962930,0.959795,0.946106,0.957518,0.958572,0.955398,0.953142,0.949701,0.949298,0.948664,0.948028,0.946643,0.948853,0.969131,0.932050,0.932385,0.933926,0.931476,0.933175,0.933344,0.932096,0.930314,0.929504,0.964255,0.957278,0.953623,0.952059,0.954247,0.951046,0.947841,0.931124,0.949116,0.948375,0.946456,0.942676,0.943227,0.945055,0.945376,0.944277,0.941861,0.940676,0.970104,0.938689,0.941165,0.935871,0.935219,0.933016,0.937528,0.938752,0.935278,0.935741,0.965961,0.965568,0.961235,0.954246,0.956002,0.951953,0.954381,0.943536,0.954315,0.953324,0.951436,0.949291,0.951987,0.952275,0.953465,0.955306,0.950155,0.949087
allando_v_sin_a8_f3_v100,0.881473,0.965544,0.965111,0.966536,0.966904,0.966484,0.966044,0.965174,0.965512,0.965818,0.896343,0.905042,0.910961,0.917429,0.923676,0.929835,0.935472,0.845403,0.937509,0.936514,0.938409,0.942666,0.948373,0.958362,0.967082,0.967451,0.965637,0.966088,0.885123,0.966982,0.964535,0.961041,0.960990,0.961374,0.961140,0.961207,0.960461,0.961645,0.906321,0.917394,0.924371,0.928578,0.933969,0.939526,0.943069,0.851704,0.943864,0.943063,0.945872,0.949629,0.954976,0.957620,0.951921,0.963071,0.966628,0.968688,0.889303,0.961637,0.964919,0.961005,0.967964,0.966546,0.967524,0.965506,0.965896,0.964331,0.910860,0.915181,0.921177,0.923888,0.931681,0.933876,0.938595,0.854981,0.935163,0.936949,0.938866,0.934201,0.944778,0.949642,0.953617,0.948595,0.955393,0.958322,0.904629,0.959126,0.959458,0.959995,0.961657,0.958980,0.960498,0.960448,0.961550,0.960486,0.916207,0.920659,0.933222,0.935135,0.938122,0.943379,0.941719,0.862985,0.942276,0.936927,0.937784,0.936676,0.944475,0.950946,0.947273,0.949791,0.956711,0.958501,0.932692,0.973389,0.974364,0.973835,0.973717,0.973034,0.974250,0.973709,0.974780,0.974174,0.941132,0.945710,0.955186,0.959652,0.960855,0.962940,0.967915,0.889212,0.969856,0.971312,0.970420,0.970984,0.970415,0.970868,0.972304,0.971980,0.973533,0.972679,0.947743,1.000000,0.983337,0.979212,0.977759,0.977818,0.977300,0.975458,0.978871,0.977188,0.954678,0.958335,0.964304,0.968065,0.968461,0.971809,0.971583,0.906219,0.971739,0.976064,0.976254,0.974718,0.976125,0.974678,0.976794,0.977403,0.979316,0.979316,0.947062,0.958641,0.959341,0.964238,0.963018,0.964241,0.965294,0.965131,0.962988,0.960615,0.953067,0.958109,0.958574,0.961437,0.963748,0.962759,0.963470,0.905054,0.965298,0.966972,0.965238,0.964254,0.967678,0.967635,0.964688,0.965325,0.962346,0.963387,0.951917,0.958020,0.962763,0.960248,0.962730,0.959378,0.966027,0.964802,0.963426,0.963200,0.957867,0.965526,0.965301,0.964575,0.967960,0.967334,0.969516,0.911689,0.968256,0.970197,0.967931,0.966680,0.970314,0.967577,0.966748,0.968162,0.965170,0.964139
allando_v_sin_a8_f3_v105,0.880798,0.965840,0.967395,0.966799,0.968872,0.965607,0.965510,0.965617,0.968486,0.968279,0.895562,0.903962,0.909470,0.915731,0.922387,0.928389,0.934024,0.844001,0.934625,0.937621,0.937679,0.943434,0.948424,0.958233,0.965377,0.966533,0.964888,0.968698,0.885229,0.964121,0.964261,0.963889,0.963237,0.964695,0.964486,0.964263,0.962740,0.963730,0.906626,0.917130,0.924945,0.929381,0.934869,0.940317,0.943446,0.851945,0.943741,0.943747,0.945692,0.949905,0.955338,0.957763,0.951551,0.966107,0.965208,0.968352,0.888295,0.962488,0.965162,0.961555,0.968110,0.967035,0.966775,0.965209,0.968109,0.966629,0.911167,0.915251,0.920408,0.922893,0.930834,0.933297,0.938199,0.853667,0.934587,0.934755,0.937720,0.933489,0.948396,0.949075,0.955472,0.948277,0.955918,0.958622,0.905001,0.958710,0.960295,0.961124,0.961943,0.959593,0.960935,0.961158,0.960565,0.960335,0.917074,0.921896,0.929223,0.932827,0.937120,0.943844,0.942799,0.862596,0.941985,0.937741,0.937803,0.935869,0.945871,0.951605,0.948311,0.949654,0.954579,0.956380,0.930129,0.973100,0.974637,0.972890,0.974015,0.974493,0.975295,0.973384,0.973886,0.973632,0.941853,0.944965,0.954340,0.957760,0.962800,0.964293,0.968471,0.888276,0.970357,0.970408,0.969939,0.971580,0.971369,0.970459,0.972634,0.972160,0.973880,0.972556,0.946929,0.983337,1.000000,0.980177,0.977536,0.978459,0.980335,0.977599,0.978385,0.980767,0.955236,0.958600,0.964878,0.968820,0.969373,0.971864,0.972652,0.905870,0.972879,0.976721,0.975685,0.975018,0.976782,0.974999,0.974925,0.975540,0.978499,0.978282,0.949331,0.959241,0.962216,0.964097,0.964760,0.966084,0.968447,0.963011,0.963202,0.961656,0.954128,0.960771,0.957332,0.961576,0.967353,0.962976,0.965409,0.902519,0.967934,0.968968,0.967412,0.964957,0.968693,0.970650,0.964678,0.966160,0.962076,0.961527,0.953510,0.959257,0.963882,0.963536,0.964621,0.958818,0.966043,0.964787,0.962676,0.962913,0.958426,0.964354,0.966611,0.963300,0.967975,0.967396,0.968865,0.911404,0.969840,0.970510,0.969522,0.967963,0.970109,0.968208,0.967476,0.969324,0.965289,0.964047
allando_v_sin_a8_f3_v110,0.881323,0.966234,0.965603,0.968127,0.968251,0.967732,0.967054,0.967411,0.968562,0.967900,0.894935,0.904715,0.910396,0.916139,0.922694,0.928844,0.935722,0.844375,0.938008,0.935945,0.938072,0.942884,0.948997,0.959608,0.967847,0.966545,0.969320,0.966349,0.884712,0.963615,0.967229,0.962752,0.962875,0.962785,0.962595,0.963238,0.961869,0.960693,0.904831,0.916494,0.923999,0.928005,0.933645,0.939062,0.942404,0.850700,0.943208,0.942324,0.945134,0.949608,0.954951,0.956984,0.951349,0.963933,0.967468,0.967477,0.888261,0.962492,0.965545,0.961507,0.970711,0.965571,0.966944,0.965129,0.963869,0.965639,0.909911,0.915174,0.919718,0.922844,0.930043,0.933012,0.939200,0.853456,0.934984,0.935301,0.938007,0.936581,0.945749,0.950252,0.952749,0.948626,0.955077,0.957482,0.901072,0.959256,0.960228,0.962443,0.962175,0.958537,0.961436,0.959794,0.960251,0.960896,0.917013,0.921837,0.930527,0.934351,0.935447,0.940878,0.939235,0.859946,0.938249,0.933358,0.937824,0.936887,0.944682,0.950453,0.946817,0.951264,0.954699,0.956973,0.933401,0.973099,0.974622,0.973973,0.974260,0.973037,0.974335,0.974055,0.974705,0.972762,0.941616,0.945271,0.955629,0.958796,0.962564,0.962510,0.968185,0.888906,0.970752,0.971269,0.970294,0.971124,0.970721,0.970171,0.971381,0.971795,0.973786,0.973426,0.946801,0.979212,0.980177,1.000000,0.977865,0.977349,0.979682,0.976285,0.978889,0.978259,0.954825,0.958429,0.964032,0.967816,0.968217,0.970933,0.971432,0.904631,0.971871,0.975506,0.975241,0.974954,0.975879,0.974547,0.975674,0.977529,0.976985,0.977599,0.945809,0.960168,0.961909,0.963927,0.965778,0.963909,0.965255,0.963786,0.965506,0.964313,0.953996,0.956428,0.957515,0.960593,0.962310,0.963026,0.963026,0.901965,0.965882,0.966302,0.965764,0.964891,0.967851,0.967988,0.965251,0.968085,0.963422,0.962593,0.952027,0.960246,0.963303,0.962543,0.965563,0.959154,0.968129,0.965116,0.962811,0.963054,0.957489,0.963964,0.965785,0.963330,0.968251,0.966951,0.970263,0.912167,0.970675,0.971117,0.970534,0.969271,0.970472,0.969134,0.967777,0.969693,0.965607,0.964114
allando_v_sin_a8_f3_v115,0.879916,0.965228,0.966317,0.966627,0.967717,0.967411,0.967376,0.967503,0.968142,0.967925,0.893868,0.903387,0.909122,0.915428,0.921729,0.928104,0.933752,0.842543,0.935015,0.934366,0.936410,0.940631,0.945922,0.957824,0.966388,0.964586,0.966120,0.965687,0.883016,0.962732,0.963972,0.960207,0.962829,0.962049,0.962311,0.962610,0.961783,0.960661,0.903885,0.915547,0.923413,0.927404,0.933007,0.938051,0.941679,0.849714,0.942948,0.941050,0.943909,0.948842,0.954035,0.957034,0.950934,0.964703,0.967106,0.967086,0.886959,0.962565,0.964644,0.961739,0.969616,0.967216,0.966611,0.966397,0.966132,0.967598,0.909062,0.914338,0.919997,0.922229,0.929735,0.932307,0.937414,0.852273,0.934458,0.933883,0.937299,0.934584,0.944900,0.949764,0.951814,0.948039,0.955775,0.957186,0.903225,0.959940,0.961286,0.961499,0.961608,0.958614,0.960508,0.959753,0.960754,0.961496,0.913839,0.919626,0.931093,0.933259,0.937037,0.942100,0.941361,0.858572,0.940355,0.936760,0.937737,0.939270,0.944779,0.951762,0.948877,0.951133,0.954441,0.956460,0.930548,0.974140,0.975992,0.974640,0.975004,0.974989,0.975959,0.973806,0.974413,0.973935,0.941025,0.945442,0.956034,0.959740,0.962665,0.963951,0.967976,0.887186,0.970578,0.971902,0.970322,0.971128,0.970967,0.971850,0.974196,0.973181,0.974820,0.973424,0.946593,0.977759,0.977536,0.977865,1.000000,0.977461,0.978149,0.977816,0.978076,0.978100,0.953142,0.958315,0.964096,0.967874,0.968337,0.971262,0.971236,0.903506,0.971297,0.975103,0.975090,0.974287,0.977033,0.976339,0.976225,0.977141,0.977560,0.975608,0.943759,0.961604,0.960707,0.964249,0.967187,0.964916,0.966074,0.964826,0.963834,0.963949,0.952260,0.956018,0.959590,0.959501,0.961862,0.961632,0.961310,0.901782,0.964575,0.966194,0.965134,0.964104,0.966943,0.969155,0.964029,0.966466,0.963222,0.962176,0.950687,0.960734,0.964756,0.963101,0.966476,0.962028,0.969503,0.968358,0.965941,0.964915,0.957564,0.964321,0.965456,0.963691,0.968531,0.966931,0.970224,0.909502,0.969462,0.970541,0.969298,0.968306,0.970078,0.967809,0.967086,0.968947,0.966991,0.964546
allando_v_sin_a8_f3_v120,0.881426,0.965865,0.965855,0.966075,0.966630,0.966897,0.965845,0.965778,0.966552,0.966806,0.896190,0.905959,0.912352,0.917612,0.924295,0.929988,0.936576,0.845131,0.938320,0.937453,0.939750,0.943233,0.946797,0.956622,0.964613,0.964722,0.965725,0.966006,0.884511,0.963558,0.963889,0.963096,0.960851,0.962239,0.965155,0.964012,0.959970,0.959998,0.905575,0.916707,0.925351,0.928877,0.935044,0.940509,0.943879,0.851449,0.944391,0.944259,0.946562,0.950017,0.955173,0.957130,0.951090,0.963609,0.965904,0.966861,0.889040,0.962558,0.964680,0.961526,0.968426,0.963787,0.966495,0.966151,0.963903,0.967220,0.911720,0.917181,0.923055,0.925157,0.932501,0.935776,0.939376,0.854870,0.936984,0.938452,0.940092,0.938026,0.946581,0.950459,0.952472,0.949166,0.956371,0.958204,0.903686,0.959433,0.960456,0.962929,0.962274,0.961012,0.961843,0.959853,0.960323,0.960061,0.914935,0.921089,0.932231,0.935232,0.936359,0.943092,0.943232,0.860213,0.941406,0.937940,0.939575,0.937425,0.946099,0.951438,0.947426,0.950196,0.954995,0.956718,0.930203,0.973386,0.974163,0.974114,0.975415,0.973865,0.974946,0.974429,0.975219,0.974885,0.941238,0.945012,0.955551,0.959747,0.961928,0.962557,0.967809,0.888586,0.970359,0.971361,0.970935,0.971845,0.970659,0.971343,0.973039,0.973074,0.973334,0.973330,0.945665,0.977818,0.978459,0.977349,0.977461,1.000000,0.980308,0.977524,0.982227,0.978444,0.954012,0.958495,0.965159,0.968576,0.969597,0.971525,0.972134,0.904805,0.972887,0.976909,0.975773,0.975040,0.976661,0.976096,0.975356,0.976018,0.977839,0.977305,0.944541,0.959075,0.962748,0.965045,0.965762,0.964896,0.966082,0.963806,0.964773,0.962852,0.951796,0.956544,0.957196,0.961727,0.964227,0.963751,0.963856,0.903434,0.967426,0.968812,0.966458,0.964513,0.969919,0.969722,0.966238,0.967969,0.961977,0.960870,0.950873,0.961443,0.964911,0.961962,0.966643,0.960322,0.968483,0.966678,0.964543,0.963974,0.957815,0.963618,0.964876,0.963464,0.968427,0.968850,0.970035,0.910978,0.969223,0.970484,0.970062,0.968288,0.970975,0.967648,0.967776,0.969593,0.966521,0.964409
allando_v_sin_a8_f3_v125,0.879589,0.964191,0.965366,0.967978,0.967499,0.967237,0.965803,0.965601,0.967715,0.965748,0.893921,0.904829,0.909933,0.916200,0.922607,0.928219,0.934311,0.843450,0.935037,0.936112,0.937998,0.940493,0.945510,0.957429,0.966436,0.964594,0.965704,0.965982,0.883509,0.965183,0.963698,0.961735,0.962528,0.961782,0.962345,0.962545,0.961596,0.962298,0.904595,0.916371,0.924052,0.928094,0.933760,0.939103,0.942046,0.850019,0.943045,0.942551,0.945187,0.948676,0.953773,0.956113,0.950638,0.964235,0.963908,0.968006,0.887993,0.962645,0.964684,0.962072,0.967951,0.963771,0.966773,0.966467,0.965542,0.965574,0.909851,0.915592,0.920428,0.923310,0.930997,0.934998,0.938861,0.853585,0.935409,0.934999,0.938540,0.934170,0.945345,0.950557,0.952973,0.949486,0.955167,0.958507,0.901513,0.958751,0.959615,0.960547,0.962110,0.960216,0.961072,0.959267,0.960342,0.960537,0.915287,0.920913,0.928651,0.932412,0.936163,0.942534,0.941400,0.860772,0.941290,0.936459,0.940396,0.935613,0.942892,0.949958,0.947216,0.949867,0.955318,0.956176,0.929142,0.972722,0.973303,0.972762,0.974020,0.974444,0.974317,0.973527,0.975321,0.974121,0.938640,0.943823,0.955353,0.957331,0.961135,0.961856,0.968958,0.886983,0.968363,0.971762,0.969383,0.969573,0.969743,0.969886,0.971316,0.971260,0.973545,0.972706,0.944997,0.977300,0.980335,0.979682,0.978149,0.980308,1.000000,0.980655,0.979207,0.980126,0.953497,0.958040,0.965175,0.968643,0.969276,0.971757,0.972285,0.903699,0.972526,0.975911,0.975342,0.975238,0.978484,0.975948,0.975736,0.976231,0.976369,0.975596,0.944873,0.959708,0.962322,0.965013,0.964993,0.964807,0.965410,0.965446,0.964838,0.962276,0.952495,0.956627,0.957808,0.961614,0.962937,0.962864,0.963575,0.901541,0.965377,0.966010,0.965254,0.964284,0.968170,0.969585,0.965227,0.967108,0.963183,0.961323,0.949996,0.961989,0.964028,0.961428,0.964593,0.960610,0.966754,0.965708,0.962666,0.962450,0.956375,0.962528,0.965322,0.963845,0.968932,0.967518,0.969305,0.909133,0.970185,0.969821,0.969452,0.969483,0.971556,0.968567,0.967422,0.968886,0.965127,0.964603
allando_v_sin_a8_f3_v130,0.878490,0.965301,0.964936,0.966273,0.965952,0.964823,0.965687,0.965915,0.965919,0.966112,0.892066,0.902115,0.907242,0.913880,0.921030,0.926710,0.931765,0.841948,0.933699,0.933862,0.935160,0.938723,0.945118,0.954448,0.965338,0.963031,0.965144,0.964554,0.881760,0.962554,0.963633,0.960660,0.959944,0.960160,0.960555,0.960905,0.958949,0.957074,0.902343,0.913776,0.921353,0.925778,0.931643,0.937230,0.939448,0.848557,0.940288,0.940022,0.942017,0.945666,0.951145,0.953810,0.948425,0.961520,0.965313,0.965703,0.885127,0.959865,0.962327,0.960146,0.966382,0.963393,0.966170,0.965761,0.966405,0.966554,0.907559,0.913082,0.918067,0.921049,0.928512,0.931410,0.934714,0.851600,0.932752,0.932946,0.935646,0.931770,0.943082,0.949195,0.951291,0.945908,0.952582,0.955376,0.900102,0.957852,0.958161,0.959595,0.960508,0.958229,0.960963,0.957018,0.958342,0.958260,0.913231,0.918886,0.927947,0.931979,0.933796,0.941229,0.939901,0.857412,0.938551,0.935339,0.937756,0.935144,0.942384,0.949663,0.945653,0.949067,0.953093,0.954770,0.928545,0.972402,0.973019,0.973240,0.973134,0.974254,0.974741,0.974789,0.974058,0.972813,0.937158,0.941510,0.953193,0.957655,0.960394,0.961591,0.965159,0.887478,0.968014,0.969312,0.968399,0.969467,0.967579,0.970108,0.971175,0.970974,0.972891,0.972195,0.943683,0.975458,0.977599,0.976285,0.977816,0.977524,0.980655,1.000000,0.978037,0.979382,0.951841,0.955788,0.962707,0.966138,0.966278,0.969099,0.970078,0.903414,0.970442,0.973745,0.972992,0.972284,0.974069,0.974836,0.973499,0.975552,0.975860,0.974218,0.941657,0.957977,0.959909,0.963052,0.963755,0.964756,0.964881,0.964049,0.963130,0.960984,0.949118,0.954701,0.956447,0.959794,0.961449,0.961293,0.961050,0.900427,0.963486,0.964545,0.963192,0.963299,0.965852,0.966770,0.964024,0.965660,0.961906,0.961387,0.949785,0.958932,0.961978,0.960957,0.964089,0.958162,0.966498,0.965781,0.963745,0.963370,0.953354,0.960611,0.965195,0.960448,0.964519,0.963624,0.967398,0.909020,0.967668,0.967843,0.967293,0.965466,0.968442,0.966212,0.965338,0.967353,0.965088,0.963026
allando_v_sin_a8_f3_v135,0.880549,0.969615,0.967459,0.968677,0.970087,0.968541,0.968425,0.968699,0.969743,0.968793,0.895449,0.904555,0.910087,0.915760,0.921982,0.928200,0.934869,0.844441,0.936024,0.935947,0.938206,0.941952,0.946689,0.959552,0.967642,0.967334,0.967273,0.967650,0.884675,0.966265,0.967060,0.962589,0.963903,0.963157,0.963586,0.963809,0.962493,0.962725,0.905468,0.916753,0.923709,0.927541,0.933066,0.938650,0.942386,0.850797,0.942826,0.943374,0.945538,0.949021,0.954346,0.956549,0.950607,0.963817,0.967871,0.967309,0.888855,0.963054,0.964390,0.962181,0.968818,0.966837,0.968592,0.967400,0.967759,0.968475,0.909837,0.914942,0.919565,0.922295,0.930082,0.933350,0.936962,0.853686,0.935427,0.935737,0.938929,0.935191,0.946320,0.950777,0.951746,0.949704,0.955907,0.958448,0.902695,0.959998,0.960421,0.961350,0.961435,0.959288,0.961448,0.959153,0.959947,0.959703,0.915385,0.920645,0.930541,0.933201,0.936715,0.939998,0.941918,0.860629,0.940937,0.937364,0.941287,0.937089,0.945383,0.951526,0.948151,0.951648,0.954265,0.956635,0.928340,0.972788,0.975013,0.974306,0.973282,0.973798,0.975413,0.975317,0.975340,0.973600,0.938949,0.942794,0.952690,0.956392,0.959507,0.960575,0.965184,0.887116,0.967978,0.969401,0.969128,0.970576,0.970092,0.971044,0.971830,0.973106,0.973677,0.972865,0.945840,0.978871,0.978385,0.978889,0.978076,0.982227,0.979207,0.978037,1.000000,0.979573,0.953489,0.957178,0.963972,0.967610,0.968150,0.970545,0.970946,0.903795,0.971729,0.975325,0.974781,0.974818,0.975393,0.978051,0.974815,0.976189,0.976436,0.978177,0.944107,0.959056,0.961343,0.963922,0.966376,0.964987,0.965996,0.965596,0.964812,0.962661,0.951229,0.954288,0.955822,0.959158,0.963933,0.961637,0.964280,0.901237,0.967027,0.966890,0.967429,0.963319,0.969472,0.968528,0.965179,0.966741,0.962643,0.960860,0.949566,0.959500,0.963589,0.962110,0.964246,0.960781,0.967242,0.965676,0.964673,0.964217,0.956838,0.963534,0.964671,0.963548,0.968295,0.967436,0.969638,0.910356,0.969432,0.970243,0.969915,0.967129,0.970618,0.968684,0.966314,0.968613,0.964734,0.963871
allando_v_sin_a8_f3_v140,0.876980,0.967633,0.967720,0.966211,0.968506,0.968460,0.968819,0.968822,0.969395,0.968799,0.891589,0.901636,0.906564,0.912728,0.919768,0.925630,0.932532,0.840560,0.933922,0.933591,0.935707,0.939451,0.945309,0.959164,0.965340,0.965423,0.966233,0.966815,0.881210,0.965401,0.964495,0.958475,0.959088,0.959098,0.958918,0.959637,0.957834,0.960558,0.902139,0.913995,0.921300,0.925670,0.931567,0.936974,0.941304,0.847866,0.942297,0.941365,0.943600,0.948106,0.953289,0.955811,0.949998,0.964786,0.964350,0.966448,0.885242,0.963596,0.965799,0.960805,0.967843,0.968129,0.967115,0.968175,0.965584,0.967232,0.907427,0.913072,0.917298,0.919834,0.927808,0.930981,0.936721,0.850431,0.933661,0.933296,0.936152,0.933614,0.944085,0.949249,0.950883,0.947960,0.953591,0.957195,0.900094,0.959268,0.960131,0.962271,0.961698,0.958640,0.961386,0.958982,0.959560,0.959474,0.913329,0.918294,0.926172,0.929204,0.934152,0.938747,0.937427,0.859423,0.937543,0.933176,0.937854,0.935895,0.943076,0.949986,0.947039,0.949393,0.953727,0.955204,0.926521,0.974805,0.975705,0.974729,0.974913,0.974803,0.976528,0.976494,0.976465,0.976472,0.938203,0.944433,0.955390,0.958585,0.962014,0.963325,0.968527,0.885449,0.971240,0.971949,0.971892,0.972113,0.971720,0.971393,0.972504,0.973779,0.972901,0.974484,0.943493,0.977188,0.980767,0.978259,0.978100,0.978444,0.980126,0.979382,0.979573,1.000000,0.952174,0.957602,0.963865,0.967217,0.967934,0.970468,0.971506,0.902322,0.971954,0.975959,0.975696,0.975183,0.977026,0.975637,0.974997,0.977114,0.976824,0.976970,0.946805,0.960440,0.961976,0.964862,0.966220,0.965453,0.967125,0.965321,0.965945,0.964314,0.951651,0.955277,0.956824,0.961682,0.962447,0.964272,0.964890,0.900126,0.967232,0.966866,0.965949,0.965137,0.970487,0.969845,0.966823,0.967071,0.963131,0.962387,0.949177,0.959348,0.963655,0.961761,0.965302,0.961014,0.968974,0.967105,0.963855,0.964132,0.955678,0.963051,0.964546,0.962606,0.968418,0.966582,0.969602,0.909050,0.969385,0.970167,0.969675,0.968522,0.970164,0.967883,0.966651,0.970277,0.965884,0.964525
allando_v_sin_a8_f3_v15,0.919435,0.942424,0.940597,0.939334,0.939857,0.939357,0.938993,0.939161,0.938954,0.938446,0.930733,0.934650,0.935177,0.939316,0.942137,0.946026,0.950253,0.886120,0.945720,0.945819,0.942268,0.942456,0.946373,0.947556,0.943937,0.940571,0.941637,0.941914,0.929359,0.941078,0.942545,0.939198,0.940329,0.939517,0.939184,0.938498,0.937941,0.937964,0.946580,0.950970,0.952357,0.953281,0.956997,0.959351,0.959156,0.896740,0.954921,0.953455,0.954098,0.953777,0.957213,0.957979,0.947965,0.954219,0.946357,0.944465,0.925059,0.949343,0.949959,0.949842,0.947732,0.943951,0.943829,0.943498,0.940281,0.941268,0.940273,0.942977,0.942876,0.940763,0.947605,0.946319,0.950913,0.893092,0.940138,0.939676,0.941939,0.934526,0.944565,0.947476,0.949077,0.943125,0.945779,0.949001,0.941730,0.952223,0.951664,0.954316,0.955992,0.955574,0.955891,0.950271,0.950909,0.948895,0.950639,0.951923,0.954841,0.954039,0.955938,0.955557,0.956863,0.907796,0.952604,0.946766,0.950803,0.945053,0.949157,0.955446,0.949769,0.952766,0.951973,0.954817,0.958266,0.948349,0.948879,0.948087,0.947157,0.946699,0.947280,0.946269,0.946027,0.945744,0.971870,0.966418,0.960631,0.953283,0.952837,0.954378,0.956134,0.916243,0.955294,0.954602,0.950488,0.949645,0.948393,0.947417,0.949138,0.950370,0.948818,0.949588,0.977202,0.954678,0.955236,0.954825,0.953142,0.954012,0.953497,0.951841,0.953489,0.952174,1.000000,0.976535,0.972235,0.971909,0.966985,0.969257,0.967973,0.938671,0.964243,0.966660,0.962089,0.959449,0.956692,0.956312,0.955449,0.954806,0.955168,0.955102,0.964150,0.939887,0.941399,0.943226,0.941925,0.941129,0.943374,0.943221,0.944862,0.941561,0.967829,0.965391,0.961374,0.961513,0.955530,0.954114,0.953287,0.927356,0.953152,0.953087,0.950511,0.946997,0.949641,0.949214,0.945168,0.946409,0.944704,0.941182,0.968859,0.945259,0.947059,0.944328,0.945705,0.940413,0.948053,0.948623,0.950088,0.950217,0.968292,0.969302,0.967249,0.962702,0.962278,0.957083,0.959972,0.937086,0.961325,0.960455,0.957747,0.955291,0.959055,0.955448,0.954388,0.956411,0.954284,0.949921
allando_v_sin_a8_f3_v20,0.907164,0.943989,0.942373,0.941549,0.942916,0.940656,0.940539,0.941111,0.942764,0.940729,0.920364,0.931676,0.928590,0.934026,0.939936,0.943628,0.947178,0.873691,0.944630,0.942410,0.941382,0.941673,0.946921,0.950824,0.944030,0.944447,0.942657,0.943258,0.914852,0.942597,0.943534,0.939900,0.940934,0.940207,0.940633,0.940076,0.939184,0.940014,0.934724,0.947491,0.944874,0.948395,0.954266,0.956583,0.959340,0.883745,0.955833,0.951577,0.953894,0.954449,0.957872,0.958400,0.947650,0.955320,0.947126,0.945777,0.912842,0.950129,0.950831,0.952096,0.950378,0.945315,0.944571,0.945185,0.941651,0.942095,0.931993,0.940670,0.937166,0.937300,0.943985,0.943924,0.949205,0.882669,0.942209,0.937164,0.941673,0.934304,0.945247,0.946559,0.947856,0.942996,0.944950,0.948251,0.931676,0.952361,0.951263,0.953371,0.954000,0.953286,0.954129,0.951432,0.951866,0.953832,0.942164,0.950873,0.950253,0.949697,0.952025,0.953438,0.955092,0.894821,0.950663,0.942674,0.947595,0.944204,0.948737,0.954986,0.949133,0.951450,0.952080,0.954063,0.948217,0.950636,0.952263,0.951353,0.953128,0.952339,0.950840,0.950820,0.952363,0.951167,0.961022,0.969997,0.963088,0.957672,0.957391,0.956094,0.957738,0.908108,0.958875,0.958239,0.954433,0.954271,0.953936,0.953867,0.954422,0.955410,0.953024,0.953592,0.966260,0.958335,0.958600,0.958429,0.958315,0.958495,0.958040,0.955788,0.957178,0.957602,0.976535,1.000000,0.979883,0.975149,0.970032,0.971630,0.970466,0.928538,0.967763,0.970272,0.965519,0.963921,0.960924,0.960007,0.958729,0.957548,0.957744,0.957997,0.957164,0.942163,0.944300,0.946614,0.944489,0.944696,0.946531,0.945999,0.946852,0.943459,0.961042,0.965455,0.969007,0.964596,0.958911,0.956199,0.955634,0.918767,0.957544,0.957989,0.955576,0.949869,0.951460,0.952553,0.947812,0.949313,0.947088,0.944910,0.965287,0.946838,0.949596,0.945255,0.947672,0.943795,0.952286,0.951974,0.950529,0.951171,0.965997,0.968607,0.969563,0.970523,0.964279,0.959663,0.962939,0.931001,0.964689,0.963090,0.960385,0.959005,0.961687,0.958245,0.956464,0.957630,0.954277,0.951095
allando_v_sin_a8_f3_v25,0.903461,0.950754,0.949106,0.947694,0.949047,0.947517,0.945775,0.947109,0.948329,0.946437,0.916505,0.927141,0.931698,0.938329,0.944319,0.946723,0.949179,0.869315,0.951543,0.950489,0.946310,0.948514,0.951603,0.955436,0.952451,0.950087,0.950468,0.950433,0.911053,0.947439,0.948347,0.943798,0.944675,0.944119,0.943328,0.945040,0.941770,0.943069,0.930671,0.942886,0.948611,0.952879,0.957651,0.958995,0.961170,0.879206,0.960809,0.956943,0.956016,0.958554,0.960532,0.962068,0.955366,0.959566,0.951277,0.950736,0.908996,0.956173,0.957437,0.953448,0.955478,0.949244,0.947685,0.948806,0.946626,0.946778,0.928522,0.937836,0.941432,0.942080,0.947169,0.947480,0.953228,0.879337,0.945369,0.945637,0.944573,0.938837,0.948664,0.953362,0.952246,0.947121,0.950914,0.952582,0.929504,0.959030,0.959606,0.960143,0.959578,0.957073,0.958064,0.954944,0.955860,0.955938,0.940730,0.947968,0.957104,0.956847,0.958013,0.959362,0.957583,0.892897,0.955074,0.949742,0.951390,0.948696,0.952818,0.960913,0.952715,0.955678,0.956134,0.958284,0.947355,0.964290,0.964677,0.960121,0.964051,0.960887,0.960144,0.960455,0.961097,0.962056,0.957260,0.962792,0.973595,0.970490,0.971160,0.970158,0.970776,0.905600,0.970755,0.969345,0.965445,0.966376,0.964970,0.962958,0.964159,0.964896,0.965431,0.964431,0.964935,0.964304,0.964878,0.964032,0.964096,0.965159,0.965175,0.962707,0.963972,0.963865,0.972235,0.979883,1.000000,0.986278,0.980860,0.980050,0.978541,0.926738,0.974913,0.977583,0.972133,0.971204,0.967768,0.967077,0.965535,0.964727,0.964455,0.963909,0.955473,0.947652,0.949382,0.952267,0.950238,0.950919,0.951614,0.952273,0.951731,0.948295,0.964880,0.965503,0.966779,0.973070,0.968157,0.966045,0.963840,0.917466,0.966189,0.965920,0.960992,0.957857,0.961792,0.957217,0.954721,0.955865,0.952468,0.949793,0.964525,0.952939,0.955667,0.953026,0.955218,0.950468,0.957386,0.958253,0.954841,0.955756,0.966498,0.969667,0.971396,0.968714,0.971227,0.968716,0.971010,0.929500,0.971356,0.971014,0.966820,0.965319,0.969439,0.963564,0.962823,0.964138,0.959616,0.957536
allando_v_sin_a8_f3_v30,0.901527,0.952920,0.952312,0.951191,0.950463,0.950764,0.950131,0.950580,0.950552,0.949685,0.913467,0.922175,0.932738,0.939221,0.940321,0.942523,0.947995,0.864869,0.950971,0.949425,0.949199,0.951862,0.955107,0.958755,0.955865,0.952334,0.952301,0.952045,0.908293,0.950618,0.950495,0.947342,0.948243,0.947509,0.947304,0.947461,0.946064,0.945993,0.927208,0.937901,0.950103,0.954058,0.954273,0.956622,0.960072,0.874579,0.960803,0.958240,0.958691,0.960489,0.962754,0.966323,0.959210,0.960391,0.954534,0.953740,0.907700,0.957380,0.958170,0.955916,0.958766,0.951447,0.952739,0.951663,0.949150,0.949614,0.926199,0.932851,0.948755,0.943305,0.945180,0.944496,0.950583,0.875010,0.943858,0.944102,0.945516,0.939968,0.949432,0.954506,0.955013,0.950083,0.953924,0.956215,0.928715,0.960894,0.960950,0.963724,0.962459,0.958551,0.959639,0.958916,0.959257,0.956648,0.939309,0.944142,0.957733,0.957440,0.954780,0.957639,0.957205,0.892608,0.955039,0.950182,0.952093,0.949467,0.953330,0.962119,0.956034,0.958173,0.959077,0.960606,0.946994,0.967205,0.967598,0.966267,0.968408,0.967044,0.966022,0.963772,0.965976,0.964979,0.957947,0.960726,0.975113,0.976847,0.977424,0.974754,0.974236,0.903070,0.972543,0.971310,0.969455,0.967845,0.966247,0.968159,0.969032,0.970552,0.969664,0.968796,0.964938,0.968065,0.968820,0.967816,0.967874,0.968576,0.968643,0.966138,0.967610,0.967217,0.971909,0.975149,0.986278,1.000000,0.988566,0.986225,0.981603,0.925036,0.977717,0.979557,0.975572,0.974201,0.971300,0.970061,0.968668,0.968331,0.968173,0.967922,0.955700,0.950615,0.951501,0.953821,0.952913,0.952966,0.955024,0.954790,0.954197,0.952013,0.963476,0.965609,0.963194,0.967481,0.973375,0.969477,0.965900,0.916778,0.966512,0.966673,0.965189,0.959868,0.963806,0.961570,0.958710,0.959509,0.958154,0.955574,0.964067,0.955638,0.957860,0.956031,0.957353,0.954360,0.959488,0.959814,0.956672,0.958061,0.968697,0.970500,0.971483,0.967894,0.977159,0.974707,0.974223,0.929137,0.973308,0.972126,0.969203,0.967621,0.972192,0.966938,0.965848,0.967164,0.964622,0.961349
allando_v_sin_a8_f3_v35,0.895973,0.950250,0.950107,0.950039,0.950225,0.948874,0.948240,0.948667,0.949647,0.949771,0.909024,0.917874,0.930319,0.937525,0.938213,0.940977,0.945130,0.859933,0.949671,0.949268,0.947437,0.948360,0.951318,0.957816,0.954996,0.952387,0.951535,0.951006,0.902898,0.950687,0.949707,0.946254,0.946810,0.946833,0.946714,0.946589,0.945240,0.944898,0.922720,0.933026,0.947060,0.953077,0.953186,0.955496,0.958744,0.870016,0.960395,0.959431,0.959151,0.960939,0.961987,0.963234,0.957516,0.959919,0.953577,0.953183,0.903406,0.957490,0.957931,0.953657,0.957690,0.950172,0.950815,0.950686,0.949305,0.948285,0.922258,0.926868,0.938410,0.942631,0.942731,0.943273,0.946843,0.870551,0.944989,0.944905,0.944273,0.938501,0.947667,0.953049,0.954238,0.948927,0.953242,0.954362,0.924319,0.959388,0.959503,0.961755,0.959433,0.956394,0.956354,0.955173,0.955597,0.954309,0.935667,0.938335,0.954905,0.957669,0.954724,0.956343,0.954582,0.884840,0.953466,0.950050,0.951365,0.947078,0.951526,0.959824,0.954445,0.956514,0.957603,0.958428,0.942710,0.968225,0.966777,0.966699,0.968847,0.968637,0.967065,0.965173,0.967171,0.966159,0.953363,0.953783,0.973880,0.977301,0.978038,0.975989,0.972688,0.898834,0.971947,0.971387,0.967666,0.967893,0.965748,0.966035,0.967541,0.970251,0.970066,0.968368,0.960471,0.968461,0.969373,0.968217,0.968337,0.969597,0.969276,0.966278,0.968150,0.967934,0.966985,0.970032,0.980860,0.988566,1.000000,0.988895,0.983022,0.920598,0.980182,0.980740,0.977046,0.976047,0.972645,0.970269,0.968965,0.968737,0.968763,0.967893,0.949998,0.950117,0.951688,0.955379,0.953202,0.953215,0.954539,0.952504,0.951813,0.949047,0.959903,0.960431,0.958715,0.964767,0.971577,0.971525,0.967705,0.910724,0.965180,0.967302,0.962286,0.961212,0.963712,0.960355,0.957958,0.958744,0.955788,0.954826,0.960688,0.955512,0.958409,0.955888,0.958102,0.953260,0.958846,0.957593,0.953707,0.954520,0.964098,0.968716,0.969260,0.964484,0.977711,0.978058,0.975776,0.925135,0.973376,0.971764,0.970339,0.968371,0.972220,0.965878,0.964998,0.966494,0.962146,0.961133
allando_v_sin_a8_f3_v40,0.897983,0.952587,0.952669,0.952771,0.952473,0.952035,0.949481,0.949650,0.951596,0.951778,0.908519,0.917721,0.927408,0.938076,0.939351,0.943765,0.948082,0.860053,0.949644,0.948915,0.946172,0.949183,0.953351,0.961346,0.957248,0.954999,0.953111,0.953942,0.905754,0.952581,0.952191,0.948871,0.949807,0.948716,0.948736,0.949056,0.947909,0.946923,0.923547,0.933141,0.944988,0.953744,0.955203,0.958363,0.958967,0.869899,0.960748,0.960203,0.958853,0.962610,0.964428,0.967471,0.959606,0.965314,0.957939,0.956274,0.905350,0.959737,0.960806,0.956746,0.959937,0.953343,0.953835,0.952895,0.950448,0.951551,0.922068,0.928214,0.937486,0.943570,0.947613,0.945421,0.948530,0.871377,0.943100,0.945819,0.945774,0.942219,0.950265,0.955502,0.958119,0.952963,0.956515,0.959342,0.926632,0.962279,0.962734,0.964003,0.962936,0.958548,0.959400,0.957304,0.958656,0.957314,0.936188,0.940754,0.953048,0.956377,0.957745,0.959717,0.955475,0.886411,0.956120,0.950805,0.951396,0.949057,0.953628,0.961302,0.957288,0.960931,0.961197,0.962011,0.945482,0.972182,0.972599,0.971257,0.971403,0.972151,0.970742,0.971342,0.970719,0.970828,0.953873,0.959496,0.973383,0.976201,0.977667,0.978707,0.977677,0.899351,0.978161,0.975468,0.970526,0.971534,0.970261,0.971131,0.972210,0.973112,0.972291,0.973307,0.962930,0.971809,0.971864,0.970933,0.971262,0.971525,0.971757,0.969099,0.970545,0.970468,0.969257,0.971630,0.980050,0.986225,0.988895,1.000000,0.988619,0.922516,0.984233,0.983936,0.980795,0.979219,0.976335,0.973642,0.972368,0.971316,0.971304,0.971082,0.952809,0.953675,0.955347,0.957386,0.955734,0.955260,0.957516,0.955895,0.954527,0.952673,0.959487,0.962191,0.962286,0.966660,0.974009,0.973907,0.971995,0.914011,0.971407,0.970537,0.967424,0.965097,0.968394,0.963900,0.960988,0.961804,0.961309,0.959385,0.962857,0.959962,0.962676,0.958008,0.960080,0.956586,0.960453,0.961778,0.958284,0.959317,0.968564,0.972558,0.973482,0.970119,0.979060,0.977425,0.979668,0.928347,0.977060,0.975750,0.972564,0.971872,0.974458,0.970429,0.967510,0.969002,0.967705,0.965744
allando_v_sin_a8_f3_v45,0.895305,0.953468,0.952458,0.952511,0.952261,0.951110,0.949269,0.949718,0.951671,0.951199,0.906516,0.915308,0.922503,0.933021,0.941505,0.945089,0.948688,0.856824,0.948613,0.949303,0.945593,0.949113,0.952822,0.958210,0.958147,0.952931,0.954947,0.955142,0.902929,0.952980,0.952044,0.949028,0.950010,0.949344,0.949454,0.949182,0.947308,0.946823,0.921368,0.930799,0.940580,0.948659,0.957924,0.959737,0.960146,0.867534,0.960301,0.959843,0.958188,0.962668,0.964863,0.966148,0.958551,0.963912,0.957409,0.956238,0.901723,0.959909,0.960201,0.955640,0.959601,0.953403,0.953273,0.953048,0.950193,0.951996,0.919863,0.926044,0.931866,0.937013,0.947665,0.946389,0.950314,0.867905,0.945533,0.946310,0.944131,0.940300,0.951141,0.953773,0.957481,0.950590,0.954522,0.957809,0.923618,0.962739,0.961349,0.962703,0.961864,0.959099,0.960684,0.956251,0.958265,0.957394,0.934895,0.938128,0.948418,0.951268,0.960502,0.960930,0.957793,0.881987,0.956305,0.951361,0.952174,0.950287,0.953055,0.960750,0.955241,0.959197,0.961217,0.961604,0.940847,0.972362,0.972593,0.970300,0.972345,0.970848,0.970631,0.970736,0.972358,0.969178,0.952149,0.958422,0.969304,0.970360,0.971978,0.976974,0.979301,0.897537,0.979201,0.976815,0.969443,0.970442,0.968393,0.967969,0.971606,0.971098,0.972644,0.973198,0.959795,0.971583,0.972652,0.971432,0.971236,0.972134,0.972285,0.970078,0.970946,0.971506,0.967973,0.970466,0.978541,0.981603,0.983022,0.988619,1.000000,0.919667,0.989024,0.987616,0.981929,0.980059,0.975784,0.973529,0.972166,0.971204,0.972066,0.970458,0.952899,0.951891,0.953625,0.957334,0.954790,0.954366,0.956536,0.954760,0.955302,0.951481,0.959889,0.961360,0.961957,0.964804,0.967657,0.967668,0.972970,0.910673,0.971552,0.971590,0.965310,0.962756,0.965808,0.962979,0.959456,0.961085,0.959453,0.956738,0.961308,0.958745,0.961326,0.958982,0.959688,0.955101,0.960851,0.961548,0.958455,0.958413,0.967341,0.970640,0.971684,0.968352,0.973621,0.973238,0.978157,0.925112,0.978842,0.977360,0.974020,0.970916,0.974114,0.968511,0.967095,0.968425,0.966081,0.963818
allando_v_sin_a8_f3_v5,0.910936,0.896825,0.897451,0.894476,0.895075,0.893704,0.893877,0.894017,0.893793,0.893620,0.913184,0.913361,0.916483,0.920012,0.916740,0.921859,0.919447,0.922840,0.915520,0.911728,0.911353,0.910586,0.910806,0.906177,0.900350,0.897139,0.896680,0.897769,0.921286,0.898369,0.902316,0.901900,0.901651,0.900077,0.899543,0.899382,0.899844,0.898450,0.924250,0.927840,0.932710,0.931604,0.931736,0.934912,0.927995,0.933379,0.925812,0.920819,0.921101,0.919490,0.919033,0.918289,0.904611,0.902830,0.902093,0.901257,0.913231,0.897728,0.899002,0.897263,0.894410,0.894680,0.894172,0.895301,0.891641,0.893853,0.918716,0.920580,0.921489,0.919964,0.922680,0.921839,0.918865,0.925219,0.911765,0.911157,0.911738,0.905927,0.910211,0.908810,0.905829,0.897655,0.899786,0.899281,0.928278,0.903503,0.900803,0.904886,0.904313,0.900635,0.898009,0.898156,0.899464,0.896717,0.928684,0.924544,0.927654,0.931231,0.927425,0.929497,0.921174,0.939482,0.920141,0.915408,0.917972,0.915782,0.912314,0.920003,0.909357,0.911650,0.908286,0.910253,0.936382,0.897563,0.899377,0.898758,0.898539,0.897517,0.897835,0.895934,0.896615,0.897935,0.930102,0.922373,0.916391,0.912145,0.912040,0.910991,0.906511,0.964706,0.905380,0.902889,0.900034,0.897888,0.897164,0.897779,0.899576,0.900426,0.898935,0.898858,0.946106,0.906219,0.905870,0.904631,0.903506,0.904805,0.903699,0.903414,0.903795,0.902322,0.938671,0.928538,0.926738,0.925036,0.920598,0.922516,0.919667,1.000000,0.917225,0.917326,0.913273,0.911630,0.908289,0.906848,0.906373,0.906285,0.906526,0.905773,0.932959,0.884449,0.883283,0.886562,0.883930,0.883877,0.885992,0.886046,0.884541,0.881988,0.925757,0.921058,0.913024,0.911126,0.912983,0.909909,0.907544,0.967105,0.906910,0.906419,0.902155,0.900371,0.900686,0.898697,0.893825,0.894929,0.889642,0.889860,0.938066,0.889256,0.891810,0.887815,0.888172,0.885456,0.889620,0.892273,0.886748,0.885930,0.928761,0.926906,0.923254,0.914430,0.915855,0.912940,0.915996,0.966434,0.915988,0.913693,0.907627,0.909414,0.913030,0.906629,0.903014,0.906032,0.897915,0.896741
allando_v_sin_a8_f3_v50,0.894147,0.954896,0.951723,0.953751,0.954052,0.953406,0.950676,0.952399,0.954141,0.954931,0.905309,0.915108,0.921264,0.930228,0.939369,0.946090,0.950142,0.856152,0.951216,0.951962,0.950152,0.950837,0.953831,0.960595,0.956848,0.956682,0.956552,0.955957,0.902261,0.954009,0.953182,0.950808,0.951216,0.950597,0.950653,0.950499,0.948888,0.949200,0.920216,0.929975,0.938229,0.945575,0.954500,0.960228,0.961678,0.866596,0.962367,0.962654,0.960936,0.963625,0.966252,0.966416,0.959259,0.964795,0.958715,0.957139,0.901626,0.960189,0.962072,0.956838,0.961613,0.952411,0.954033,0.955464,0.952697,0.953654,0.920024,0.924688,0.930147,0.934821,0.944643,0.949223,0.949479,0.867145,0.948512,0.949856,0.948554,0.943046,0.952162,0.954473,0.958059,0.950887,0.953857,0.958117,0.922753,0.962854,0.961643,0.962192,0.963351,0.959327,0.959960,0.956860,0.957996,0.957944,0.932863,0.935645,0.945816,0.948698,0.956728,0.960937,0.958191,0.879374,0.959357,0.955830,0.955894,0.949574,0.954498,0.960876,0.956571,0.958585,0.960022,0.961122,0.940461,0.973279,0.973560,0.972411,0.972547,0.972437,0.972557,0.971529,0.972032,0.970911,0.947597,0.956070,0.965919,0.966262,0.969545,0.972851,0.976405,0.895346,0.979171,0.976682,0.972528,0.972744,0.970570,0.972380,0.974257,0.972904,0.973636,0.974237,0.957518,0.971739,0.972879,0.971871,0.971297,0.972887,0.972526,0.970442,0.971729,0.971954,0.964243,0.967763,0.974913,0.977717,0.980182,0.984233,0.989024,0.917225,1.000000,0.989213,0.984245,0.981769,0.976828,0.974789,0.973364,0.971947,0.972954,0.971555,0.951811,0.952639,0.955197,0.958851,0.958391,0.956649,0.957017,0.956310,0.954417,0.953107,0.958991,0.959954,0.961169,0.966915,0.967859,0.968527,0.971737,0.909428,0.974001,0.973462,0.968022,0.965297,0.967420,0.965448,0.960589,0.962359,0.959807,0.958122,0.961547,0.958248,0.962752,0.960228,0.962685,0.955543,0.963754,0.961782,0.958950,0.958210,0.964579,0.969613,0.970561,0.967275,0.971647,0.972498,0.975846,0.922264,0.978815,0.977894,0.976112,0.972272,0.974757,0.970082,0.967430,0.970106,0.965801,0.964371
allando_v_sin_a8_f3_v55,0.892095,0.960107,0.958886,0.957321,0.960138,0.956981,0.954496,0.956039,0.958279,0.957762,0.905008,0.914440,0.921079,0.929292,0.937932,0.943853,0.950528,0.856471,0.951339,0.948559,0.947448,0.950736,0.954110,0.962391,0.960351,0.960413,0.961494,0.959914,0.899446,0.957048,0.955901,0.953638,0.953883,0.953489,0.953602,0.953182,0.951584,0.951394,0.918812,0.929465,0.938349,0.944161,0.952141,0.956970,0.961218,0.866429,0.961480,0.959368,0.959117,0.963841,0.967609,0.968061,0.959950,0.968662,0.960650,0.960108,0.899287,0.964233,0.966158,0.961920,0.966081,0.958563,0.959125,0.959801,0.957477,0.957515,0.919938,0.925429,0.930580,0.935093,0.944073,0.946229,0.951328,0.866527,0.949083,0.946458,0.947247,0.943018,0.953616,0.955703,0.959416,0.955098,0.958073,0.961591,0.918636,0.965769,0.965510,0.965497,0.964705,0.962434,0.963251,0.961136,0.961388,0.961552,0.931917,0.936055,0.947225,0.948419,0.952675,0.957672,0.958512,0.876601,0.956591,0.951158,0.953097,0.950245,0.955600,0.961736,0.957914,0.961059,0.962694,0.963609,0.940712,0.974519,0.975392,0.973912,0.974583,0.973875,0.974291,0.973493,0.975316,0.974342,0.950244,0.959231,0.966702,0.970580,0.971525,0.973907,0.977379,0.897061,0.979954,0.980708,0.976609,0.977842,0.974940,0.975527,0.976415,0.976662,0.977455,0.976506,0.958572,0.976064,0.976721,0.975506,0.975103,0.976909,0.975911,0.973745,0.975325,0.975959,0.966660,0.970272,0.977583,0.979557,0.980740,0.983936,0.987616,0.917326,0.989213,1.000000,0.989503,0.986403,0.979901,0.978202,0.976887,0.976133,0.976091,0.975739,0.954543,0.959881,0.960935,0.964537,0.964604,0.963690,0.962348,0.961142,0.959552,0.960171,0.960016,0.961848,0.962786,0.968827,0.971515,0.969571,0.971317,0.909826,0.976330,0.980411,0.973360,0.971729,0.972254,0.967577,0.964863,0.966534,0.962795,0.962842,0.961605,0.963147,0.966325,0.963354,0.966904,0.960074,0.967791,0.966463,0.964514,0.963786,0.966996,0.972205,0.973304,0.970960,0.974617,0.973745,0.977761,0.922419,0.978970,0.980777,0.978213,0.975385,0.976018,0.971201,0.970570,0.971944,0.969220,0.966766
allando_v_sin_a8_f3_v60,0.888121,0.958133,0.957735,0.957455,0.959964,0.959165,0.957198,0.959176,0.959616,0.959777,0.901590,0.911005,0.918437,0.925724,0.932110,0.939294,0.946839,0.853693,0.948085,0.944485,0.945859,0.947848,0.952563,0.959061,0.959899,0.957541,0.958892,0.960484,0.894545,0.956380,0.955831,0.953383,0.953785,0.952705,0.952678,0.952832,0.951853,0.952930,0.914816,0.925651,0.934822,0.939463,0.946272,0.951706,0.958086,0.862773,0.959306,0.956304,0.957776,0.960559,0.966498,0.966047,0.959809,0.965940,0.960996,0.960138,0.896022,0.962765,0.964308,0.958964,0.963564,0.957340,0.959612,0.958039,0.958016,0.958396,0.917502,0.922262,0.928810,0.932035,0.938951,0.942369,0.950936,0.863761,0.947506,0.943657,0.946242,0.940690,0.952076,0.953333,0.956830,0.951531,0.958205,0.959201,0.915380,0.963156,0.962180,0.962133,0.962811,0.961281,0.961616,0.960320,0.960339,0.959422,0.928881,0.931364,0.942125,0.945048,0.948140,0.953886,0.956112,0.872944,0.954858,0.948008,0.950405,0.948301,0.954632,0.958881,0.957792,0.957524,0.960455,0.961583,0.935747,0.971706,0.974299,0.971809,0.974810,0.973532,0.972155,0.972713,0.973430,0.972565,0.945617,0.953213,0.961807,0.965754,0.966177,0.969733,0.973976,0.892787,0.977084,0.977828,0.977591,0.978228,0.976555,0.976173,0.976070,0.975169,0.974479,0.975202,0.955398,0.976254,0.975685,0.975241,0.975090,0.975773,0.975342,0.972992,0.974781,0.975696,0.962089,0.965519,0.972133,0.975572,0.977046,0.980795,0.981929,0.913273,0.984245,0.989503,1.000000,0.987286,0.980847,0.978819,0.976853,0.976835,0.975604,0.975589,0.950748,0.959403,0.960321,0.963110,0.963617,0.962031,0.962473,0.960910,0.960258,0.961146,0.958030,0.961686,0.960495,0.965625,0.967439,0.965687,0.968307,0.908606,0.972925,0.973957,0.977900,0.971119,0.970967,0.968435,0.965185,0.966228,0.962565,0.962706,0.958300,0.962084,0.965078,0.961359,0.964859,0.959793,0.968411,0.965200,0.964987,0.963968,0.963728,0.970438,0.971449,0.968814,0.973888,0.972590,0.974861,0.918726,0.976184,0.977425,0.979029,0.974945,0.975100,0.972377,0.970584,0.972304,0.969899,0.967295
allando_v_sin_a8_f3_v65,0.885801,0.959052,0.958748,0.956873,0.959229,0.959030,0.956383,0.957832,0.958418,0.958194,0.899762,0.908603,0.915795,0.922435,0.928844,0.936326,0.944201,0.851273,0.947788,0.945326,0.945693,0.949294,0.951873,0.959111,0.959776,0.958737,0.960411,0.958802,0.891894,0.956974,0.954584,0.952343,0.952552,0.951862,0.952065,0.952278,0.950804,0.952447,0.912844,0.922412,0.931300,0.936446,0.942844,0.948933,0.954948,0.860475,0.959008,0.957366,0.957256,0.961357,0.966161,0.965425,0.957650,0.965474,0.960596,0.959057,0.893450,0.961516,0.964153,0.959573,0.963482,0.958027,0.957974,0.958400,0.956234,0.958954,0.915072,0.918884,0.924672,0.927336,0.935222,0.938677,0.944625,0.860379,0.944820,0.943646,0.944373,0.940122,0.952385,0.952969,0.954441,0.952286,0.955371,0.958207,0.913023,0.960804,0.961222,0.961479,0.961777,0.958954,0.961215,0.957994,0.959950,0.958862,0.926424,0.929645,0.939155,0.943302,0.945582,0.951682,0.952202,0.871136,0.953756,0.948790,0.950007,0.947904,0.954779,0.958635,0.955097,0.956085,0.958618,0.959994,0.934660,0.970901,0.971482,0.970212,0.972426,0.971682,0.971188,0.970994,0.971053,0.971440,0.943544,0.950197,0.961440,0.962508,0.966673,0.967258,0.971918,0.892418,0.975293,0.976260,0.976126,0.976801,0.975449,0.973935,0.974660,0.972874,0.973110,0.971944,0.953142,0.974718,0.975018,0.974954,0.974287,0.975040,0.975238,0.972284,0.974818,0.975183,0.959449,0.963921,0.971204,0.974201,0.976047,0.979219,0.980059,0.911630,0.981769,0.986403,0.987286,1.000000,0.979776,0.977076,0.975858,0.975016,0.974696,0.974591,0.951147,0.958104,0.957836,0.960832,0.961432,0.960022,0.960887,0.960195,0.958719,0.960141,0.956888,0.958678,0.957125,0.962760,0.964559,0.966900,0.964940,0.905117,0.971186,0.971794,0.972010,0.975803,0.971351,0.968831,0.965616,0.966975,0.960690,0.961710,0.957266,0.960180,0.963061,0.960420,0.964587,0.958280,0.968074,0.963506,0.961942,0.961431,0.961052,0.966817,0.968098,0.966272,0.971280,0.971404,0.972568,0.918182,0.974589,0.975211,0.975857,0.975930,0.975890,0.971386,0.970973,0.971130,0.966897,0.965528
allando_v_sin_a8_f3_v70,0.882105,0.961752,0.961778,0.961120,0.963045,0.961660,0.961698,0.961881,0.962672,0.962036,0.896157,0.904849,0.911625,0.919623,0.925962,0.932693,0.938103,0.846636,0.939822,0.939012,0.940342,0.944606,0.947966,0.958564,0.963679,0.961651,0.963357,0.963182,0.886983,0.959779,0.959716,0.958430,0.955049,0.957497,0.956130,0.956802,0.955921,0.958092,0.907990,0.918005,0.927185,0.932519,0.938184,0.943389,0.947801,0.853756,0.949949,0.949167,0.950455,0.954495,0.959272,0.961125,0.955755,0.965283,0.962237,0.963661,0.890329,0.961918,0.965461,0.959956,0.967634,0.963924,0.963897,0.964344,0.961953,0.964818,0.912403,0.916691,0.923860,0.926943,0.934082,0.936350,0.941488,0.856871,0.939810,0.940887,0.942292,0.938535,0.948162,0.951534,0.953310,0.949788,0.956407,0.958142,0.907689,0.961521,0.962177,0.961999,0.961451,0.960541,0.962113,0.959081,0.960556,0.960039,0.919784,0.925130,0.936433,0.939231,0.942740,0.947229,0.947336,0.863448,0.947839,0.943946,0.944654,0.943210,0.949891,0.955943,0.951383,0.953932,0.957622,0.958922,0.932048,0.972486,0.973857,0.972109,0.973080,0.972290,0.974090,0.973792,0.972535,0.972082,0.941323,0.947528,0.959679,0.961888,0.964014,0.965456,0.968595,0.889323,0.971087,0.971838,0.972844,0.972461,0.973688,0.971615,0.973500,0.973525,0.973858,0.972377,0.949701,0.976125,0.976782,0.975879,0.977033,0.976661,0.978484,0.974069,0.975393,0.977026,0.956692,0.960924,0.967768,0.971300,0.972645,0.976335,0.975784,0.908289,0.976828,0.979901,0.980847,0.979776,1.000000,0.978460,0.978951,0.978880,0.975965,0.975493,0.949548,0.960763,0.961785,0.964315,0.964117,0.963917,0.965602,0.963156,0.961939,0.961441,0.955570,0.958709,0.959880,0.963480,0.965011,0.966035,0.967047,0.905359,0.969145,0.970017,0.969078,0.969878,0.971791,0.970156,0.965953,0.966947,0.962771,0.963222,0.956050,0.961120,0.965515,0.962395,0.965588,0.959356,0.968214,0.965976,0.964558,0.964309,0.961112,0.966725,0.967844,0.964572,0.971332,0.970871,0.972706,0.913940,0.971904,0.972663,0.972441,0.972363,0.973629,0.971530,0.969032,0.970701,0.968112,0.966932
allando_v_sin_a8_f3_v75,0.882785,0.962803,0.963098,0.962186,0.965214,0.963449,0.964256,0.963828,0.964347,0.964258,0.896917,0.905465,0.911275,0.918648,0.925328,0.931435,0.937804,0.847010,0.939207,0.938694,0.940196,0.942866,0.947164,0.958883,0.965308,0.963046,0.964253,0.965012,0.887122,0.961370,0.962343,0.955599,0.956500,0.955175,0.955705,0.955625,0.954636,0.955941,0.908223,0.917347,0.925291,0.929443,0.935908,0.941686,0.946278,0.854158,0.947617,0.946391,0.948291,0.952132,0.956955,0.959756,0.952710,0.965524,0.965330,0.964578,0.890172,0.962141,0.963603,0.960822,0.967109,0.961490,0.963176,0.963383,0.963837,0.964965,0.912134,0.915873,0.921619,0.923917,0.931975,0.935503,0.940330,0.856779,0.937641,0.939882,0.941405,0.936811,0.946379,0.950407,0.951841,0.948417,0.956210,0.956375,0.904659,0.959220,0.959088,0.961032,0.960513,0.958863,0.960836,0.959100,0.959783,0.958482,0.919941,0.922534,0.935236,0.938206,0.941625,0.946207,0.946919,0.860775,0.946659,0.941367,0.943333,0.942210,0.948142,0.954867,0.950791,0.951419,0.955712,0.957511,0.931251,0.972029,0.972852,0.972067,0.972546,0.973116,0.973480,0.972522,0.971446,0.970675,0.942666,0.947113,0.957010,0.960136,0.962530,0.964387,0.968559,0.889363,0.972845,0.972807,0.972664,0.972873,0.972373,0.974181,0.973902,0.974759,0.972205,0.972578,0.949298,0.974678,0.974999,0.974547,0.976339,0.976096,0.975948,0.974836,0.978051,0.975637,0.956312,0.960007,0.967077,0.970061,0.970269,0.973642,0.973529,0.906848,0.974789,0.978202,0.978819,0.977076,0.978460,1.000000,0.977764,0.976501,0.974405,0.976231,0.947213,0.961604,0.959688,0.963152,0.964704,0.962100,0.964155,0.962369,0.964111,0.962146,0.953236,0.958628,0.958682,0.962221,0.965702,0.963118,0.964303,0.903522,0.968472,0.968866,0.969700,0.968211,0.970717,0.968948,0.966762,0.966521,0.961965,0.962216,0.954309,0.960786,0.965317,0.961290,0.964455,0.959672,0.967239,0.966142,0.964411,0.964207,0.959333,0.966414,0.967925,0.964990,0.970327,0.968385,0.971222,0.912395,0.971577,0.972621,0.972295,0.971138,0.973182,0.971231,0.969422,0.970405,0.967803,0.965964
allando_v_sin_a8_f3_v80,0.880954,0.963334,0.963422,0.964626,0.964197,0.963851,0.963226,0.963411,0.963340,0.963734,0.896057,0.904955,0.909757,0.916858,0.923280,0.929335,0.935984,0.843826,0.937208,0.937032,0.939480,0.942312,0.947658,0.957424,0.964556,0.961526,0.962571,0.963293,0.885321,0.960992,0.960608,0.960978,0.958830,0.957385,0.958193,0.960146,0.956681,0.959430,0.906708,0.916807,0.924166,0.928286,0.934240,0.939488,0.943479,0.850485,0.944540,0.944623,0.947152,0.950432,0.955750,0.958499,0.953288,0.963944,0.963927,0.962553,0.889248,0.961535,0.963975,0.961006,0.966035,0.961812,0.963165,0.962482,0.963364,0.963205,0.911458,0.915102,0.920520,0.922857,0.930840,0.934508,0.938883,0.854561,0.935787,0.937401,0.940447,0.936653,0.946255,0.950926,0.953634,0.948035,0.953936,0.956914,0.904178,0.959244,0.960569,0.961103,0.961821,0.960927,0.961309,0.959495,0.960622,0.959431,0.917473,0.922377,0.933854,0.935181,0.937846,0.944186,0.944600,0.861162,0.943947,0.940834,0.943334,0.941646,0.947073,0.954359,0.949414,0.951173,0.954761,0.957051,0.932608,0.971640,0.972455,0.972225,0.971271,0.972685,0.972842,0.971830,0.971317,0.971820,0.941549,0.944855,0.957719,0.959852,0.960583,0.964995,0.967678,0.887969,0.971510,0.971386,0.970729,0.970278,0.970456,0.971446,0.971798,0.972505,0.971683,0.971832,0.948664,0.976794,0.974925,0.975674,0.976225,0.975356,0.975736,0.973499,0.974815,0.974997,0.955449,0.958729,0.965535,0.968668,0.968965,0.972368,0.972166,0.906373,0.973364,0.976887,0.976853,0.975858,0.978951,0.977764,1.000000,0.979358,0.975583,0.975820,0.947567,0.958285,0.959473,0.962272,0.964079,0.962290,0.965149,0.962375,0.962802,0.961706,0.954646,0.959894,0.960079,0.962547,0.964720,0.961276,0.963100,0.902729,0.966069,0.968172,0.968890,0.965440,0.967790,0.967677,0.964648,0.967033,0.962781,0.961825,0.954107,0.959758,0.964260,0.960626,0.964102,0.960287,0.966905,0.966357,0.964076,0.964192,0.959358,0.964732,0.966846,0.965660,0.969884,0.967947,0.971429,0.913354,0.972250,0.971896,0.971342,0.969028,0.972366,0.969755,0.968663,0.969770,0.967147,0.965195
allando_v_sin_a8_f3_v85,0.881090,0.964556,0.964333,0.963969,0.966300,0.963834,0.964214,0.964642,0.965256,0.966076,0.895021,0.903541,0.909887,0.916394,0.923071,0.929393,0.935437,0.845804,0.937718,0.936207,0.938108,0.941885,0.946448,0.955044,0.965705,0.965210,0.966193,0.964648,0.884358,0.962023,0.961130,0.960571,0.962122,0.961015,0.960680,0.961448,0.960542,0.958340,0.905375,0.916012,0.924121,0.927778,0.933988,0.939538,0.943363,0.852437,0.944854,0.943468,0.945843,0.949905,0.955355,0.957517,0.951293,0.963498,0.967864,0.966562,0.887876,0.960436,0.963970,0.959823,0.966749,0.964823,0.965360,0.964303,0.962806,0.962842,0.910059,0.914408,0.920035,0.921815,0.929953,0.933809,0.940473,0.854662,0.936657,0.934959,0.938793,0.935121,0.945470,0.948961,0.951956,0.947849,0.955080,0.956348,0.904272,0.959370,0.960845,0.961403,0.960611,0.958457,0.960557,0.958679,0.959416,0.958825,0.914614,0.920204,0.930372,0.934483,0.938898,0.944655,0.943861,0.861041,0.943546,0.940720,0.939113,0.938935,0.946351,0.952077,0.949663,0.950651,0.955713,0.956662,0.930493,0.971727,0.973544,0.972525,0.972207,0.971213,0.973342,0.972814,0.972855,0.970809,0.939773,0.944012,0.956318,0.960672,0.961913,0.963149,0.967796,0.888897,0.971599,0.970911,0.972068,0.972919,0.971452,0.971408,0.972915,0.972850,0.972143,0.972363,0.948028,0.977403,0.975540,0.977529,0.977141,0.976018,0.976231,0.975552,0.976189,0.977114,0.954806,0.957548,0.964727,0.968331,0.968737,0.971316,0.971204,0.906285,0.971947,0.976133,0.976835,0.975016,0.978880,0.976501,0.979358,1.000000,0.978635,0.974986,0.946258,0.959887,0.961074,0.964446,0.964051,0.964194,0.965590,0.962854,0.963331,0.962144,0.954902,0.959040,0.959137,0.962278,0.965420,0.963342,0.965084,0.901592,0.967504,0.969254,0.970171,0.967527,0.969155,0.968758,0.965443,0.967673,0.963061,0.959749,0.954880,0.959381,0.963751,0.961162,0.964979,0.960386,0.968663,0.965692,0.963901,0.964123,0.958354,0.964778,0.966770,0.964496,0.968618,0.967339,0.970422,0.912009,0.970556,0.970712,0.969405,0.968584,0.971368,0.968739,0.967329,0.970180,0.966092,0.963802
allando_v_sin_a8_f3_v90,0.882089,0.963519,0.963977,0.965556,0.966301,0.966429,0.965848,0.964695,0.965905,0.965257,0.896836,0.904666,0.911084,0.916975,0.923502,0.928988,0.935401,0.845838,0.936174,0.938655,0.937283,0.943808,0.945730,0.955124,0.966981,0.964238,0.965864,0.965654,0.886255,0.964451,0.963227,0.961305,0.963084,0.961602,0.960785,0.961887,0.962020,0.961647,0.906963,0.916664,0.924984,0.929467,0.934991,0.940455,0.943937,0.853080,0.944195,0.943575,0.946229,0.950395,0.955537,0.957150,0.951125,0.963794,0.968668,0.966810,0.889860,0.960405,0.963382,0.959141,0.967800,0.966144,0.967248,0.967186,0.966011,0.966566,0.912384,0.916011,0.921916,0.924302,0.931125,0.935004,0.939366,0.855600,0.937615,0.935412,0.938476,0.936265,0.945139,0.949204,0.951822,0.948636,0.955909,0.957402,0.903756,0.958183,0.958773,0.960508,0.961180,0.957647,0.959940,0.958711,0.959033,0.958132,0.917359,0.921984,0.931540,0.934157,0.937051,0.941574,0.943661,0.863287,0.943657,0.937352,0.940518,0.937072,0.945279,0.950406,0.948622,0.951484,0.956903,0.956598,0.932142,0.973399,0.973846,0.973589,0.972440,0.972893,0.974968,0.973364,0.972219,0.971824,0.943128,0.944922,0.955137,0.958400,0.961891,0.962235,0.966527,0.889946,0.970055,0.970791,0.969442,0.969941,0.969975,0.971430,0.972621,0.972141,0.974116,0.972616,0.946643,0.979316,0.978499,0.976985,0.977560,0.977839,0.976369,0.975860,0.976436,0.976824,0.955168,0.957744,0.964455,0.968173,0.968763,0.971304,0.972066,0.906526,0.972954,0.976091,0.975604,0.974696,0.975965,0.974405,0.975583,0.978635,1.000000,0.978077,0.946700,0.958593,0.959509,0.961863,0.963029,0.962643,0.963941,0.963822,0.963774,0.961140,0.952571,0.956910,0.958274,0.961615,0.963029,0.963175,0.963406,0.903186,0.965908,0.966050,0.966923,0.964779,0.968706,0.967916,0.965150,0.966797,0.962286,0.960975,0.953127,0.958585,0.961097,0.958620,0.962812,0.959156,0.966301,0.963736,0.961937,0.962125,0.957585,0.963166,0.964392,0.963139,0.967759,0.967522,0.969037,0.911850,0.970439,0.970178,0.969726,0.968518,0.970559,0.967598,0.966374,0.968920,0.965617,0.964051
allando_v_sin_a8_f3_v95,0.881037,0.967075,0.966679,0.966321,0.967017,0.968042,0.965951,0.965836,0.968025,0.967960,0.895540,0.904361,0.909728,0.915438,0.921630,0.928033,0.935201,0.844761,0.936208,0.936147,0.939158,0.942901,0.946999,0.957404,0.966411,0.966034,0.966825,0.967486,0.884769,0.965783,0.963999,0.961017,0.960407,0.962900,0.961170,0.962602,0.960750,0.963064,0.905537,0.916409,0.923890,0.927363,0.933348,0.939129,0.942399,0.850866,0.943074,0.943477,0.946452,0.950154,0.954813,0.957768,0.950611,0.964014,0.967515,0.968331,0.888550,0.962906,0.964473,0.960662,0.968830,0.966121,0.968620,0.967652,0.967614,0.966383,0.910444,0.914221,0.919199,0.921502,0.929446,0.931958,0.936087,0.854210,0.934163,0.935016,0.940067,0.935649,0.945402,0.949903,0.951458,0.948680,0.957820,0.959249,0.904132,0.960303,0.960257,0.961068,0.960785,0.959408,0.960015,0.958825,0.959065,0.958946,0.916608,0.921036,0.930168,0.933207,0.934870,0.939277,0.941278,0.862014,0.940481,0.937458,0.942539,0.939165,0.945856,0.951479,0.947681,0.951457,0.956657,0.957703,0.930249,0.972995,0.972841,0.974248,0.971753,0.971131,0.974055,0.973151,0.972744,0.971785,0.939183,0.943608,0.953765,0.958787,0.960302,0.961138,0.964839,0.887819,0.968971,0.968199,0.968760,0.968212,0.968755,0.969970,0.970434,0.974576,0.971517,0.973116,0.948853,0.979316,0.978282,0.977599,0.975608,0.977305,0.975596,0.974218,0.978177,0.976970,0.955102,0.957997,0.963909,0.967922,0.967893,0.971082,0.970458,0.905773,0.971555,0.975739,0.975589,0.974591,0.975493,0.976231,0.975820,0.974986,0.978077,1.000000,0.947384,0.960203,0.960616,0.963578,0.964990,0.965684,0.964159,0.964083,0.962142,0.964220,0.951846,0.956546,0.957429,0.959792,0.962067,0.962846,0.962516,0.902533,0.968046,0.969379,0.965663,0.964364,0.966774,0.968283,0.963742,0.965881,0.962936,0.962591,0.952762,0.958857,0.964035,0.960269,0.963131,0.960043,0.966597,0.963740,0.961293,0.961829,0.956663,0.962417,0.965528,0.961878,0.966851,0.966213,0.968428,0.910806,0.968768,0.968815,0.968574,0.965412,0.969087,0.967972,0.966347,0.968195,0.966076,0.963321
allando_v_sin_a8_f5_v10,0.926558,0.941661,0.944428,0.939865,0.940773,0.939237,0.939634,0.938762,0.938787,0.938930,0.929895,0.934208,0.937605,0.940021,0.944456,0.951304,0.951263,0.890232,0.952785,0.947660,0.946366,0.951297,0.955105,0.954566,0.949512,0.944889,0.945969,0.942594,0.926989,0.938227,0.940876,0.936238,0.939917,0.934631,0.938522,0.938862,0.936495,0.935808,0.935248,0.938178,0.944747,0.946130,0.949348,0.953829,0.951839,0.890031,0.953033,0.949114,0.948400,0.950395,0.954552,0.954862,0.944570,0.951750,0.944751,0.943838,0.944885,0.956462,0.957653,0.951786,0.950769,0.945070,0.946662,0.945039,0.944786,0.945256,0.952679,0.952840,0.957384,0.956352,0.962164,0.964258,0.963187,0.914237,0.961649,0.961474,0.959868,0.961658,0.967618,0.967619,0.963715,0.955659,0.957679,0.958930,0.941642,0.948375,0.946975,0.949742,0.949355,0.944344,0.944126,0.943095,0.947076,0.942221,0.945151,0.944876,0.949422,0.953348,0.949896,0.959675,0.951308,0.906121,0.951386,0.950139,0.946649,0.951747,0.950428,0.960374,0.944886,0.950067,0.949581,0.950981,0.963925,0.945709,0.945403,0.943185,0.944501,0.943661,0.943068,0.942009,0.942198,0.942170,0.955613,0.956758,0.956071,0.952757,0.952081,0.952258,0.951391,0.917972,0.951928,0.949978,0.946366,0.944951,0.943878,0.943806,0.947473,0.949200,0.945622,0.947228,0.969131,0.947062,0.949331,0.945809,0.943759,0.944541,0.944873,0.941657,0.944107,0.946805,0.964150,0.957164,0.955473,0.955700,0.949998,0.952809,0.952899,0.932959,0.951811,0.954543,0.950748,0.951147,0.949548,0.947213,0.947567,0.946258,0.946700,0.947384,1.000000,0.943934,0.944331,0.946685,0.944763,0.944204,0.944646,0.946006,0.942245,0.940869,0.981800,0.973394,0.968736,0.968458,0.968894,0.965838,0.963525,0.950954,0.964435,0.964253,0.961786,0.959358,0.961007,0.960615,0.957857,0.956465,0.951101,0.950655,0.972013,0.936937,0.939832,0.936417,0.936929,0.933273,0.935715,0.938268,0.932760,0.932662,0.965269,0.966591,0.962965,0.952982,0.958422,0.950673,0.957625,0.940335,0.956074,0.954224,0.949401,0.949871,0.953243,0.952398,0.951516,0.951974,0.944938,0.945134
allando_v_sin_a8_f5_v100,0.875302,0.951907,0.952890,0.949596,0.952618,0.950210,0.951182,0.950621,0.951363,0.951445,0.884454,0.893722,0.897363,0.904011,0.911246,0.921808,0.927311,0.835442,0.924160,0.925316,0.929361,0.935904,0.941836,0.949195,0.951311,0.945802,0.952234,0.951421,0.873382,0.952380,0.946224,0.947577,0.945719,0.945032,0.945230,0.944989,0.942917,0.940064,0.890019,0.900344,0.906451,0.910588,0.917215,0.924148,0.926858,0.836104,0.923718,0.926273,0.928538,0.935511,0.942927,0.949745,0.942931,0.957235,0.953156,0.950988,0.888186,0.962026,0.963529,0.958352,0.960743,0.956357,0.955609,0.953118,0.957833,0.955790,0.905411,0.910134,0.916637,0.920594,0.929931,0.930914,0.937203,0.851001,0.932206,0.931776,0.936879,0.936905,0.949154,0.952192,0.956275,0.958532,0.966817,0.967352,0.894247,0.952616,0.954389,0.949525,0.952181,0.949539,0.952209,0.951277,0.951029,0.952132,0.904137,0.909934,0.917301,0.918298,0.921277,0.924744,0.929004,0.849097,0.927454,0.919402,0.925909,0.927864,0.939414,0.940237,0.941059,0.950826,0.957841,0.957545,0.924016,0.959926,0.960413,0.959553,0.960521,0.959838,0.960006,0.959968,0.958634,0.957663,0.933857,0.936226,0.941628,0.946766,0.947176,0.952047,0.955602,0.876906,0.959456,0.959370,0.959611,0.959290,0.959151,0.960044,0.961471,0.960695,0.960134,0.960971,0.932050,0.958641,0.959241,0.960168,0.961604,0.959075,0.959708,0.957977,0.959056,0.960440,0.939887,0.942163,0.947652,0.950615,0.950117,0.953675,0.951891,0.884449,0.952639,0.959881,0.959403,0.958104,0.960763,0.961604,0.958285,0.959887,0.958593,0.960203,0.943934,1.000000,0.983284,0.975643,0.973692,0.968902,0.967991,0.966656,0.968660,0.968197,0.951521,0.956533,0.958237,0.961484,0.963671,0.959785,0.961100,0.898873,0.966146,0.968709,0.967728,0.965904,0.968469,0.971700,0.969217,0.971814,0.972953,0.971940,0.936863,0.971051,0.969900,0.957157,0.957882,0.953438,0.958666,0.957301,0.956761,0.958851,0.953467,0.951646,0.953290,0.951527,0.952355,0.950124,0.955757,0.894449,0.954590,0.957885,0.956724,0.955148,0.956738,0.958918,0.958835,0.960515,0.964205,0.964594
allando_v_sin_a8_f5_v105,0.872976,0.952905,0.952227,0.952690,0.953889,0.952218,0.951476,0.951759,0.952247,0.952033,0.885363,0.894852,0.898546,0.902658,0.911779,0.917982,0.926818,0.833849,0.925675,0.927896,0.931133,0.936654,0.943762,0.951052,0.950805,0.949160,0.953884,0.951968,0.871406,0.947977,0.947116,0.945573,0.947566,0.946305,0.946413,0.946238,0.944728,0.943199,0.891234,0.900933,0.906925,0.909601,0.920134,0.924307,0.928519,0.834745,0.924355,0.928912,0.931361,0.937732,0.945699,0.950323,0.943403,0.959732,0.951757,0.955257,0.887344,0.963940,0.965110,0.959449,0.962233,0.957344,0.956516,0.955922,0.957130,0.957257,0.906826,0.911014,0.917830,0.919932,0.930186,0.932444,0.938178,0.850197,0.934133,0.933116,0.938875,0.936972,0.950626,0.953077,0.955847,0.955767,0.967727,0.969513,0.893056,0.953727,0.955442,0.950599,0.952587,0.951334,0.952641,0.950426,0.952303,0.953461,0.904585,0.908789,0.917476,0.918402,0.921218,0.925295,0.928484,0.848345,0.928509,0.922296,0.928551,0.927725,0.939333,0.940727,0.939676,0.951727,0.960902,0.960714,0.923091,0.961266,0.961587,0.961433,0.962947,0.961614,0.962796,0.961384,0.962011,0.960577,0.933075,0.936176,0.944951,0.949410,0.950021,0.954248,0.957345,0.876451,0.960571,0.962977,0.961249,0.961985,0.961829,0.960630,0.962212,0.962776,0.962288,0.961668,0.932385,0.959341,0.962216,0.961909,0.960707,0.962748,0.962322,0.959909,0.961343,0.961976,0.941399,0.944300,0.949382,0.951501,0.951688,0.955347,0.953625,0.883283,0.955197,0.960935,0.960321,0.957836,0.961785,0.959688,0.959473,0.961074,0.959509,0.960616,0.944331,0.983284,1.000000,0.978150,0.977102,0.971773,0.969035,0.966808,0.970295,0.969596,0.953465,0.956597,0.958394,0.962931,0.964121,0.961534,0.962680,0.898650,0.966671,0.969363,0.967732,0.966233,0.970478,0.972850,0.970393,0.972061,0.969215,0.970863,0.938864,0.972300,0.972561,0.959376,0.962790,0.954663,0.962278,0.960399,0.959117,0.960867,0.954134,0.952503,0.954985,0.954145,0.953905,0.951012,0.956553,0.894401,0.955780,0.958752,0.958026,0.956316,0.959193,0.959986,0.959798,0.961331,0.959611,0.961682
allando_v_sin_a8_f5_v110,0.875659,0.957235,0.954134,0.954130,0.958209,0.956631,0.956460,0.956369,0.957477,0.956932,0.888329,0.897100,0.900452,0.905151,0.913785,0.920975,0.928369,0.836926,0.928320,0.930281,0.933877,0.939741,0.946473,0.954107,0.954904,0.950859,0.954398,0.954476,0.873011,0.952952,0.949276,0.950724,0.950344,0.949791,0.945619,0.945760,0.944092,0.946782,0.893215,0.904000,0.908720,0.912582,0.920043,0.926843,0.930002,0.836893,0.929069,0.931558,0.933616,0.941822,0.946573,0.951651,0.945532,0.960003,0.954088,0.954710,0.888171,0.969831,0.969607,0.964132,0.967186,0.961732,0.957920,0.957522,0.959073,0.958043,0.910311,0.914815,0.919502,0.921336,0.931699,0.934336,0.938470,0.852397,0.937606,0.935636,0.940733,0.940774,0.951887,0.955988,0.957218,0.955540,0.964371,0.968129,0.895010,0.961953,0.963663,0.956021,0.956540,0.954709,0.956674,0.956282,0.957425,0.957340,0.907186,0.911897,0.920047,0.920706,0.922444,0.927795,0.930172,0.850565,0.930634,0.924217,0.930748,0.931008,0.940364,0.945553,0.941596,0.950547,0.958470,0.958251,0.924825,0.963854,0.964178,0.963819,0.964113,0.963598,0.964099,0.964185,0.963381,0.962162,0.934632,0.937718,0.949083,0.951017,0.952462,0.955400,0.960411,0.879743,0.962854,0.964453,0.963660,0.964730,0.962057,0.963346,0.963899,0.964864,0.964373,0.963688,0.933926,0.964238,0.964097,0.963927,0.964249,0.965045,0.965013,0.963052,0.963922,0.964862,0.943226,0.946614,0.952267,0.953821,0.955379,0.957386,0.957334,0.886562,0.958851,0.964537,0.963110,0.960832,0.964315,0.963152,0.962272,0.964446,0.961863,0.963578,0.946685,0.975643,0.978150,1.000000,0.976112,0.982723,0.978121,0.975828,0.969753,0.968809,0.956254,0.959561,0.961778,0.965359,0.965505,0.963115,0.964758,0.901120,0.968296,0.970954,0.969933,0.968357,0.972735,0.974282,0.972159,0.973990,0.970414,0.970488,0.941347,0.969609,0.970576,0.967580,0.967059,0.961290,0.962523,0.965688,0.960491,0.963333,0.952724,0.954069,0.956300,0.953938,0.957269,0.954135,0.959116,0.897191,0.957801,0.962392,0.960559,0.959760,0.960954,0.961767,0.962519,0.965428,0.960858,0.961323
allando_v_sin_a8_f5_v115,0.873018,0.958291,0.958854,0.957737,0.959352,0.959858,0.958055,0.958069,0.959120,0.958262,0.887211,0.895773,0.899928,0.904695,0.913528,0.921163,0.927714,0.834719,0.929347,0.929671,0.931214,0.937600,0.944337,0.952470,0.956135,0.954079,0.957270,0.961552,0.870069,0.950896,0.951113,0.949654,0.949992,0.949150,0.949807,0.948091,0.946934,0.949178,0.891159,0.901833,0.908001,0.910985,0.918068,0.925077,0.929625,0.834947,0.929902,0.929074,0.931369,0.939415,0.943369,0.946833,0.942916,0.957341,0.953195,0.954125,0.885887,0.972859,0.971868,0.964861,0.968297,0.961228,0.961094,0.960049,0.960202,0.960227,0.909869,0.912312,0.917528,0.920274,0.929343,0.932198,0.937802,0.850502,0.937656,0.934571,0.938533,0.939814,0.949373,0.954610,0.955255,0.953432,0.959836,0.962717,0.892802,0.962074,0.963703,0.956838,0.957249,0.956060,0.957512,0.956131,0.957232,0.958173,0.906118,0.910017,0.920175,0.920347,0.921838,0.927494,0.930957,0.847917,0.929553,0.923250,0.929018,0.929170,0.937386,0.943791,0.941842,0.947723,0.952732,0.953169,0.921623,0.963804,0.964004,0.963368,0.963618,0.964352,0.964412,0.963954,0.963605,0.962119,0.933069,0.936660,0.945479,0.949178,0.951055,0.953297,0.957843,0.877483,0.960734,0.962689,0.964390,0.963865,0.962533,0.962669,0.963573,0.964263,0.963740,0.963093,0.931476,0.963018,0.964760,0.965778,0.967187,0.965762,0.964993,0.963755,0.966376,0.966220,0.941925,0.944489,0.950238,0.952913,0.953202,0.955734,0.954790,0.883930,0.958391,0.964604,0.963617,0.961432,0.964117,0.964704,0.964079,0.964051,0.963029,0.964990,0.944763,0.973692,0.977102,0.976112,1.000000,0.979735,0.974754,0.972270,0.975044,0.975174,0.955422,0.957536,0.959745,0.963842,0.964683,0.962591,0.963922,0.899552,0.967933,0.970049,0.969172,0.967504,0.970919,0.971896,0.971316,0.973295,0.969098,0.968566,0.938529,0.960075,0.964406,0.971255,0.972718,0.964408,0.966084,0.968369,0.961678,0.965008,0.945858,0.952245,0.954854,0.954974,0.957650,0.953408,0.957033,0.894906,0.956102,0.958429,0.959248,0.956480,0.960624,0.960190,0.959429,0.961735,0.959799,0.960832
allando_v_sin_a8_f5_v120,0.873612,0.957161,0.957302,0.954079,0.958213,0.957779,0.957538,0.956615,0.959276,0.957127,0.887931,0.897453,0.900818,0.905257,0.912171,0.920889,0.927366,0.834491,0.927514,0.929243,0.931852,0.939326,0.943857,0.951727,0.955274,0.951113,0.958096,0.955079,0.870635,0.952417,0.953275,0.945561,0.951448,0.946662,0.949696,0.947453,0.945310,0.949101,0.892185,0.903292,0.908897,0.912048,0.918250,0.924990,0.929334,0.834593,0.928229,0.929766,0.931350,0.941855,0.944357,0.948530,0.944866,0.960694,0.956932,0.954267,0.886045,0.972287,0.972893,0.969315,0.969496,0.961622,0.962135,0.961152,0.960601,0.960327,0.910636,0.913436,0.919583,0.922118,0.929276,0.931903,0.937253,0.850284,0.936709,0.935253,0.939109,0.940582,0.949001,0.955696,0.955317,0.953051,0.958365,0.962548,0.892259,0.963946,0.965385,0.958539,0.957824,0.956849,0.959483,0.958002,0.959005,0.959136,0.906677,0.911032,0.920638,0.920393,0.920495,0.926098,0.929242,0.847187,0.927336,0.922643,0.928528,0.928770,0.937728,0.944869,0.940243,0.947976,0.950652,0.951791,0.922565,0.962233,0.962212,0.961806,0.963483,0.962709,0.963284,0.963108,0.962573,0.962079,0.932969,0.937451,0.945278,0.948002,0.951310,0.954583,0.958214,0.878378,0.961194,0.963580,0.962263,0.963994,0.962064,0.960651,0.964282,0.963644,0.963498,0.962280,0.933175,0.964241,0.966084,0.963909,0.964916,0.964896,0.964807,0.964756,0.964987,0.965453,0.941129,0.944696,0.950919,0.952966,0.953215,0.955260,0.954366,0.883877,0.956649,0.963690,0.962031,0.960022,0.963917,0.962100,0.962290,0.964194,0.962643,0.965684,0.944204,0.968902,0.971773,0.982723,0.979735,1.000000,0.984092,0.980337,0.972214,0.969587,0.955293,0.957763,0.959628,0.963877,0.964656,0.962932,0.963193,0.899133,0.966606,0.969698,0.968147,0.966698,0.971985,0.972548,0.970964,0.972722,0.968545,0.968689,0.938088,0.959793,0.962458,0.971528,0.971863,0.967935,0.965303,0.968849,0.962684,0.965167,0.946691,0.957226,0.955984,0.953733,0.957608,0.957271,0.961414,0.893874,0.957925,0.957824,0.958304,0.956894,0.958920,0.959402,0.961053,0.961689,0.959371,0.961030
allando_v_sin_a8_f5_v125,0.874607,0.957941,0.957466,0.956417,0.958069,0.957982,0.957539,0.957981,0.958321,0.958162,0.889786,0.899337,0.902252,0.907360,0.914995,0.921654,0.928557,0.835828,0.929095,0.930584,0.933676,0.939429,0.943847,0.953226,0.956252,0.953920,0.957349,0.955895,0.871800,0.954017,0.952194,0.949346,0.952910,0.947894,0.947313,0.949031,0.951226,0.950091,0.894359,0.905560,0.910644,0.913979,0.919601,0.925881,0.929874,0.835778,0.930457,0.932578,0.934137,0.940416,0.944112,0.947948,0.944909,0.960790,0.955586,0.957179,0.887235,0.968532,0.970568,0.970985,0.970037,0.964476,0.962491,0.962608,0.960588,0.962031,0.912327,0.917299,0.921878,0.924166,0.929984,0.932687,0.938249,0.851864,0.936367,0.937210,0.940607,0.940437,0.949368,0.954824,0.957127,0.951590,0.957720,0.959982,0.893165,0.959872,0.961051,0.962602,0.962556,0.958829,0.962205,0.961024,0.963377,0.963696,0.908713,0.914494,0.922065,0.922936,0.924263,0.929110,0.930136,0.848665,0.928546,0.924895,0.930591,0.931631,0.937958,0.946496,0.940698,0.945695,0.950315,0.951132,0.924579,0.962100,0.964506,0.962387,0.965276,0.964454,0.964815,0.964677,0.963907,0.963423,0.934222,0.938792,0.947235,0.950975,0.951205,0.955607,0.959199,0.879116,0.961127,0.963869,0.962537,0.963525,0.960851,0.962121,0.964023,0.964458,0.963833,0.963653,0.933344,0.965294,0.968447,0.965255,0.966074,0.966082,0.965410,0.964881,0.965996,0.967125,0.943374,0.946531,0.951614,0.955024,0.954539,0.957516,0.956536,0.885992,0.957017,0.962348,0.962473,0.960887,0.965602,0.964155,0.965149,0.965590,0.963941,0.964159,0.944646,0.967991,0.969035,0.978121,0.974754,0.984092,1.000000,0.985744,0.973421,0.972237,0.955817,0.959311,0.962225,0.965070,0.966430,0.964295,0.964246,0.901687,0.967399,0.970039,0.969536,0.968084,0.972152,0.973255,0.972114,0.973412,0.969830,0.969024,0.938984,0.955938,0.960222,0.965288,0.967712,0.966992,0.967637,0.968751,0.965023,0.965104,0.946733,0.956782,0.956226,0.955667,0.960116,0.956212,0.960196,0.896533,0.956418,0.958503,0.960760,0.957427,0.961465,0.961645,0.962798,0.962227,0.961109,0.959926
allando_v_sin_a8_f5_v130,0.874903,0.958507,0.956225,0.955254,0.958931,0.957325,0.957248,0.957223,0.957566,0.957045,0.889569,0.899163,0.900747,0.905807,0.913479,0.920155,0.927912,0.835685,0.930066,0.929766,0.932334,0.939466,0.944324,0.952069,0.955655,0.953405,0.956167,0.956768,0.872608,0.952412,0.953867,0.946948,0.952492,0.947882,0.948115,0.947340,0.945787,0.948470,0.893893,0.905722,0.909295,0.912939,0.918261,0.924968,0.928710,0.836102,0.930303,0.930605,0.934083,0.939979,0.945047,0.947289,0.942893,0.961698,0.955246,0.956369,0.887024,0.966775,0.968078,0.968710,0.968441,0.963698,0.963430,0.962483,0.962177,0.961122,0.911840,0.917307,0.919720,0.921245,0.928973,0.932042,0.937625,0.851666,0.935627,0.935969,0.939162,0.939413,0.949752,0.954081,0.955775,0.950471,0.954854,0.959108,0.894124,0.957148,0.958017,0.961085,0.963283,0.960425,0.964608,0.959089,0.961321,0.962802,0.908501,0.913551,0.920908,0.922503,0.922244,0.927375,0.929380,0.848292,0.926707,0.924556,0.929748,0.931548,0.936613,0.944116,0.940473,0.943558,0.947351,0.948479,0.923437,0.961165,0.962671,0.962221,0.963388,0.962214,0.962754,0.964252,0.962682,0.961576,0.936055,0.939257,0.946093,0.948990,0.949657,0.952691,0.956176,0.879156,0.960370,0.962056,0.962007,0.960672,0.961064,0.960690,0.963414,0.963374,0.962545,0.962147,0.932096,0.965131,0.963011,0.963786,0.964826,0.963806,0.965446,0.964049,0.965596,0.965321,0.943221,0.945999,0.952273,0.954790,0.952504,0.955895,0.954760,0.886046,0.956310,0.961142,0.960910,0.960195,0.963156,0.962369,0.962375,0.962854,0.963822,0.964083,0.946006,0.966656,0.966808,0.975828,0.972270,0.980337,0.985744,1.000000,0.974095,0.972631,0.954355,0.958716,0.961983,0.964849,0.964871,0.964051,0.963299,0.901937,0.966961,0.969911,0.968048,0.966726,0.971569,0.973264,0.972111,0.972936,0.969555,0.968832,0.937942,0.955154,0.959780,0.961760,0.964277,0.963582,0.967779,0.968186,0.965264,0.965410,0.946196,0.956292,0.958978,0.954904,0.958346,0.955992,0.959576,0.895706,0.956915,0.959201,0.957563,0.956707,0.960093,0.960345,0.962153,0.962212,0.961068,0.962122
allando_v_sin_a8_f5_v135,0.870271,0.955821,0.955382,0.953785,0.954818,0.954009,0.954109,0.953820,0.955243,0.954100,0.887619,0.896783,0.899787,0.903067,0.910444,0.916256,0.926568,0.833219,0.926469,0.925721,0.930871,0.935827,0.941362,0.950269,0.954937,0.953118,0.953455,0.956661,0.867373,0.951772,0.949179,0.945917,0.950550,0.948220,0.948228,0.948880,0.946094,0.947932,0.892249,0.903347,0.907140,0.909384,0.916182,0.921077,0.926144,0.833639,0.928594,0.926832,0.934305,0.938447,0.941367,0.944303,0.938352,0.956017,0.952619,0.953893,0.883045,0.963729,0.965798,0.965366,0.967128,0.962845,0.960677,0.960765,0.961363,0.960838,0.909501,0.914181,0.917781,0.918156,0.926751,0.929418,0.935982,0.849141,0.931607,0.932401,0.938027,0.935902,0.947265,0.951100,0.951726,0.949156,0.955196,0.957958,0.889915,0.953684,0.954288,0.957027,0.958930,0.963004,0.963738,0.958108,0.959454,0.960079,0.906187,0.912803,0.918800,0.919242,0.920441,0.924405,0.928080,0.847140,0.923851,0.921719,0.928773,0.928344,0.935200,0.939664,0.936010,0.940837,0.945904,0.949029,0.921818,0.961156,0.961773,0.961388,0.962461,0.960807,0.962516,0.962068,0.961413,0.960581,0.937274,0.938234,0.944594,0.945872,0.949243,0.951427,0.957045,0.878002,0.959416,0.960341,0.959667,0.960280,0.959740,0.960773,0.961227,0.962809,0.961179,0.961577,0.930314,0.962988,0.963202,0.965506,0.963834,0.964773,0.964838,0.963130,0.964812,0.965945,0.944862,0.946852,0.951731,0.954197,0.951813,0.954527,0.955302,0.884541,0.954417,0.959552,0.960258,0.958719,0.961939,0.964111,0.962802,0.963331,0.963774,0.962142,0.942245,0.968660,0.970295,0.969753,0.975044,0.972214,0.973421,0.974095,1.000000,0.983340,0.952689,0.957882,0.960625,0.963039,0.964274,0.961464,0.961135,0.900213,0.965153,0.967241,0.965905,0.964321,0.969153,0.970528,0.969926,0.971628,0.967596,0.965238,0.936734,0.954159,0.957810,0.958572,0.960299,0.959604,0.967012,0.966321,0.968413,0.970066,0.943774,0.952542,0.954975,0.954301,0.953739,0.952541,0.955275,0.895553,0.954106,0.956265,0.955205,0.955269,0.959304,0.957398,0.960172,0.961043,0.957709,0.956475
allando_v_sin_a8_f5_v140,0.868890,0.956066,0.955661,0.953922,0.954041,0.953482,0.954872,0.953157,0.954037,0.957429,0.886183,0.896001,0.896841,0.902159,0.909076,0.915633,0.925392,0.831343,0.925026,0.927883,0.931461,0.933369,0.939220,0.948457,0.954562,0.953303,0.955991,0.956041,0.866293,0.951660,0.952832,0.948350,0.949117,0.948689,0.947862,0.946957,0.947335,0.947321,0.890809,0.902113,0.905000,0.907959,0.914541,0.919501,0.926667,0.831138,0.925252,0.925501,0.931529,0.934559,0.939764,0.942226,0.938184,0.954363,0.952287,0.951651,0.881386,0.961938,0.964404,0.965958,0.964947,0.961519,0.960384,0.959896,0.961863,0.962373,0.908077,0.912498,0.916626,0.918623,0.926504,0.929457,0.936122,0.847079,0.932475,0.933001,0.939613,0.935525,0.945964,0.949473,0.951506,0.947694,0.953537,0.955934,0.888719,0.951763,0.953582,0.955933,0.957617,0.965271,0.964947,0.958746,0.959290,0.960446,0.904709,0.911331,0.916878,0.917579,0.919403,0.924149,0.928571,0.844736,0.923349,0.920594,0.928122,0.926158,0.932726,0.937887,0.936268,0.940167,0.944439,0.948655,0.919182,0.959761,0.960379,0.959891,0.961286,0.960484,0.960294,0.960694,0.960411,0.960037,0.935268,0.936206,0.942015,0.945116,0.947325,0.948799,0.954458,0.875125,0.956548,0.959183,0.958789,0.958462,0.958685,0.960220,0.960077,0.960629,0.960058,0.960198,0.929504,0.960615,0.961656,0.964313,0.963949,0.962852,0.962276,0.960984,0.962661,0.964314,0.941561,0.943459,0.948295,0.952013,0.949047,0.952673,0.951481,0.881988,0.953107,0.960171,0.961146,0.960141,0.961441,0.962146,0.961706,0.962144,0.961140,0.964220,0.940869,0.968197,0.969596,0.968809,0.975174,0.969587,0.972237,0.972631,0.983340,1.000000,0.950253,0.956813,0.959824,0.961956,0.963232,0.960146,0.959657,0.897249,0.964354,0.966149,0.965494,0.964222,0.968558,0.970077,0.968066,0.968978,0.966474,0.965201,0.934484,0.953440,0.958195,0.957176,0.962058,0.959060,0.966095,0.965726,0.974508,0.970788,0.940891,0.949713,0.955309,0.953574,0.953910,0.953291,0.954222,0.893295,0.956279,0.955452,0.954723,0.953749,0.958421,0.958298,0.958272,0.960491,0.959817,0.957521
allando_v_sin_a8_f5_v15,0.918361,0.946807,0.947484,0.945264,0.946114,0.945336,0.946985,0.946894,0.944598,0.942923,0.927723,0.934535,0.940306,0.942186,0.947710,0.953609,0.958845,0.884394,0.952888,0.949681,0.947333,0.949523,0.952422,0.955344,0.952013,0.950070,0.949986,0.951087,0.919360,0.943779,0.948855,0.943860,0.944773,0.943750,0.943416,0.943868,0.943645,0.941030,0.933908,0.938748,0.943637,0.946143,0.948118,0.955843,0.955269,0.885408,0.951119,0.948876,0.949116,0.950622,0.951930,0.953398,0.945433,0.955261,0.949177,0.950089,0.936563,0.963278,0.962607,0.959522,0.957287,0.952527,0.950954,0.951014,0.949415,0.951767,0.951345,0.952234,0.956214,0.955589,0.961910,0.962301,0.964877,0.908050,0.959726,0.957969,0.958129,0.953148,0.961909,0.964844,0.964706,0.957322,0.960793,0.961913,0.935281,0.954214,0.953418,0.956137,0.955088,0.952209,0.951471,0.949192,0.951935,0.949701,0.942711,0.946471,0.955390,0.954046,0.952995,0.954291,0.950783,0.899906,0.950336,0.946013,0.945930,0.943515,0.946451,0.954431,0.948030,0.951518,0.952666,0.954904,0.956458,0.953652,0.954918,0.953129,0.953133,0.953115,0.952740,0.951861,0.952257,0.951119,0.961608,0.959484,0.960816,0.958790,0.957014,0.958989,0.960883,0.916041,0.961240,0.957613,0.954636,0.952861,0.951963,0.952807,0.954678,0.956519,0.955591,0.956066,0.964255,0.953067,0.954128,0.953996,0.952260,0.951796,0.952495,0.949118,0.951229,0.951651,0.967829,0.961042,0.964880,0.963476,0.959903,0.959487,0.959889,0.925757,0.958991,0.960016,0.958030,0.956888,0.955570,0.953236,0.954646,0.954902,0.952571,0.951846,0.981800,0.951521,0.953465,0.956254,0.955422,0.955293,0.955817,0.954355,0.952689,0.950253,1.000000,0.982591,0.978164,0.976401,0.975921,0.970839,0.970301,0.946329,0.971229,0.971212,0.968104,0.964892,0.966201,0.963447,0.960165,0.960861,0.957567,0.956034,0.970674,0.943844,0.946824,0.947936,0.947654,0.942604,0.946136,0.947705,0.943251,0.944066,0.968045,0.970664,0.965165,0.960213,0.961199,0.956221,0.963020,0.935292,0.962119,0.960364,0.956511,0.956115,0.959745,0.956986,0.953583,0.956974,0.954290,0.950417
allando_v_sin_a8_f5_v20,0.908310,0.950229,0.951299,0.946917,0.951757,0.950831,0.947118,0.946764,0.947128,0.947221,0.925195,0.929834,0.931461,0.935551,0.943586,0.950023,0.954215,0.874914,0.951332,0.947274,0.946824,0.948237,0.951201,0.956032,0.954948,0.947524,0.952187,0.953956,0.907230,0.946003,0.949568,0.943764,0.947706,0.945826,0.945606,0.945651,0.944909,0.942967,0.930344,0.934025,0.937580,0.940883,0.949376,0.952183,0.953707,0.876531,0.950291,0.949236,0.945437,0.950749,0.951520,0.953157,0.945272,0.955902,0.952065,0.953024,0.923613,0.960984,0.963503,0.961936,0.959606,0.952725,0.953731,0.951811,0.953001,0.953790,0.949419,0.948336,0.951196,0.951571,0.958928,0.959709,0.963128,0.897172,0.956584,0.954604,0.956610,0.951491,0.961175,0.963463,0.962998,0.955517,0.959192,0.960800,0.924700,0.953431,0.952497,0.955069,0.955433,0.956844,0.955400,0.959231,0.958974,0.956548,0.943135,0.942797,0.948716,0.949051,0.953390,0.950447,0.949155,0.890058,0.945325,0.940169,0.945044,0.942712,0.946750,0.952879,0.945783,0.949403,0.953066,0.952484,0.954544,0.955027,0.956624,0.953960,0.955870,0.954436,0.955479,0.953694,0.954153,0.953914,0.963900,0.963054,0.962324,0.960582,0.959281,0.960268,0.961590,0.911957,0.962553,0.959997,0.958754,0.956091,0.957464,0.955648,0.957109,0.957508,0.956521,0.956640,0.957278,0.958109,0.960771,0.956428,0.956018,0.956544,0.956627,0.954701,0.954288,0.955277,0.965391,0.965455,0.965503,0.965609,0.960431,0.962191,0.961360,0.921058,0.959954,0.961848,0.961686,0.958678,0.958709,0.958628,0.959894,0.959040,0.956910,0.956546,0.973394,0.956533,0.956597,0.959561,0.957536,0.957763,0.959311,0.958716,0.957882,0.956813,0.982591,1.000000,0.982639,0.980935,0.979674,0.973954,0.973039,0.937633,0.974425,0.974439,0.971140,0.967324,0.969307,0.966580,0.964195,0.964392,0.960625,0.958765,0.965825,0.945367,0.948786,0.945896,0.947555,0.944618,0.950433,0.951453,0.949870,0.949557,0.964921,0.971208,0.973285,0.963517,0.963425,0.959896,0.963552,0.926721,0.964368,0.962127,0.960462,0.957436,0.963098,0.959280,0.957494,0.959763,0.955971,0.951785
allando_v_sin_a8_f5_v25,0.902394,0.949668,0.950129,0.949762,0.949155,0.949375,0.948401,0.949090,0.949054,0.949392,0.915260,0.928198,0.924673,0.933032,0.936461,0.942850,0.947257,0.868329,0.945063,0.943013,0.945504,0.945446,0.948845,0.953284,0.953501,0.949633,0.954049,0.953765,0.901538,0.948405,0.947575,0.943091,0.947236,0.942454,0.945848,0.945949,0.944843,0.946525,0.922104,0.934641,0.932890,0.935254,0.944769,0.948666,0.951469,0.867283,0.943503,0.941163,0.946273,0.947498,0.949431,0.951321,0.944329,0.955736,0.951511,0.950219,0.920678,0.962341,0.961913,0.962216,0.960463,0.954753,0.952925,0.953796,0.952458,0.954730,0.940091,0.947557,0.946386,0.949016,0.955804,0.955660,0.960116,0.889585,0.954151,0.953147,0.956789,0.949447,0.959152,0.961654,0.962735,0.955811,0.958674,0.960687,0.920906,0.953562,0.953024,0.954702,0.958137,0.955358,0.956403,0.954120,0.955333,0.957171,0.932827,0.941918,0.943139,0.942299,0.950346,0.948198,0.946988,0.883139,0.945019,0.938780,0.943940,0.939725,0.943360,0.951611,0.945757,0.949441,0.951227,0.952237,0.947355,0.954764,0.955721,0.954107,0.958401,0.956102,0.955172,0.955301,0.955703,0.956600,0.955764,0.963109,0.961753,0.956732,0.957710,0.958771,0.961094,0.905159,0.960563,0.962078,0.957680,0.957761,0.955565,0.956267,0.957291,0.958672,0.957646,0.958073,0.953623,0.958574,0.957332,0.957515,0.959590,0.957196,0.957808,0.956447,0.955822,0.956824,0.961374,0.969007,0.966779,0.963194,0.958715,0.962286,0.961957,0.913024,0.961169,0.962786,0.960495,0.957125,0.959880,0.958682,0.960079,0.959137,0.958274,0.957429,0.968736,0.958237,0.958394,0.961778,0.959745,0.959628,0.962225,0.961983,0.960625,0.959824,0.978164,0.982639,1.000000,0.985196,0.980960,0.974443,0.974416,0.931755,0.975902,0.976105,0.972780,0.969754,0.971285,0.968538,0.963540,0.964609,0.962448,0.960338,0.962213,0.947418,0.951477,0.946440,0.948738,0.947166,0.952820,0.954383,0.952919,0.953503,0.960938,0.969631,0.974009,0.968359,0.964150,0.962358,0.965722,0.922300,0.965249,0.962714,0.959935,0.958503,0.961016,0.960306,0.956034,0.957556,0.956616,0.953022
allando_v_sin_a8_f5_v30,0.901176,0.955504,0.954901,0.950345,0.954339,0.953250,0.952540,0.953675,0.954343,0.953244,0.914024,0.927588,0.930491,0.936380,0.940812,0.946606,0.950705,0.867133,0.949418,0.947704,0.945379,0.947624,0.951918,0.954991,0.958311,0.953673,0.956843,0.953874,0.900100,0.950135,0.953216,0.949593,0.950966,0.948890,0.949522,0.949881,0.948511,0.948127,0.920421,0.933088,0.936459,0.943094,0.947304,0.952561,0.952992,0.866895,0.949629,0.947830,0.947674,0.950785,0.951448,0.953907,0.946146,0.958278,0.956546,0.954631,0.917338,0.964548,0.965609,0.962739,0.962754,0.956331,0.957783,0.956683,0.957295,0.956879,0.939247,0.947358,0.949960,0.952785,0.959018,0.959021,0.963700,0.888499,0.958716,0.956280,0.957494,0.952256,0.962296,0.965352,0.964982,0.958837,0.961249,0.963885,0.919347,0.954861,0.954922,0.956390,0.958542,0.956871,0.957328,0.955225,0.956165,0.956175,0.933021,0.942167,0.957890,0.950907,0.953649,0.954673,0.949599,0.884122,0.946726,0.941036,0.943899,0.941453,0.945801,0.954455,0.946358,0.951406,0.952589,0.953856,0.944171,0.959982,0.960422,0.959498,0.961667,0.961309,0.960970,0.959809,0.962173,0.960102,0.953599,0.959521,0.964288,0.962956,0.962588,0.963654,0.965566,0.905663,0.965785,0.966312,0.963598,0.962613,0.961327,0.961430,0.962021,0.962769,0.962076,0.962076,0.952059,0.961437,0.961576,0.960593,0.959501,0.961727,0.961614,0.959794,0.959158,0.961682,0.961513,0.964596,0.973070,0.967481,0.964767,0.966660,0.964804,0.911126,0.966915,0.968827,0.965625,0.962760,0.963480,0.962221,0.962547,0.962278,0.961615,0.959792,0.968458,0.961484,0.962931,0.965359,0.963842,0.963877,0.965070,0.964849,0.963039,0.961956,0.976401,0.980935,0.985196,1.000000,0.986961,0.981427,0.981269,0.930136,0.981806,0.982202,0.977636,0.974264,0.976080,0.972190,0.968852,0.969727,0.966138,0.963304,0.962274,0.950135,0.953314,0.951015,0.952465,0.948607,0.954084,0.955522,0.952822,0.955231,0.963675,0.969726,0.969367,0.968284,0.969638,0.968549,0.970670,0.920519,0.970558,0.968234,0.965088,0.963591,0.968814,0.961420,0.961738,0.963690,0.958393,0.954513
allando_v_sin_a8_f5_v35,0.902255,0.957042,0.956355,0.956670,0.956740,0.955774,0.955708,0.956014,0.956024,0.956257,0.914396,0.922641,0.937026,0.941832,0.942249,0.946174,0.949646,0.867956,0.953314,0.946552,0.947558,0.948972,0.952007,0.957049,0.961136,0.955224,0.955553,0.958407,0.901679,0.953474,0.956009,0.951782,0.952754,0.951555,0.949189,0.951405,0.951146,0.951478,0.919995,0.929226,0.941999,0.945651,0.945618,0.948547,0.953797,0.867545,0.950084,0.947003,0.948891,0.951634,0.953979,0.956364,0.948293,0.959488,0.956547,0.955510,0.918502,0.965635,0.966529,0.963666,0.963910,0.957637,0.959541,0.958030,0.957368,0.959046,0.939770,0.944805,0.956032,0.958117,0.961409,0.960681,0.965591,0.889105,0.961200,0.959734,0.960331,0.956330,0.963612,0.967383,0.966923,0.960759,0.964005,0.965192,0.922498,0.956178,0.956750,0.959874,0.958799,0.957582,0.958214,0.958588,0.958159,0.956483,0.934938,0.940157,0.960064,0.960337,0.953619,0.957003,0.951308,0.882764,0.949062,0.944681,0.946634,0.944354,0.947279,0.955607,0.950212,0.952423,0.955155,0.955869,0.944523,0.964268,0.965052,0.963641,0.964882,0.964014,0.964236,0.963149,0.963373,0.963599,0.951786,0.955258,0.965695,0.968143,0.966609,0.965434,0.967101,0.903818,0.969167,0.967435,0.965870,0.964896,0.964475,0.964524,0.965618,0.965677,0.965060,0.965990,0.954247,0.963748,0.967353,0.962310,0.961862,0.964227,0.962937,0.961449,0.963933,0.962447,0.955530,0.958911,0.968157,0.973375,0.971577,0.974009,0.967657,0.912983,0.967859,0.971515,0.967439,0.964559,0.965011,0.965702,0.964720,0.965420,0.963029,0.962067,0.968894,0.963671,0.964121,0.965505,0.964683,0.964656,0.966430,0.964871,0.964274,0.963232,0.975921,0.979674,0.980960,0.986961,1.000000,0.988278,0.983706,0.931817,0.984140,0.983499,0.980218,0.976831,0.978154,0.973758,0.971401,0.972532,0.968740,0.966766,0.960435,0.953384,0.956886,0.951963,0.953420,0.953762,0.954903,0.959803,0.955674,0.955773,0.961724,0.966778,0.968587,0.963000,0.975630,0.973357,0.973789,0.921771,0.971802,0.970978,0.966396,0.966594,0.970193,0.963290,0.963375,0.965849,0.962779,0.959581
allando_v_sin_a8_f5_v40,0.899260,0.955180,0.953759,0.955066,0.956135,0.954617,0.954728,0.954700,0.955545,0.952464,0.911828,0.920541,0.935847,0.940833,0.943453,0.948930,0.951859,0.863872,0.952974,0.949544,0.947572,0.950379,0.953616,0.956209,0.959684,0.954204,0.954527,0.958360,0.898700,0.953457,0.955671,0.952156,0.950837,0.950892,0.950078,0.949884,0.948965,0.950777,0.917100,0.925144,0.939940,0.946385,0.946924,0.950684,0.950322,0.863849,0.954076,0.949126,0.947923,0.950295,0.952084,0.954577,0.948247,0.958778,0.955770,0.954758,0.915855,0.963665,0.965191,0.960446,0.962089,0.954785,0.957788,0.957553,0.956423,0.957987,0.935993,0.941258,0.953684,0.957574,0.960452,0.961895,0.963351,0.885485,0.963377,0.961008,0.959433,0.956708,0.964073,0.967229,0.965047,0.957738,0.961285,0.963463,0.919274,0.954775,0.954504,0.958768,0.956649,0.954410,0.954729,0.952956,0.956733,0.954168,0.932255,0.935389,0.949000,0.962638,0.956130,0.957325,0.949281,0.882237,0.948302,0.946722,0.945827,0.944379,0.946342,0.954714,0.946890,0.949983,0.952334,0.953754,0.941743,0.963460,0.965535,0.964217,0.964095,0.963428,0.963869,0.963597,0.963144,0.961707,0.948257,0.950837,0.964069,0.967011,0.968634,0.966424,0.968524,0.901046,0.968706,0.967637,0.964681,0.966006,0.963486,0.963575,0.964600,0.965399,0.964617,0.965573,0.951046,0.962759,0.962976,0.963026,0.961632,0.963751,0.962864,0.961293,0.961637,0.964272,0.954114,0.956199,0.966045,0.969477,0.971525,0.973907,0.967668,0.909909,0.968527,0.969571,0.965687,0.966900,0.966035,0.963118,0.961276,0.963342,0.963175,0.962846,0.965838,0.959785,0.961534,0.963115,0.962591,0.962932,0.964295,0.964051,0.961464,0.960146,0.970839,0.973954,0.974443,0.981427,0.988278,1.000000,0.987028,0.928272,0.984988,0.983680,0.978578,0.975911,0.978422,0.973608,0.971658,0.971886,0.965586,0.964628,0.959496,0.949490,0.954347,0.950295,0.951780,0.949844,0.952908,0.952197,0.949415,0.950094,0.957757,0.960482,0.961063,0.958295,0.974236,0.976934,0.973109,0.920234,0.971737,0.970207,0.965153,0.963017,0.970611,0.961680,0.965042,0.965750,0.958500,0.955899
allando_v_sin_a8_f5_v45,0.895670,0.956374,0.955758,0.953469,0.955888,0.954649,0.953861,0.954582,0.954656,0.951899,0.908794,0.916910,0.925255,0.935284,0.944947,0.951188,0.949236,0.860029,0.948993,0.947644,0.944575,0.947398,0.951029,0.954339,0.958145,0.956431,0.955761,0.956342,0.894859,0.953514,0.952901,0.950237,0.949780,0.951070,0.948931,0.948844,0.948915,0.948829,0.912785,0.921746,0.933685,0.942047,0.955294,0.956006,0.951275,0.859849,0.951835,0.950498,0.944762,0.949450,0.951157,0.952830,0.945809,0.957639,0.953981,0.953937,0.913324,0.964252,0.964632,0.960586,0.962084,0.955120,0.956142,0.956362,0.955389,0.957621,0.933286,0.938855,0.948367,0.954148,0.963386,0.963869,0.963815,0.882794,0.960614,0.960251,0.957353,0.955354,0.961871,0.964978,0.965763,0.957494,0.961183,0.963332,0.915845,0.955483,0.953067,0.956377,0.955244,0.952731,0.954254,0.952185,0.953193,0.952048,0.929906,0.932738,0.942645,0.947804,0.959607,0.959392,0.948049,0.878508,0.945800,0.943010,0.943297,0.941672,0.943491,0.951317,0.944599,0.949032,0.952287,0.952835,0.939259,0.965991,0.965868,0.966289,0.964245,0.964219,0.966444,0.964375,0.964411,0.963812,0.946784,0.951630,0.960560,0.963226,0.965077,0.969166,0.972001,0.898971,0.970995,0.969604,0.966232,0.965534,0.962877,0.963584,0.966010,0.965933,0.965457,0.966813,0.947841,0.963470,0.965409,0.963026,0.961310,0.963856,0.963575,0.961050,0.964280,0.964890,0.953287,0.955634,0.963840,0.965900,0.967705,0.971995,0.972970,0.907544,0.971737,0.971317,0.968307,0.964940,0.967047,0.964303,0.963100,0.965084,0.963406,0.962516,0.963525,0.961100,0.962680,0.964758,0.963922,0.963193,0.964246,0.963299,0.961135,0.959657,0.970301,0.973039,0.974416,0.981269,0.983706,0.987028,1.000000,0.927048,0.989904,0.986853,0.981044,0.975541,0.977817,0.972439,0.969302,0.970528,0.965977,0.962983,0.953548,0.951690,0.953707,0.952017,0.952243,0.949161,0.951329,0.952464,0.949142,0.949812,0.957022,0.962595,0.960087,0.958435,0.967437,0.970089,0.974130,0.918164,0.973475,0.972527,0.966495,0.963484,0.968308,0.960031,0.961989,0.964160,0.957353,0.953839
allando_v_sin_a8_f5_v5,0.911243,0.901588,0.903058,0.900054,0.900462,0.899153,0.898448,0.898899,0.898752,0.899028,0.912938,0.917553,0.921367,0.921502,0.922169,0.923350,0.922782,0.916733,0.922235,0.915673,0.916598,0.916564,0.916726,0.913401,0.910532,0.902667,0.901822,0.902211,0.910977,0.899168,0.905827,0.904527,0.904307,0.902253,0.901890,0.901899,0.901202,0.903408,0.917480,0.921546,0.925728,0.923880,0.924365,0.927968,0.922159,0.917527,0.918747,0.915994,0.915985,0.914135,0.916594,0.915833,0.904160,0.907276,0.906625,0.902961,0.930402,0.915048,0.913937,0.911137,0.907385,0.907575,0.905857,0.907703,0.905083,0.906476,0.935496,0.934361,0.937964,0.935577,0.939827,0.939420,0.936920,0.940519,0.931800,0.931061,0.929314,0.925366,0.928853,0.928866,0.926150,0.917040,0.918254,0.917083,0.927092,0.908870,0.907238,0.911056,0.910342,0.906960,0.905434,0.903507,0.907386,0.904561,0.927321,0.925238,0.927294,0.929543,0.926413,0.928515,0.921411,0.930045,0.920366,0.915529,0.918420,0.915252,0.913577,0.919487,0.911491,0.914007,0.912256,0.912063,0.932582,0.904281,0.905289,0.903098,0.903929,0.902909,0.902416,0.902409,0.903082,0.902384,0.929890,0.921758,0.920694,0.915984,0.915098,0.914889,0.912086,0.949990,0.911400,0.908976,0.905162,0.902448,0.901170,0.902496,0.904713,0.905057,0.904359,0.906005,0.931124,0.905054,0.902519,0.901965,0.901782,0.903434,0.901541,0.900427,0.901237,0.900126,0.927356,0.918767,0.917466,0.916778,0.910724,0.914011,0.910673,0.967105,0.909428,0.909826,0.908606,0.905117,0.905359,0.903522,0.902729,0.901592,0.903186,0.902533,0.950954,0.898873,0.898650,0.901120,0.899552,0.899133,0.901687,0.901937,0.900213,0.897249,0.946329,0.937633,0.931755,0.930136,0.931817,0.928272,0.927048,1.000000,0.926852,0.926025,0.921515,0.919253,0.919559,0.914605,0.907525,0.909847,0.904455,0.903610,0.934134,0.891815,0.893711,0.891157,0.890858,0.888532,0.893499,0.895946,0.891561,0.890321,0.928109,0.925993,0.920683,0.915866,0.914485,0.912510,0.915005,0.963805,0.912952,0.911639,0.908537,0.907178,0.910202,0.905938,0.902118,0.903844,0.899426,0.897837
allando_v_sin_a8_f5_v50,0.895919,0.959376,0.958662,0.954027,0.957315,0.956713,0.956632,0.957335,0.957515,0.956831,0.907028,0.916149,0.927424,0.935299,0.947747,0.954939,0.958108,0.861387,0.954881,0.949629,0.947026,0.949463,0.954822,0.957686,0.959705,0.957781,0.957594,0.958662,0.895706,0.954094,0.954268,0.952742,0.953788,0.953350,0.950921,0.953098,0.951742,0.951034,0.912969,0.923519,0.933840,0.940924,0.956285,0.961117,0.956631,0.861398,0.955615,0.953039,0.948226,0.948977,0.955498,0.954973,0.948131,0.961064,0.956881,0.957017,0.912966,0.966384,0.967117,0.962900,0.964849,0.957644,0.959175,0.958768,0.958305,0.959921,0.934697,0.940129,0.948244,0.952353,0.962232,0.965140,0.968097,0.883641,0.964844,0.961386,0.959994,0.955291,0.965660,0.967358,0.968544,0.961119,0.963822,0.965541,0.917814,0.957507,0.955604,0.958445,0.958653,0.956393,0.957889,0.953841,0.955009,0.955095,0.929570,0.933457,0.943312,0.949201,0.958401,0.961767,0.960159,0.879487,0.952982,0.944153,0.944570,0.942656,0.948487,0.953556,0.952495,0.952793,0.955481,0.956324,0.940050,0.968106,0.967656,0.967601,0.967071,0.967423,0.967851,0.966548,0.966650,0.966274,0.948096,0.953654,0.960558,0.962479,0.964621,0.967507,0.972004,0.898614,0.973363,0.973152,0.970627,0.969843,0.968422,0.968047,0.968742,0.969072,0.969800,0.968239,0.949116,0.965298,0.967934,0.965882,0.964575,0.967426,0.965377,0.963486,0.967027,0.967232,0.953152,0.957544,0.966189,0.966512,0.965180,0.971407,0.971552,0.906910,0.974001,0.976330,0.972925,0.971186,0.969145,0.968472,0.966069,0.967504,0.965908,0.968046,0.964435,0.966146,0.966671,0.968296,0.967933,0.966606,0.967399,0.966961,0.965153,0.964354,0.971229,0.974425,0.975902,0.981806,0.984140,0.984988,0.989904,0.926852,1.000000,0.992357,0.987038,0.981294,0.981049,0.975822,0.971810,0.973570,0.969634,0.967967,0.958250,0.953737,0.957849,0.953383,0.955349,0.951451,0.959294,0.955287,0.955313,0.953952,0.958371,0.962686,0.963850,0.962533,0.968230,0.971399,0.974373,0.918217,0.977481,0.976885,0.973499,0.971479,0.973202,0.965669,0.962966,0.967245,0.962273,0.957675
allando_v_sin_a8_f5_v55,0.895477,0.959108,0.958026,0.957905,0.958470,0.957828,0.957560,0.957586,0.957915,0.956559,0.907241,0.916412,0.928040,0.934305,0.944510,0.952904,0.955591,0.860961,0.955949,0.949077,0.945604,0.948580,0.954443,0.958087,0.960648,0.956953,0.960629,0.958741,0.894883,0.956752,0.955305,0.951292,0.952052,0.951742,0.951268,0.951095,0.951863,0.952734,0.913153,0.924414,0.932367,0.939583,0.950421,0.956450,0.957751,0.861507,0.952839,0.953290,0.948234,0.951521,0.955212,0.955482,0.951823,0.960192,0.958453,0.957548,0.912452,0.968303,0.968810,0.964792,0.966426,0.959874,0.960647,0.960156,0.959630,0.960487,0.934097,0.939485,0.946981,0.951336,0.960028,0.962495,0.967583,0.882921,0.965035,0.960128,0.959646,0.955800,0.965326,0.967627,0.968169,0.961912,0.965133,0.966998,0.917066,0.958229,0.958323,0.958218,0.958730,0.956947,0.958030,0.957047,0.956983,0.957276,0.929071,0.933363,0.949177,0.944991,0.959086,0.958657,0.960955,0.878566,0.953358,0.943341,0.944604,0.942724,0.947829,0.954647,0.951471,0.954430,0.956874,0.958642,0.939645,0.968852,0.968416,0.968366,0.967954,0.968767,0.968678,0.967530,0.967406,0.967186,0.949150,0.954657,0.961351,0.964028,0.965402,0.967092,0.971770,0.898715,0.973373,0.974582,0.971330,0.971129,0.969725,0.970748,0.970557,0.970268,0.969828,0.969182,0.948375,0.966972,0.968968,0.966302,0.966194,0.968812,0.966010,0.964545,0.966890,0.966866,0.953087,0.957989,0.965920,0.966673,0.967302,0.970537,0.971590,0.906419,0.973462,0.980411,0.973957,0.971794,0.970017,0.968866,0.968172,0.969254,0.966050,0.969379,0.964253,0.968709,0.969363,0.970954,0.970049,0.969698,0.970039,0.969911,0.967241,0.966149,0.971212,0.974439,0.976105,0.982202,0.983499,0.983680,0.986853,0.926025,0.992357,1.000000,0.989252,0.983082,0.982298,0.977965,0.972689,0.974486,0.970763,0.969021,0.959356,0.958395,0.960029,0.956237,0.958981,0.953582,0.961245,0.959030,0.957336,0.957329,0.960130,0.964661,0.965789,0.962643,0.968655,0.969012,0.973731,0.917434,0.976314,0.977753,0.973059,0.971383,0.973552,0.966748,0.964674,0.967116,0.964026,0.961343
allando_v_sin_a8_f5_v60,0.891307,0.959586,0.958808,0.954759,0.958056,0.956471,0.957294,0.956262,0.957504,0.956438,0.902617,0.911752,0.921392,0.930138,0.936835,0.946111,0.953075,0.857139,0.953381,0.945064,0.944227,0.947703,0.952304,0.956321,0.959495,0.955717,0.958376,0.960796,0.890165,0.953086,0.958348,0.947904,0.951279,0.949726,0.948180,0.948323,0.950801,0.949287,0.907510,0.918606,0.927366,0.933942,0.941823,0.950313,0.951903,0.856654,0.953451,0.945143,0.944299,0.946048,0.952890,0.954206,0.951558,0.958998,0.960019,0.957762,0.907306,0.965568,0.967648,0.962923,0.965421,0.959715,0.960568,0.958304,0.958632,0.960557,0.928910,0.934263,0.941777,0.946232,0.954591,0.956719,0.963854,0.877691,0.962335,0.957392,0.957447,0.954202,0.963296,0.964624,0.968274,0.960198,0.964143,0.964363,0.911921,0.957279,0.957009,0.955845,0.958104,0.954820,0.956781,0.955155,0.955382,0.956161,0.923039,0.928794,0.936718,0.939725,0.945350,0.950046,0.951803,0.871485,0.951072,0.939949,0.940626,0.939895,0.946211,0.950822,0.951006,0.950716,0.955702,0.954856,0.936700,0.968106,0.969018,0.967618,0.968115,0.968353,0.968607,0.965830,0.966527,0.965765,0.943834,0.950125,0.958449,0.961084,0.961355,0.963495,0.968449,0.893641,0.971816,0.972785,0.972204,0.971461,0.971246,0.970369,0.970166,0.969601,0.968086,0.969986,0.946456,0.965238,0.967412,0.965764,0.965134,0.966458,0.965254,0.963192,0.967429,0.965949,0.950511,0.955576,0.960992,0.965189,0.962286,0.967424,0.965310,0.902155,0.968022,0.973360,0.977900,0.972010,0.969078,0.969700,0.968890,0.970171,0.966923,0.965663,0.961786,0.967728,0.967732,0.969933,0.969172,0.968147,0.969536,0.968048,0.965905,0.965494,0.968104,0.971140,0.972780,0.977636,0.980218,0.978578,0.981044,0.921515,0.987038,0.989252,1.000000,0.985165,0.981931,0.977364,0.972194,0.973317,0.969681,0.969013,0.952056,0.955712,0.959061,0.955468,0.957873,0.951695,0.961648,0.957432,0.957354,0.955907,0.955409,0.963865,0.964797,0.959977,0.966322,0.968948,0.970163,0.913226,0.973065,0.974918,0.977191,0.971514,0.972617,0.964244,0.961837,0.964813,0.962769,0.959783
allando_v_sin_a8_f5_v65,0.888632,0.958271,0.956927,0.954806,0.957211,0.956538,0.956147,0.956181,0.956458,0.956859,0.900318,0.910093,0.917308,0.923011,0.929258,0.936822,0.946111,0.854180,0.947314,0.946550,0.945069,0.946982,0.951117,0.956007,0.958403,0.955278,0.961047,0.961006,0.887838,0.956331,0.952603,0.955257,0.954540,0.953312,0.953492,0.950424,0.950701,0.950442,0.905685,0.916287,0.924990,0.929182,0.935138,0.940766,0.948433,0.853570,0.948872,0.947269,0.943711,0.946686,0.950077,0.953131,0.947386,0.960052,0.958990,0.959477,0.905396,0.964167,0.967119,0.961512,0.963972,0.956754,0.960634,0.959675,0.957947,0.960090,0.926107,0.928920,0.937728,0.941956,0.949392,0.951004,0.957367,0.874529,0.957545,0.957460,0.957078,0.952735,0.961298,0.962318,0.964864,0.960810,0.962283,0.963559,0.909496,0.953056,0.954461,0.955996,0.956104,0.953120,0.955201,0.953519,0.955423,0.954179,0.919337,0.924354,0.934298,0.936186,0.939136,0.943520,0.945539,0.869441,0.946610,0.941188,0.940652,0.939098,0.947039,0.948936,0.948824,0.950168,0.951493,0.953376,0.933948,0.966269,0.967136,0.965716,0.967290,0.967162,0.967229,0.965677,0.965767,0.965328,0.940993,0.946274,0.955124,0.958381,0.959410,0.960216,0.963232,0.891581,0.967721,0.968735,0.969194,0.971230,0.970439,0.969830,0.969589,0.968440,0.966043,0.967888,0.942676,0.964254,0.964957,0.964891,0.964104,0.964513,0.964284,0.963299,0.963319,0.965137,0.946997,0.949869,0.957857,0.959868,0.961212,0.965097,0.962756,0.900371,0.965297,0.971729,0.971119,0.975803,0.969878,0.968211,0.965440,0.967527,0.964779,0.964364,0.959358,0.965904,0.966233,0.968357,0.967504,0.966698,0.968084,0.966726,0.964321,0.964222,0.964892,0.967324,0.969754,0.974264,0.976831,0.975911,0.975541,0.919253,0.981294,0.983082,0.985165,1.000000,0.983539,0.978432,0.970511,0.971536,0.968390,0.968930,0.953924,0.954714,0.958098,0.951908,0.955822,0.951303,0.959561,0.955351,0.955350,0.954218,0.954339,0.961225,0.961655,0.960214,0.964191,0.966945,0.968487,0.911488,0.967908,0.969800,0.969876,0.972861,0.972202,0.966945,0.962240,0.964099,0.960364,0.958910
allando_v_sin_a8_f5_v70,0.888379,0.961123,0.962640,0.960604,0.960227,0.959758,0.961038,0.960001,0.959746,0.960122,0.902967,0.911510,0.918303,0.924016,0.930013,0.936780,0.944766,0.851209,0.946790,0.949949,0.949935,0.950431,0.952660,0.957250,0.962544,0.959405,0.962257,0.963820,0.887389,0.960437,0.957850,0.954415,0.955654,0.955974,0.957086,0.956341,0.956209,0.954642,0.909266,0.916938,0.924667,0.930781,0.935167,0.939862,0.944736,0.851103,0.943098,0.949724,0.949447,0.950940,0.951236,0.953320,0.948391,0.963711,0.962194,0.962422,0.905009,0.968834,0.969735,0.964655,0.969604,0.960530,0.963209,0.962649,0.961032,0.963316,0.927848,0.930266,0.938783,0.941703,0.948523,0.951292,0.956687,0.871206,0.954795,0.960209,0.962173,0.955573,0.963487,0.965751,0.966394,0.960709,0.964723,0.966365,0.909025,0.956685,0.958223,0.960576,0.960510,0.958921,0.958707,0.957988,0.959357,0.957690,0.922013,0.926426,0.935830,0.937657,0.939641,0.943367,0.946085,0.867750,0.944255,0.946033,0.947798,0.941992,0.946792,0.951804,0.945914,0.951357,0.953644,0.955471,0.933810,0.969507,0.970074,0.970174,0.969446,0.969045,0.969499,0.968974,0.969921,0.967616,0.943892,0.947517,0.960001,0.960733,0.963150,0.963166,0.967865,0.893375,0.970053,0.970603,0.970690,0.971200,0.971039,0.970837,0.969762,0.970422,0.970692,0.970104,0.943227,0.967678,0.968693,0.967851,0.966943,0.969919,0.968170,0.965852,0.969472,0.970487,0.949641,0.951460,0.961792,0.963806,0.963712,0.968394,0.965808,0.900686,0.967420,0.972254,0.970967,0.971351,0.971791,0.970717,0.967790,0.969155,0.968706,0.966774,0.961007,0.968469,0.970478,0.972735,0.970919,0.971985,0.972152,0.971569,0.969153,0.968558,0.966201,0.969307,0.971285,0.976080,0.978154,0.978422,0.977817,0.919559,0.981049,0.982298,0.981931,0.983539,1.000000,0.985682,0.976721,0.976033,0.972476,0.970375,0.957567,0.957408,0.961795,0.958861,0.961750,0.955552,0.960079,0.960056,0.957811,0.958351,0.959053,0.963618,0.967300,0.963688,0.970758,0.970402,0.972079,0.911428,0.972898,0.973537,0.972383,0.971012,0.978227,0.973616,0.968555,0.967400,0.966683,0.963591
allando_v_sin_a8_f5_v75,0.889430,0.963197,0.961904,0.964502,0.959651,0.959427,0.958306,0.958673,0.958880,0.958744,0.900212,0.909351,0.911356,0.918383,0.922965,0.932032,0.937542,0.849016,0.938446,0.945445,0.950268,0.951895,0.954728,0.961210,0.961789,0.961815,0.962834,0.962437,0.887502,0.957553,0.957753,0.955457,0.953565,0.955838,0.954965,0.956396,0.954998,0.952432,0.905562,0.915135,0.919418,0.924739,0.928901,0.935571,0.940653,0.848849,0.941932,0.949415,0.952653,0.954860,0.954951,0.957136,0.951669,0.966941,0.962774,0.961756,0.903549,0.968261,0.971562,0.965270,0.968684,0.963639,0.963623,0.963829,0.962381,0.963837,0.922276,0.926433,0.931864,0.936287,0.941906,0.947558,0.950886,0.866004,0.950233,0.956612,0.959886,0.955056,0.963323,0.966875,0.967347,0.962125,0.964936,0.969290,0.908016,0.958493,0.959150,0.960356,0.963264,0.958137,0.960982,0.957720,0.959918,0.958814,0.917823,0.923129,0.930104,0.933222,0.935322,0.938877,0.939534,0.864188,0.940615,0.943376,0.946193,0.943936,0.948601,0.955477,0.948380,0.953967,0.955792,0.956507,0.935125,0.967379,0.967501,0.967087,0.968154,0.967893,0.966769,0.967929,0.967571,0.966170,0.943357,0.946080,0.955748,0.957349,0.960852,0.960670,0.965397,0.890531,0.968605,0.968313,0.968330,0.969537,0.967921,0.968201,0.969614,0.969532,0.968111,0.968740,0.945055,0.967635,0.970650,0.967988,0.969155,0.969722,0.969585,0.966770,0.968528,0.969845,0.949214,0.952553,0.957217,0.961570,0.960355,0.963900,0.962979,0.898697,0.965448,0.967577,0.968435,0.968831,0.970156,0.968948,0.967677,0.968758,0.967916,0.968283,0.960615,0.971700,0.972850,0.974282,0.971896,0.972548,0.973255,0.973264,0.970528,0.970077,0.963447,0.966580,0.968538,0.972190,0.973758,0.973608,0.972439,0.914605,0.975822,0.977965,0.977364,0.978432,0.985682,1.000000,0.981554,0.979603,0.976311,0.974380,0.955325,0.959883,0.963312,0.959959,0.963142,0.957005,0.961360,0.962575,0.958869,0.959397,0.958265,0.964397,0.964780,0.964720,0.966793,0.966485,0.968203,0.908914,0.969323,0.970380,0.967945,0.968009,0.973730,0.977088,0.970127,0.969975,0.966039,0.966309
allando_v_sin_a8_f5_v80,0.882878,0.958095,0.955965,0.956132,0.958080,0.956141,0.956010,0.955901,0.956300,0.955944,0.895451,0.899804,0.906684,0.915084,0.921525,0.929301,0.934763,0.841226,0.941330,0.937273,0.940260,0.952208,0.958596,0.962680,0.962478,0.959505,0.959740,0.956440,0.880989,0.954392,0.956070,0.949808,0.952446,0.952542,0.951824,0.952554,0.950639,0.949772,0.899657,0.907000,0.915350,0.919280,0.925040,0.932799,0.934094,0.841569,0.941561,0.938281,0.940241,0.949783,0.956895,0.957949,0.947945,0.962891,0.958054,0.956594,0.895416,0.966662,0.969925,0.962945,0.965684,0.961450,0.959236,0.960340,0.959978,0.960385,0.916198,0.919960,0.928389,0.931361,0.937747,0.943148,0.945608,0.858948,0.947374,0.946813,0.947581,0.956360,0.964834,0.967557,0.961237,0.956478,0.961890,0.964767,0.900403,0.955298,0.955857,0.959316,0.956923,0.955804,0.958129,0.956016,0.960066,0.956048,0.913888,0.916902,0.926212,0.932839,0.928309,0.936489,0.936092,0.856746,0.933683,0.934869,0.936520,0.950126,0.951722,0.957283,0.943628,0.948541,0.952261,0.951678,0.933103,0.963449,0.964639,0.963351,0.965145,0.963205,0.964294,0.963633,0.963533,0.963144,0.939002,0.942129,0.952033,0.955034,0.957574,0.957221,0.962843,0.883728,0.964592,0.965033,0.965528,0.966135,0.964510,0.964049,0.966044,0.965218,0.964881,0.964779,0.945376,0.964688,0.964678,0.965251,0.964029,0.966238,0.965227,0.964024,0.965179,0.966823,0.945168,0.947812,0.954721,0.958710,0.957958,0.960988,0.959456,0.893825,0.960589,0.964863,0.965185,0.965616,0.965953,0.966762,0.964648,0.965443,0.965150,0.963742,0.957857,0.969217,0.970393,0.972159,0.971316,0.970964,0.972114,0.972111,0.969926,0.968066,0.960165,0.964195,0.963540,0.968852,0.971401,0.971658,0.969302,0.907525,0.971810,0.972689,0.972194,0.970511,0.976721,0.981554,1.000000,0.986860,0.975962,0.971610,0.945104,0.955614,0.957779,0.958101,0.959719,0.954859,0.959288,0.959522,0.956354,0.957006,0.953200,0.958287,0.960449,0.956516,0.960236,0.960587,0.961482,0.903511,0.960882,0.963786,0.962194,0.959973,0.964911,0.964816,0.977909,0.974392,0.963133,0.964525
allando_v_sin_a8_f5_v85,0.883178,0.958141,0.959570,0.958314,0.959937,0.956335,0.958597,0.958031,0.959076,0.956922,0.893864,0.899702,0.906482,0.912758,0.918748,0.929800,0.933669,0.841665,0.938918,0.936685,0.939548,0.948393,0.957709,0.961701,0.960371,0.960341,0.958077,0.959055,0.881255,0.956467,0.956804,0.950653,0.954455,0.950598,0.952967,0.949680,0.952339,0.949797,0.898269,0.906798,0.915301,0.919329,0.924660,0.933239,0.933326,0.842394,0.939627,0.938059,0.940889,0.948584,0.956358,0.957888,0.948520,0.963760,0.960908,0.958644,0.894923,0.965946,0.969944,0.962304,0.965995,0.961682,0.960175,0.959622,0.960353,0.960762,0.915192,0.918964,0.927295,0.930854,0.936554,0.941981,0.944115,0.858552,0.944756,0.945499,0.947994,0.952388,0.962623,0.966238,0.961479,0.959307,0.960911,0.964454,0.901069,0.956778,0.957049,0.959282,0.958248,0.956395,0.958484,0.955874,0.958829,0.956661,0.913038,0.916510,0.925821,0.932351,0.929918,0.936215,0.936208,0.857364,0.935292,0.933758,0.938492,0.946459,0.950594,0.958201,0.947509,0.951503,0.953364,0.955416,0.934817,0.965431,0.966695,0.965944,0.966390,0.966215,0.966439,0.964989,0.965650,0.964807,0.939723,0.943861,0.951027,0.954284,0.956902,0.958076,0.962764,0.885150,0.966153,0.966078,0.965542,0.966525,0.965620,0.965228,0.966716,0.967144,0.966084,0.966824,0.944277,0.965325,0.966160,0.968085,0.966466,0.967969,0.967108,0.965660,0.966741,0.967071,0.946409,0.949313,0.955865,0.959509,0.958744,0.961804,0.961085,0.894929,0.962359,0.966534,0.966228,0.966975,0.966947,0.966521,0.967033,0.967673,0.966797,0.965881,0.956465,0.971814,0.972061,0.973990,0.973295,0.972722,0.973412,0.972936,0.971628,0.968978,0.960861,0.964392,0.964609,0.969727,0.972532,0.971886,0.970528,0.909847,0.973570,0.974486,0.973317,0.971536,0.976033,0.979603,0.986860,1.000000,0.979417,0.973046,0.945588,0.958821,0.962399,0.959135,0.961184,0.957205,0.961712,0.960443,0.958573,0.958833,0.955040,0.958882,0.959267,0.957774,0.962121,0.961766,0.962405,0.905090,0.963553,0.964271,0.963101,0.961240,0.965444,0.968045,0.972909,0.978516,0.963131,0.967962
allando_v_sin_a8_f5_v90,0.887912,0.957218,0.956386,0.954732,0.957111,0.956481,0.954378,0.954553,0.952777,0.952375,0.888796,0.899084,0.904217,0.915914,0.914984,0.927314,0.934183,0.839524,0.932165,0.935443,0.935526,0.941814,0.948471,0.957006,0.955706,0.954758,0.959106,0.956956,0.885510,0.953535,0.952870,0.949766,0.949354,0.950359,0.950973,0.949967,0.947645,0.946118,0.894008,0.906247,0.911339,0.922858,0.923637,0.927499,0.933435,0.840159,0.931607,0.935318,0.937044,0.943512,0.947903,0.951460,0.953669,0.966997,0.960927,0.957136,0.900759,0.963575,0.964358,0.960445,0.962806,0.958862,0.957663,0.958139,0.956173,0.956745,0.909679,0.918425,0.923693,0.931874,0.935177,0.936686,0.944045,0.855953,0.937608,0.941918,0.942224,0.943294,0.953433,0.959351,0.967451,0.963326,0.959695,0.963172,0.906865,0.953588,0.957441,0.956548,0.961927,0.953415,0.958345,0.953120,0.953849,0.955346,0.908418,0.916804,0.923865,0.924681,0.927493,0.930060,0.935183,0.854595,0.931921,0.927173,0.931246,0.936471,0.942874,0.952761,0.952684,0.956536,0.952933,0.952068,0.934752,0.963053,0.962809,0.962176,0.962362,0.961857,0.963141,0.964130,0.961147,0.959844,0.936221,0.938880,0.949287,0.950840,0.953721,0.954097,0.960049,0.881201,0.962123,0.963907,0.962280,0.963094,0.961252,0.961955,0.963675,0.963842,0.963949,0.964387,0.941861,0.962346,0.962076,0.963422,0.963222,0.961977,0.963183,0.961906,0.962643,0.963131,0.944704,0.947088,0.952468,0.958154,0.955788,0.961309,0.959453,0.889642,0.959807,0.962795,0.962565,0.960690,0.962771,0.961965,0.962781,0.963061,0.962286,0.962936,0.951101,0.972953,0.969215,0.970414,0.969098,0.968545,0.969830,0.969555,0.967596,0.966474,0.957567,0.960625,0.962448,0.966138,0.968740,0.965586,0.965977,0.904455,0.969634,0.970763,0.969681,0.968390,0.972476,0.976311,0.975962,0.979417,1.000000,0.978345,0.944071,0.959655,0.958335,0.956593,0.958057,0.953791,0.957995,0.955359,0.956178,0.956658,0.955544,0.955461,0.956310,0.953367,0.958221,0.956397,0.957634,0.899858,0.959743,0.959489,0.961296,0.958694,0.960446,0.965282,0.965540,0.965780,0.975277,0.969852
allando_v_sin_a8_f5_v95,0.886741,0.954704,0.954751,0.953051,0.954297,0.956260,0.954180,0.953305,0.952056,0.954882,0.889174,0.898149,0.904813,0.912439,0.914404,0.923468,0.931405,0.840551,0.933452,0.932797,0.936683,0.941761,0.947927,0.956240,0.954894,0.950600,0.954180,0.955534,0.884389,0.951131,0.948820,0.948047,0.948202,0.947891,0.947991,0.948101,0.943527,0.947388,0.893787,0.905207,0.911741,0.919186,0.920535,0.927270,0.930716,0.840733,0.930804,0.933037,0.934803,0.942170,0.947528,0.951133,0.954638,0.966564,0.955551,0.956052,0.899546,0.963178,0.964805,0.959426,0.962865,0.957675,0.956882,0.956575,0.956497,0.956621,0.910012,0.916277,0.921802,0.930058,0.932453,0.935858,0.940344,0.857137,0.940205,0.942088,0.942980,0.943649,0.954610,0.959169,0.966239,0.962207,0.961536,0.963963,0.905213,0.952848,0.954865,0.953863,0.958737,0.950649,0.955622,0.952253,0.953937,0.953756,0.907333,0.913836,0.922032,0.924295,0.925116,0.929727,0.931832,0.853601,0.931352,0.926569,0.930491,0.934283,0.941568,0.948406,0.953949,0.955367,0.953240,0.953357,0.931078,0.962303,0.962633,0.960849,0.961862,0.960806,0.962186,0.961148,0.960335,0.959697,0.932064,0.937830,0.946605,0.950468,0.953562,0.954133,0.957816,0.881183,0.961097,0.962380,0.962153,0.961880,0.961251,0.961180,0.961320,0.962355,0.961601,0.963490,0.940676,0.963387,0.961527,0.962593,0.962176,0.960870,0.961323,0.961387,0.960860,0.962387,0.941182,0.944910,0.949793,0.955574,0.954826,0.959385,0.956738,0.889860,0.958122,0.962842,0.962706,0.961710,0.963222,0.962216,0.961825,0.959749,0.960975,0.962591,0.950655,0.971940,0.970863,0.970488,0.968566,0.968689,0.969024,0.968832,0.965238,0.965201,0.956034,0.958765,0.960338,0.963304,0.966766,0.964628,0.962983,0.903610,0.967967,0.969021,0.969013,0.968930,0.970375,0.974380,0.971610,0.973046,0.978345,1.000000,0.941122,0.959376,0.960543,0.952985,0.959023,0.952136,0.959158,0.955432,0.956172,0.954209,0.952226,0.955879,0.956863,0.952409,0.956098,0.954659,0.957855,0.899982,0.955646,0.958797,0.959030,0.959321,0.959428,0.963934,0.961802,0.963255,0.967554,0.970064
allando_v_sin_a8_f7_v10,0.925787,0.943675,0.943182,0.942224,0.942746,0.942382,0.941381,0.942136,0.941284,0.941239,0.932343,0.938452,0.942598,0.945728,0.949010,0.953550,0.956016,0.889162,0.952391,0.956468,0.951718,0.948341,0.949751,0.950485,0.945469,0.944681,0.944353,0.944865,0.932126,0.941594,0.943017,0.941681,0.942989,0.942632,0.942860,0.940873,0.939289,0.938913,0.943166,0.948888,0.953423,0.953887,0.957604,0.960944,0.961746,0.894940,0.957290,0.960424,0.959395,0.956681,0.956783,0.957394,0.949014,0.954381,0.948593,0.945273,0.934437,0.948208,0.950661,0.946750,0.948864,0.943879,0.941267,0.942935,0.940216,0.942388,0.943742,0.945463,0.949852,0.947110,0.952848,0.953763,0.956866,0.900206,0.949756,0.954699,0.953580,0.941972,0.949768,0.952255,0.952675,0.945034,0.947669,0.949614,0.953036,0.955969,0.953478,0.957337,0.957886,0.953681,0.952333,0.949692,0.949717,0.948026,0.955914,0.955775,0.961294,0.962027,0.962985,0.964221,0.964684,0.919477,0.963988,0.963550,0.963741,0.954231,0.956950,0.963724,0.956860,0.958983,0.957972,0.959657,0.959747,0.947477,0.947584,0.946586,0.947639,0.946299,0.945670,0.945943,0.946390,0.945923,0.960531,0.958896,0.960452,0.954288,0.954509,0.952049,0.953912,0.921256,0.953996,0.951216,0.948416,0.948314,0.947209,0.948124,0.950312,0.951279,0.949274,0.948670,0.970104,0.951917,0.953510,0.952027,0.950687,0.950873,0.949996,0.949785,0.949566,0.949177,0.968859,0.965287,0.964525,0.964067,0.960688,0.962857,0.961308,0.938066,0.961547,0.961605,0.958300,0.957266,0.956050,0.954309,0.954107,0.954880,0.953127,0.952762,0.972013,0.936863,0.938864,0.941347,0.938529,0.938088,0.938984,0.937942,0.936734,0.934484,0.970674,0.965825,0.962213,0.962274,0.960435,0.959496,0.953548,0.934134,0.958250,0.959356,0.952056,0.953924,0.957567,0.955325,0.945104,0.945588,0.944071,0.941122,1.000000,0.946221,0.950956,0.944162,0.947474,0.942080,0.946923,0.946345,0.943173,0.942767,0.979292,0.977504,0.973882,0.967113,0.967538,0.966024,0.966843,0.953827,0.968146,0.966780,0.964032,0.963386,0.967927,0.963744,0.957635,0.959220,0.955901,0.952918
allando_v_sin_a8_f7_v100,0.878552,0.951919,0.948999,0.946916,0.950789,0.950288,0.950503,0.949644,0.951176,0.950181,0.887729,0.895594,0.901629,0.906551,0.914724,0.920281,0.925225,0.838854,0.923694,0.924613,0.928316,0.936556,0.944341,0.952355,0.949679,0.948951,0.949202,0.951689,0.877561,0.950278,0.946206,0.942327,0.942593,0.942511,0.942923,0.941527,0.940141,0.941226,0.895364,0.905485,0.913404,0.917000,0.924021,0.929734,0.931930,0.842395,0.929248,0.933484,0.932991,0.942139,0.951907,0.958872,0.948537,0.961074,0.953455,0.952432,0.887899,0.958992,0.958780,0.952215,0.957650,0.951982,0.952833,0.955104,0.952499,0.948970,0.904522,0.907641,0.913116,0.915092,0.925253,0.925138,0.929856,0.848523,0.924735,0.924408,0.929050,0.929549,0.945350,0.945695,0.949768,0.952181,0.969231,0.970747,0.905330,0.959591,0.961312,0.956479,0.956668,0.954003,0.955367,0.953265,0.954368,0.953273,0.914539,0.917885,0.928055,0.929474,0.932551,0.937275,0.939859,0.862147,0.940224,0.932133,0.937389,0.939464,0.950584,0.950247,0.948529,0.959712,0.970291,0.970101,0.925101,0.957862,0.958413,0.956304,0.958152,0.957567,0.957096,0.956429,0.957326,0.955347,0.932677,0.935404,0.944449,0.949221,0.949908,0.954676,0.956429,0.877579,0.959189,0.961154,0.959251,0.958740,0.957717,0.957853,0.958199,0.959657,0.957950,0.957602,0.938689,0.958020,0.959257,0.960246,0.960734,0.961443,0.961989,0.958932,0.959500,0.959348,0.945259,0.946838,0.952939,0.955638,0.955512,0.959962,0.958745,0.889256,0.958248,0.963147,0.962084,0.960180,0.961120,0.960786,0.959758,0.959381,0.958585,0.958857,0.936937,0.971051,0.972300,0.969609,0.960075,0.959793,0.955938,0.955154,0.954159,0.953440,0.943844,0.945367,0.947418,0.950135,0.953384,0.949490,0.951690,0.891815,0.953737,0.958395,0.955712,0.954714,0.957408,0.959883,0.955614,0.958821,0.959655,0.959376,0.946221,1.000000,0.989456,0.972819,0.972099,0.964888,0.970507,0.969111,0.965637,0.969207,0.959703,0.957956,0.959853,0.960549,0.963365,0.962085,0.967002,0.905245,0.967748,0.971114,0.968130,0.968392,0.970997,0.971249,0.973790,0.976656,0.974090,0.978006
allando_v_sin_a8_f7_v105,0.881381,0.954611,0.952723,0.952797,0.954602,0.953809,0.953203,0.953114,0.953916,0.953998,0.893158,0.901891,0.905606,0.909702,0.917059,0.923731,0.929094,0.841297,0.928528,0.935247,0.939441,0.943214,0.945026,0.955541,0.952194,0.948651,0.953381,0.955237,0.882279,0.952750,0.951970,0.946926,0.947865,0.946102,0.946602,0.946769,0.944936,0.945061,0.900777,0.911409,0.916509,0.919315,0.926313,0.932214,0.936553,0.844351,0.934261,0.938441,0.944583,0.949444,0.954572,0.960510,0.951615,0.964436,0.956635,0.954963,0.891240,0.961656,0.964560,0.958757,0.962103,0.956311,0.957201,0.953315,0.955670,0.957717,0.908974,0.911181,0.916519,0.918094,0.927143,0.929318,0.933089,0.850519,0.930625,0.933208,0.939476,0.933558,0.946880,0.948274,0.952357,0.952002,0.967698,0.967533,0.907895,0.963874,0.965095,0.959879,0.960631,0.958503,0.958788,0.957805,0.958457,0.958468,0.917907,0.921492,0.930660,0.932680,0.935790,0.941078,0.943040,0.864556,0.947121,0.940458,0.946461,0.942562,0.952001,0.954087,0.951460,0.959893,0.968936,0.969594,0.926607,0.961428,0.962377,0.962468,0.962196,0.962916,0.961454,0.960637,0.962125,0.959748,0.935804,0.936558,0.948052,0.951394,0.953220,0.955671,0.958809,0.879487,0.961743,0.962717,0.962593,0.963892,0.961977,0.961965,0.963340,0.962576,0.962988,0.962151,0.941165,0.962763,0.963882,0.963303,0.964756,0.964911,0.964028,0.961978,0.963589,0.963655,0.947059,0.949596,0.955667,0.957860,0.958409,0.962676,0.961326,0.891810,0.962752,0.966325,0.965078,0.963061,0.965515,0.965317,0.964260,0.963751,0.961097,0.964035,0.939832,0.969900,0.972561,0.970576,0.964406,0.962458,0.960222,0.959780,0.957810,0.958195,0.946824,0.948786,0.951477,0.953314,0.956886,0.954347,0.953707,0.893711,0.957849,0.960029,0.959061,0.958098,0.961795,0.963312,0.957779,0.962399,0.958335,0.960543,0.950956,0.989456,1.000000,0.977252,0.979010,0.971026,0.974163,0.973853,0.970549,0.972696,0.959627,0.961266,0.963780,0.962860,0.966398,0.965107,0.970066,0.908621,0.970278,0.973194,0.971238,0.970711,0.975186,0.976108,0.975429,0.978063,0.975631,0.979143
allando_v_sin_a8_f7_v110,0.876902,0.952924,0.950769,0.950400,0.953603,0.952656,0.951912,0.951896,0.952711,0.952312,0.889810,0.897018,0.904436,0.908820,0.914733,0.921832,0.925330,0.838068,0.926024,0.931034,0.928584,0.939325,0.942503,0.950863,0.951485,0.948319,0.951007,0.953530,0.875161,0.951513,0.947803,0.945617,0.945453,0.944942,0.945372,0.944015,0.942720,0.945159,0.896367,0.906628,0.915147,0.918961,0.924547,0.930148,0.931483,0.841664,0.931557,0.931778,0.934621,0.946087,0.946790,0.952054,0.947051,0.958541,0.953939,0.952499,0.884668,0.971288,0.969589,0.960649,0.962311,0.955717,0.956577,0.954177,0.954190,0.955976,0.904915,0.907878,0.914329,0.917722,0.923796,0.927025,0.929495,0.846406,0.929352,0.928336,0.929596,0.934425,0.940147,0.949340,0.946391,0.945077,0.952805,0.956919,0.902554,0.971456,0.970849,0.963469,0.960809,0.957842,0.959891,0.957764,0.958405,0.957371,0.915945,0.919075,0.931961,0.930516,0.932493,0.939161,0.939862,0.860088,0.940070,0.934281,0.937953,0.939677,0.944680,0.953048,0.945707,0.954175,0.955907,0.957386,0.923090,0.959894,0.959803,0.959262,0.959848,0.960156,0.960324,0.959440,0.959721,0.958672,0.934057,0.933793,0.945120,0.948795,0.950159,0.954238,0.956666,0.878305,0.958955,0.958386,0.958702,0.961783,0.959201,0.957373,0.957305,0.959203,0.960625,0.958872,0.935871,0.960248,0.963536,0.962543,0.963101,0.961962,0.961428,0.960957,0.962110,0.961761,0.944328,0.945255,0.953026,0.956031,0.955888,0.958008,0.958982,0.887815,0.960228,0.963354,0.961359,0.960420,0.962395,0.961290,0.960626,0.961162,0.958620,0.960269,0.936417,0.957157,0.959376,0.967580,0.971255,0.971528,0.965288,0.961760,0.958572,0.957176,0.947936,0.945896,0.946440,0.951015,0.951963,0.950295,0.952017,0.891157,0.953383,0.956237,0.955468,0.951908,0.958861,0.959959,0.958101,0.959135,0.956593,0.952985,0.944162,0.972819,0.977252,1.000000,0.988725,0.981258,0.974960,0.981008,0.970914,0.973238,0.950914,0.958915,0.959448,0.957786,0.963815,0.962924,0.968945,0.904534,0.967144,0.968847,0.968121,0.966002,0.970502,0.969717,0.971746,0.972724,0.970533,0.972867
allando_v_sin_a8_f7_v115,0.875948,0.953227,0.953551,0.952440,0.955327,0.954294,0.954389,0.953657,0.954970,0.953826,0.890349,0.899045,0.903626,0.907790,0.914582,0.921985,0.928745,0.838751,0.930373,0.934965,0.935316,0.941036,0.941795,0.953690,0.952555,0.949850,0.953732,0.954879,0.874528,0.951979,0.949721,0.947133,0.947770,0.948105,0.947746,0.947444,0.945926,0.946005,0.898940,0.908830,0.915123,0.918332,0.925559,0.931100,0.935610,0.839498,0.935635,0.937203,0.940349,0.947767,0.949573,0.952638,0.946545,0.960703,0.953428,0.955090,0.884500,0.969261,0.968850,0.960156,0.964639,0.957557,0.957034,0.954987,0.956053,0.956918,0.906310,0.908918,0.913964,0.916831,0.922766,0.928202,0.931615,0.846072,0.931779,0.931915,0.935029,0.933526,0.941706,0.947572,0.947363,0.946056,0.953020,0.956190,0.902489,0.969230,0.970729,0.963773,0.963374,0.960769,0.961991,0.960154,0.959882,0.959574,0.914974,0.919199,0.931368,0.930593,0.931981,0.938672,0.942714,0.860775,0.943285,0.939002,0.942628,0.939126,0.946690,0.953687,0.948957,0.954359,0.955452,0.958242,0.921937,0.962866,0.962469,0.962863,0.964953,0.963591,0.964167,0.962938,0.963486,0.960165,0.933333,0.935516,0.946189,0.949261,0.952746,0.952813,0.956759,0.878696,0.959802,0.962122,0.961241,0.964845,0.962170,0.963630,0.962682,0.963565,0.962393,0.961780,0.935219,0.962730,0.964621,0.965563,0.966476,0.966643,0.964593,0.964089,0.964246,0.965302,0.945705,0.947672,0.955218,0.957353,0.958102,0.960080,0.959688,0.888172,0.962685,0.966904,0.964859,0.964587,0.965588,0.964455,0.964102,0.964979,0.962812,0.963131,0.936929,0.957882,0.962790,0.967059,0.972718,0.971863,0.967712,0.964277,0.960299,0.962058,0.947654,0.947555,0.948738,0.952465,0.953420,0.951780,0.952243,0.890858,0.955349,0.958981,0.957873,0.955822,0.961750,0.963142,0.959719,0.961184,0.958057,0.959023,0.947474,0.972099,0.979010,0.988725,1.000000,0.982386,0.981037,0.982598,0.974944,0.976868,0.951248,0.959302,0.960992,0.959082,0.964692,0.964421,0.969260,0.904796,0.969067,0.970820,0.970234,0.969962,0.974206,0.972888,0.972675,0.974040,0.971501,0.974056
allando_v_sin_a8_f7_v120,0.871284,0.950163,0.949293,0.948814,0.951701,0.951036,0.950161,0.949966,0.950678,0.950424,0.886394,0.895328,0.900216,0.904136,0.909646,0.916396,0.921988,0.834632,0.923194,0.925684,0.928127,0.938362,0.936050,0.947981,0.948665,0.946900,0.949527,0.948924,0.871606,0.948765,0.945191,0.942692,0.943048,0.941988,0.942572,0.941433,0.942454,0.943416,0.893523,0.904619,0.911016,0.914003,0.919830,0.923934,0.928517,0.834970,0.929012,0.931531,0.933912,0.941698,0.943845,0.947292,0.942617,0.954130,0.951047,0.949927,0.879584,0.962177,0.964244,0.963192,0.962823,0.956292,0.954185,0.955175,0.952615,0.955563,0.902501,0.905212,0.911195,0.913736,0.919792,0.921351,0.925261,0.842546,0.924589,0.926718,0.930092,0.928754,0.934956,0.944821,0.941482,0.941528,0.946610,0.949962,0.897185,0.963263,0.965289,0.960133,0.958767,0.956535,0.958418,0.957021,0.958003,0.957132,0.911360,0.916469,0.927041,0.926792,0.927704,0.933457,0.935348,0.856457,0.935276,0.932497,0.936839,0.935510,0.940448,0.948605,0.941992,0.947941,0.949111,0.951453,0.919075,0.955301,0.957961,0.957462,0.958245,0.958004,0.958439,0.957715,0.955643,0.956419,0.930875,0.932900,0.942192,0.947625,0.948501,0.951610,0.951092,0.876194,0.955845,0.957665,0.955590,0.959732,0.956978,0.955160,0.955815,0.957269,0.956682,0.957143,0.933016,0.959378,0.958818,0.959154,0.962028,0.960322,0.960610,0.958162,0.960781,0.961014,0.940413,0.943795,0.950468,0.954360,0.953260,0.956586,0.955101,0.885456,0.955543,0.960074,0.959793,0.958280,0.959356,0.959672,0.960287,0.960386,0.959156,0.960043,0.933273,0.953438,0.954663,0.961290,0.964408,0.967935,0.966992,0.963582,0.959604,0.959060,0.942604,0.944618,0.947166,0.948607,0.953762,0.949844,0.949161,0.888532,0.951451,0.953582,0.951695,0.951303,0.955552,0.957005,0.954859,0.957205,0.953791,0.952136,0.942080,0.964888,0.971026,0.981258,0.982386,1.000000,0.977690,0.980476,0.973670,0.976086,0.946624,0.956001,0.958004,0.958021,0.962383,0.961549,0.966175,0.902020,0.963446,0.964990,0.964340,0.963891,0.968707,0.968283,0.968318,0.969977,0.967939,0.969429
allando_v_sin_a8_f7_v125,0.875507,0.956372,0.955990,0.953955,0.956838,0.957480,0.957420,0.957204,0.957744,0.957473,0.890941,0.899964,0.904441,0.907516,0.916984,0.922948,0.936716,0.843935,0.935232,0.928372,0.930889,0.934994,0.945115,0.954286,0.954096,0.952711,0.956517,0.956199,0.874162,0.954494,0.951765,0.949003,0.949612,0.949790,0.951918,0.950179,0.949753,0.950005,0.897457,0.910960,0.915521,0.917637,0.925657,0.933403,0.940239,0.844593,0.939142,0.933524,0.935968,0.940749,0.951503,0.952078,0.943998,0.961125,0.957368,0.955819,0.882365,0.959650,0.964102,0.962619,0.967094,0.961032,0.957978,0.959974,0.960229,0.959449,0.908529,0.911996,0.913709,0.915532,0.922554,0.927527,0.935832,0.850127,0.932761,0.927692,0.931883,0.927710,0.944074,0.944858,0.947156,0.945249,0.950638,0.952395,0.902326,0.960132,0.961902,0.964476,0.966361,0.964461,0.966092,0.963800,0.963070,0.964235,0.915770,0.921719,0.930064,0.930914,0.933665,0.939476,0.946506,0.864447,0.942965,0.934676,0.938716,0.937950,0.948793,0.950726,0.955534,0.950292,0.954127,0.957522,0.924281,0.962350,0.963698,0.962555,0.964354,0.964828,0.965875,0.964157,0.963900,0.963175,0.938365,0.939298,0.947972,0.951637,0.951868,0.952449,0.956805,0.881968,0.961389,0.964150,0.964821,0.965381,0.965363,0.964541,0.964819,0.965069,0.964141,0.963351,0.937528,0.966027,0.966043,0.968129,0.969503,0.968483,0.966754,0.966498,0.967242,0.968974,0.948053,0.952286,0.957386,0.959488,0.958846,0.960453,0.960851,0.889620,0.963754,0.967791,0.968411,0.968074,0.968214,0.967239,0.966905,0.968663,0.966301,0.966597,0.935715,0.958666,0.962278,0.962523,0.966084,0.965303,0.967637,0.967779,0.967012,0.966095,0.946136,0.950433,0.952820,0.954084,0.954903,0.952908,0.951329,0.893499,0.959294,0.961245,0.961648,0.959561,0.960079,0.961360,0.959288,0.961712,0.957995,0.959158,0.946923,0.970507,0.974163,0.974960,0.981037,0.977690,1.000000,0.984810,0.986230,0.982244,0.951964,0.960746,0.963954,0.964410,0.965860,0.966615,0.968039,0.907709,0.970285,0.972935,0.973583,0.972565,0.973649,0.971318,0.972690,0.974637,0.972632,0.972173
allando_v_sin_a8_f7_v130,0.875204,0.955208,0.954859,0.954481,0.956159,0.955566,0.955486,0.956767,0.956104,0.956148,0.891244,0.899675,0.904809,0.911064,0.918745,0.921350,0.927331,0.840244,0.929375,0.930196,0.929724,0.940631,0.942092,0.953120,0.955441,0.951379,0.955816,0.955829,0.873561,0.952225,0.953560,0.950125,0.949932,0.949292,0.950616,0.950943,0.949323,0.948648,0.896009,0.909427,0.916130,0.918532,0.925457,0.931388,0.932762,0.840419,0.933921,0.933187,0.936068,0.944909,0.947495,0.952720,0.945646,0.958870,0.956700,0.955350,0.882219,0.963926,0.966476,0.963333,0.964779,0.959747,0.959194,0.956975,0.958324,0.959145,0.907057,0.910992,0.914300,0.916895,0.924818,0.925893,0.929696,0.847441,0.927605,0.927258,0.930970,0.929971,0.940535,0.945751,0.945350,0.942125,0.950871,0.953804,0.900416,0.964885,0.965994,0.965125,0.965838,0.963906,0.965739,0.963199,0.963631,0.964106,0.916535,0.922436,0.931719,0.931320,0.933076,0.938672,0.939593,0.861679,0.938631,0.934254,0.938871,0.938173,0.944917,0.952128,0.945425,0.951740,0.954508,0.956307,0.926232,0.960829,0.962811,0.961848,0.964428,0.963678,0.964428,0.962472,0.961512,0.961775,0.939232,0.938764,0.947996,0.951392,0.952366,0.956134,0.957440,0.882382,0.961096,0.962647,0.960056,0.962381,0.960551,0.961376,0.963139,0.961709,0.963001,0.961200,0.938752,0.964802,0.964787,0.965116,0.968358,0.966678,0.965708,0.965781,0.965676,0.967105,0.948623,0.951974,0.958253,0.959814,0.957593,0.961778,0.961548,0.892273,0.961782,0.966463,0.965200,0.963506,0.965976,0.966142,0.966357,0.965692,0.963736,0.963740,0.938268,0.957301,0.960399,0.965688,0.968369,0.968849,0.968751,0.968186,0.966321,0.965726,0.947705,0.951453,0.954383,0.955522,0.959803,0.952197,0.952464,0.895946,0.955287,0.959030,0.957432,0.955351,0.960056,0.962575,0.959522,0.960443,0.955359,0.955432,0.946345,0.969111,0.973853,0.981008,0.982598,0.980476,0.984810,1.000000,0.984326,0.986263,0.952181,0.962453,0.964703,0.964086,0.966773,0.964614,0.970507,0.908677,0.968750,0.970025,0.968069,0.968319,0.972438,0.971362,0.971280,0.972778,0.970657,0.971771
allando_v_sin_a8_f7_v135,0.871416,0.953292,0.952758,0.951327,0.953805,0.953923,0.953018,0.953491,0.953909,0.953893,0.889242,0.898597,0.900552,0.905893,0.913995,0.919817,0.930823,0.838298,0.929349,0.927432,0.930333,0.932187,0.938495,0.948699,0.952587,0.949112,0.951635,0.953089,0.869296,0.948401,0.947872,0.946387,0.947646,0.946695,0.947126,0.947795,0.946132,0.948133,0.895641,0.909382,0.912199,0.914543,0.923105,0.927443,0.935881,0.838183,0.933709,0.931860,0.936833,0.938205,0.946252,0.947857,0.940035,0.957088,0.954866,0.951392,0.878634,0.956932,0.960071,0.959600,0.961458,0.957043,0.958647,0.955648,0.957988,0.959801,0.906902,0.911045,0.911920,0.913069,0.922242,0.923281,0.932241,0.844939,0.926638,0.924001,0.931325,0.924732,0.939709,0.940244,0.943770,0.941740,0.948178,0.949903,0.898079,0.957680,0.958763,0.960220,0.963062,0.969176,0.970939,0.964378,0.962436,0.964676,0.915153,0.922502,0.928465,0.926801,0.930880,0.935207,0.941975,0.858416,0.937344,0.930829,0.937980,0.934786,0.942844,0.946320,0.948809,0.946548,0.950903,0.954027,0.921075,0.958870,0.959705,0.959619,0.960492,0.960257,0.962770,0.960767,0.959473,0.958910,0.941549,0.939497,0.944877,0.947311,0.946350,0.949327,0.954540,0.878347,0.958492,0.960889,0.960312,0.960690,0.960203,0.960794,0.961158,0.960461,0.959216,0.959567,0.935278,0.963426,0.962676,0.962811,0.965941,0.964543,0.962666,0.963745,0.964673,0.963855,0.950088,0.950529,0.954841,0.956672,0.953707,0.958284,0.958455,0.886748,0.958950,0.964514,0.964987,0.961942,0.964558,0.964411,0.964076,0.963901,0.961937,0.961293,0.932760,0.956761,0.959117,0.960491,0.961678,0.962684,0.965023,0.965264,0.968413,0.974508,0.943251,0.949870,0.952919,0.952822,0.955674,0.949415,0.949142,0.891561,0.955313,0.957336,0.957354,0.955350,0.957811,0.958869,0.956354,0.958573,0.956178,0.956172,0.943173,0.965637,0.970549,0.970914,0.974944,0.973670,0.986230,0.984326,1.000000,0.991686,0.948798,0.958189,0.962747,0.963761,0.963122,0.962040,0.965443,0.905115,0.966495,0.968167,0.968252,0.966329,0.969482,0.968632,0.968455,0.970634,0.971061,0.968860
allando_v_sin_a8_f7_v140,0.869789,0.953173,0.953106,0.952008,0.954071,0.953381,0.952855,0.953357,0.953848,0.953965,0.887946,0.897205,0.901088,0.905019,0.914503,0.917966,0.926634,0.835952,0.926340,0.925871,0.928765,0.932572,0.938989,0.949185,0.951863,0.949955,0.953245,0.953255,0.867652,0.950493,0.948864,0.946626,0.947982,0.946827,0.947041,0.947268,0.947306,0.948318,0.894949,0.908039,0.911517,0.914624,0.922821,0.926574,0.932850,0.838850,0.930498,0.929206,0.935979,0.939876,0.944652,0.950508,0.940989,0.957838,0.955252,0.953231,0.877142,0.959762,0.962653,0.960139,0.961502,0.956996,0.958878,0.955791,0.961185,0.961247,0.905106,0.909403,0.911972,0.912739,0.922457,0.922021,0.929951,0.842809,0.924460,0.923179,0.930575,0.925569,0.937153,0.941884,0.942840,0.942818,0.950925,0.952471,0.895939,0.959466,0.960935,0.960840,0.962328,0.968280,0.970165,0.964355,0.962847,0.964210,0.914357,0.921823,0.928887,0.926841,0.929731,0.933787,0.939154,0.856653,0.935437,0.929824,0.937490,0.934125,0.941582,0.946493,0.943225,0.948207,0.953189,0.956565,0.920226,0.959005,0.961047,0.959794,0.961083,0.960311,0.961999,0.960507,0.959229,0.960428,0.941330,0.939216,0.946055,0.948882,0.949222,0.952086,0.956173,0.877137,0.958373,0.960391,0.960199,0.960747,0.959893,0.960008,0.959860,0.960839,0.959388,0.959946,0.935741,0.963200,0.962913,0.963054,0.964915,0.963974,0.962450,0.963370,0.964217,0.964132,0.950217,0.951171,0.955756,0.958061,0.954520,0.959317,0.958413,0.885930,0.958210,0.963786,0.963968,0.961431,0.964309,0.964207,0.964192,0.964123,0.962125,0.961829,0.932662,0.958851,0.960867,0.963333,0.965008,0.965167,0.965104,0.965410,0.970066,0.970788,0.944066,0.949557,0.953503,0.955231,0.955773,0.950094,0.949812,0.890321,0.953952,0.957329,0.955907,0.954218,0.958351,0.959397,0.957006,0.958833,0.956658,0.954209,0.942767,0.969207,0.972696,0.973238,0.976868,0.976086,0.982244,0.986263,0.991686,1.000000,0.950135,0.958460,0.962689,0.963157,0.964429,0.962279,0.966646,0.903642,0.966114,0.968045,0.966237,0.965654,0.969200,0.968698,0.968959,0.970912,0.970718,0.969758
allando_v_sin_a8_f7_v15,0.914938,0.949866,0.948226,0.946737,0.946734,0.945336,0.946361,0.945577,0.946508,0.946379,0.918745,0.923791,0.931159,0.937084,0.939927,0.946208,0.949973,0.874863,0.946033,0.945299,0.946174,0.948193,0.954018,0.955862,0.950228,0.948175,0.949290,0.949637,0.920498,0.946476,0.946366,0.945595,0.943767,0.943862,0.942946,0.943144,0.943943,0.940734,0.929699,0.937367,0.942320,0.946468,0.948953,0.952922,0.953202,0.876870,0.950611,0.951033,0.951964,0.955533,0.959734,0.963013,0.956034,0.962486,0.954114,0.950936,0.924392,0.955602,0.956565,0.950368,0.952123,0.948394,0.944349,0.947330,0.945128,0.946086,0.931765,0.934562,0.938978,0.938974,0.947470,0.945077,0.948307,0.886176,0.941639,0.943134,0.946032,0.941364,0.952702,0.955642,0.958828,0.954236,0.958123,0.960117,0.943881,0.957050,0.960013,0.957738,0.960557,0.954131,0.955528,0.953134,0.954214,0.951436,0.945617,0.946299,0.953064,0.953368,0.954936,0.957934,0.956957,0.903389,0.956215,0.949087,0.952482,0.951634,0.956885,0.963424,0.959190,0.966138,0.966216,0.966428,0.955221,0.957431,0.958600,0.955256,0.955452,0.954906,0.955365,0.955586,0.952478,0.953439,0.956648,0.955554,0.960686,0.959956,0.959900,0.960958,0.962480,0.910039,0.961335,0.959723,0.957312,0.956790,0.955087,0.956091,0.956535,0.958132,0.955987,0.957921,0.965961,0.957867,0.958426,0.957489,0.957564,0.957815,0.956375,0.953354,0.956838,0.955678,0.968292,0.965997,0.966498,0.968697,0.964098,0.968564,0.967341,0.928761,0.964579,0.966996,0.963728,0.961052,0.961112,0.959333,0.959358,0.958354,0.957585,0.956663,0.965269,0.953467,0.954134,0.952724,0.945858,0.946691,0.946733,0.946196,0.943774,0.940891,0.968045,0.964921,0.960938,0.963675,0.961724,0.957757,0.957022,0.928109,0.958371,0.960130,0.955409,0.954339,0.959053,0.958265,0.953200,0.955040,0.955544,0.952226,0.979292,0.959703,0.959627,0.950914,0.951248,0.946624,0.951964,0.952181,0.948798,0.950135,1.000000,0.983440,0.978295,0.972115,0.970995,0.968258,0.969936,0.945085,0.970945,0.970558,0.967627,0.965643,0.967896,0.965366,0.962457,0.964177,0.963325,0.962071
allando_v_sin_a8_f7_v20,0.907070,0.952953,0.952765,0.949298,0.951988,0.950593,0.951421,0.950583,0.951029,0.951204,0.916504,0.923703,0.926176,0.932587,0.941506,0.945547,0.949719,0.871352,0.950291,0.949960,0.948786,0.950377,0.955488,0.959120,0.954300,0.953720,0.953735,0.954228,0.908662,0.949588,0.950867,0.949292,0.950892,0.948329,0.948497,0.948449,0.948239,0.947000,0.928802,0.936516,0.940394,0.943053,0.948714,0.952225,0.954855,0.873430,0.954406,0.952302,0.954706,0.957614,0.961007,0.963672,0.954798,0.963401,0.957142,0.954645,0.915594,0.959563,0.962185,0.959130,0.958375,0.953993,0.953611,0.953305,0.953704,0.954078,0.931161,0.935182,0.936744,0.937545,0.945600,0.945498,0.950882,0.882277,0.945795,0.946918,0.948347,0.943261,0.954560,0.956908,0.956879,0.951783,0.955985,0.959131,0.935505,0.961173,0.961467,0.962279,0.962645,0.959489,0.958924,0.959222,0.960261,0.958936,0.944045,0.946883,0.953070,0.954654,0.954321,0.959730,0.959105,0.898256,0.956878,0.954306,0.955376,0.953820,0.956281,0.965650,0.959348,0.962021,0.962568,0.963321,0.953371,0.962238,0.962958,0.961293,0.961479,0.961412,0.962078,0.960583,0.961329,0.960826,0.959914,0.961605,0.964050,0.963058,0.964164,0.964492,0.967097,0.908021,0.967630,0.966866,0.963428,0.964695,0.962899,0.963545,0.964733,0.965323,0.964945,0.963992,0.965568,0.965526,0.964354,0.963964,0.964321,0.963618,0.962528,0.960611,0.963534,0.963051,0.969302,0.968607,0.969667,0.970500,0.968716,0.972558,0.970640,0.926906,0.969613,0.972205,0.970438,0.966817,0.966725,0.966414,0.964732,0.964778,0.963166,0.962417,0.966591,0.951646,0.952503,0.954069,0.952245,0.957226,0.956782,0.956292,0.952542,0.949713,0.970664,0.971208,0.969631,0.969726,0.966778,0.960482,0.962595,0.925993,0.962686,0.964661,0.963865,0.961225,0.963618,0.964397,0.958287,0.958882,0.955461,0.955879,0.977504,0.957956,0.961266,0.958915,0.959302,0.956001,0.960746,0.962453,0.958189,0.958460,0.983440,1.000000,0.987985,0.979499,0.978534,0.973861,0.977551,0.945106,0.975748,0.974419,0.971935,0.969682,0.973170,0.970109,0.967010,0.968472,0.965974,0.963715
allando_v_sin_a8_f7_v25,0.901609,0.951936,0.953492,0.950373,0.953933,0.950930,0.951586,0.951592,0.952545,0.951082,0.916738,0.923281,0.922830,0.930156,0.936529,0.943194,0.948929,0.868773,0.948639,0.949104,0.946923,0.948178,0.953844,0.959181,0.954468,0.953612,0.952302,0.953871,0.902592,0.950769,0.952602,0.949182,0.948747,0.948598,0.949529,0.947935,0.948307,0.947299,0.927664,0.935693,0.937166,0.940916,0.946397,0.950467,0.953249,0.870406,0.952421,0.951648,0.954028,0.955209,0.959506,0.961534,0.953772,0.964047,0.957766,0.956571,0.910197,0.959571,0.961436,0.959371,0.958949,0.953800,0.954681,0.953047,0.954363,0.952423,0.931288,0.934592,0.933997,0.935258,0.942470,0.943074,0.948792,0.878296,0.942678,0.943517,0.947424,0.940397,0.951276,0.954641,0.955489,0.950342,0.954323,0.957977,0.930834,0.962725,0.960142,0.961668,0.962713,0.960793,0.962037,0.962497,0.963823,0.962579,0.944493,0.947548,0.951549,0.952861,0.954240,0.957576,0.958741,0.895171,0.956047,0.952514,0.954832,0.952794,0.955837,0.964187,0.956743,0.960942,0.962659,0.963067,0.950424,0.964031,0.965243,0.961895,0.963739,0.963398,0.962988,0.961389,0.962222,0.962441,0.958165,0.960859,0.963585,0.961764,0.963230,0.965084,0.966501,0.905525,0.968793,0.968049,0.964711,0.966244,0.964263,0.965941,0.964162,0.964377,0.964137,0.964751,0.961235,0.965301,0.966611,0.965785,0.965456,0.964876,0.965322,0.965195,0.964671,0.964546,0.967249,0.969563,0.971396,0.971483,0.969260,0.973482,0.971684,0.923254,0.970561,0.973304,0.971449,0.968098,0.967844,0.967925,0.966846,0.966770,0.964392,0.965528,0.962965,0.953290,0.954985,0.956300,0.954854,0.955984,0.956226,0.958978,0.954975,0.955309,0.965165,0.973285,0.974009,0.969367,0.968587,0.961063,0.960087,0.920683,0.963850,0.965789,0.964797,0.961655,0.967300,0.964780,0.960449,0.959267,0.956310,0.956863,0.973882,0.959853,0.963780,0.959448,0.960992,0.958004,0.963954,0.964703,0.962747,0.962689,0.978295,0.987985,1.000000,0.984662,0.980468,0.975977,0.979661,0.940102,0.978593,0.977250,0.975290,0.971599,0.975396,0.972158,0.968693,0.970344,0.968151,0.965489
allando_v_sin_a8_f7_v30,0.894572,0.951999,0.951511,0.950555,0.950154,0.949442,0.949614,0.949961,0.949482,0.950738,0.909616,0.922678,0.919165,0.925600,0.931861,0.940150,0.945500,0.862504,0.944937,0.943619,0.944795,0.945571,0.948743,0.955536,0.952891,0.951861,0.949691,0.953702,0.896392,0.947262,0.949250,0.947302,0.947272,0.946662,0.944560,0.945883,0.946444,0.946699,0.920873,0.936549,0.933776,0.935968,0.942694,0.946115,0.951003,0.864192,0.949242,0.947005,0.950227,0.952368,0.956758,0.959129,0.948911,0.961054,0.954941,0.954742,0.903483,0.957019,0.959110,0.957250,0.956738,0.952984,0.953556,0.952276,0.952356,0.953462,0.925103,0.934973,0.930076,0.932175,0.941087,0.940746,0.945725,0.872605,0.941796,0.940650,0.944547,0.937099,0.947376,0.950301,0.950696,0.945645,0.952348,0.955678,0.923576,0.958978,0.956436,0.958189,0.959919,0.958344,0.959344,0.960035,0.960348,0.961726,0.937161,0.948678,0.948855,0.949584,0.951910,0.955312,0.955993,0.888053,0.953518,0.949337,0.952256,0.949895,0.953267,0.959042,0.951819,0.956213,0.959416,0.960624,0.941868,0.960164,0.961807,0.959895,0.962596,0.961801,0.960425,0.959243,0.962299,0.962744,0.952479,0.963873,0.960761,0.957724,0.957407,0.962409,0.964010,0.899013,0.964754,0.965313,0.962418,0.964630,0.963813,0.962747,0.963999,0.963434,0.963057,0.963382,0.954246,0.964575,0.963300,0.963330,0.963691,0.963464,0.963845,0.960448,0.963548,0.962606,0.962702,0.970523,0.968714,0.967894,0.964484,0.970119,0.968352,0.914430,0.967275,0.970960,0.968814,0.966272,0.964572,0.964990,0.965660,0.964496,0.963139,0.961878,0.952982,0.951527,0.954145,0.953938,0.954974,0.953733,0.955667,0.954904,0.954301,0.953574,0.960213,0.963517,0.968359,0.968284,0.963000,0.958295,0.958435,0.915866,0.962533,0.962643,0.959977,0.960214,0.963688,0.964720,0.956516,0.957774,0.953367,0.952409,0.967113,0.960549,0.962860,0.957786,0.959082,0.958021,0.964410,0.964086,0.963761,0.963157,0.972115,0.979499,0.984662,1.000000,0.981119,0.975197,0.978739,0.933088,0.977621,0.976544,0.974523,0.970492,0.973142,0.970116,0.966868,0.968087,0.965823,0.963446
allando_v_sin_a8_f7_v35,0.896511,0.954976,0.953013,0.952889,0.952323,0.951613,0.951766,0.951869,0.951765,0.952638,0.909558,0.917310,0.931236,0.939575,0.940007,0.943736,0.947630,0.862208,0.949058,0.948473,0.946106,0.948140,0.950471,0.958327,0.957158,0.955133,0.953409,0.955493,0.898298,0.953468,0.953333,0.950200,0.950801,0.951097,0.949645,0.949083,0.949906,0.949182,0.919960,0.931139,0.944919,0.949102,0.948907,0.950677,0.953593,0.864407,0.954137,0.952828,0.952286,0.955364,0.958135,0.961106,0.953993,0.963251,0.958311,0.958343,0.905797,0.960086,0.960902,0.956895,0.959398,0.953612,0.955994,0.953473,0.954202,0.954484,0.924740,0.931152,0.942729,0.943882,0.945603,0.944508,0.949316,0.872933,0.945385,0.945464,0.945548,0.940418,0.949295,0.956055,0.957078,0.951361,0.955973,0.958630,0.926140,0.962640,0.962102,0.964873,0.962579,0.958881,0.958973,0.959149,0.959115,0.958908,0.938340,0.944364,0.958490,0.960730,0.957516,0.959648,0.958976,0.888994,0.958349,0.954804,0.954635,0.953946,0.956033,0.963788,0.957872,0.959332,0.961776,0.962828,0.942778,0.966614,0.967661,0.965030,0.967229,0.966872,0.966904,0.964819,0.965840,0.965774,0.950747,0.954385,0.966650,0.969410,0.968630,0.968648,0.968347,0.899045,0.969544,0.969005,0.967510,0.969265,0.966164,0.966432,0.967477,0.966881,0.967561,0.967750,0.956002,0.967960,0.967975,0.968251,0.968531,0.968427,0.968932,0.964519,0.968295,0.968418,0.962278,0.964279,0.971227,0.977159,0.977711,0.979060,0.973621,0.915855,0.971647,0.974617,0.973888,0.971280,0.971332,0.970327,0.969884,0.968618,0.967759,0.966851,0.958422,0.952355,0.953905,0.957269,0.957650,0.957608,0.960116,0.958346,0.953739,0.953910,0.961199,0.963425,0.964150,0.969638,0.975630,0.974236,0.967437,0.914485,0.968230,0.968655,0.966322,0.964191,0.970758,0.966793,0.960236,0.962121,0.958221,0.956098,0.967538,0.963365,0.966398,0.963815,0.964692,0.962383,0.965860,0.966773,0.963122,0.964429,0.970995,0.978534,0.980468,0.981119,1.000000,0.989466,0.988132,0.933237,0.983844,0.982531,0.980302,0.976996,0.979757,0.974489,0.972271,0.973741,0.971357,0.969015
allando_v_sin_a8_f7_v40,0.893457,0.954346,0.953271,0.951946,0.952504,0.951576,0.950703,0.950796,0.951300,0.951969,0.906305,0.915156,0.930889,0.937938,0.940771,0.943627,0.948024,0.859645,0.949498,0.948305,0.945076,0.946425,0.949376,0.955475,0.955835,0.952153,0.953726,0.955146,0.896143,0.952037,0.951626,0.948546,0.948113,0.948981,0.947461,0.947739,0.947895,0.947665,0.917470,0.927850,0.943737,0.947813,0.947761,0.950995,0.953237,0.862496,0.953910,0.952604,0.951243,0.953550,0.956901,0.958721,0.952802,0.961237,0.957393,0.955096,0.904240,0.957449,0.959184,0.954264,0.958508,0.951612,0.954402,0.951891,0.952673,0.952555,0.924263,0.928651,0.941400,0.943438,0.944997,0.945420,0.948795,0.871143,0.945572,0.945862,0.945724,0.938748,0.948871,0.953613,0.952882,0.948248,0.954053,0.956331,0.924525,0.961047,0.960138,0.963127,0.960988,0.956739,0.956946,0.956744,0.958727,0.954861,0.936485,0.940169,0.956629,0.959665,0.957658,0.960025,0.958971,0.887352,0.957834,0.953649,0.955533,0.951761,0.955967,0.962580,0.957725,0.958242,0.960041,0.961545,0.937663,0.966621,0.966995,0.966307,0.967629,0.966289,0.966294,0.967325,0.965615,0.966037,0.947113,0.949858,0.964275,0.969059,0.969219,0.967844,0.967236,0.897745,0.969407,0.969213,0.969530,0.968720,0.967068,0.966963,0.967804,0.966218,0.968558,0.967604,0.951953,0.967334,0.967396,0.966951,0.966931,0.968850,0.967518,0.963624,0.967436,0.966582,0.957083,0.959663,0.968716,0.974707,0.978058,0.977425,0.973238,0.912940,0.972498,0.973745,0.972590,0.971404,0.970871,0.968385,0.967947,0.967339,0.967522,0.966213,0.950673,0.950124,0.951012,0.954135,0.953408,0.957271,0.956212,0.955992,0.952541,0.953291,0.956221,0.959896,0.962358,0.968549,0.973357,0.976934,0.970089,0.912510,0.971399,0.969012,0.968948,0.966945,0.970402,0.966485,0.960587,0.961766,0.956397,0.954659,0.966024,0.962085,0.965107,0.962924,0.964421,0.961549,0.966615,0.964614,0.962040,0.962279,0.968258,0.973861,0.975977,0.975197,0.989466,1.000000,0.988879,0.930975,0.985459,0.983352,0.981425,0.978452,0.981087,0.973489,0.971822,0.973129,0.969169,0.967548
allando_v_sin_a8_f7_v45,0.893727,0.955665,0.955322,0.954350,0.954931,0.953687,0.953363,0.952888,0.954001,0.954091,0.905807,0.914641,0.926245,0.936048,0.942761,0.948390,0.949225,0.859824,0.949895,0.947793,0.946799,0.949954,0.952531,0.959092,0.957578,0.952827,0.954584,0.955826,0.896219,0.954518,0.953823,0.949749,0.951228,0.950720,0.950115,0.950197,0.948921,0.948396,0.918313,0.926344,0.940985,0.946469,0.951121,0.954463,0.954179,0.862486,0.954834,0.952861,0.952206,0.957115,0.959508,0.962132,0.955290,0.962222,0.958113,0.958205,0.904150,0.961293,0.962871,0.956810,0.960185,0.954817,0.955267,0.953962,0.954212,0.954893,0.923574,0.927799,0.938526,0.941886,0.948772,0.948456,0.949070,0.871991,0.946707,0.946814,0.948600,0.941968,0.950907,0.956100,0.954870,0.951651,0.956257,0.959495,0.923758,0.966213,0.966688,0.964323,0.962162,0.959274,0.959858,0.958151,0.960547,0.958280,0.936604,0.940943,0.954259,0.958106,0.961364,0.964374,0.960373,0.886713,0.960593,0.955110,0.956486,0.954693,0.957379,0.964923,0.957558,0.961216,0.963705,0.964599,0.942123,0.968704,0.970910,0.968693,0.970849,0.969608,0.969790,0.967926,0.969305,0.967875,0.949739,0.953953,0.964509,0.967638,0.968833,0.972054,0.972364,0.899209,0.973939,0.973347,0.970260,0.972321,0.967715,0.969840,0.969832,0.969683,0.970575,0.971133,0.954381,0.969516,0.968865,0.970263,0.970224,0.970035,0.969305,0.967398,0.969638,0.969602,0.959972,0.962939,0.971010,0.974223,0.975776,0.979668,0.978157,0.915996,0.975846,0.977761,0.974861,0.972568,0.972706,0.971222,0.971429,0.970422,0.969037,0.968428,0.957625,0.955757,0.956553,0.959116,0.957033,0.961414,0.960196,0.959576,0.955275,0.954222,0.963020,0.963552,0.965722,0.970670,0.973789,0.973109,0.974130,0.915005,0.974373,0.973731,0.970163,0.968487,0.972079,0.968203,0.961482,0.962405,0.957634,0.957855,0.966843,0.967002,0.970066,0.968945,0.969260,0.966175,0.968039,0.970507,0.965443,0.966646,0.969936,0.977551,0.979661,0.978739,0.988132,0.988879,1.000000,0.933589,0.991281,0.988372,0.984796,0.980165,0.983260,0.977323,0.974685,0.975963,0.973149,0.971708
allando_v_sin_a8_f7_v5,0.912257,0.906582,0.906716,0.905479,0.905099,0.904006,0.903806,0.903389,0.903332,0.903245,0.914195,0.918012,0.923996,0.927129,0.926169,0.926139,0.928429,0.913690,0.923202,0.919881,0.919317,0.919914,0.920103,0.916712,0.910987,0.910568,0.907394,0.908003,0.918310,0.908514,0.911679,0.910253,0.913373,0.910852,0.908648,0.909161,0.909161,0.908045,0.926506,0.932642,0.936589,0.934729,0.935888,0.937818,0.935626,0.922643,0.933481,0.929582,0.930491,0.927745,0.929510,0.928897,0.914650,0.913298,0.911773,0.910083,0.919955,0.912276,0.913613,0.911118,0.909525,0.909955,0.906233,0.910026,0.903579,0.906616,0.927899,0.929384,0.931311,0.926631,0.931199,0.930867,0.928821,0.923492,0.923110,0.922576,0.923967,0.917100,0.921791,0.920624,0.918989,0.910226,0.913387,0.913350,0.939665,0.916766,0.914825,0.918969,0.920270,0.916658,0.912473,0.911395,0.914846,0.914662,0.938518,0.936729,0.939308,0.941138,0.940671,0.943547,0.937239,0.942292,0.937260,0.933047,0.934317,0.930070,0.928027,0.932718,0.927652,0.927779,0.926778,0.926619,0.933934,0.907570,0.908498,0.907584,0.908450,0.907374,0.907673,0.905836,0.906530,0.907308,0.928682,0.922300,0.921041,0.918935,0.918203,0.918010,0.916190,0.951049,0.915449,0.911608,0.910007,0.907211,0.905901,0.907673,0.909272,0.909664,0.909199,0.909321,0.943536,0.911689,0.911404,0.912167,0.909502,0.910978,0.909133,0.909020,0.910356,0.909050,0.937086,0.931001,0.929500,0.929137,0.925135,0.928347,0.925112,0.966434,0.922264,0.922419,0.918726,0.918182,0.913940,0.912395,0.913354,0.912009,0.911850,0.910806,0.940335,0.894449,0.894401,0.897191,0.894906,0.893874,0.896533,0.895706,0.895553,0.893295,0.935292,0.926721,0.922300,0.920519,0.921771,0.920234,0.918164,0.963805,0.918217,0.917434,0.913226,0.911488,0.911428,0.908914,0.903511,0.905090,0.899858,0.899982,0.953827,0.905245,0.908621,0.904534,0.904796,0.902020,0.907709,0.908677,0.905115,0.903642,0.945085,0.945106,0.940102,0.933088,0.933237,0.930975,0.933589,1.000000,0.931847,0.929579,0.926368,0.924838,0.928605,0.922516,0.917662,0.919513,0.914175,0.912247
allando_v_sin_a8_f7_v50,0.895394,0.955489,0.954736,0.953849,0.954124,0.953672,0.953111,0.953004,0.953366,0.953405,0.908224,0.916096,0.927170,0.937270,0.945426,0.951028,0.953730,0.860968,0.954962,0.952479,0.947333,0.948787,0.953560,0.960117,0.957439,0.952877,0.955593,0.956575,0.899496,0.955252,0.953192,0.950250,0.951876,0.950951,0.950625,0.950797,0.950578,0.948882,0.917578,0.930126,0.940665,0.945878,0.953698,0.957892,0.958111,0.866301,0.957321,0.955933,0.954211,0.956697,0.961537,0.962606,0.955679,0.964100,0.959366,0.957760,0.904588,0.959194,0.962031,0.957502,0.961151,0.954653,0.954308,0.954725,0.953625,0.952962,0.923993,0.929175,0.937635,0.940303,0.949788,0.951622,0.954084,0.872323,0.951042,0.948844,0.950369,0.941622,0.954049,0.956486,0.957040,0.951892,0.955843,0.959231,0.925240,0.964085,0.962528,0.963859,0.962342,0.959370,0.961677,0.958574,0.958903,0.959256,0.937141,0.942053,0.953513,0.957619,0.963235,0.966840,0.965327,0.888236,0.962723,0.957656,0.958811,0.955863,0.959502,0.965174,0.960554,0.961423,0.963195,0.964203,0.942887,0.969081,0.970124,0.968826,0.968505,0.969069,0.968847,0.969296,0.969347,0.967704,0.951514,0.955708,0.963018,0.964685,0.966063,0.969694,0.974935,0.899044,0.975351,0.975646,0.972512,0.972748,0.970895,0.969680,0.970638,0.970306,0.969557,0.971549,0.954315,0.968256,0.969840,0.970675,0.969462,0.969223,0.970185,0.967668,0.969432,0.969385,0.961325,0.964689,0.971356,0.973308,0.973376,0.977060,0.978842,0.915988,0.978815,0.978970,0.976184,0.974589,0.971904,0.971577,0.972250,0.970556,0.970439,0.968768,0.956074,0.954590,0.955780,0.957801,0.956102,0.957925,0.956418,0.956915,0.954106,0.956279,0.962119,0.964368,0.965249,0.970558,0.971802,0.971737,0.973475,0.912952,0.977481,0.976314,0.973065,0.967908,0.972898,0.969323,0.960882,0.963553,0.959743,0.955646,0.968146,0.967748,0.970278,0.967144,0.969067,0.963446,0.970285,0.968750,0.966495,0.966114,0.970945,0.975748,0.978593,0.977621,0.983844,0.985459,0.991281,0.931847,1.000000,0.992610,0.988717,0.983172,0.984246,0.977867,0.976194,0.978147,0.973689,0.971952
allando_v_sin_a8_f7_v55,0.894522,0.955918,0.955841,0.955957,0.955773,0.954754,0.954795,0.955000,0.955123,0.955201,0.905625,0.915015,0.923787,0.933598,0.943564,0.950380,0.954353,0.859726,0.954484,0.950992,0.947153,0.949089,0.954694,0.960364,0.958043,0.953996,0.956628,0.956500,0.896909,0.955428,0.954145,0.951361,0.950834,0.951530,0.951091,0.950928,0.950275,0.950039,0.916649,0.928036,0.939029,0.943726,0.951683,0.956176,0.957748,0.864827,0.957106,0.956049,0.954263,0.957257,0.962304,0.963774,0.956136,0.965981,0.960310,0.958599,0.904083,0.960752,0.962850,0.958039,0.961362,0.956369,0.956194,0.956427,0.953760,0.955787,0.923109,0.928199,0.934448,0.938756,0.948178,0.949834,0.955325,0.870612,0.951856,0.948772,0.947323,0.941306,0.952422,0.956098,0.958329,0.953884,0.958692,0.962060,0.924261,0.965006,0.965209,0.964628,0.964313,0.962468,0.961968,0.959288,0.960361,0.959754,0.935927,0.940385,0.952070,0.955052,0.961172,0.964995,0.965326,0.886320,0.964365,0.957308,0.957144,0.955439,0.960531,0.965001,0.961541,0.963792,0.967028,0.967889,0.939209,0.969510,0.971346,0.969005,0.969616,0.970224,0.969532,0.968921,0.970451,0.967368,0.947436,0.954909,0.962578,0.963296,0.967082,0.969003,0.972744,0.897074,0.974767,0.976033,0.973866,0.974284,0.972246,0.971773,0.970903,0.971847,0.970692,0.970986,0.953324,0.970197,0.970510,0.971117,0.970541,0.970484,0.969821,0.967843,0.970243,0.970167,0.960455,0.963090,0.971014,0.972126,0.971764,0.975750,0.977360,0.913693,0.977894,0.980777,0.977425,0.975211,0.972663,0.972621,0.971896,0.970712,0.970178,0.968815,0.954224,0.957885,0.958752,0.962392,0.958429,0.957824,0.958503,0.959201,0.956265,0.955452,0.960364,0.962127,0.962714,0.968234,0.970978,0.970207,0.972527,0.911639,0.976885,0.977753,0.974918,0.969800,0.973537,0.970380,0.963786,0.964271,0.959489,0.958797,0.966780,0.971114,0.973194,0.968847,0.970820,0.964990,0.972935,0.970025,0.968167,0.968045,0.970558,0.974419,0.977250,0.976544,0.982531,0.983352,0.988372,0.929579,0.992610,1.000000,0.990521,0.985217,0.985467,0.979146,0.976931,0.978704,0.974720,0.973472
allando_v_sin_a8_f7_v60,0.891587,0.954437,0.954603,0.953459,0.955054,0.955311,0.955221,0.954816,0.955026,0.954811,0.904524,0.912499,0.920710,0.928996,0.937398,0.944973,0.953436,0.857823,0.953181,0.948595,0.945711,0.947603,0.954435,0.959089,0.958109,0.953099,0.956211,0.957078,0.893516,0.953958,0.952675,0.949774,0.951290,0.950768,0.950573,0.951143,0.949444,0.948833,0.913318,0.923049,0.934799,0.939123,0.947350,0.952542,0.957251,0.862862,0.956759,0.954044,0.952929,0.955678,0.960923,0.960450,0.955387,0.964598,0.959166,0.958120,0.900760,0.960545,0.961579,0.956789,0.961809,0.954179,0.955408,0.957092,0.953199,0.955744,0.920441,0.925202,0.930147,0.934493,0.942291,0.945804,0.952437,0.867512,0.950038,0.947378,0.946673,0.940308,0.951915,0.954372,0.958452,0.951217,0.955715,0.957812,0.921748,0.964892,0.962423,0.963176,0.963397,0.961641,0.962428,0.958373,0.957774,0.959263,0.932859,0.936425,0.947400,0.950549,0.956237,0.961413,0.964976,0.883349,0.964021,0.955531,0.956232,0.954534,0.959269,0.963388,0.962634,0.960873,0.964895,0.963675,0.935634,0.970136,0.969305,0.968133,0.968543,0.969903,0.968327,0.968110,0.968423,0.967013,0.944751,0.949186,0.958526,0.961487,0.962927,0.965712,0.969889,0.894129,0.972745,0.974716,0.974610,0.975955,0.973773,0.972405,0.972318,0.972001,0.972616,0.970853,0.951436,0.967931,0.969522,0.970534,0.969298,0.970062,0.969452,0.967293,0.969915,0.969675,0.957747,0.960385,0.966820,0.969203,0.970339,0.972564,0.974020,0.907627,0.976112,0.978213,0.979029,0.975857,0.972441,0.972295,0.971342,0.969405,0.969726,0.968574,0.949401,0.956724,0.958026,0.960559,0.959248,0.958304,0.960760,0.957563,0.955205,0.954723,0.956511,0.960462,0.959935,0.965088,0.966396,0.965153,0.966495,0.908537,0.973499,0.973059,0.977191,0.969876,0.972383,0.967945,0.962194,0.963101,0.961296,0.959030,0.964032,0.968130,0.971238,0.968121,0.970234,0.964340,0.973583,0.968069,0.968252,0.966237,0.967627,0.971935,0.975290,0.974523,0.980302,0.981425,0.984796,0.926368,0.988717,0.990521,1.000000,0.985508,0.984754,0.978665,0.976515,0.977668,0.974396,0.972606
allando_v_sin_a8_f7_v65,0.889371,0.953588,0.953851,0.952594,0.955368,0.954876,0.953753,0.952969,0.954781,0.954726,0.900692,0.910483,0.919876,0.926402,0.934155,0.940662,0.946735,0.855567,0.948469,0.947722,0.945609,0.946210,0.949914,0.957184,0.955424,0.952770,0.954630,0.956029,0.891636,0.954155,0.952914,0.949596,0.950215,0.949490,0.948663,0.949700,0.949193,0.948823,0.911526,0.921909,0.930887,0.937575,0.941981,0.948611,0.952955,0.860224,0.953296,0.953141,0.951777,0.954290,0.957652,0.959003,0.953773,0.964228,0.957339,0.956564,0.899238,0.957898,0.960190,0.954335,0.959018,0.954040,0.953578,0.956248,0.954534,0.952954,0.918583,0.922302,0.928102,0.932251,0.938233,0.941992,0.948267,0.865492,0.945638,0.946581,0.944926,0.938257,0.949076,0.951656,0.953820,0.951753,0.955329,0.957972,0.919482,0.961236,0.961997,0.962396,0.962859,0.958703,0.960090,0.957496,0.957340,0.956623,0.928918,0.933552,0.945116,0.947041,0.950831,0.955404,0.959352,0.881146,0.960675,0.955233,0.954320,0.950309,0.958365,0.961953,0.960042,0.959550,0.959631,0.963197,0.936341,0.964684,0.965969,0.965594,0.966093,0.967985,0.965557,0.964972,0.964765,0.963687,0.941755,0.947021,0.956093,0.959131,0.960282,0.962588,0.964962,0.893300,0.969207,0.970937,0.970549,0.973002,0.972271,0.970471,0.971005,0.968848,0.968363,0.966602,0.949291,0.966680,0.967963,0.969271,0.968306,0.968288,0.969483,0.965466,0.967129,0.968522,0.955291,0.959005,0.965319,0.967621,0.968371,0.971872,0.970916,0.909414,0.972272,0.975385,0.974945,0.975930,0.972363,0.971138,0.969028,0.968584,0.968518,0.965412,0.949871,0.955148,0.956316,0.959760,0.956480,0.956894,0.957427,0.956707,0.955269,0.953749,0.956115,0.957436,0.958503,0.963591,0.966594,0.963017,0.963484,0.907178,0.971479,0.971383,0.971514,0.972861,0.971012,0.968009,0.959973,0.961240,0.958694,0.959321,0.963386,0.968392,0.970711,0.966002,0.969962,0.963891,0.972565,0.968319,0.966329,0.965654,0.965643,0.969682,0.971599,0.970492,0.976996,0.978452,0.980165,0.924838,0.983172,0.985217,0.985508,1.000000,0.986075,0.981180,0.976256,0.977209,0.974198,0.972885
allando_v_sin_a8_f7_v70,0.891431,0.958655,0.957844,0.956602,0.957507,0.957045,0.956454,0.956464,0.956711,0.956393,0.907340,0.914964,0.921892,0.927948,0.935832,0.939677,0.947731,0.855961,0.949106,0.953161,0.953109,0.952562,0.954217,0.960122,0.959563,0.955578,0.957925,0.958528,0.894192,0.956985,0.956315,0.951589,0.952691,0.953027,0.952414,0.952379,0.951723,0.951843,0.914782,0.926666,0.933349,0.938383,0.945729,0.949782,0.953577,0.858433,0.954850,0.958707,0.959801,0.961432,0.961566,0.962521,0.956546,0.965951,0.961067,0.959690,0.902169,0.961391,0.964068,0.958791,0.964972,0.957321,0.957364,0.957265,0.957402,0.955994,0.922984,0.925298,0.931708,0.934797,0.940469,0.944128,0.949065,0.866231,0.946261,0.952662,0.953087,0.944942,0.952899,0.957265,0.958708,0.952760,0.957971,0.960006,0.921046,0.964844,0.965140,0.966699,0.965832,0.964246,0.963737,0.962130,0.962785,0.961307,0.933186,0.936237,0.948019,0.950510,0.953105,0.957298,0.959126,0.882726,0.959766,0.961306,0.962847,0.956004,0.959565,0.965930,0.959859,0.962085,0.962530,0.963923,0.938414,0.969019,0.970606,0.968770,0.970292,0.969782,0.969268,0.969145,0.969106,0.968390,0.946961,0.950686,0.960092,0.961926,0.964721,0.966338,0.969885,0.896617,0.971722,0.972051,0.973214,0.974300,0.973760,0.971734,0.970361,0.970988,0.970182,0.970185,0.951987,0.970314,0.970109,0.970472,0.970078,0.970975,0.971556,0.968442,0.970618,0.970164,0.959055,0.961687,0.969439,0.972192,0.972220,0.974458,0.974114,0.913030,0.974757,0.976018,0.975100,0.975890,0.973629,0.973182,0.972366,0.971368,0.970559,0.969087,0.953243,0.956738,0.959193,0.960954,0.960624,0.958920,0.961465,0.960093,0.959304,0.958421,0.959745,0.963098,0.961016,0.968814,0.970193,0.970611,0.968308,0.910202,0.973202,0.973552,0.972617,0.972202,0.978227,0.973730,0.964911,0.965444,0.960446,0.959428,0.967927,0.970997,0.975186,0.970502,0.974206,0.968707,0.973649,0.972438,0.969482,0.969200,0.967896,0.973170,0.975396,0.973142,0.979757,0.981087,0.983260,0.928605,0.984246,0.985467,0.984754,0.986075,1.000000,0.987299,0.982028,0.981452,0.977466,0.976292
allando_v_sin_a8_f7_v75,0.890192,0.958715,0.956924,0.957572,0.957710,0.956458,0.955892,0.956654,0.955879,0.956112,0.899675,0.910321,0.912070,0.922110,0.923655,0.933170,0.938455,0.850302,0.939487,0.946688,0.952110,0.951623,0.952981,0.961166,0.958097,0.956395,0.957050,0.958557,0.891889,0.955949,0.955118,0.951492,0.952130,0.951567,0.951167,0.951378,0.950318,0.950320,0.909072,0.920858,0.923221,0.932766,0.936255,0.942688,0.946336,0.852486,0.946972,0.953818,0.956122,0.959736,0.959162,0.962787,0.957554,0.967482,0.961621,0.959242,0.900344,0.960440,0.963520,0.958918,0.962920,0.958190,0.955483,0.956755,0.955368,0.955806,0.915806,0.920041,0.923550,0.930139,0.934226,0.936912,0.942443,0.860363,0.938768,0.948088,0.950760,0.944513,0.951671,0.955630,0.959493,0.955375,0.956831,0.960211,0.918106,0.964181,0.964790,0.965034,0.968138,0.961433,0.964507,0.960646,0.961682,0.960257,0.925275,0.931821,0.939514,0.942637,0.945377,0.950866,0.951795,0.875575,0.954306,0.954736,0.958758,0.954700,0.958383,0.964470,0.959607,0.962567,0.963325,0.963131,0.938557,0.964494,0.965983,0.965232,0.966104,0.965966,0.965250,0.964268,0.965479,0.964742,0.943113,0.945725,0.954473,0.956856,0.959382,0.960512,0.963321,0.891485,0.967211,0.968593,0.965985,0.968891,0.967511,0.968193,0.968405,0.968530,0.967105,0.966718,0.952275,0.967577,0.968208,0.969134,0.967809,0.967648,0.968567,0.966212,0.968684,0.967883,0.955448,0.958245,0.963564,0.966938,0.965878,0.970429,0.968511,0.906629,0.970082,0.971201,0.972377,0.971386,0.971530,0.971231,0.969755,0.968739,0.967598,0.967972,0.952398,0.958918,0.959986,0.961767,0.960190,0.959402,0.961645,0.960345,0.957398,0.958298,0.956986,0.959280,0.960306,0.961420,0.963290,0.961680,0.960031,0.905938,0.965669,0.966748,0.964244,0.966945,0.973616,0.977088,0.964816,0.968045,0.965282,0.963934,0.963744,0.971249,0.976108,0.969717,0.972888,0.968283,0.971318,0.971362,0.968632,0.968698,0.965366,0.970109,0.972158,0.970116,0.974489,0.973489,0.977323,0.922516,0.977867,0.979146,0.978665,0.981180,0.987299,1.000000,0.983368,0.982006,0.981211,0.979332
allando_v_sin_a8_f7_v80,0.886622,0.958605,0.955844,0.956425,0.958077,0.956016,0.956277,0.956220,0.956487,0.956197,0.898744,0.903385,0.909967,0.919950,0.926227,0.931658,0.937522,0.845107,0.941589,0.942822,0.944257,0.955862,0.959824,0.963735,0.960916,0.957951,0.958018,0.958493,0.887807,0.959530,0.955646,0.951720,0.952501,0.951526,0.951247,0.951257,0.950020,0.951191,0.904975,0.913899,0.923644,0.926616,0.933305,0.941988,0.941570,0.848876,0.949958,0.947741,0.948661,0.958389,0.966252,0.966963,0.956072,0.967962,0.961382,0.959653,0.894471,0.963090,0.964237,0.960156,0.963832,0.958105,0.957873,0.960596,0.958492,0.957812,0.913814,0.915847,0.922714,0.926070,0.932336,0.938629,0.939861,0.855823,0.941016,0.941414,0.941714,0.948981,0.958243,0.961704,0.955810,0.952518,0.957702,0.960437,0.912671,0.964726,0.964379,0.967494,0.964583,0.962603,0.963488,0.961307,0.963828,0.959775,0.924650,0.927867,0.939174,0.945001,0.942697,0.950674,0.950809,0.870394,0.948959,0.949167,0.951626,0.963970,0.964849,0.968765,0.956876,0.960788,0.963278,0.963224,0.939892,0.964840,0.966828,0.964189,0.965129,0.963961,0.965183,0.963231,0.963588,0.962495,0.941579,0.946947,0.953895,0.956990,0.958258,0.959076,0.963569,0.887693,0.965094,0.968280,0.967532,0.966629,0.966361,0.965206,0.967043,0.968240,0.965540,0.966856,0.953465,0.966748,0.967476,0.967777,0.967086,0.967776,0.967422,0.965338,0.966314,0.966651,0.954388,0.956464,0.962823,0.965848,0.964998,0.967510,0.967095,0.903014,0.967430,0.970570,0.970584,0.970973,0.969032,0.969422,0.968663,0.967329,0.966374,0.966347,0.951516,0.958835,0.959798,0.962519,0.959429,0.961053,0.962798,0.962153,0.960172,0.958272,0.953583,0.957494,0.956034,0.961738,0.963375,0.965042,0.961989,0.902118,0.962966,0.964674,0.961837,0.962240,0.968555,0.970127,0.977909,0.972909,0.965540,0.961802,0.957635,0.973790,0.975429,0.971746,0.972675,0.968318,0.972690,0.971280,0.968455,0.968959,0.962457,0.967010,0.968693,0.966868,0.972271,0.971822,0.974685,0.917662,0.976194,0.976931,0.976515,0.976256,0.982028,0.983368,1.000000,0.989530,0.980775,0.981107
allando_v_sin_a8_f7_v85,0.888829,0.959632,0.958472,0.955745,0.958970,0.957917,0.958018,0.957912,0.958232,0.957986,0.899315,0.904910,0.912089,0.919421,0.925070,0.934110,0.938835,0.848097,0.943576,0.940736,0.944714,0.952742,0.959737,0.967199,0.961842,0.959115,0.959984,0.960074,0.889492,0.957519,0.957464,0.953820,0.954881,0.953016,0.953605,0.953459,0.952088,0.953494,0.905744,0.915542,0.924846,0.929519,0.934482,0.943029,0.943624,0.851401,0.948993,0.947361,0.950448,0.956473,0.965044,0.966950,0.956748,0.969185,0.962911,0.961079,0.896074,0.961287,0.965960,0.958637,0.964949,0.958753,0.958866,0.958450,0.959611,0.958957,0.914378,0.917413,0.924531,0.927935,0.933327,0.938712,0.939412,0.858031,0.939542,0.940935,0.944236,0.945949,0.958139,0.960387,0.956355,0.955817,0.957960,0.962091,0.914437,0.963780,0.964382,0.965904,0.966231,0.963541,0.964962,0.961199,0.963850,0.960787,0.925150,0.928611,0.939706,0.945858,0.943267,0.951188,0.950334,0.872956,0.949669,0.948404,0.952880,0.959450,0.962985,0.967072,0.957590,0.961837,0.964173,0.965811,0.940433,0.966099,0.967152,0.965835,0.967022,0.965698,0.965401,0.965105,0.966288,0.964760,0.943575,0.948230,0.955328,0.958925,0.960901,0.961556,0.965205,0.890266,0.967263,0.969060,0.967313,0.968725,0.966854,0.966182,0.968348,0.969235,0.967191,0.968007,0.955306,0.968162,0.969324,0.969693,0.968947,0.969593,0.968886,0.967353,0.968613,0.970277,0.956411,0.957630,0.964138,0.967164,0.966494,0.969002,0.968425,0.906032,0.970106,0.971944,0.972304,0.971130,0.970701,0.970405,0.969770,0.970180,0.968920,0.968195,0.951974,0.960515,0.961331,0.965428,0.961735,0.961689,0.962227,0.962212,0.961043,0.960491,0.956974,0.959763,0.957556,0.963690,0.965849,0.965750,0.964160,0.903844,0.967245,0.967116,0.964813,0.964099,0.967400,0.969975,0.974392,0.978516,0.965780,0.963255,0.959220,0.976656,0.978063,0.972724,0.974040,0.969977,0.974637,0.972778,0.970634,0.970912,0.964177,0.968472,0.970344,0.968087,0.973741,0.973129,0.975963,0.919513,0.978147,0.978704,0.977668,0.977209,0.981452,0.982006,0.989530,1.000000,0.982169,0.983095
allando_v_sin_a8_f7_v90,0.890170,0.956140,0.955552,0.952944,0.956172,0.955116,0.954552,0.955013,0.954805,0.954968,0.894558,0.905029,0.908661,0.919808,0.920486,0.931445,0.939068,0.846301,0.933782,0.940108,0.937578,0.942497,0.947259,0.956681,0.956019,0.954791,0.956829,0.957205,0.891002,0.955955,0.952849,0.948301,0.950036,0.949881,0.948872,0.948916,0.948970,0.948599,0.902167,0.916354,0.920421,0.928567,0.931477,0.936205,0.944685,0.849012,0.939529,0.943853,0.942961,0.950361,0.955861,0.958977,0.958996,0.969446,0.961005,0.959130,0.899047,0.959353,0.960050,0.959514,0.961102,0.955306,0.956765,0.955396,0.955798,0.954820,0.910944,0.916621,0.921050,0.928473,0.931694,0.931736,0.940859,0.855402,0.932184,0.937339,0.938791,0.936473,0.946584,0.952156,0.960591,0.957037,0.957019,0.958932,0.917359,0.961068,0.962684,0.962378,0.967664,0.961232,0.965146,0.959854,0.958974,0.960147,0.920926,0.930160,0.937787,0.937885,0.941897,0.944823,0.952105,0.869736,0.946671,0.941878,0.945200,0.948362,0.953089,0.959486,0.961243,0.963743,0.961445,0.960857,0.935510,0.963104,0.964597,0.962939,0.963850,0.964347,0.964197,0.962760,0.963280,0.962446,0.941031,0.943559,0.950823,0.954488,0.956399,0.958953,0.959767,0.885735,0.964451,0.966005,0.964031,0.964166,0.965204,0.964295,0.964944,0.965869,0.963933,0.965086,0.950155,0.965170,0.965289,0.965607,0.966991,0.966521,0.965127,0.965088,0.964734,0.965884,0.954284,0.954277,0.959616,0.964622,0.962146,0.967705,0.966081,0.897915,0.965801,0.969220,0.969899,0.966897,0.968112,0.967803,0.967147,0.966092,0.965617,0.966076,0.944938,0.964205,0.959611,0.960858,0.959799,0.959371,0.961109,0.961068,0.957709,0.959817,0.954290,0.955971,0.956616,0.958393,0.962779,0.958500,0.957353,0.899426,0.962273,0.964026,0.962769,0.960364,0.966683,0.966039,0.963133,0.963131,0.975277,0.967554,0.955901,0.974090,0.975631,0.970533,0.971501,0.967939,0.972632,0.970657,0.971061,0.970718,0.963325,0.965974,0.968151,0.965823,0.971357,0.969169,0.973149,0.914175,0.973689,0.974720,0.974396,0.974198,0.977466,0.981211,0.980775,0.982169,1.000000,0.985044
allando_v_sin_a8_f7_v95,0.892153,0.956544,0.954914,0.952836,0.955977,0.955128,0.954309,0.953984,0.953890,0.954768,0.894042,0.901775,0.907153,0.916788,0.918649,0.931351,0.932580,0.844976,0.935544,0.936360,0.937105,0.944570,0.948718,0.958164,0.955485,0.953558,0.956553,0.957111,0.892519,0.955901,0.952487,0.947659,0.948546,0.948384,0.947779,0.947662,0.947287,0.946976,0.900640,0.911892,0.918827,0.926564,0.928988,0.935968,0.935842,0.847822,0.941128,0.941222,0.942233,0.951514,0.957609,0.960971,0.958665,0.971186,0.959434,0.958614,0.898562,0.961653,0.962910,0.957709,0.960827,0.954818,0.954655,0.955151,0.955959,0.953504,0.908930,0.913398,0.918955,0.926626,0.929151,0.932173,0.935062,0.853876,0.932953,0.937062,0.937871,0.939322,0.948751,0.953833,0.959161,0.957904,0.958868,0.961504,0.916698,0.962198,0.964141,0.962599,0.966829,0.957837,0.962184,0.957933,0.960015,0.958329,0.918861,0.924668,0.934746,0.938051,0.938024,0.944488,0.945319,0.867471,0.945064,0.941886,0.944399,0.950150,0.954871,0.961250,0.958823,0.964876,0.962669,0.961991,0.933828,0.962826,0.963379,0.961067,0.962865,0.961937,0.962420,0.961590,0.962129,0.961988,0.935633,0.940490,0.948937,0.952969,0.954687,0.955714,0.958287,0.883913,0.962556,0.962780,0.961801,0.962759,0.962614,0.960980,0.962545,0.963233,0.962482,0.965196,0.949087,0.964139,0.964047,0.964114,0.964546,0.964409,0.964603,0.963026,0.963871,0.964525,0.949921,0.951095,0.957536,0.961349,0.961133,0.965744,0.963818,0.896741,0.964371,0.966766,0.967295,0.965528,0.966932,0.965964,0.965195,0.963802,0.964051,0.963321,0.945134,0.964594,0.961682,0.961323,0.960832,0.961030,0.959926,0.962122,0.956475,0.957521,0.950417,0.951785,0.953022,0.954513,0.959581,0.955899,0.953839,0.897837,0.957675,0.961343,0.959783,0.958910,0.963591,0.966309,0.964525,0.967962,0.969852,0.970064,0.952918,0.978006,0.979143,0.972867,0.974056,0.969429,0.972173,0.971771,0.968860,0.969758,0.962071,0.963715,0.965489,0.963446,0.969015,0.967548,0.971708,0.912247,0.971952,0.973472,0.972606,0.972885,0.976292,0.979332,0.981107,0.983095,0.985044,1.000000
