,allando_v_sin_a2_f1_v10,allando_v_sin_a2_f1_v100,allando_v_sin_a2_f1_v105,allando_v_sin_a2_f1_v110,allando_v_sin_a2_f1_v115,allando_v_sin_a2_f1_v120,allando_v_sin_a2_f1_v125,allando_v_sin_a2_f1_v130,allando_v_sin_a2_f1_v135,allando_v_sin_a2_f1_v140,allando_v_sin_a2_f1_v15,allando_v_sin_a2_f1_v20,allando_v_sin_a2_f1_v25,allando_v_sin_a2_f1_v30,allando_v_sin_a2_f1_v35,allando_v_sin_a2_f1_v40,allando_v_sin_a2_f1_v45,allando_v_sin_a2_f1_v5,allando_v_sin_a2_f1_v50,allando_v_sin_a2_f1_v55,allando_v_sin_a2_f1_v60,allando_v_sin_a2_f1_v65,allando_v_sin_a2_f1_v70,allando_v_sin_a2_f1_v75,allando_v_sin_a2_f1_v80,allando_v_sin_a2_f1_v85,allando_v_sin_a2_f1_v90,allando_v_sin_a2_f1_v95,allando_v_sin_a2_f3_v10,allando_v_sin_a2_f3_v100,allando_v_sin_a2_f3_v105,allando_v_sin_a2_f3_v110,allando_v_sin_a2_f3_v115,allando_v_sin_a2_f3_v120,allando_v_sin_a2_f3_v125,allando_v_sin_a2_f3_v130,allando_v_sin_a2_f3_v135,allando_v_sin_a2_f3_v140,allando_v_sin_a2_f3_v15,allando_v_sin_a2_f3_v20,allando_v_sin_a2_f3_v25,allando_v_sin_a2_f3_v30,allando_v_sin_a2_f3_v35,allando_v_sin_a2_f3_v40,allando_v_sin_a2_f3_v45,allando_v_sin_a2_f3_v5,allando_v_sin_a2_f3_v50,allando_v_sin_a2_f3_v55,allando_v_sin_a2_f3_v60,allando_v_sin_a2_f3_v65,allando_v_sin_a2_f3_v70,allando_v_sin_a2_f3_v75,allando_v_sin_a2_f3_v80,allando_v_sin_a2_f3_v85,allando_v_sin_a2_f3_v90,allando_v_sin_a2_f3_v95,allando_v_sin_a2_f5_v10,allando_v_sin_a2_f5_v100,allando_v_sin_a2_f5_v105,allando_v_sin_a2_f5_v110,allando_v_sin_a2_f5_v115,allando_v_sin_a2_f5_v120,allando_v_sin_a2_f5_v125,allando_v_sin_a2_f5_v130,allando_v_sin_a2_f5_v135,allando_v_sin_a2_f5_v140,allando_v_sin_a2_f5_v15,allando_v_sin_a2_f5_v20,allando_v_sin_a2_f5_v25,allando_v_sin_a2_f5_v30,allando_v_sin_a2_f5_v35,allando_v_sin_a2_f5_v40,allando_v_sin_a2_f5_v45,allando_v_sin_a2_f5_v5,allando_v_sin_a2_f5_v50,allando_v_sin_a2_f5_v55,allando_v_sin_a2_f5_v60,allando_v_sin_a2_f5_v65,allando_v_sin_a2_f5_v70,allando_v_sin_a2_f5_v75,allando_v_sin_a2_f5_v80,allando_v_sin_a2_f5_v85,allando_v_sin_a2_f5_v90,allando_v_sin_a2_f5_v95,allando_v_sin_a2_f7_v10,allando_v_sin_a2_f7_v100,allando_v_sin_a2_f7_v105,allando_v_sin_a2_f7_v110,allando_v_sin_a2_f7_v115,allando_v_sin_a2_f7_v120,allando_v_sin_a2_f7_v125,allando_v_sin_a2_f7_v130,allando_v_sin_a2_f7_v135,allando_v_sin_a2_f7_v140,allando_v_sin_a2_f7_v15,allando_v_sin_a2_f7_v20,allando_v_sin_a2_f7_v25,allando_v_sin_a2_f7_v30,allando_v_sin_a2_f7_v35,allando_v_sin_a2_f7_v40,allando_v_sin_a2_f7_v45,allando_v_sin_a2_f7_v5,allando_v_sin_a2_f7_v50,allando_v_sin_a2_f7_v55,allando_v_sin_a2_f7_v60,allando_v_sin_a2_f7_v65,allando_v_sin_a2_f7_v70,allando_v_sin_a2_f7_v75,allando_v_sin_a2_f7_v80,allando_v_sin_a2_f7_v85,allando_v_sin_a2_f7_v90,allando_v_sin_a2_f7_v95,allando_v_sin_a8_f1_v10,allando_v_sin_a8_f1_v100,allando_v_sin_a8_f1_v105,allando_v_sin_a8_f1_v110,allando_v_sin_a8_f1_v115,allando_v_sin_a8_f1_v120,allando_v_sin_a8_f1_v125,allando_v_sin_a8_f1_v130,allando_v_sin_a8_f1_v135,allando_v_sin_a8_f1_v140,allando_v_sin_a8_f1_v15,allando_v_sin_a8_f1_v20,allando_v_sin_a8_f1_v25,allando_v_sin_a8_f1_v30,allando_v_sin_a8_f1_v35,allando_v_sin_a8_f1_v40,allando_v_sin_a8_f1_v45,allando_v_sin_a8_f1_v5,allando_v_sin_a8_f1_v50,allando_v_sin_a8_f1_v55,allando_v_sin_a8_f1_v60,allando_v_sin_a8_f1_v65,allando_v_sin_a8_f1_v70,allando_v_sin_a8_f1_v75,allando_v_sin_a8_f1_v80,allando_v_sin_a8_f1_v85,allando_v_sin_a8_f1_v90,allando_v_sin_a8_f1_v95,allando_v_sin_a8_f3_v10,allando_v_sin_a8_f3_v100,allando_v_sin_a8_f3_v105,allando_v_sin_a8_f3_v110,allando_v_sin_a8_f3_v115,allando_v_sin_a8_f3_v120,allando_v_sin_a8_f3_v125,allando_v_sin_a8_f3_v130,allando_v_sin_a8_f3_v135,allando_v_sin_a8_f3_v140,allando_v_sin_a8_f3_v15,allando_v_sin_a8_f3_v20,allando_v_sin_a8_f3_v25,allando_v_sin_a8_f3_v30,allando_v_sin_a8_f3_v35,allando_v_sin_a8_f3_v40,allando_v_sin_a8_f3_v45,allando_v_sin_a8_f3_v5,allando_v_sin_a8_f3_v50,allando_v_sin_a8_f3_v55,allando_v_sin_a8_f3_v60,allando_v_sin_a8_f3_v65,allando_v_sin_a8_f3_v70,allando_v_sin_a8_f3_v75,allando_v_sin_a8_f3_v80,allando_v_sin_a8_f3_v85,allando_v_sin_a8_f3_v90,allando_v_sin_a8_f3_v95,allando_v_sin_a8_f5_v10,allando_v_sin_a8_f5_v100,allando_v_sin_a8_f5_v105,allando_v_sin_a8_f5_v110,allando_v_sin_a8_f5_v115,allando_v_sin_a8_f5_v120,allando_v_sin_a8_f5_v125,allando_v_sin_a8_f5_v130,allando_v_sin_a8_f5_v135,allando_v_sin_a8_f5_v140,allando_v_sin_a8_f5_v15,allando_v_sin_a8_f5_v20,allando_v_sin_a8_f5_v25,allando_v_sin_a8_f5_v30,allando_v_sin_a8_f5_v35,allando_v_sin_a8_f5_v40,allando_v_sin_a8_f5_v45,allando_v_sin_a8_f5_v5,allando_v_sin_a8_f5_v50,allando_v_sin_a8_f5_v55,allando_v_sin_a8_f5_v60,allando_v_sin_a8_f5_v65,allando_v_sin_a8_f5_v70,allando_v_sin_a8_f5_v75,allando_v_sin_a8_f5_v80,allando_v_sin_a8_f5_v85,allando_v_sin_a8_f5_v90,allando_v_sin_a8_f5_v95,allando_v_sin_a8_f7_v10,allando_v_sin_a8_f7_v100,allando_v_sin_a8_f7_v105,allando_v_sin_a8_f7_v110,allando_v_sin_a8_f7_v115,allando_v_sin_a8_f7_v120,allando_v_sin_a8_f7_v125,allando_v_sin_a8_f7_v130,allando_v_sin_a8_f7_v135,allando_v_sin_a8_f7_v140,allando_v_sin_a8_f7_v15,allando_v_sin_a8_f7_v20,allando_v_sin_a8_f7_v25,allando_v_sin_a8_f7_v30,allando_v_sin_a8_f7_v35,allando_v_sin_a8_f7_v40,allando_v_sin_a8_f7_v45,allando_v_sin_a8_f7_v5,allando_v_sin_a8_f7_v50,allando_v_sin_a8_f7_v55,allando_v_sin_a8_f7_v60,allando_v_sin_a8_f7_v65,allando_v_sin_a8_f7_v70,allando_v_sin_a8_f7_v75,allando_v_sin_a8_f7_v80,allando_v_sin_a8_f7_v85,allando_v_sin_a8_f7_v90,allando_v_sin_a8_f7_v95
allando_v_sin_a2_f1_v10,1.000000,0.886495,0.886546,0.885600,0.885144,0.884749,0.884186,0.884030,0.883836,0.883795,0.949780,0.943846,0.940503,0.937540,0.926725,0.928718,0.924861,0.929042,0.917619,0.913608,0.904227,0.904019,0.906339,0.901107,0.891687,0.888355,0.887911,0.886791,0.966609,0.886243,0.886758,0.886683,0.886523,0.886370,0.886126,0.885845,0.885762,0.885515,0.944334,0.940469,0.938461,0.934816,0.926231,0.926652,0.921570,0.929284,0.916144,0.912962,0.905526,0.902325,0.904366,0.903844,0.900187,0.901529,0.891340,0.887603,0.959841,0.896176,0.896163,0.890311,0.889397,0.886678,0.885547,0.885067,0.884075,0.884395,0.941403,0.939388,0.933918,0.930876,0.927651,0.925561,0.923293,0.935372,0.913747,0.915064,0.906600,0.900721,0.908005,0.908616,0.912877,0.904414,0.898851,0.900333,0.956406,0.898951,0.897382,0.901023,0.904150,0.894206,0.895953,0.892122,0.895138,0.891128,0.940936,0.933969,0.931005,0.929210,0.924452,0.921681,0.916633,0.935274,0.915406,0.908068,0.906390,0.905020,0.905543,0.912339,0.910234,0.910340,0.903744,0.902588,0.929744,0.880388,0.880690,0.879596,0.879425,0.878677,0.878364,0.878187,0.878050,0.878106,0.917174,0.906336,0.902222,0.897635,0.893676,0.891292,0.887581,0.904781,0.887274,0.884532,0.879458,0.877301,0.876501,0.878233,0.880466,0.881535,0.881618,0.881781,0.925731,0.877783,0.877737,0.877549,0.876923,0.876758,0.876369,0.876876,0.876464,0.875940,0.915540,0.902320,0.899249,0.897778,0.892136,0.894333,0.890987,0.908024,0.889952,0.888377,0.884458,0.881106,0.879127,0.877950,0.878207,0.878493,0.879033,0.877262,0.923982,0.873495,0.871856,0.873339,0.870577,0.870354,0.872557,0.873111,0.869273,0.867184,0.915699,0.904278,0.899531,0.898578,0.899775,0.896384,0.892547,0.909230,0.892709,0.892030,0.888832,0.885490,0.885856,0.886611,0.880482,0.881190,0.885395,0.884129,0.921407,0.876406,0.879423,0.874841,0.874607,0.870550,0.873706,0.873356,0.869662,0.868192,0.912256,0.904157,0.899472,0.893072,0.895301,0.891974,0.892726,0.909568,0.892362,0.892197,0.889228,0.886699,0.889255,0.888395,0.884530,0.885953,0.888744,0.890392
allando_v_sin_a2_f1_v100,0.886495,1.000000,0.952530,0.953263,0.953385,0.953444,0.953447,0.953513,0.953523,0.953607,0.898177,0.906098,0.908853,0.912251,0.916359,0.922531,0.928841,0.848604,0.928636,0.928717,0.929933,0.934819,0.939646,0.948119,0.952035,0.951860,0.952971,0.952794,0.886237,0.952525,0.950638,0.948132,0.948102,0.947872,0.947162,0.947566,0.947796,0.948519,0.903222,0.911869,0.916214,0.918598,0.922591,0.927773,0.931652,0.849114,0.931733,0.931073,0.933528,0.937453,0.941587,0.944671,0.940038,0.953437,0.952520,0.953222,0.895216,0.954966,0.956724,0.953464,0.956794,0.954786,0.953606,0.953582,0.954110,0.954255,0.913033,0.916651,0.919098,0.921120,0.926605,0.929182,0.933569,0.858860,0.930064,0.932400,0.934038,0.930975,0.941067,0.945004,0.946423,0.943099,0.948372,0.950727,0.905644,0.949782,0.949959,0.951591,0.952389,0.949760,0.951641,0.950773,0.951749,0.952112,0.915920,0.919073,0.925288,0.926482,0.927849,0.931557,0.931929,0.865114,0.931956,0.928111,0.931864,0.931301,0.937100,0.942695,0.938680,0.942004,0.945287,0.946515,0.922541,0.954577,0.955093,0.955428,0.955217,0.955057,0.955722,0.955487,0.955048,0.955105,0.929623,0.931715,0.938263,0.941451,0.943089,0.944541,0.948702,0.881628,0.950969,0.951362,0.950999,0.951110,0.950979,0.952550,0.953937,0.954346,0.954155,0.955067,0.932838,0.956744,0.956779,0.956760,0.957099,0.957176,0.957560,0.957081,0.957380,0.957505,0.937092,0.939188,0.943444,0.946419,0.945880,0.948234,0.947862,0.893053,0.949308,0.953187,0.952792,0.951783,0.954608,0.955105,0.955219,0.956023,0.955986,0.956527,0.939176,0.947038,0.948137,0.950145,0.950508,0.950811,0.952246,0.951685,0.950373,0.949227,0.942830,0.946010,0.945891,0.948219,0.950157,0.948467,0.947136,0.900608,0.949919,0.951261,0.951362,0.950272,0.953552,0.955626,0.952358,0.954030,0.950430,0.949225,0.939749,0.944654,0.948805,0.947610,0.949479,0.945560,0.950291,0.949834,0.947243,0.947701,0.943101,0.948146,0.949290,0.947316,0.949958,0.948281,0.950465,0.905589,0.950229,0.951294,0.950664,0.949155,0.952131,0.952083,0.951895,0.953150,0.950336,0.950005
allando_v_sin_a2_f1_v105,0.886546,0.952530,1.000000,0.953026,0.953197,0.953240,0.953218,0.953274,0.953291,0.953385,0.898247,0.905795,0.908582,0.911840,0.915860,0.921985,0.928329,0.849115,0.928090,0.928130,0.929334,0.933997,0.938834,0.947441,0.951800,0.951571,0.952728,0.952477,0.886201,0.952226,0.950450,0.947995,0.947981,0.947767,0.947074,0.947489,0.947733,0.948468,0.903158,0.911500,0.915874,0.918126,0.922033,0.927204,0.931086,0.849625,0.931155,0.930411,0.932906,0.936594,0.940766,0.943832,0.939180,0.952799,0.952228,0.952936,0.894933,0.954141,0.956039,0.953010,0.956383,0.954508,0.953430,0.953385,0.953919,0.954047,0.912951,0.916224,0.918727,0.920601,0.926023,0.928625,0.933020,0.859122,0.929426,0.931756,0.933413,0.930148,0.940258,0.944165,0.945632,0.942528,0.947497,0.949866,0.905324,0.948849,0.949117,0.950983,0.951878,0.949573,0.951444,0.950469,0.951443,0.951414,0.915762,0.918623,0.924837,0.925993,0.927243,0.930909,0.931315,0.865322,0.931176,0.927433,0.931229,0.930473,0.936275,0.941838,0.937896,0.941110,0.944325,0.945655,0.922227,0.954147,0.954674,0.955035,0.954780,0.954634,0.955362,0.955098,0.954648,0.954705,0.929591,0.931156,0.937654,0.940823,0.942480,0.943871,0.948135,0.881881,0.950416,0.950806,0.950420,0.950558,0.950438,0.952024,0.953423,0.953838,0.953645,0.954560,0.932444,0.956396,0.956471,0.956412,0.956748,0.956836,0.957221,0.956781,0.957079,0.957173,0.936895,0.938590,0.942878,0.945871,0.945256,0.947617,0.947243,0.893137,0.948699,0.952618,0.952239,0.951271,0.954202,0.954747,0.954895,0.955713,0.955696,0.956123,0.938716,0.946372,0.947385,0.949447,0.949863,0.950227,0.951802,0.951359,0.950162,0.949047,0.942344,0.945576,0.945306,0.947684,0.949668,0.947944,0.946581,0.900636,0.949386,0.950726,0.950794,0.949819,0.953069,0.955130,0.951777,0.953509,0.949871,0.948684,0.939348,0.943872,0.948014,0.946856,0.948839,0.945086,0.950001,0.949474,0.947187,0.947598,0.942474,0.947580,0.948656,0.946688,0.949388,0.947712,0.949836,0.905592,0.949668,0.950705,0.950051,0.948669,0.951602,0.951537,0.951269,0.952612,0.949767,0.949502
allando_v_sin_a2_f1_v110,0.885600,0.953263,0.953026,1.000000,0.954071,0.954156,0.954202,0.954311,0.954361,0.954477,0.897141,0.905541,0.907901,0.910899,0.914837,0.920835,0.927313,0.847557,0.926936,0.927360,0.928665,0.932931,0.937798,0.946905,0.952145,0.952248,0.953292,0.953122,0.885385,0.953025,0.951269,0.948910,0.948935,0.948771,0.948118,0.948543,0.948804,0.949568,0.902017,0.911101,0.915035,0.917195,0.920970,0.926130,0.930107,0.848079,0.930020,0.929639,0.932263,0.935534,0.939760,0.943100,0.938550,0.952638,0.952679,0.953719,0.894153,0.953664,0.955611,0.953050,0.956703,0.955064,0.954131,0.954149,0.954693,0.954881,0.911662,0.915654,0.917856,0.919642,0.925018,0.927571,0.931975,0.857696,0.928244,0.930933,0.932727,0.928917,0.939254,0.943163,0.945028,0.942098,0.947207,0.949497,0.904364,0.948133,0.948542,0.950728,0.951713,0.948970,0.951024,0.950020,0.951069,0.951577,0.914411,0.918116,0.923917,0.924983,0.926297,0.929877,0.930183,0.864050,0.930301,0.926599,0.930540,0.929202,0.935346,0.940791,0.937039,0.940250,0.943729,0.945155,0.921517,0.954629,0.955193,0.955618,0.955439,0.955310,0.956019,0.955847,0.955434,0.955479,0.928724,0.931030,0.937367,0.940651,0.942426,0.943752,0.948077,0.880561,0.950364,0.950745,0.950380,0.950669,0.950608,0.952262,0.953735,0.954254,0.954138,0.955097,0.931786,0.957100,0.957154,0.957289,0.957611,0.957691,0.958098,0.957699,0.957982,0.958068,0.936190,0.938583,0.942592,0.945651,0.945120,0.947477,0.947075,0.891817,0.948691,0.952566,0.952269,0.951342,0.954565,0.955134,0.955433,0.956336,0.956266,0.956840,0.938073,0.946623,0.947679,0.949599,0.949931,0.950330,0.952156,0.951775,0.950522,0.949377,0.941769,0.944896,0.945358,0.947543,0.949469,0.947810,0.946463,0.899417,0.949235,0.950599,0.950712,0.949926,0.953243,0.955503,0.951817,0.953670,0.950060,0.948791,0.938948,0.943980,0.948249,0.946616,0.948757,0.945153,0.950186,0.949564,0.947167,0.947612,0.941930,0.947085,0.948237,0.946840,0.949306,0.947634,0.949631,0.904458,0.949495,0.950574,0.949871,0.948673,0.951570,0.951737,0.951144,0.952587,0.949849,0.949419
allando_v_sin_a2_f1_v115,0.885144,0.953385,0.953197,0.954071,1.000000,0.954338,0.954321,0.954389,0.954420,0.954521,0.897096,0.904685,0.907435,0.910535,0.914534,0.920641,0.927267,0.846872,0.926881,0.927281,0.928701,0.933183,0.938077,0.947275,0.952457,0.952322,0.953566,0.953298,0.884823,0.953095,0.951288,0.948812,0.948828,0.948642,0.947972,0.948397,0.948656,0.949431,0.901991,0.910340,0.914642,0.916874,0.920709,0.925888,0.930049,0.847401,0.929965,0.929580,0.932297,0.935833,0.940083,0.943439,0.939057,0.953028,0.952928,0.953795,0.893629,0.954160,0.956105,0.953419,0.957018,0.955317,0.954355,0.954307,0.954892,0.955018,0.911791,0.914953,0.917502,0.919349,0.924774,0.927303,0.931965,0.856946,0.928212,0.930855,0.932727,0.929210,0.939491,0.943526,0.945374,0.942672,0.947609,0.949894,0.904042,0.948564,0.949025,0.950999,0.952052,0.949971,0.951914,0.950853,0.951743,0.951663,0.914551,0.917456,0.923680,0.924646,0.926011,0.929650,0.930285,0.863248,0.930161,0.926405,0.930451,0.929405,0.935565,0.941018,0.937498,0.940821,0.944086,0.945551,0.921554,0.955051,0.955596,0.956007,0.955724,0.955604,0.956402,0.956117,0.955666,0.955729,0.929372,0.930662,0.937413,0.940814,0.942587,0.944000,0.948476,0.880340,0.950827,0.951296,0.950955,0.951210,0.951139,0.952734,0.954157,0.954613,0.954454,0.955381,0.931856,0.957419,0.957525,0.957496,0.957843,0.957915,0.958321,0.957912,0.958206,0.958323,0.936699,0.938284,0.942706,0.945938,0.945387,0.947791,0.947412,0.891513,0.948935,0.952988,0.952746,0.951796,0.955019,0.955648,0.955873,0.956752,0.956701,0.957139,0.938051,0.947323,0.948280,0.950269,0.950659,0.951064,0.952745,0.952377,0.951368,0.950308,0.941935,0.945397,0.945218,0.947665,0.949732,0.947979,0.946677,0.899098,0.949521,0.950963,0.951137,0.950324,0.953628,0.955832,0.952335,0.954158,0.950709,0.949461,0.938798,0.944661,0.948767,0.947382,0.949456,0.945857,0.950889,0.950351,0.948356,0.948810,0.942252,0.947427,0.948571,0.946693,0.949547,0.947867,0.949932,0.904136,0.949790,0.950928,0.950295,0.949071,0.951952,0.952109,0.951678,0.953107,0.950500,0.950083
allando_v_sin_a2_f1_v120,0.884749,0.953444,0.953240,0.954156,0.954338,1.000000,0.954430,0.954511,0.954547,0.954650,0.896747,0.904539,0.907083,0.910136,0.914137,0.920209,0.926895,0.846389,0.926525,0.927042,0.928514,0.933066,0.937907,0.947154,0.952372,0.952337,0.953563,0.953332,0.884424,0.953150,0.951310,0.948847,0.948868,0.948692,0.948026,0.948445,0.948708,0.949483,0.901611,0.910131,0.914217,0.916463,0.920283,0.925448,0.929661,0.846919,0.929588,0.929322,0.932077,0.935739,0.939884,0.943328,0.938892,0.952972,0.952890,0.953824,0.893240,0.954205,0.956119,0.953437,0.957013,0.955340,0.954370,0.954338,0.954934,0.955063,0.911335,0.914686,0.917066,0.918926,0.924342,0.926850,0.931556,0.856456,0.927838,0.930560,0.932473,0.929017,0.939294,0.943391,0.945188,0.942515,0.947547,0.949859,0.903593,0.948506,0.949061,0.950888,0.951964,0.949766,0.951762,0.950733,0.951696,0.951771,0.914033,0.917207,0.923324,0.924246,0.925582,0.929188,0.929869,0.862768,0.929812,0.926128,0.930201,0.929142,0.935401,0.940864,0.937191,0.940734,0.943980,0.945470,0.921379,0.955074,0.955617,0.956046,0.955800,0.955685,0.956458,0.956192,0.955761,0.955818,0.929158,0.930748,0.937390,0.940751,0.942561,0.943937,0.948359,0.880086,0.950724,0.951253,0.950921,0.951231,0.951160,0.952753,0.954182,0.954651,0.954501,0.955426,0.931664,0.957514,0.957606,0.957632,0.957981,0.958041,0.958438,0.958032,0.958320,0.958463,0.936497,0.938407,0.942728,0.945879,0.945306,0.947741,0.947303,0.891203,0.948825,0.952942,0.952649,0.951777,0.955041,0.955663,0.955930,0.956808,0.956740,0.957253,0.937860,0.947495,0.948491,0.950496,0.950866,0.951307,0.952922,0.952558,0.951506,0.950458,0.941814,0.945295,0.945345,0.947689,0.949641,0.947889,0.946544,0.898763,0.949377,0.950894,0.951031,0.950312,0.953663,0.955884,0.952365,0.954188,0.950734,0.949506,0.938628,0.944836,0.948939,0.947550,0.949640,0.946053,0.950960,0.950553,0.948381,0.948920,0.942156,0.947343,0.948555,0.946793,0.949462,0.947753,0.949868,0.903790,0.949647,0.950826,0.950146,0.949039,0.951955,0.952148,0.951693,0.953106,0.950511,0.950131
allando_v_sin_a2_f1_v125,0.884186,0.953447,0.953218,0.954202,0.954321,0.954430,1.000000,0.954587,0.954634,0.954741,0.896270,0.904325,0.906681,0.909679,0.913741,0.919745,0.926504,0.845827,0.926113,0.926729,0.928233,0.932767,0.937625,0.946932,0.952190,0.952315,0.953469,0.953309,0.883913,0.953168,0.951306,0.948878,0.948904,0.948742,0.948096,0.948506,0.948766,0.949535,0.901145,0.909899,0.913794,0.916018,0.919879,0.925023,0.929299,0.846351,0.929185,0.929007,0.931782,0.935404,0.939611,0.943099,0.938644,0.952814,0.952797,0.953817,0.892778,0.954079,0.955992,0.953408,0.956991,0.955332,0.954360,0.954356,0.954952,0.955093,0.910881,0.914441,0.916646,0.918475,0.923936,0.926429,0.931151,0.855936,0.927418,0.930207,0.932164,0.928675,0.939002,0.943065,0.944904,0.942265,0.947464,0.949745,0.903106,0.948325,0.948905,0.950736,0.951783,0.949372,0.951398,0.950581,0.951575,0.951862,0.913571,0.916985,0.922890,0.923820,0.925211,0.928803,0.929477,0.862273,0.929514,0.925807,0.929896,0.928815,0.935112,0.940503,0.936808,0.940398,0.943834,0.945301,0.920959,0.955032,0.955585,0.956045,0.955850,0.955739,0.956491,0.956262,0.955832,0.955886,0.928634,0.930649,0.937221,0.940596,0.942424,0.943812,0.948215,0.879600,0.950575,0.951123,0.950818,0.951161,0.951107,0.952708,0.954145,0.954630,0.954491,0.955427,0.931282,0.957534,0.957613,0.957716,0.958082,0.958118,0.958514,0.958120,0.958396,0.958567,0.936002,0.938417,0.942586,0.945691,0.945127,0.947587,0.947147,0.890725,0.948690,0.952812,0.952530,0.951668,0.954970,0.955584,0.955890,0.956762,0.956685,0.957294,0.937513,0.947565,0.948600,0.950537,0.950868,0.951318,0.952954,0.952563,0.951433,0.950349,0.941497,0.945041,0.945343,0.947558,0.949434,0.947692,0.946377,0.898336,0.949201,0.950718,0.950861,0.950170,0.953589,0.955813,0.952270,0.954107,0.950602,0.949379,0.938336,0.944934,0.949027,0.947511,0.949606,0.946021,0.950928,0.950464,0.948144,0.948699,0.941893,0.947072,0.948389,0.946750,0.949286,0.947583,0.949706,0.903392,0.949482,0.950672,0.949978,0.948882,0.951835,0.952027,0.951562,0.952978,0.950366,0.949972
allando_v_sin_a2_f1_v130,0.884030,0.953513,0.953274,0.954311,0.954389,0.954511,0.954587,1.000000,0.954786,0.954899,0.895898,0.904306,0.906612,0.909644,0.913654,0.919621,0.926402,0.845648,0.925937,0.926564,0.928061,0.932558,0.937443,0.946794,0.952162,0.952364,0.953486,0.953341,0.883756,0.953233,0.951371,0.949001,0.949042,0.948903,0.948285,0.948678,0.948928,0.949678,0.900759,0.909895,0.913716,0.915990,0.919782,0.924887,0.929211,0.846165,0.929007,0.928843,0.931612,0.935195,0.939433,0.942945,0.938572,0.952787,0.952805,0.953867,0.892631,0.954018,0.955899,0.953366,0.957003,0.955380,0.954432,0.954449,0.955044,0.955198,0.910531,0.914435,0.916569,0.918443,0.923842,0.926286,0.931050,0.855726,0.927258,0.930034,0.931991,0.928424,0.938800,0.942896,0.944855,0.942149,0.947407,0.949657,0.902985,0.948247,0.948836,0.950674,0.951769,0.949217,0.951310,0.950376,0.951353,0.951866,0.913212,0.916987,0.922814,0.923705,0.925121,0.928651,0.929360,0.862058,0.929412,0.925609,0.929718,0.928556,0.934909,0.940326,0.936778,0.940299,0.943755,0.945187,0.920781,0.955102,0.955667,0.956159,0.956001,0.955891,0.956637,0.956432,0.955994,0.956048,0.928369,0.930647,0.937227,0.940632,0.942461,0.943821,0.948205,0.879438,0.950571,0.951137,0.950846,0.951203,0.951157,0.952763,0.954208,0.954702,0.954578,0.955525,0.931086,0.957616,0.957687,0.957877,0.958275,0.958275,0.958670,0.958295,0.958552,0.958747,0.935793,0.938537,0.942581,0.945686,0.945151,0.947602,0.947138,0.890534,0.948695,0.952809,0.952550,0.951671,0.955021,0.955611,0.955926,0.956819,0.956728,0.957393,0.937287,0.947613,0.948660,0.950564,0.950916,0.951362,0.953019,0.952614,0.951473,0.950385,0.941332,0.944813,0.945446,0.947555,0.949424,0.947703,0.946378,0.898153,0.949215,0.950722,0.950888,0.950191,0.953593,0.955808,0.952218,0.954073,0.950665,0.949450,0.938173,0.944949,0.949063,0.947506,0.949643,0.946046,0.951012,0.950465,0.948177,0.948696,0.941765,0.946925,0.948230,0.946744,0.949302,0.947622,0.949702,0.903212,0.949478,0.950664,0.950000,0.948880,0.951806,0.952003,0.951488,0.952917,0.950431,0.950003
allando_v_sin_a2_f1_v135,0.883836,0.953523,0.953291,0.954361,0.954420,0.954547,0.954634,0.954786,1.000000,0.954987,0.895591,0.904141,0.906480,0.909515,0.913506,0.919443,0.926198,0.845423,0.925761,0.926371,0.927928,0.932428,0.937317,0.946704,0.952146,0.952380,0.953498,0.953344,0.883547,0.953244,0.951388,0.949045,0.949096,0.948974,0.948379,0.948774,0.949027,0.949778,0.900408,0.909735,0.913584,0.915868,0.919633,0.924723,0.929009,0.845939,0.928836,0.928660,0.931475,0.935056,0.939309,0.942860,0.938487,0.952732,0.952790,0.953870,0.892373,0.953964,0.955838,0.953330,0.957001,0.955409,0.954470,0.954499,0.955093,0.955253,0.910208,0.914294,0.916443,0.918315,0.923702,0.926112,0.930844,0.855482,0.927088,0.929848,0.931848,0.928276,0.938672,0.942784,0.944739,0.942089,0.947355,0.949595,0.902744,0.948168,0.948787,0.950635,0.951712,0.949095,0.951234,0.950267,0.951265,0.951756,0.912916,0.916855,0.922697,0.923578,0.924975,0.928493,0.929144,0.861793,0.929251,0.925418,0.929577,0.928398,0.934795,0.940198,0.936642,0.940217,0.943667,0.945104,0.920600,0.955113,0.955684,0.956194,0.956063,0.955957,0.956692,0.956515,0.956068,0.956120,0.928140,0.930594,0.937190,0.940618,0.942461,0.943816,0.948180,0.879262,0.950528,0.951085,0.950805,0.951182,0.951134,0.952753,0.954206,0.954709,0.954594,0.955551,0.930919,0.957647,0.957717,0.957941,0.958359,0.958359,0.958758,0.958393,0.958646,0.958836,0.935598,0.938529,0.942559,0.945655,0.945121,0.947581,0.947102,0.890355,0.948656,0.952775,0.952507,0.951648,0.955023,0.955611,0.955934,0.956841,0.956751,0.957430,0.937114,0.947640,0.948691,0.950589,0.950936,0.951397,0.953064,0.952656,0.951507,0.950413,0.941181,0.944606,0.945473,0.947533,0.949381,0.947679,0.946365,0.897983,0.949177,0.950683,0.950833,0.950164,0.953563,0.955779,0.952206,0.954081,0.950656,0.949448,0.937999,0.944988,0.949088,0.947522,0.949654,0.946077,0.951041,0.950499,0.948173,0.948720,0.941632,0.946791,0.948035,0.946701,0.949285,0.947600,0.949681,0.903043,0.949440,0.950626,0.949933,0.948851,0.951754,0.951950,0.951463,0.952904,0.950401,0.949998
allando_v_sin_a2_f1_v140,0.883795,0.953607,0.953385,0.954477,0.954521,0.954650,0.954741,0.954899,0.954987,1.000000,0.895513,0.904296,0.906569,0.909577,0.913576,0.919482,0.926229,0.845403,0.925759,0.926424,0.928046,0.932414,0.937261,0.946672,0.952211,0.952463,0.953589,0.953425,0.883520,0.953329,0.951483,0.949149,0.949205,0.949090,0.948508,0.948922,0.949188,0.949963,0.900330,0.909891,0.913669,0.915937,0.919717,0.924772,0.929054,0.845914,0.928834,0.928695,0.931589,0.935065,0.939255,0.942822,0.938469,0.952760,0.952853,0.953950,0.892351,0.954032,0.955883,0.953412,0.957100,0.955523,0.954581,0.954631,0.955224,0.955391,0.910153,0.914446,0.916533,0.918379,0.923781,0.926169,0.930870,0.855462,0.927112,0.929870,0.931958,0.928217,0.938613,0.942754,0.944712,0.942077,0.947387,0.949615,0.902733,0.948223,0.948853,0.950701,0.951767,0.949129,0.951314,0.950287,0.951278,0.951767,0.912854,0.917005,0.922785,0.923622,0.925063,0.928532,0.929156,0.861760,0.929313,0.925457,0.929695,0.928297,0.934735,0.940173,0.936620,0.940209,0.943677,0.945135,0.920610,0.955245,0.955819,0.956338,0.956240,0.956140,0.956848,0.956715,0.956265,0.956312,0.928162,0.930817,0.937314,0.940725,0.942576,0.943938,0.948303,0.879331,0.950633,0.951174,0.950895,0.951299,0.951246,0.952872,0.954324,0.954835,0.954731,0.955696,0.930902,0.957789,0.957861,0.958090,0.958512,0.958547,0.958957,0.958587,0.958851,0.959010,0.935634,0.938690,0.942708,0.945756,0.945227,0.947675,0.947200,0.890412,0.948770,0.952883,0.952596,0.951744,0.955146,0.955740,0.956067,0.956982,0.956894,0.957566,0.937118,0.947735,0.948813,0.950716,0.951075,0.951547,0.953210,0.952793,0.951654,0.950569,0.941229,0.944582,0.945659,0.947695,0.949487,0.947786,0.946501,0.898037,0.949299,0.950802,0.950927,0.950282,0.953697,0.955893,0.952223,0.954132,0.950705,0.949518,0.938087,0.945078,0.949224,0.947651,0.949810,0.946246,0.951173,0.950651,0.948301,0.948881,0.941656,0.946826,0.948009,0.946891,0.949398,0.947715,0.949806,0.903090,0.949555,0.950732,0.950024,0.948960,0.951875,0.952068,0.951484,0.952957,0.950469,0.950062
allando_v_sin_a2_f1_v15,0.949780,0.898177,0.898247,0.897141,0.897096,0.896747,0.896270,0.895898,0.895591,0.895513,1.000000,0.953684,0.948188,0.939556,0.935353,0.934609,0.933521,0.918823,0.927149,0.925101,0.915921,0.914716,0.915453,0.910549,0.903285,0.900504,0.899458,0.898952,0.950695,0.897467,0.898065,0.897098,0.896819,0.896458,0.896025,0.896020,0.896066,0.896162,0.962736,0.949969,0.945823,0.937264,0.934819,0.934217,0.931171,0.919184,0.925923,0.922889,0.917149,0.912280,0.913881,0.912537,0.901839,0.905279,0.900809,0.899018,0.950015,0.908194,0.909593,0.907254,0.903293,0.899819,0.898373,0.897615,0.897033,0.897037,0.960275,0.947710,0.941820,0.933096,0.934650,0.934001,0.932445,0.929129,0.923503,0.923182,0.917877,0.910323,0.916273,0.915021,0.912086,0.904082,0.908202,0.908082,0.947997,0.910346,0.907572,0.913848,0.911272,0.913735,0.910074,0.916514,0.918048,0.909263,0.957805,0.943476,0.939283,0.937319,0.932546,0.930119,0.926097,0.932013,0.924853,0.920916,0.918633,0.914544,0.913759,0.917632,0.908284,0.909219,0.910360,0.911663,0.927619,0.894470,0.894479,0.893650,0.893516,0.892995,0.892770,0.892509,0.892576,0.892565,0.932786,0.919662,0.913742,0.909210,0.904717,0.902577,0.900941,0.904377,0.900360,0.898543,0.894755,0.892815,0.892294,0.893361,0.894786,0.895468,0.895371,0.895379,0.925838,0.892749,0.893074,0.891655,0.891138,0.891418,0.891006,0.891212,0.890947,0.890542,0.925790,0.915484,0.912068,0.909667,0.905062,0.905064,0.902560,0.908241,0.902092,0.901362,0.898296,0.895401,0.893892,0.893343,0.893561,0.893138,0.894156,0.891793,0.928274,0.883359,0.884726,0.886734,0.884866,0.885478,0.888595,0.888381,0.886431,0.884809,0.924081,0.921980,0.912977,0.911868,0.912070,0.909409,0.904920,0.910047,0.904680,0.904341,0.900743,0.898044,0.900995,0.898536,0.893824,0.892432,0.887401,0.887023,0.927524,0.885947,0.891482,0.888280,0.888852,0.886185,0.889589,0.889760,0.887554,0.886724,0.914559,0.913483,0.914507,0.907709,0.907132,0.905150,0.904903,0.911950,0.903911,0.903645,0.900917,0.898440,0.903414,0.898353,0.896701,0.896774,0.892852,0.892567
allando_v_sin_a2_f1_v20,0.943846,0.906098,0.905795,0.905541,0.904685,0.904539,0.904325,0.904306,0.904141,0.904296,0.953684,1.000000,0.951332,0.945752,0.940948,0.940016,0.941392,0.911070,0.932041,0.933935,0.926101,0.920182,0.920199,0.916449,0.909659,0.907556,0.906622,0.906343,0.946173,0.905261,0.905398,0.904609,0.904390,0.904115,0.903720,0.903827,0.903818,0.904204,0.955752,0.966377,0.950145,0.944728,0.941525,0.939575,0.940483,0.911309,0.931435,0.931933,0.927642,0.919713,0.919223,0.918916,0.910924,0.915167,0.908277,0.906646,0.950940,0.917781,0.917152,0.917375,0.912628,0.908529,0.906474,0.906298,0.905655,0.905912,0.955383,0.964230,0.947191,0.941167,0.942324,0.939044,0.940653,0.923728,0.930055,0.932209,0.928763,0.914032,0.920941,0.920979,0.922734,0.914371,0.916631,0.916632,0.951340,0.919277,0.917359,0.921859,0.923226,0.920560,0.921054,0.920365,0.921027,0.921624,0.953431,0.961302,0.946864,0.941111,0.940866,0.935769,0.935017,0.928283,0.934937,0.929407,0.929281,0.917408,0.918581,0.924448,0.918902,0.919107,0.918971,0.920864,0.929037,0.903483,0.903552,0.902929,0.904066,0.903590,0.902232,0.902880,0.903215,0.903621,0.933629,0.932199,0.923830,0.917681,0.913381,0.911957,0.909926,0.904387,0.909740,0.907913,0.904252,0.902877,0.902405,0.903300,0.904546,0.905187,0.905418,0.905534,0.927891,0.902104,0.902027,0.901788,0.901414,0.902031,0.902062,0.901610,0.901490,0.900939,0.931071,0.927212,0.923522,0.918914,0.914016,0.914575,0.911794,0.910275,0.911835,0.911148,0.908073,0.904748,0.903481,0.902273,0.902280,0.902422,0.902790,0.901532,0.931254,0.892830,0.894056,0.895870,0.893970,0.894890,0.898092,0.898046,0.895929,0.894657,0.930090,0.925390,0.924667,0.924204,0.920686,0.916795,0.913336,0.914093,0.913951,0.913885,0.910555,0.908065,0.910381,0.908154,0.898136,0.898444,0.898068,0.896765,0.934376,0.893977,0.900761,0.896048,0.897914,0.895131,0.898488,0.898412,0.896770,0.895860,0.921744,0.920896,0.921351,0.920621,0.916543,0.913840,0.914025,0.916599,0.913370,0.913280,0.910791,0.908341,0.912554,0.909390,0.901201,0.902725,0.903786,0.900623
allando_v_sin_a2_f1_v25,0.940503,0.908853,0.908582,0.907901,0.907435,0.907083,0.906681,0.906612,0.906480,0.906569,0.948188,0.951332,1.000000,0.956909,0.949749,0.947264,0.946267,0.907591,0.940294,0.935262,0.927161,0.924941,0.925312,0.920674,0.913614,0.910497,0.909720,0.909223,0.943005,0.908552,0.908976,0.908237,0.908025,0.907736,0.907407,0.907371,0.907324,0.907161,0.951308,0.952849,0.965055,0.957165,0.950302,0.948088,0.945638,0.907658,0.940481,0.935191,0.930007,0.924170,0.925850,0.924804,0.916870,0.917884,0.911863,0.909893,0.947447,0.922039,0.921185,0.917687,0.915044,0.910993,0.909533,0.909013,0.908279,0.908703,0.954826,0.955017,0.963332,0.954650,0.950922,0.947475,0.947402,0.921277,0.939023,0.935335,0.931031,0.920677,0.927319,0.927965,0.926414,0.919557,0.923751,0.921962,0.951497,0.924719,0.922580,0.928743,0.924558,0.923608,0.920978,0.923416,0.922617,0.918847,0.955918,0.951768,0.959360,0.956245,0.948963,0.944743,0.941420,0.925477,0.941494,0.932742,0.932111,0.923990,0.925388,0.930818,0.926272,0.924433,0.925134,0.927157,0.930002,0.909707,0.909897,0.909151,0.909613,0.909060,0.908412,0.908437,0.908285,0.908526,0.933385,0.926555,0.930619,0.929867,0.924000,0.919865,0.916569,0.904938,0.915648,0.913840,0.910836,0.908875,0.908244,0.908975,0.910166,0.910728,0.911030,0.911189,0.930853,0.907452,0.907302,0.906525,0.906618,0.906978,0.906953,0.906657,0.906547,0.905731,0.930548,0.923817,0.926609,0.928552,0.925709,0.923527,0.918081,0.912598,0.916900,0.917126,0.915158,0.911293,0.909417,0.908118,0.907297,0.907715,0.908553,0.906161,0.934331,0.896298,0.897476,0.899138,0.898342,0.898458,0.901410,0.899625,0.897555,0.895843,0.932323,0.925696,0.921738,0.925147,0.930325,0.928011,0.921063,0.916899,0.920856,0.920462,0.917289,0.914156,0.915239,0.909735,0.904601,0.904747,0.901396,0.901326,0.935810,0.900204,0.904659,0.901915,0.902648,0.899730,0.903293,0.901958,0.899105,0.898473,0.924948,0.922744,0.920655,0.917373,0.927718,0.926777,0.923059,0.919836,0.920766,0.920476,0.917866,0.915189,0.918371,0.910574,0.908271,0.909993,0.907177,0.906130
allando_v_sin_a2_f1_v30,0.937540,0.912251,0.911840,0.910899,0.910535,0.910136,0.909679,0.909644,0.909515,0.909577,0.939556,0.945752,0.956909,1.000000,0.953988,0.953296,0.948212,0.899759,0.942470,0.938224,0.928074,0.927937,0.929445,0.925225,0.916790,0.913506,0.913132,0.912614,0.939507,0.911931,0.912155,0.911061,0.910846,0.910471,0.910034,0.910043,0.909918,0.909741,0.944146,0.949965,0.961920,0.965073,0.956152,0.954430,0.947851,0.899793,0.943506,0.939667,0.931303,0.928896,0.929526,0.929827,0.925054,0.924816,0.916144,0.913395,0.945161,0.926616,0.925554,0.920905,0.918697,0.914608,0.912794,0.912357,0.911636,0.912025,0.950239,0.955346,0.962119,0.964043,0.958396,0.953427,0.951079,0.914139,0.942168,0.940995,0.932681,0.924796,0.931348,0.933946,0.935734,0.927541,0.926415,0.927478,0.951794,0.930050,0.927677,0.932791,0.932186,0.925500,0.926288,0.925024,0.925536,0.923133,0.954034,0.953229,0.961347,0.960990,0.955609,0.950897,0.944516,0.918441,0.944514,0.935750,0.933349,0.928555,0.929355,0.936952,0.933064,0.933040,0.930853,0.930373,0.933177,0.915656,0.915936,0.915120,0.915556,0.914931,0.914316,0.914464,0.914117,0.914393,0.933617,0.930365,0.935052,0.934135,0.930762,0.928294,0.924227,0.904917,0.923253,0.920308,0.916061,0.914373,0.913438,0.914492,0.915940,0.916600,0.917048,0.917344,0.934397,0.912905,0.912534,0.911979,0.912028,0.912376,0.912552,0.912142,0.911923,0.911019,0.933307,0.928394,0.932109,0.933167,0.931388,0.931994,0.927093,0.914751,0.924663,0.923694,0.920347,0.916840,0.915094,0.913550,0.912388,0.912589,0.913886,0.911576,0.937489,0.902205,0.901914,0.904074,0.903171,0.903236,0.906260,0.904894,0.902097,0.900061,0.935620,0.930039,0.926908,0.930624,0.934946,0.934209,0.930253,0.919447,0.928587,0.927298,0.923889,0.920227,0.920807,0.916425,0.910207,0.910803,0.911741,0.910416,0.938300,0.905023,0.908079,0.907297,0.906958,0.903877,0.906752,0.906876,0.903065,0.902409,0.930835,0.927914,0.925758,0.921696,0.933008,0.932371,0.930818,0.921756,0.928683,0.927508,0.924421,0.921395,0.924076,0.918559,0.914134,0.915768,0.916446,0.915105
allando_v_sin_a2_f1_v35,0.926725,0.916359,0.915860,0.914837,0.914534,0.914137,0.913741,0.913654,0.913506,0.913576,0.935353,0.940948,0.949749,0.953988,1.000000,0.957399,0.952146,0.893624,0.947434,0.942407,0.931231,0.932401,0.934670,0.929677,0.921580,0.917985,0.917573,0.916933,0.929178,0.916218,0.916027,0.914465,0.914296,0.913837,0.913285,0.913412,0.913308,0.913313,0.940867,0.945431,0.955848,0.956956,0.963080,0.959716,0.952749,0.893518,0.948635,0.943248,0.934419,0.932550,0.935451,0.934345,0.925444,0.926885,0.919777,0.917670,0.934902,0.932047,0.931831,0.927161,0.924186,0.919622,0.917568,0.917136,0.916534,0.916909,0.947948,0.951692,0.957240,0.956302,0.962682,0.959269,0.955785,0.908875,0.947210,0.943227,0.935936,0.928995,0.936835,0.936523,0.935500,0.927125,0.932433,0.932138,0.942655,0.935595,0.931424,0.935840,0.932978,0.932303,0.930612,0.930582,0.930197,0.929273,0.952286,0.950803,0.957476,0.958139,0.960481,0.956892,0.950110,0.912747,0.948533,0.940435,0.936971,0.933232,0.934376,0.938690,0.931485,0.932962,0.936357,0.936348,0.931671,0.922333,0.922392,0.921549,0.921686,0.921097,0.920725,0.920951,0.920501,0.920638,0.936216,0.935274,0.936486,0.934467,0.931014,0.933247,0.933083,0.901769,0.931177,0.928178,0.923471,0.921426,0.920769,0.921753,0.923101,0.923554,0.923566,0.923902,0.934493,0.919075,0.918884,0.918105,0.918231,0.918713,0.918865,0.918278,0.918091,0.917288,0.936687,0.933904,0.936945,0.934559,0.932062,0.933868,0.935306,0.912321,0.932942,0.931423,0.927318,0.923134,0.921900,0.920545,0.918825,0.919282,0.920254,0.918144,0.940376,0.909637,0.910629,0.912015,0.910319,0.909863,0.912346,0.910496,0.909130,0.907211,0.939283,0.935667,0.932487,0.935800,0.937265,0.935808,0.937636,0.917910,0.936864,0.934917,0.931009,0.925877,0.926702,0.921170,0.916710,0.916838,0.913358,0.912456,0.941458,0.913073,0.915770,0.913276,0.912977,0.909115,0.914051,0.913626,0.911190,0.910634,0.933620,0.932731,0.931711,0.928603,0.933952,0.933202,0.935962,0.920814,0.936623,0.935330,0.931692,0.927045,0.929630,0.921379,0.920312,0.921479,0.918700,0.917077
allando_v_sin_a2_f1_v40,0.928718,0.922531,0.921985,0.920835,0.920641,0.920209,0.919745,0.919621,0.919443,0.919482,0.934609,0.940016,0.947264,0.953296,0.957399,1.000000,0.956237,0.895000,0.953008,0.945718,0.936550,0.939052,0.941942,0.936941,0.927578,0.923883,0.923717,0.923031,0.930585,0.922144,0.921638,0.919797,0.919589,0.919110,0.918411,0.918539,0.918478,0.918439,0.939517,0.945149,0.953430,0.956540,0.961716,0.966357,0.956798,0.895063,0.954233,0.947475,0.939514,0.939225,0.942407,0.941081,0.932987,0.935509,0.926187,0.923619,0.936538,0.938094,0.938891,0.932553,0.930579,0.925663,0.923322,0.922987,0.922320,0.922736,0.947280,0.951014,0.954461,0.957201,0.963430,0.966180,0.959583,0.909336,0.953618,0.948088,0.941062,0.936692,0.943735,0.943766,0.943678,0.934567,0.936190,0.937748,0.944913,0.941588,0.937750,0.940600,0.940026,0.935944,0.936223,0.934959,0.935615,0.934495,0.951055,0.949780,0.956379,0.959421,0.961416,0.963425,0.954551,0.913387,0.954411,0.944334,0.941595,0.940609,0.941865,0.945837,0.940341,0.940567,0.941821,0.940940,0.936290,0.928433,0.928641,0.927648,0.927667,0.927005,0.926729,0.926879,0.926474,0.926557,0.937904,0.938178,0.938781,0.937080,0.934714,0.937177,0.937336,0.904709,0.937706,0.935173,0.930936,0.928545,0.927773,0.928787,0.930143,0.930383,0.929915,0.930268,0.939911,0.925289,0.925208,0.924433,0.924469,0.924993,0.925043,0.924435,0.924418,0.923746,0.940208,0.937438,0.940249,0.937647,0.935800,0.938170,0.939169,0.915767,0.939894,0.937933,0.934335,0.930544,0.928321,0.927102,0.925243,0.925749,0.926462,0.924747,0.945164,0.916253,0.916653,0.918621,0.917837,0.916958,0.918574,0.917462,0.915114,0.913323,0.943613,0.940129,0.936543,0.939878,0.940700,0.939787,0.941994,0.921203,0.942935,0.941253,0.938358,0.933079,0.931723,0.929008,0.924309,0.924894,0.922150,0.921720,0.945594,0.918530,0.921796,0.920424,0.920441,0.915560,0.921461,0.919506,0.916878,0.915386,0.938786,0.938242,0.936653,0.933380,0.937440,0.937312,0.940274,0.924256,0.942186,0.941592,0.938975,0.934077,0.934852,0.929751,0.927933,0.929295,0.926490,0.926456
allando_v_sin_a2_f1_v45,0.924861,0.928841,0.928329,0.927313,0.927267,0.926895,0.926504,0.926402,0.926198,0.926229,0.933521,0.941392,0.946267,0.948212,0.952146,0.956237,1.000000,0.894872,0.956534,0.950721,0.942339,0.942341,0.944904,0.941013,0.933309,0.929968,0.929833,0.929259,0.927345,0.928002,0.927364,0.925468,0.925245,0.924795,0.924154,0.924243,0.924081,0.924263,0.939461,0.946962,0.951775,0.951736,0.956657,0.958662,0.966498,0.894752,0.958140,0.950702,0.945327,0.942880,0.946373,0.943135,0.934136,0.940120,0.931836,0.929455,0.934192,0.943815,0.943454,0.940392,0.937640,0.932150,0.929773,0.929545,0.929020,0.929298,0.948065,0.951670,0.953024,0.952251,0.958653,0.958930,0.966978,0.907625,0.957017,0.951161,0.947057,0.938626,0.947179,0.946193,0.946254,0.938144,0.941653,0.941508,0.943544,0.944507,0.941917,0.945186,0.945314,0.944701,0.944368,0.942433,0.940717,0.941750,0.949309,0.951879,0.956272,0.956229,0.959235,0.957545,0.965048,0.912939,0.958868,0.948407,0.946983,0.942648,0.944339,0.948024,0.946527,0.942777,0.944519,0.945327,0.934823,0.933560,0.933556,0.932815,0.932969,0.932479,0.932138,0.932216,0.931858,0.931951,0.940438,0.940557,0.942128,0.939932,0.936797,0.937561,0.939086,0.903141,0.940313,0.941082,0.938866,0.935530,0.935993,0.935863,0.936633,0.936223,0.935217,0.935294,0.940421,0.930988,0.931055,0.930144,0.930528,0.930979,0.930789,0.930164,0.930400,0.930127,0.943664,0.941838,0.943488,0.942177,0.939726,0.940549,0.940451,0.913691,0.941799,0.942890,0.941441,0.937591,0.934625,0.933490,0.931661,0.932323,0.931980,0.930796,0.946397,0.922966,0.923064,0.924064,0.924290,0.923148,0.925225,0.924640,0.923437,0.922429,0.946554,0.944020,0.941684,0.943841,0.945115,0.942273,0.940956,0.920519,0.945612,0.945104,0.943901,0.939574,0.938073,0.934588,0.929552,0.929151,0.928821,0.926720,0.949278,0.923264,0.927472,0.923984,0.926954,0.921061,0.931260,0.925114,0.926978,0.923979,0.941967,0.943290,0.942453,0.940011,0.942277,0.941461,0.942307,0.924941,0.944870,0.945265,0.944779,0.940499,0.940596,0.935061,0.932331,0.932648,0.935145,0.929521
allando_v_sin_a2_f1_v5,0.929042,0.848604,0.849115,0.847557,0.846872,0.846389,0.845827,0.845648,0.845423,0.845403,0.918823,0.911070,0.907591,0.899759,0.893624,0.895000,0.894872,1.000000,0.886225,0.877425,0.866818,0.864747,0.866751,0.858415,0.854183,0.851594,0.850104,0.849148,0.924401,0.849533,0.852490,0.854104,0.853869,0.853667,0.853419,0.853217,0.852993,0.852589,0.912421,0.906111,0.903919,0.894648,0.891691,0.892373,0.891251,0.973701,0.883216,0.874222,0.867737,0.862478,0.865102,0.860566,0.851777,0.853253,0.852817,0.850572,0.915461,0.852807,0.852781,0.849281,0.849726,0.848822,0.849349,0.848944,0.847460,0.847725,0.908243,0.905148,0.899250,0.891709,0.892799,0.892995,0.893742,0.961842,0.882619,0.875006,0.869502,0.859372,0.867846,0.864957,0.864064,0.854732,0.856452,0.855677,0.910281,0.855245,0.852509,0.857276,0.856952,0.854516,0.852393,0.851211,0.853160,0.849611,0.905633,0.899830,0.897110,0.895001,0.890486,0.887479,0.886993,0.957381,0.882472,0.872366,0.870276,0.863530,0.864468,0.868774,0.865279,0.862778,0.860064,0.860754,0.892670,0.843055,0.843236,0.842719,0.842811,0.842202,0.841585,0.841622,0.841733,0.841878,0.886120,0.874440,0.868043,0.862960,0.856557,0.853912,0.850541,0.926634,0.850066,0.849355,0.846054,0.842426,0.842007,0.843170,0.844370,0.844743,0.844134,0.843846,0.886109,0.841513,0.841731,0.841166,0.840291,0.840542,0.840165,0.840808,0.840561,0.839112,0.881686,0.869442,0.865090,0.861114,0.856071,0.855927,0.852810,0.917903,0.852573,0.852908,0.849857,0.846544,0.843576,0.842359,0.842310,0.842106,0.842956,0.839878,0.887367,0.833336,0.832862,0.834831,0.833054,0.831895,0.834011,0.834159,0.831621,0.829490,0.881139,0.871832,0.865032,0.864841,0.865022,0.861019,0.856905,0.913825,0.858479,0.858010,0.854718,0.851678,0.849070,0.846497,0.838588,0.839565,0.837707,0.837904,0.887236,0.836428,0.838563,0.835505,0.836363,0.832826,0.841936,0.837863,0.835575,0.833896,0.871715,0.868153,0.866074,0.860174,0.860105,0.857893,0.857783,0.910926,0.857868,0.857233,0.855487,0.852714,0.852884,0.847805,0.842559,0.845076,0.843645,0.842364
allando_v_sin_a2_f1_v50,0.917619,0.928636,0.928090,0.926936,0.926881,0.926525,0.926113,0.925937,0.925761,0.925759,0.927149,0.932041,0.940294,0.942470,0.947434,0.953008,0.956534,0.886225,1.000000,0.948647,0.942188,0.946241,0.949392,0.943682,0.934094,0.930235,0.930006,0.929143,0.919843,0.927642,0.926888,0.924780,0.924481,0.924030,0.923218,0.923416,0.923495,0.923483,0.931619,0.938000,0.946430,0.946030,0.951671,0.956484,0.958214,0.886164,0.964522,0.950322,0.944914,0.945322,0.950197,0.945517,0.933492,0.940014,0.931205,0.929091,0.924888,0.942522,0.945033,0.938174,0.936857,0.931223,0.928824,0.928450,0.928020,0.928356,0.940561,0.943541,0.947821,0.947716,0.953052,0.957960,0.958937,0.899449,0.961701,0.951890,0.946513,0.944641,0.952632,0.949026,0.944593,0.935523,0.938756,0.940607,0.934607,0.943954,0.941030,0.946342,0.943427,0.942121,0.941411,0.940703,0.941842,0.939684,0.942624,0.942724,0.950137,0.957213,0.954072,0.956881,0.957137,0.904454,0.956905,0.950538,0.946825,0.949039,0.948442,0.950990,0.943734,0.939768,0.942391,0.943006,0.931935,0.934137,0.934282,0.933512,0.933552,0.932994,0.932886,0.932737,0.932522,0.932530,0.934881,0.937508,0.940745,0.939675,0.937651,0.937293,0.939015,0.898522,0.940582,0.940454,0.940179,0.937367,0.936848,0.936907,0.937525,0.936795,0.935530,0.935868,0.939284,0.931542,0.931425,0.930534,0.930994,0.931640,0.931427,0.930602,0.931081,0.930803,0.938545,0.938348,0.942225,0.941395,0.940347,0.940370,0.940164,0.910375,0.942588,0.942983,0.941761,0.940976,0.935672,0.934615,0.932407,0.932998,0.932521,0.931560,0.946038,0.920488,0.921634,0.923672,0.924282,0.923232,0.925517,0.925343,0.922454,0.921516,0.943566,0.941568,0.939007,0.942313,0.944571,0.944800,0.941347,0.916665,0.945207,0.944326,0.943745,0.940154,0.938469,0.935902,0.935267,0.934528,0.926638,0.926753,0.945952,0.921490,0.926351,0.924094,0.927176,0.922045,0.930881,0.924779,0.924605,0.921850,0.938869,0.942017,0.940803,0.938390,0.942306,0.942387,0.942329,0.921804,0.944566,0.944906,0.944811,0.941034,0.941488,0.935067,0.937276,0.937104,0.929817,0.931098
allando_v_sin_a2_f1_v55,0.913608,0.928717,0.928130,0.927360,0.927281,0.927042,0.926729,0.926564,0.926371,0.926424,0.925101,0.933935,0.935262,0.938224,0.942407,0.945718,0.950721,0.877425,0.948647,1.000000,0.952080,0.947095,0.944181,0.942413,0.933360,0.929674,0.929991,0.929158,0.916934,0.927552,0.926570,0.924060,0.923807,0.923396,0.922744,0.923067,0.922980,0.923241,0.932433,0.936853,0.940474,0.942567,0.947603,0.948922,0.953473,0.877446,0.951138,0.961230,0.954463,0.949725,0.944784,0.943951,0.935449,0.941125,0.931282,0.929024,0.925933,0.944215,0.945226,0.940817,0.937976,0.931967,0.929373,0.928723,0.928489,0.928701,0.938211,0.939278,0.942873,0.943593,0.949792,0.950932,0.953568,0.891461,0.950386,0.962209,0.955638,0.943874,0.946264,0.946653,0.946021,0.937943,0.940120,0.940796,0.933297,0.944734,0.942806,0.946029,0.945057,0.943188,0.942964,0.941052,0.941517,0.940747,0.939322,0.940238,0.945983,0.947290,0.952031,0.950714,0.951909,0.898645,0.954474,0.961746,0.955762,0.944937,0.943312,0.949617,0.939370,0.941770,0.941911,0.943315,0.928454,0.933477,0.933667,0.933086,0.932981,0.932503,0.932499,0.932343,0.931847,0.932015,0.932965,0.933370,0.938550,0.936672,0.936592,0.937456,0.938942,0.894495,0.939919,0.938304,0.936962,0.936571,0.935367,0.935320,0.935771,0.935454,0.934823,0.935205,0.935289,0.930892,0.930767,0.930065,0.930406,0.931415,0.930915,0.930166,0.930456,0.930694,0.937484,0.935877,0.940770,0.940227,0.939451,0.939700,0.940382,0.906899,0.942674,0.941000,0.938507,0.938044,0.935309,0.934070,0.932217,0.932490,0.931828,0.931638,0.943381,0.921860,0.922901,0.924897,0.923756,0.924490,0.926680,0.925743,0.923828,0.922814,0.942669,0.940336,0.938749,0.941132,0.942517,0.942465,0.940686,0.913564,0.942237,0.941680,0.939921,0.939415,0.943848,0.941060,0.931951,0.931758,0.928983,0.926848,0.949643,0.922103,0.929925,0.925620,0.929467,0.924746,0.925819,0.925676,0.923186,0.922576,0.939018,0.941754,0.940724,0.937003,0.940650,0.940649,0.941929,0.917904,0.942572,0.942638,0.941246,0.940349,0.945993,0.941384,0.934555,0.934087,0.933327,0.930779
allando_v_sin_a2_f1_v60,0.904227,0.929933,0.929334,0.928665,0.928701,0.928514,0.928233,0.928061,0.927928,0.928046,0.915921,0.926101,0.927161,0.928074,0.931231,0.936550,0.942339,0.866818,0.942188,0.952080,1.000000,0.951587,0.947619,0.945931,0.934437,0.930685,0.931349,0.930407,0.907183,0.928565,0.927054,0.924276,0.924047,0.923648,0.922897,0.923389,0.923392,0.923694,0.923720,0.929893,0.933023,0.933195,0.937344,0.940875,0.945615,0.866968,0.945010,0.954706,0.965213,0.954384,0.948751,0.947821,0.937304,0.944067,0.932443,0.929792,0.917822,0.945434,0.947102,0.941913,0.939421,0.933544,0.930662,0.930119,0.930042,0.930240,0.930686,0.931796,0.935273,0.934966,0.940124,0.943444,0.945555,0.881829,0.945056,0.956386,0.966643,0.948642,0.949388,0.948892,0.948214,0.943561,0.943358,0.943847,0.926294,0.946267,0.944782,0.946860,0.946516,0.946601,0.946407,0.944253,0.944731,0.943913,0.932024,0.932527,0.937564,0.939368,0.943083,0.944445,0.944676,0.889644,0.951199,0.956450,0.967045,0.948209,0.946719,0.951708,0.942206,0.944886,0.945211,0.948012,0.925206,0.934276,0.934439,0.933914,0.934015,0.933616,0.933426,0.933457,0.932898,0.932963,0.930787,0.931930,0.935788,0.935406,0.935583,0.935516,0.937232,0.891923,0.938997,0.937452,0.938203,0.937710,0.936201,0.936235,0.936598,0.936402,0.935783,0.936106,0.933179,0.932519,0.932410,0.931935,0.932212,0.933332,0.932756,0.932018,0.932487,0.932812,0.935814,0.935602,0.938780,0.939868,0.938468,0.938787,0.938298,0.905492,0.941349,0.940423,0.938872,0.938456,0.935780,0.934902,0.933575,0.933883,0.933318,0.933877,0.941091,0.925610,0.927185,0.928351,0.926509,0.927185,0.928455,0.927974,0.927423,0.927075,0.940496,0.940181,0.940026,0.940004,0.941663,0.940560,0.937390,0.912047,0.939594,0.939840,0.938304,0.938033,0.944193,0.944151,0.934142,0.936141,0.930574,0.929727,0.946985,0.925632,0.934913,0.926655,0.930918,0.926869,0.926435,0.927077,0.926268,0.925947,0.939928,0.941970,0.941264,0.938151,0.939313,0.938971,0.940343,0.916809,0.940815,0.941079,0.939895,0.938722,0.946863,0.945265,0.937099,0.938672,0.933968,0.933716
allando_v_sin_a2_f1_v65,0.904019,0.934819,0.933997,0.932931,0.933183,0.933066,0.932767,0.932558,0.932428,0.932414,0.914716,0.920182,0.924941,0.927937,0.932401,0.939052,0.942341,0.864747,0.946241,0.947095,0.951587,1.000000,0.957612,0.953725,0.939662,0.935711,0.936502,0.935409,0.905580,0.933682,0.931651,0.928711,0.928374,0.927883,0.927082,0.927334,0.927420,0.927533,0.919976,0.925617,0.931909,0.933072,0.938605,0.943971,0.944525,0.865105,0.949045,0.950217,0.953394,0.959762,0.958008,0.956350,0.943128,0.949245,0.937053,0.934656,0.914327,0.952834,0.954954,0.947046,0.944239,0.938191,0.935086,0.934455,0.934301,0.934539,0.928285,0.929978,0.933724,0.935492,0.941274,0.945921,0.945823,0.879582,0.947784,0.952383,0.954724,0.958709,0.958771,0.959278,0.952454,0.945513,0.949229,0.950831,0.924116,0.953629,0.951904,0.953414,0.950597,0.948073,0.948638,0.948197,0.950571,0.947663,0.931628,0.930717,0.938397,0.942737,0.942903,0.947581,0.945286,0.885892,0.948499,0.951455,0.955137,0.960330,0.955994,0.960244,0.946511,0.950865,0.951876,0.951866,0.929644,0.938598,0.938670,0.938139,0.938244,0.937788,0.937570,0.937276,0.937093,0.937084,0.931243,0.933830,0.939411,0.938769,0.939134,0.939943,0.941197,0.891976,0.942265,0.941884,0.942070,0.940684,0.939707,0.940156,0.940914,0.940674,0.939897,0.940173,0.939150,0.937252,0.937152,0.936649,0.936957,0.937667,0.937250,0.936398,0.936832,0.937265,0.936950,0.937378,0.942193,0.943010,0.941306,0.942671,0.942373,0.905988,0.943755,0.944797,0.942444,0.942359,0.939505,0.939001,0.937807,0.938178,0.937869,0.938476,0.946088,0.932118,0.933545,0.935898,0.934506,0.934893,0.935432,0.934851,0.931936,0.930935,0.943278,0.943155,0.941419,0.943235,0.944806,0.944178,0.941830,0.912172,0.943167,0.943814,0.942265,0.940284,0.944769,0.945710,0.946076,0.944651,0.936837,0.935763,0.944176,0.933296,0.938081,0.935928,0.936723,0.932552,0.932243,0.933898,0.929264,0.929943,0.943200,0.945772,0.943895,0.940654,0.943273,0.941593,0.944477,0.916810,0.943838,0.944478,0.943264,0.940830,0.947167,0.945804,0.948321,0.946388,0.938515,0.940654
allando_v_sin_a2_f1_v70,0.906339,0.939646,0.938834,0.937798,0.938077,0.937907,0.937625,0.937443,0.937317,0.937261,0.915453,0.920199,0.925312,0.929445,0.934670,0.941942,0.944904,0.866751,0.949392,0.944181,0.947619,0.957612,1.000000,0.958014,0.944379,0.940424,0.941324,0.940289,0.907075,0.938683,0.936392,0.933395,0.933069,0.932582,0.931713,0.931941,0.932057,0.932195,0.919970,0.926586,0.932845,0.934628,0.940459,0.947091,0.946721,0.867123,0.951801,0.947446,0.949834,0.956744,0.964691,0.960444,0.947607,0.954459,0.942214,0.939703,0.914950,0.955483,0.958546,0.950753,0.949023,0.943030,0.939876,0.939464,0.939310,0.939534,0.929260,0.932158,0.934511,0.936948,0.943093,0.948317,0.948475,0.880613,0.949383,0.949604,0.951201,0.957139,0.965267,0.962019,0.957370,0.949736,0.953655,0.955856,0.925547,0.956127,0.954164,0.956386,0.954743,0.951773,0.952741,0.951612,0.954361,0.951785,0.932995,0.932799,0.939253,0.944789,0.944107,0.950078,0.947514,0.886290,0.949083,0.947333,0.951178,0.961086,0.961870,0.962153,0.952103,0.953589,0.957118,0.955757,0.933912,0.943560,0.943684,0.943059,0.943147,0.942652,0.942526,0.942238,0.942092,0.942071,0.935064,0.938280,0.942562,0.942545,0.942525,0.943640,0.945684,0.893367,0.947231,0.947177,0.946975,0.945067,0.944585,0.945125,0.946048,0.945716,0.944800,0.945085,0.944026,0.942607,0.942523,0.942032,0.942345,0.942851,0.942604,0.941806,0.942199,0.942543,0.941292,0.942082,0.945791,0.946663,0.944606,0.946988,0.946686,0.906979,0.947875,0.949556,0.947874,0.947202,0.944464,0.944093,0.942912,0.943465,0.943126,0.943670,0.949796,0.939007,0.940118,0.941262,0.939824,0.939460,0.940594,0.940600,0.937607,0.936539,0.947004,0.947837,0.945662,0.947317,0.948950,0.947645,0.945454,0.913439,0.948256,0.948622,0.947901,0.944922,0.947032,0.949005,0.952127,0.951171,0.943234,0.942745,0.945588,0.940341,0.943294,0.938880,0.939996,0.935456,0.940242,0.937579,0.936034,0.935085,0.948055,0.949939,0.948656,0.945406,0.946886,0.945048,0.947754,0.918304,0.948757,0.949413,0.948561,0.945312,0.949265,0.948506,0.953975,0.952891,0.944481,0.946755
allando_v_sin_a2_f1_v75,0.901107,0.948119,0.947441,0.946905,0.947275,0.947154,0.946932,0.946794,0.946704,0.946672,0.910549,0.916449,0.920674,0.925225,0.929677,0.936941,0.941013,0.858415,0.943682,0.942413,0.945931,0.953725,0.958014,1.000000,0.951512,0.948249,0.949544,0.948620,0.901389,0.947402,0.944819,0.941590,0.941329,0.940892,0.940077,0.940332,0.940467,0.940769,0.915503,0.922545,0.928252,0.931327,0.935899,0.942079,0.943204,0.859005,0.946733,0.945719,0.948538,0.954862,0.959237,0.961909,0.951241,0.960806,0.950360,0.948268,0.910463,0.961504,0.963900,0.957535,0.956944,0.951746,0.948860,0.948385,0.948557,0.948575,0.924890,0.927661,0.930766,0.933814,0.939323,0.942838,0.944748,0.871962,0.944238,0.947545,0.949296,0.951984,0.959268,0.961657,0.959017,0.954825,0.957844,0.960772,0.920894,0.959207,0.959006,0.959955,0.960133,0.956537,0.958504,0.956844,0.958853,0.956647,0.928711,0.929474,0.936023,0.939885,0.940448,0.945919,0.944140,0.878037,0.945544,0.943807,0.948019,0.954250,0.955935,0.960582,0.951813,0.956406,0.958124,0.958315,0.932441,0.951738,0.951990,0.951604,0.951565,0.951149,0.951320,0.950855,0.950531,0.950560,0.936101,0.938290,0.944616,0.946172,0.947291,0.949031,0.951928,0.888919,0.953700,0.953275,0.952583,0.951697,0.951092,0.952035,0.953063,0.952981,0.952375,0.952966,0.943741,0.951433,0.951343,0.950981,0.951354,0.951682,0.951759,0.950950,0.951287,0.951647,0.943867,0.944376,0.948976,0.951302,0.949952,0.952784,0.952261,0.902464,0.953073,0.955484,0.953886,0.953046,0.952354,0.952206,0.951265,0.951899,0.951695,0.952280,0.949513,0.947488,0.948163,0.949793,0.948398,0.948782,0.949666,0.949366,0.946938,0.945697,0.949642,0.951377,0.949841,0.951783,0.953593,0.951950,0.950159,0.910218,0.952580,0.953364,0.952625,0.950660,0.953693,0.956442,0.957024,0.958076,0.952136,0.950812,0.946769,0.947502,0.950720,0.947277,0.948218,0.944056,0.946619,0.946416,0.943919,0.944385,0.951601,0.954575,0.953817,0.950488,0.952703,0.950650,0.953454,0.915490,0.953683,0.954558,0.952987,0.950931,0.954616,0.955119,0.958203,0.958773,0.952324,0.953985
allando_v_sin_a2_f1_v80,0.891687,0.952035,0.951800,0.952145,0.952457,0.952372,0.952190,0.952162,0.952146,0.952211,0.903285,0.909659,0.913614,0.916790,0.921580,0.927578,0.933309,0.854183,0.934094,0.933360,0.934437,0.939662,0.944379,0.951512,1.000000,0.951744,0.953007,0.952220,0.891464,0.951725,0.949907,0.947255,0.947194,0.946923,0.946215,0.946602,0.946808,0.947421,0.908151,0.915477,0.921005,0.923002,0.927752,0.932847,0.935997,0.854709,0.937240,0.935808,0.937834,0.941949,0.946293,0.948623,0.941956,0.954975,0.952594,0.952556,0.899885,0.956283,0.958530,0.954518,0.957212,0.954587,0.953279,0.952957,0.953342,0.953469,0.917876,0.920410,0.923947,0.925453,0.931396,0.934237,0.937874,0.864866,0.935318,0.937194,0.938485,0.936586,0.946027,0.949098,0.948717,0.945342,0.950912,0.953293,0.910303,0.951732,0.951645,0.953704,0.953784,0.953035,0.954476,0.952513,0.953643,0.952413,0.921045,0.922736,0.929654,0.931684,0.932493,0.936572,0.936418,0.870837,0.936432,0.933413,0.936591,0.937505,0.942162,0.947009,0.941093,0.944754,0.948306,0.949450,0.925144,0.954197,0.954641,0.954800,0.954511,0.954299,0.954944,0.954504,0.954095,0.954153,0.932779,0.933130,0.940045,0.942943,0.944318,0.945906,0.950281,0.884570,0.952239,0.952279,0.951769,0.951566,0.951315,0.952722,0.953952,0.954143,0.953786,0.954653,0.935946,0.955464,0.955543,0.955292,0.955637,0.955882,0.956238,0.955663,0.955991,0.956032,0.940128,0.940148,0.945113,0.947868,0.947311,0.949539,0.949404,0.896468,0.950720,0.954167,0.953519,0.952623,0.954601,0.954918,0.954535,0.955471,0.955332,0.955426,0.942543,0.946624,0.947763,0.949633,0.949336,0.949716,0.951129,0.950714,0.949698,0.948623,0.944992,0.947565,0.946661,0.949567,0.951714,0.950318,0.948737,0.904123,0.951340,0.952421,0.952226,0.950973,0.954101,0.956026,0.953879,0.955203,0.950044,0.948856,0.942258,0.945320,0.949142,0.947031,0.948700,0.944753,0.949358,0.948949,0.947497,0.948012,0.945152,0.950003,0.950417,0.948260,0.951438,0.949755,0.951932,0.909256,0.951846,0.952775,0.951878,0.950283,0.953239,0.952646,0.953810,0.954702,0.950150,0.950631
allando_v_sin_a2_f1_v85,0.888355,0.951860,0.951571,0.952248,0.952322,0.952337,0.952315,0.952364,0.952380,0.952463,0.900504,0.907556,0.910497,0.913506,0.917985,0.923883,0.929968,0.851594,0.930235,0.929674,0.930685,0.935711,0.940424,0.948249,0.951744,1.000000,0.952236,0.951902,0.888125,0.951530,0.949818,0.947386,0.947366,0.947143,0.946469,0.946865,0.947088,0.947763,0.905358,0.913261,0.917793,0.919700,0.924108,0.929236,0.932723,0.852090,0.933358,0.931956,0.934186,0.938051,0.942307,0.944884,0.938763,0.952376,0.951663,0.952307,0.896562,0.953692,0.955769,0.952451,0.955684,0.953741,0.952627,0.952554,0.953004,0.953179,0.914986,0.918088,0.920665,0.922158,0.927957,0.930787,0.934679,0.861814,0.931508,0.933374,0.934839,0.932253,0.942007,0.945314,0.945568,0.942191,0.947881,0.950161,0.906743,0.948823,0.948794,0.951154,0.951363,0.949445,0.950944,0.950360,0.951448,0.950998,0.917912,0.920444,0.926467,0.928220,0.929145,0.933003,0.932989,0.867908,0.932837,0.929525,0.932891,0.933038,0.938041,0.943138,0.937791,0.941189,0.944986,0.946211,0.922929,0.953272,0.953763,0.954059,0.953866,0.953689,0.954312,0.954082,0.953669,0.953713,0.930031,0.931819,0.937987,0.941012,0.942506,0.943866,0.948040,0.883007,0.950094,0.950340,0.949943,0.949894,0.949785,0.951365,0.952737,0.953116,0.952878,0.953803,0.933320,0.955261,0.955310,0.955238,0.955583,0.955689,0.956061,0.955586,0.955873,0.955933,0.937122,0.939018,0.943173,0.945826,0.945256,0.947488,0.947267,0.894616,0.948696,0.952321,0.951820,0.950927,0.953392,0.953844,0.953881,0.954645,0.954650,0.955052,0.939903,0.945299,0.946477,0.948295,0.948357,0.948635,0.950345,0.949889,0.948620,0.947411,0.942675,0.945809,0.945511,0.947922,0.949783,0.948309,0.946817,0.902041,0.949439,0.950622,0.950527,0.949413,0.952682,0.954648,0.952005,0.953373,0.948515,0.947292,0.940065,0.943288,0.947348,0.945568,0.947416,0.943677,0.948623,0.948019,0.945668,0.946135,0.942588,0.947677,0.948784,0.946996,0.949489,0.947873,0.949937,0.907039,0.949820,0.950768,0.949978,0.948448,0.951462,0.951042,0.951622,0.952640,0.948583,0.948574
allando_v_sin_a2_f1_v90,0.887911,0.952971,0.952728,0.953292,0.953566,0.953563,0.953469,0.953486,0.953498,0.953589,0.899458,0.906622,0.909720,0.913132,0.917573,0.923717,0.929833,0.850104,0.930006,0.929991,0.931349,0.936502,0.941324,0.949544,0.953007,0.952236,1.000000,0.953045,0.887563,0.952624,0.950725,0.948121,0.948095,0.947856,0.947165,0.947582,0.947824,0.948554,0.904384,0.912411,0.917196,0.919509,0.923809,0.929039,0.932602,0.850622,0.933169,0.932460,0.934863,0.939067,0.943286,0.946325,0.940692,0.954213,0.952957,0.953360,0.896291,0.955455,0.957423,0.953947,0.957202,0.955104,0.953886,0.953765,0.954269,0.954376,0.914128,0.917275,0.920177,0.921985,0.927868,0.930459,0.934579,0.860447,0.931326,0.933859,0.935459,0.932923,0.942856,0.946560,0.947262,0.944205,0.949621,0.952045,0.906708,0.950293,0.950534,0.952346,0.953003,0.951154,0.952926,0.951332,0.952420,0.951716,0.917124,0.919742,0.926272,0.927737,0.929006,0.932868,0.933007,0.866583,0.932952,0.929676,0.933307,0.933467,0.938858,0.944234,0.939286,0.943172,0.946596,0.947833,0.923788,0.954970,0.955449,0.955707,0.955427,0.955255,0.955929,0.955620,0.955184,0.955239,0.931114,0.932310,0.939025,0.942103,0.943777,0.945397,0.949701,0.883027,0.951805,0.952071,0.951650,0.951660,0.951512,0.953043,0.954378,0.954721,0.954474,0.955375,0.934271,0.956832,0.956911,0.956732,0.957097,0.957252,0.957633,0.957119,0.957434,0.957501,0.938660,0.939605,0.944277,0.947210,0.946530,0.949028,0.948781,0.894651,0.950048,0.953904,0.953353,0.952515,0.955132,0.955626,0.955568,0.956418,0.956363,0.956676,0.940661,0.947724,0.948788,0.950628,0.950565,0.950902,0.952355,0.951950,0.950918,0.949797,0.943899,0.946790,0.946399,0.949010,0.950977,0.949312,0.948003,0.902142,0.950629,0.951966,0.951880,0.950887,0.954190,0.956308,0.953544,0.955106,0.950975,0.949681,0.940763,0.945722,0.949490,0.947703,0.949430,0.945682,0.950388,0.950155,0.947979,0.948634,0.944371,0.949313,0.949914,0.948009,0.950741,0.948903,0.951257,0.907090,0.951053,0.952138,0.951228,0.949872,0.952876,0.952758,0.953186,0.954335,0.950825,0.950786
allando_v_sin_a2_f1_v95,0.886791,0.952794,0.952477,0.953122,0.953298,0.953332,0.953309,0.953341,0.953344,0.953425,0.898952,0.906343,0.909223,0.912614,0.916933,0.923031,0.929259,0.849148,0.929143,0.929158,0.930407,0.935409,0.940289,0.948620,0.952220,0.951902,0.953045,1.000000,0.886527,0.952462,0.950571,0.947989,0.947945,0.947693,0.946975,0.947397,0.947632,0.948361,0.904060,0.912142,0.916680,0.919012,0.923185,0.928365,0.932063,0.849663,0.932293,0.931572,0.934008,0.938020,0.942267,0.945354,0.940681,0.953663,0.952603,0.953210,0.895494,0.954999,0.956845,0.953589,0.956846,0.954791,0.953561,0.953513,0.954030,0.954154,0.913920,0.917036,0.919639,0.921521,0.927193,0.929754,0.934061,0.859495,0.930510,0.932880,0.934503,0.931663,0.941748,0.945579,0.946748,0.943447,0.949023,0.951316,0.905942,0.949871,0.950027,0.951860,0.952473,0.950214,0.951884,0.951370,0.952341,0.952129,0.916885,0.919530,0.925736,0.927056,0.928374,0.932190,0.932430,0.865711,0.932360,0.928662,0.932364,0.932138,0.937847,0.943239,0.938728,0.942422,0.945952,0.947111,0.923012,0.954643,0.955132,0.955424,0.955204,0.955041,0.955683,0.955437,0.955003,0.955063,0.930234,0.932067,0.938572,0.941778,0.943372,0.944873,0.949053,0.882180,0.951268,0.951613,0.951211,0.951270,0.951153,0.952702,0.954056,0.954438,0.954230,0.955128,0.933318,0.956740,0.956787,0.956649,0.956980,0.957104,0.957505,0.956990,0.957301,0.957391,0.937544,0.939415,0.943804,0.946755,0.946176,0.948584,0.948243,0.893690,0.949569,0.953430,0.953015,0.952049,0.954725,0.955236,0.955307,0.956055,0.956069,0.956510,0.939731,0.947327,0.948446,0.950240,0.950330,0.950638,0.952165,0.951612,0.950365,0.949196,0.943201,0.946651,0.946133,0.948592,0.950527,0.948801,0.947449,0.901226,0.950175,0.951517,0.951568,0.950487,0.953823,0.955841,0.952767,0.954332,0.950510,0.949292,0.940154,0.945177,0.949115,0.947376,0.949202,0.945385,0.950166,0.949749,0.947213,0.947814,0.943644,0.948581,0.949783,0.947724,0.950284,0.948592,0.950796,0.906215,0.950574,0.951632,0.950930,0.949450,0.952482,0.952319,0.952387,0.953544,0.950495,0.950202
allando_v_sin_a2_f3_v10,0.966609,0.886237,0.886201,0.885385,0.884823,0.884424,0.883913,0.883756,0.883547,0.883520,0.950695,0.946173,0.943005,0.939507,0.929178,0.930585,0.927345,0.924401,0.919843,0.916934,0.907183,0.905580,0.907075,0.901389,0.891464,0.888125,0.887563,0.886527,1.000000,0.885960,0.886451,0.886272,0.886111,0.885990,0.885887,0.885568,0.885379,0.885107,0.947691,0.943519,0.941354,0.937502,0.929115,0.929291,0.924746,0.924449,0.918822,0.916607,0.908607,0.903951,0.905399,0.905014,0.900569,0.901713,0.891103,0.887384,0.964237,0.896581,0.896658,0.890999,0.889618,0.886637,0.885394,0.884937,0.883896,0.884310,0.945665,0.942950,0.937515,0.933947,0.930520,0.928455,0.926044,0.935644,0.916694,0.918717,0.909917,0.902858,0.909182,0.909540,0.913582,0.904922,0.899908,0.901048,0.960738,0.899577,0.898125,0.901955,0.904882,0.895330,0.896301,0.892936,0.895705,0.891732,0.945035,0.937759,0.934380,0.932233,0.927947,0.924700,0.919661,0.936337,0.919610,0.912285,0.910137,0.907365,0.907235,0.913581,0.911100,0.910973,0.904873,0.904053,0.929093,0.879944,0.880181,0.879012,0.878808,0.878077,0.877785,0.877651,0.877479,0.877507,0.916731,0.906532,0.902278,0.897603,0.893471,0.890939,0.887377,0.901025,0.887038,0.884080,0.879146,0.877216,0.876385,0.877955,0.880205,0.881306,0.881365,0.881543,0.925822,0.877265,0.877209,0.876986,0.876391,0.876246,0.875786,0.876305,0.875889,0.875433,0.915425,0.902669,0.899412,0.897878,0.892224,0.894247,0.890916,0.907333,0.890320,0.888210,0.884364,0.881124,0.878807,0.877558,0.877744,0.878044,0.878534,0.876820,0.925043,0.871807,0.870426,0.871715,0.868726,0.868577,0.870877,0.871369,0.867583,0.865562,0.916257,0.904071,0.899697,0.898590,0.899884,0.896553,0.892755,0.909753,0.893108,0.892113,0.888740,0.885770,0.886116,0.886080,0.879250,0.879783,0.883627,0.882362,0.923838,0.875369,0.878951,0.873320,0.873500,0.869225,0.872157,0.871546,0.867929,0.866118,0.912771,0.904129,0.899195,0.893307,0.895428,0.892539,0.893079,0.910893,0.892796,0.892625,0.889565,0.887232,0.889865,0.888278,0.883623,0.884913,0.887512,0.888817
allando_v_sin_a2_f3_v100,0.886243,0.952525,0.952226,0.953025,0.953095,0.953150,0.953168,0.953233,0.953244,0.953329,0.897467,0.905261,0.908552,0.911931,0.916218,0.922144,0.928002,0.849533,0.927642,0.927552,0.928565,0.933682,0.938683,0.947402,0.951725,0.951530,0.952624,0.952462,0.885960,1.000000,0.950804,0.948401,0.948392,0.948160,0.947448,0.947840,0.948074,0.948759,0.902705,0.911260,0.916265,0.918451,0.922577,0.927659,0.930849,0.850050,0.930849,0.930068,0.932272,0.936419,0.940815,0.944288,0.939346,0.952962,0.952431,0.953245,0.894995,0.954622,0.956455,0.953155,0.956597,0.954808,0.953787,0.953748,0.954219,0.954425,0.912739,0.916290,0.919306,0.921098,0.926738,0.929025,0.933070,0.859505,0.929206,0.931213,0.932858,0.929970,0.940344,0.944413,0.945737,0.942814,0.948796,0.951098,0.905413,0.949245,0.949571,0.951044,0.951667,0.949060,0.950871,0.950122,0.951184,0.951603,0.915878,0.918820,0.925306,0.926624,0.927652,0.931296,0.931185,0.865781,0.931273,0.926918,0.930764,0.930264,0.936437,0.941898,0.937557,0.941670,0.945546,0.946646,0.922435,0.954238,0.954774,0.955110,0.954850,0.954685,0.955395,0.955135,0.954728,0.954794,0.929378,0.931310,0.937771,0.941052,0.942621,0.944152,0.948289,0.882241,0.950441,0.950771,0.950189,0.950378,0.950261,0.951913,0.953386,0.953906,0.953748,0.954669,0.932956,0.956650,0.956685,0.956699,0.956994,0.957030,0.957454,0.957007,0.957280,0.957379,0.937095,0.938766,0.942890,0.945928,0.945340,0.947813,0.947345,0.893713,0.948632,0.952723,0.952240,0.951085,0.954243,0.954758,0.954963,0.955857,0.955863,0.956381,0.939416,0.947428,0.948574,0.950334,0.950301,0.950646,0.951941,0.951265,0.949946,0.948687,0.942879,0.945744,0.945331,0.947802,0.949860,0.948129,0.946832,0.901381,0.949497,0.950866,0.950806,0.949702,0.952941,0.955174,0.951863,0.953794,0.949983,0.948792,0.939902,0.945483,0.949092,0.947353,0.949008,0.945097,0.949593,0.949421,0.946482,0.947319,0.943275,0.947859,0.948829,0.946799,0.949727,0.947941,0.950194,0.906298,0.949859,0.950951,0.950030,0.948617,0.951479,0.951376,0.951428,0.952912,0.949784,0.949670
allando_v_sin_a2_f3_v105,0.886758,0.950638,0.950450,0.951269,0.951288,0.951310,0.951306,0.951371,0.951388,0.951483,0.898065,0.905398,0.908976,0.912155,0.916027,0.921638,0.927364,0.852490,0.926888,0.926570,0.927054,0.931651,0.936392,0.944819,0.949907,0.949818,0.950725,0.950571,0.886451,0.950804,1.000000,0.947287,0.947295,0.947073,0.946376,0.946790,0.947027,0.947689,0.903131,0.911329,0.916599,0.918481,0.922267,0.927144,0.930164,0.852982,0.930067,0.928906,0.930794,0.934240,0.938410,0.941486,0.936490,0.949831,0.950456,0.951484,0.894992,0.951482,0.953456,0.950577,0.954151,0.952706,0.951989,0.951936,0.952350,0.952589,0.913134,0.916335,0.919579,0.921056,0.926308,0.928684,0.932451,0.861981,0.928420,0.930217,0.931490,0.928071,0.938067,0.941916,0.942971,0.939622,0.945341,0.947496,0.905324,0.946349,0.946459,0.948879,0.949228,0.946911,0.948439,0.947979,0.949029,0.949177,0.916190,0.918725,0.925184,0.926628,0.927276,0.930663,0.930317,0.868166,0.930133,0.926117,0.929562,0.928493,0.934139,0.939671,0.935123,0.938442,0.942140,0.943421,0.921498,0.951936,0.952508,0.952911,0.952597,0.952447,0.953227,0.952979,0.952557,0.952630,0.928405,0.929705,0.936048,0.939220,0.940726,0.941966,0.946000,0.884166,0.948005,0.948223,0.947659,0.947773,0.947668,0.949377,0.950908,0.951481,0.951357,0.952285,0.931621,0.954514,0.954582,0.954571,0.954806,0.954874,0.955295,0.954932,0.955195,0.955166,0.935579,0.936850,0.940988,0.943988,0.943399,0.945584,0.945109,0.895463,0.946401,0.950257,0.949807,0.948689,0.951886,0.952437,0.952741,0.953611,0.953749,0.954021,0.938101,0.943364,0.944451,0.946488,0.946782,0.947162,0.948945,0.948374,0.947076,0.945751,0.941202,0.943971,0.943211,0.945811,0.948065,0.946476,0.945057,0.902880,0.947513,0.948666,0.948523,0.947469,0.950652,0.952471,0.948975,0.950792,0.946701,0.945382,0.938857,0.941100,0.945029,0.943942,0.945743,0.942105,0.946951,0.946589,0.943751,0.944319,0.940782,0.945674,0.946607,0.944481,0.947775,0.946173,0.948102,0.907692,0.947778,0.948589,0.947774,0.946342,0.949242,0.948659,0.948464,0.949924,0.946675,0.946197
allando_v_sin_a2_f3_v110,0.886683,0.948132,0.947995,0.948910,0.948812,0.948847,0.948878,0.949001,0.949045,0.949149,0.897098,0.904609,0.908237,0.911061,0.914465,0.919797,0.925468,0.854104,0.924780,0.924060,0.924276,0.928711,0.933395,0.941590,0.947255,0.947386,0.948121,0.947989,0.886272,0.948401,0.947287,1.000000,0.945554,0.945386,0.944757,0.945114,0.945329,0.945907,0.901855,0.910462,0.915702,0.917186,0.920519,0.925230,0.928168,0.854562,0.927857,0.926271,0.928031,0.931088,0.935332,0.938150,0.933342,0.946476,0.947857,0.949061,0.894322,0.948060,0.950064,0.947421,0.951165,0.950057,0.949577,0.949562,0.949918,0.950206,0.911753,0.915367,0.918523,0.919602,0.924488,0.926819,0.930484,0.863077,0.926223,0.927617,0.928781,0.925119,0.935064,0.938752,0.939822,0.936241,0.941987,0.944003,0.904458,0.943000,0.943056,0.945966,0.946214,0.943786,0.945248,0.944602,0.945684,0.946144,0.914698,0.917574,0.923802,0.925162,0.925383,0.928514,0.928092,0.869120,0.927804,0.923544,0.926933,0.925623,0.931155,0.936619,0.932241,0.935076,0.938795,0.940111,0.919908,0.948847,0.949455,0.949927,0.949623,0.949472,0.950292,0.950066,0.949648,0.949720,0.926304,0.927466,0.933531,0.936597,0.937959,0.938902,0.942745,0.884538,0.944647,0.944885,0.944333,0.944389,0.944307,0.946079,0.947695,0.948348,0.948266,0.949195,0.929636,0.951604,0.951673,0.951834,0.952092,0.952040,0.952418,0.952179,0.952380,0.952355,0.933263,0.934623,0.938243,0.941204,0.940497,0.942525,0.941872,0.895575,0.943169,0.946978,0.946573,0.945390,0.948725,0.949241,0.949677,0.950599,0.950768,0.951040,0.935927,0.939702,0.940786,0.942866,0.943277,0.943635,0.945657,0.945140,0.943837,0.942465,0.938773,0.941026,0.940671,0.943009,0.945341,0.943754,0.942131,0.902793,0.944528,0.945605,0.945420,0.944340,0.947397,0.949087,0.945499,0.947333,0.943225,0.941913,0.936747,0.937403,0.941355,0.940445,0.942287,0.938747,0.943936,0.943383,0.940595,0.940975,0.937919,0.942721,0.943455,0.941537,0.944976,0.943373,0.945024,0.907495,0.944680,0.945395,0.944640,0.943167,0.945986,0.945209,0.944964,0.946502,0.943255,0.942676
allando_v_sin_a2_f3_v115,0.886523,0.948102,0.947981,0.948935,0.948828,0.948868,0.948904,0.949042,0.949096,0.949205,0.896819,0.904390,0.908025,0.910846,0.914296,0.919589,0.925245,0.853869,0.924481,0.923807,0.924047,0.928374,0.933069,0.941329,0.947194,0.947366,0.948095,0.947945,0.886111,0.948392,0.947295,0.945554,1.000000,0.945478,0.944875,0.945222,0.945430,0.945999,0.901579,0.910257,0.915493,0.916987,0.920362,0.925040,0.927965,0.854326,0.927568,0.926028,0.927822,0.930770,0.935035,0.937905,0.933022,0.946283,0.947804,0.949044,0.894119,0.947801,0.949801,0.947230,0.951036,0.950019,0.949593,0.949586,0.949940,0.950243,0.911474,0.915161,0.918340,0.919415,0.924379,0.926653,0.930305,0.862781,0.925965,0.927359,0.928595,0.924774,0.934788,0.938458,0.939601,0.936110,0.941868,0.943846,0.904252,0.942734,0.942806,0.945747,0.946043,0.943689,0.945154,0.944396,0.945465,0.945916,0.914423,0.917387,0.923593,0.924958,0.925252,0.928297,0.927872,0.868804,0.927602,0.923284,0.926754,0.925267,0.930905,0.936315,0.932043,0.934861,0.938664,0.940001,0.919743,0.948798,0.949409,0.949892,0.949587,0.949436,0.950272,0.950055,0.949635,0.949708,0.926183,0.927321,0.933333,0.936426,0.937800,0.938757,0.942627,0.884339,0.944511,0.944735,0.944160,0.944234,0.944165,0.945953,0.947595,0.948278,0.948208,0.949138,0.929465,0.951586,0.951663,0.951859,0.952135,0.952054,0.952430,0.952216,0.952397,0.952385,0.933166,0.934553,0.938092,0.941030,0.940306,0.942366,0.941742,0.895350,0.943053,0.946841,0.946431,0.945236,0.948656,0.949175,0.949634,0.950582,0.950749,0.951032,0.935757,0.939698,0.940781,0.942801,0.943165,0.943510,0.945547,0.945053,0.943838,0.942478,0.938600,0.940808,0.940597,0.942884,0.945192,0.943611,0.942041,0.902577,0.944440,0.945507,0.945304,0.944251,0.947281,0.949004,0.945344,0.947226,0.943134,0.941829,0.936638,0.937389,0.941334,0.940250,0.942129,0.938612,0.943877,0.943315,0.940645,0.941020,0.937777,0.942513,0.943206,0.941372,0.944794,0.943204,0.944872,0.907269,0.944569,0.945291,0.944491,0.943056,0.945839,0.945092,0.944790,0.946386,0.943167,0.942555
allando_v_sin_a2_f3_v120,0.886370,0.947872,0.947767,0.948771,0.948642,0.948692,0.948742,0.948903,0.948974,0.949090,0.896458,0.904115,0.907736,0.910471,0.913837,0.919110,0.924795,0.853667,0.924030,0.923396,0.923648,0.927883,0.932582,0.940892,0.946923,0.947143,0.947856,0.947693,0.885990,0.948160,0.947073,0.945386,0.945478,1.000000,0.944814,0.945141,0.945339,0.945885,0.901174,0.909926,0.915118,0.916585,0.919861,0.924529,0.927515,0.854111,0.927098,0.925621,0.927419,0.930281,0.934546,0.937439,0.932670,0.945975,0.947543,0.948804,0.893900,0.947361,0.949395,0.946836,0.950717,0.949766,0.949383,0.949383,0.949732,0.950051,0.911021,0.914787,0.917968,0.919016,0.923869,0.926160,0.929839,0.862476,0.925537,0.926948,0.928169,0.924257,0.934320,0.937992,0.939230,0.935772,0.941456,0.943442,0.903954,0.942258,0.942403,0.945326,0.945708,0.943287,0.944775,0.943923,0.945013,0.945373,0.913914,0.917001,0.923204,0.924504,0.924760,0.927760,0.927393,0.868481,0.927220,0.922866,0.926335,0.924728,0.930457,0.935871,0.931689,0.934475,0.938215,0.939556,0.919347,0.948481,0.949098,0.949603,0.949320,0.949171,0.950014,0.949806,0.949383,0.949455,0.925697,0.926923,0.932925,0.936035,0.937399,0.938293,0.942164,0.883844,0.944090,0.944343,0.943784,0.943905,0.943836,0.945626,0.947278,0.947966,0.947903,0.948832,0.929034,0.951288,0.951373,0.951632,0.951939,0.951829,0.952191,0.952007,0.952170,0.952186,0.932682,0.934270,0.937689,0.940620,0.939884,0.941942,0.941283,0.894784,0.942656,0.946452,0.946049,0.944890,0.948350,0.948861,0.949339,0.950308,0.950449,0.950770,0.935290,0.939406,0.940489,0.942502,0.942861,0.943212,0.945252,0.944783,0.943553,0.942214,0.938125,0.940241,0.940304,0.942491,0.944797,0.943216,0.941603,0.902017,0.944060,0.945150,0.944951,0.943984,0.946971,0.948738,0.944978,0.946902,0.942870,0.941610,0.936256,0.937100,0.941081,0.939905,0.941861,0.938315,0.943638,0.942998,0.940383,0.940726,0.937314,0.941993,0.942622,0.940940,0.944403,0.942823,0.944445,0.906700,0.944163,0.944919,0.944121,0.942779,0.945508,0.944821,0.944418,0.946037,0.942869,0.942328
allando_v_sin_a2_f3_v125,0.886126,0.947162,0.947074,0.948118,0.947972,0.948026,0.948096,0.948285,0.948379,0.948508,0.896025,0.903720,0.907407,0.910034,0.913285,0.918411,0.924154,0.853419,0.923218,0.922744,0.922897,0.927082,0.931713,0.940077,0.946215,0.946469,0.947165,0.946975,0.885887,0.947448,0.946376,0.944757,0.944875,0.944814,1.000000,0.944639,0.944804,0.945319,0.900800,0.909543,0.914750,0.916170,0.919305,0.923829,0.926894,0.853849,0.926315,0.924981,0.926691,0.929517,0.933704,0.936682,0.932062,0.945268,0.946843,0.948083,0.893725,0.946658,0.948613,0.946153,0.950016,0.949114,0.948758,0.948760,0.949093,0.949428,0.910656,0.914436,0.917654,0.918615,0.923349,0.925473,0.929233,0.862244,0.924806,0.926298,0.927433,0.923480,0.933485,0.937265,0.938520,0.935182,0.940881,0.942788,0.903715,0.941541,0.941773,0.944682,0.945039,0.942629,0.944043,0.943213,0.944242,0.944364,0.913558,0.916703,0.922876,0.923950,0.924243,0.927101,0.926821,0.868222,0.926617,0.922207,0.925619,0.923961,0.929743,0.935133,0.931036,0.933928,0.937563,0.938912,0.918586,0.947659,0.948275,0.948802,0.948561,0.948417,0.949244,0.949054,0.948608,0.948682,0.924904,0.926116,0.932164,0.935305,0.936615,0.937488,0.941319,0.883025,0.943200,0.943450,0.942868,0.943033,0.942976,0.944770,0.946442,0.947148,0.947105,0.948039,0.928277,0.950427,0.950529,0.950844,0.951209,0.951054,0.951402,0.951254,0.951383,0.951434,0.931898,0.933654,0.936918,0.939869,0.939102,0.941166,0.940477,0.894012,0.941810,0.945599,0.945187,0.944046,0.947507,0.947994,0.948483,0.949462,0.949610,0.949946,0.934534,0.938665,0.939715,0.941713,0.942044,0.942426,0.944462,0.943960,0.942745,0.941386,0.937351,0.939297,0.939676,0.941748,0.944053,0.942431,0.940835,0.901357,0.943253,0.944345,0.944102,0.943240,0.946195,0.947915,0.944084,0.945985,0.942136,0.940837,0.935603,0.936442,0.940344,0.939207,0.941108,0.937586,0.942826,0.942203,0.939586,0.939960,0.936557,0.941124,0.941603,0.940114,0.943689,0.942121,0.943700,0.906040,0.943376,0.944143,0.943297,0.942070,0.944733,0.944047,0.943575,0.945170,0.942184,0.941588
allando_v_sin_a2_f3_v130,0.885845,0.947566,0.947489,0.948543,0.948397,0.948445,0.948506,0.948678,0.948774,0.948922,0.896020,0.903827,0.907371,0.910043,0.913412,0.918539,0.924243,0.853217,0.923416,0.923067,0.923389,0.927334,0.931941,0.940332,0.946602,0.946865,0.947582,0.947397,0.885568,0.947840,0.946790,0.945114,0.945222,0.945141,0.944639,1.000000,0.945206,0.945795,0.900802,0.909616,0.914738,0.916184,0.919457,0.923996,0.927010,0.853649,0.926517,0.925285,0.927167,0.929789,0.933911,0.936862,0.932159,0.945507,0.947204,0.948490,0.893470,0.946907,0.948904,0.946438,0.950388,0.949502,0.949134,0.949162,0.949512,0.949844,0.910656,0.914484,0.917639,0.918618,0.923478,0.925676,0.929326,0.862020,0.925000,0.926610,0.927917,0.923676,0.933687,0.937412,0.938692,0.935272,0.941020,0.942943,0.903479,0.941809,0.941951,0.944928,0.945253,0.942892,0.944347,0.943553,0.944623,0.944725,0.913550,0.916725,0.922867,0.924048,0.924419,0.927311,0.926878,0.868036,0.926803,0.922596,0.926119,0.924098,0.929871,0.935302,0.931061,0.933939,0.937714,0.939070,0.918687,0.948182,0.948805,0.949338,0.949108,0.948975,0.949781,0.949654,0.949195,0.949261,0.925128,0.926563,0.932506,0.935649,0.937030,0.937933,0.941822,0.883250,0.943697,0.943887,0.943345,0.943546,0.943471,0.945275,0.946929,0.947636,0.947596,0.948547,0.928394,0.950991,0.951094,0.951345,0.951673,0.951622,0.951998,0.951827,0.951999,0.951969,0.932100,0.933890,0.937327,0.940222,0.939527,0.941545,0.940928,0.894242,0.942315,0.946046,0.945638,0.944538,0.948021,0.948551,0.949043,0.950007,0.950167,0.950463,0.934739,0.938990,0.940108,0.942099,0.942472,0.942853,0.944920,0.944423,0.943231,0.941893,0.937591,0.939658,0.940051,0.942167,0.944420,0.942869,0.941312,0.901537,0.943698,0.944762,0.944544,0.943683,0.946747,0.948452,0.944529,0.946454,0.942417,0.941164,0.935893,0.936697,0.940760,0.939548,0.941539,0.938042,0.943251,0.942651,0.940000,0.940414,0.936757,0.941439,0.941990,0.940590,0.944053,0.942528,0.944132,0.906226,0.943825,0.944549,0.943739,0.942481,0.945261,0.944554,0.943972,0.945587,0.942460,0.941900
allando_v_sin_a2_f3_v135,0.885762,0.947796,0.947733,0.948804,0.948656,0.948708,0.948766,0.948928,0.949027,0.949188,0.896066,0.903818,0.907324,0.909918,0.913308,0.918478,0.924081,0.852993,0.923495,0.922980,0.923392,0.927420,0.932057,0.940467,0.946808,0.947088,0.947824,0.947632,0.885379,0.948074,0.947027,0.945329,0.945430,0.945339,0.944804,0.945206,1.000000,0.946096,0.900662,0.909513,0.914620,0.915998,0.919283,0.923940,0.926773,0.853435,0.926555,0.925155,0.927106,0.929781,0.933969,0.936910,0.932074,0.945570,0.947374,0.948721,0.893200,0.946998,0.949106,0.946575,0.950552,0.949707,0.949336,0.949380,0.949749,0.950070,0.910428,0.914303,0.917454,0.918362,0.923247,0.925611,0.929066,0.861794,0.924944,0.926482,0.927815,0.923739,0.933761,0.937428,0.938519,0.935132,0.940932,0.942932,0.903144,0.941791,0.941976,0.945023,0.945266,0.942895,0.944458,0.943689,0.944858,0.944871,0.913281,0.916515,0.922630,0.924001,0.924158,0.927192,0.926565,0.867807,0.926557,0.922474,0.926006,0.924157,0.929864,0.935272,0.930783,0.933711,0.937558,0.938967,0.918801,0.948446,0.949080,0.949621,0.949396,0.949270,0.950075,0.949975,0.949532,0.949586,0.925221,0.926819,0.932669,0.935802,0.937253,0.938118,0.942019,0.883276,0.943890,0.944081,0.943557,0.943781,0.943706,0.945514,0.947161,0.947870,0.947830,0.948790,0.928474,0.951328,0.951427,0.951652,0.951960,0.951964,0.952357,0.952178,0.952378,0.952299,0.932132,0.933944,0.937491,0.940370,0.939674,0.941692,0.941047,0.894164,0.942453,0.946205,0.945776,0.944766,0.948288,0.948857,0.949367,0.950329,0.950487,0.950764,0.934789,0.939206,0.940349,0.942379,0.942778,0.943195,0.945270,0.944816,0.943588,0.942259,0.937618,0.939731,0.940143,0.942305,0.944554,0.943069,0.941468,0.901368,0.943803,0.944882,0.944632,0.943832,0.946946,0.948713,0.944949,0.946856,0.942568,0.941361,0.935799,0.936876,0.940941,0.939794,0.941800,0.938379,0.943521,0.942970,0.940232,0.940713,0.936725,0.941489,0.942041,0.940766,0.944171,0.942626,0.944238,0.906065,0.943904,0.944621,0.943772,0.942586,0.945400,0.944713,0.944310,0.945919,0.942547,0.942135
allando_v_sin_a2_f3_v140,0.885515,0.948519,0.948468,0.949568,0.949431,0.949483,0.949535,0.949678,0.949778,0.949963,0.896162,0.904204,0.907161,0.909741,0.913313,0.918439,0.924263,0.852589,0.923483,0.923241,0.923694,0.927533,0.932195,0.940769,0.947421,0.947763,0.948554,0.948361,0.885107,0.948759,0.947689,0.945907,0.945999,0.945885,0.945319,0.945795,0.946096,1.000000,0.900761,0.909835,0.914446,0.915829,0.919328,0.923916,0.926993,0.853031,0.926551,0.925289,0.927403,0.929939,0.934101,0.937111,0.932157,0.945981,0.948001,0.949415,0.892985,0.947509,0.949576,0.947256,0.951224,0.950437,0.950022,0.950126,0.950524,0.950832,0.910497,0.914588,0.917277,0.918151,0.923317,0.925608,0.929241,0.861325,0.924935,0.926594,0.928112,0.923719,0.933860,0.937580,0.938711,0.935378,0.941229,0.943240,0.902905,0.942187,0.942377,0.945391,0.945729,0.943541,0.945209,0.944321,0.945422,0.945581,0.913286,0.916869,0.922708,0.923796,0.924254,0.927192,0.926761,0.867353,0.926621,0.922604,0.926282,0.924131,0.929885,0.935368,0.930820,0.933831,0.937774,0.939276,0.918913,0.949187,0.949826,0.950380,0.950189,0.950087,0.950845,0.950818,0.950381,0.950420,0.925726,0.927586,0.933152,0.936131,0.937622,0.938607,0.942632,0.883031,0.944504,0.944712,0.944167,0.944437,0.944397,0.946215,0.947847,0.948568,0.948534,0.949521,0.928599,0.952149,0.952251,0.952396,0.952670,0.952781,0.953214,0.952999,0.953251,0.953087,0.932647,0.934485,0.938131,0.940833,0.940084,0.942147,0.941611,0.893844,0.943031,0.946839,0.946393,0.945370,0.949013,0.949639,0.950177,0.951113,0.951267,0.951517,0.934996,0.939955,0.941138,0.943148,0.943606,0.944045,0.946132,0.945722,0.944616,0.943322,0.938000,0.940284,0.940821,0.943041,0.945070,0.943475,0.942017,0.901071,0.944363,0.945495,0.945237,0.944442,0.947675,0.949453,0.945597,0.947495,0.943216,0.941950,0.936098,0.937464,0.941629,0.940489,0.942555,0.939208,0.944359,0.943878,0.941246,0.941805,0.937019,0.941970,0.942671,0.941679,0.944652,0.943020,0.944759,0.905776,0.944444,0.945181,0.944321,0.943124,0.946011,0.945368,0.944873,0.946488,0.943243,0.942654
allando_v_sin_a2_f3_v15,0.944334,0.903222,0.903158,0.902017,0.901991,0.901611,0.901145,0.900759,0.900408,0.900330,0.962736,0.955752,0.951308,0.944146,0.940867,0.939517,0.939461,0.912421,0.931619,0.932433,0.923720,0.919976,0.919970,0.915503,0.908151,0.905358,0.904384,0.904060,0.947691,0.902705,0.903131,0.901855,0.901579,0.901174,0.900800,0.900802,0.900662,0.900761,1.000000,0.955452,0.951694,0.943697,0.941808,0.940548,0.938557,0.912652,0.931499,0.930983,0.925724,0.919018,0.919372,0.918368,0.908174,0.911436,0.906244,0.904307,0.954231,0.914611,0.915721,0.914132,0.909529,0.905731,0.904037,0.903313,0.902716,0.902803,0.967445,0.954404,0.949479,0.940460,0.942481,0.940688,0.940006,0.924830,0.929685,0.931192,0.926785,0.915785,0.921563,0.920778,0.918804,0.910850,0.915816,0.915155,0.953749,0.916882,0.914098,0.920342,0.917708,0.921467,0.916723,0.923772,0.924216,0.916097,0.965384,0.951214,0.947195,0.943881,0.940837,0.937347,0.933982,0.931221,0.933444,0.929625,0.927980,0.919956,0.919717,0.923854,0.914887,0.916061,0.917817,0.919456,0.929768,0.900320,0.900267,0.899375,0.899250,0.898751,0.898453,0.898261,0.898196,0.898229,0.937546,0.924604,0.918752,0.914169,0.909640,0.908055,0.906845,0.904329,0.906405,0.904415,0.900676,0.898955,0.898431,0.899312,0.900739,0.901493,0.901429,0.901448,0.929587,0.898557,0.898886,0.897338,0.896850,0.897193,0.896760,0.896860,0.896590,0.896281,0.931598,0.921186,0.917583,0.915405,0.910881,0.911009,0.908814,0.911828,0.908309,0.907613,0.904600,0.901604,0.899939,0.899238,0.899339,0.898862,0.899954,0.897680,0.933743,0.888948,0.890542,0.892096,0.889882,0.890597,0.893723,0.893158,0.891881,0.890281,0.930151,0.928217,0.919127,0.917869,0.918296,0.915183,0.911075,0.915716,0.911045,0.910667,0.906908,0.904590,0.908052,0.904694,0.897963,0.896831,0.892765,0.892062,0.935275,0.891847,0.897761,0.893243,0.894304,0.891476,0.894382,0.894925,0.893157,0.892331,0.921027,0.919784,0.921055,0.914225,0.913536,0.911769,0.911685,0.918108,0.910634,0.910403,0.907549,0.905248,0.910765,0.904949,0.901400,0.901672,0.898885,0.897347
allando_v_sin_a2_f3_v20,0.940469,0.911869,0.911500,0.911101,0.910340,0.910131,0.909899,0.909895,0.909735,0.909891,0.949969,0.966377,0.952849,0.949965,0.945431,0.945149,0.946962,0.906111,0.938000,0.936853,0.929893,0.925617,0.926586,0.922545,0.915477,0.913261,0.912411,0.912142,0.943519,0.911260,0.911329,0.910462,0.910257,0.909926,0.909543,0.909616,0.909513,0.909835,0.955452,1.000000,0.955402,0.950926,0.947741,0.946365,0.947114,0.906333,0.938452,0.935888,0.932347,0.925615,0.926562,0.925665,0.917433,0.921838,0.914452,0.912669,0.951319,0.924096,0.923758,0.924254,0.919266,0.915071,0.912868,0.912808,0.912079,0.912448,0.959543,0.970666,0.953817,0.948424,0.949235,0.945822,0.947772,0.919680,0.937124,0.936648,0.933890,0.920592,0.928240,0.928307,0.929588,0.921127,0.923343,0.923574,0.955581,0.925890,0.923985,0.929262,0.930719,0.927951,0.928595,0.927652,0.927813,0.928828,0.959037,0.968163,0.953892,0.948517,0.947768,0.943134,0.942414,0.925704,0.941588,0.933432,0.934514,0.924778,0.926154,0.931534,0.927712,0.926147,0.926319,0.927895,0.932876,0.910295,0.910346,0.909721,0.910895,0.910417,0.909054,0.909721,0.910001,0.910431,0.938309,0.937810,0.929307,0.923468,0.919021,0.917959,0.916371,0.906751,0.916413,0.914829,0.911411,0.909623,0.909330,0.910239,0.911604,0.912198,0.912326,0.912468,0.933492,0.909054,0.908973,0.908719,0.908433,0.908949,0.909070,0.908495,0.908427,0.907892,0.936747,0.933478,0.929632,0.925322,0.920315,0.921205,0.918458,0.915704,0.918253,0.918402,0.915558,0.911987,0.910355,0.909074,0.908971,0.909187,0.909675,0.908453,0.937156,0.899450,0.900408,0.902198,0.900647,0.901279,0.904752,0.904883,0.902868,0.901600,0.935951,0.931762,0.931179,0.930968,0.927693,0.923377,0.920255,0.920573,0.921560,0.921246,0.918115,0.915089,0.916408,0.914212,0.905422,0.905658,0.905420,0.903993,0.939730,0.900679,0.906538,0.902274,0.903970,0.901291,0.906291,0.905178,0.904713,0.903031,0.928237,0.927696,0.927921,0.927662,0.923816,0.920926,0.921143,0.923544,0.920911,0.920776,0.918466,0.915441,0.918806,0.915585,0.908663,0.910100,0.910864,0.907513
allando_v_sin_a2_f3_v25,0.938461,0.916214,0.915874,0.915035,0.914642,0.914217,0.913794,0.913716,0.913584,0.913669,0.945823,0.950145,0.965055,0.961920,0.955848,0.953430,0.951775,0.903919,0.946430,0.940474,0.933023,0.931909,0.932845,0.928252,0.921005,0.917793,0.917196,0.916680,0.941354,0.916265,0.916599,0.915702,0.915493,0.915118,0.914750,0.914738,0.914620,0.914446,0.951694,0.955402,1.000000,0.964430,0.958233,0.956010,0.952194,0.903959,0.947848,0.941458,0.936742,0.931946,0.934037,0.933098,0.925001,0.925592,0.919634,0.917633,0.947884,0.930177,0.929605,0.926052,0.923230,0.919194,0.917582,0.917122,0.916376,0.916864,0.958923,0.960758,0.970994,0.963055,0.959914,0.955729,0.955073,0.918326,0.946215,0.942138,0.938224,0.928752,0.935520,0.936737,0.934820,0.927567,0.931861,0.930495,0.954940,0.933514,0.930820,0.937604,0.933082,0.931916,0.929572,0.931530,0.930514,0.927382,0.962287,0.958466,0.967441,0.965139,0.957765,0.953684,0.949023,0.923570,0.948475,0.939363,0.939544,0.932605,0.933589,0.939348,0.933912,0.932734,0.934211,0.935443,0.935391,0.918093,0.918330,0.917572,0.917892,0.917328,0.916815,0.916817,0.916512,0.916740,0.939345,0.933272,0.937757,0.937202,0.931526,0.928157,0.925206,0.908797,0.924008,0.921856,0.918762,0.916730,0.916082,0.916990,0.918336,0.918972,0.919286,0.919588,0.937832,0.916154,0.915952,0.915118,0.915274,0.915566,0.915632,0.915241,0.915139,0.914314,0.938003,0.931327,0.934352,0.936604,0.933611,0.931935,0.926938,0.919249,0.925060,0.925676,0.923622,0.919459,0.917843,0.916533,0.915613,0.916062,0.917127,0.914761,0.942164,0.904476,0.905555,0.907245,0.906494,0.906630,0.909864,0.907927,0.906035,0.904128,0.939995,0.933912,0.929664,0.933290,0.938911,0.936442,0.930307,0.924290,0.929758,0.929025,0.925890,0.921937,0.923252,0.917814,0.913554,0.913765,0.910181,0.909492,0.943129,0.908437,0.912084,0.910193,0.910278,0.907730,0.911007,0.910388,0.907561,0.907017,0.933007,0.931262,0.928988,0.925475,0.936527,0.935178,0.932178,0.927334,0.929988,0.929310,0.926644,0.923106,0.926471,0.918424,0.917340,0.919018,0.915652,0.914318
allando_v_sin_a2_f3_v30,0.934816,0.918598,0.918126,0.917195,0.916874,0.916463,0.916018,0.915990,0.915868,0.915937,0.937264,0.944728,0.957165,0.965073,0.956956,0.956540,0.951736,0.894648,0.946030,0.942567,0.933195,0.933072,0.934628,0.931327,0.923002,0.919700,0.919509,0.919012,0.937502,0.918451,0.918481,0.917186,0.916987,0.916585,0.916170,0.916184,0.915998,0.915829,0.943697,0.950926,0.964430,1.000000,0.960649,0.959041,0.952302,0.894686,0.948132,0.944768,0.936968,0.935005,0.935360,0.936340,0.931708,0.931652,0.922679,0.919933,0.944685,0.933240,0.932326,0.927911,0.925582,0.921512,0.919575,0.919171,0.918498,0.918902,0.952135,0.957855,0.966263,0.969184,0.963541,0.958190,0.955939,0.910135,0.946777,0.946294,0.938392,0.930630,0.937107,0.940411,0.941862,0.934154,0.933345,0.934483,0.953076,0.936433,0.934350,0.939579,0.938925,0.932468,0.933250,0.931788,0.932079,0.929875,0.956883,0.957034,0.966181,0.966126,0.960834,0.956242,0.949660,0.915027,0.949496,0.940941,0.938998,0.934462,0.935376,0.943153,0.938434,0.939595,0.937522,0.936920,0.936652,0.922863,0.923156,0.922338,0.922702,0.922098,0.921578,0.921671,0.921209,0.921484,0.937911,0.935531,0.940602,0.940075,0.937178,0.934878,0.931163,0.905964,0.930181,0.927075,0.922838,0.921312,0.920365,0.921475,0.923006,0.923716,0.924201,0.924650,0.939264,0.920253,0.919825,0.919273,0.919410,0.919719,0.919948,0.919456,0.919228,0.918395,0.938857,0.934529,0.938381,0.939888,0.938187,0.938984,0.934147,0.917914,0.931423,0.930639,0.927316,0.923874,0.922344,0.920756,0.919541,0.919726,0.921128,0.918962,0.943109,0.909709,0.909346,0.911311,0.910186,0.910463,0.913579,0.912102,0.909501,0.907444,0.941496,0.936554,0.933630,0.937384,0.941922,0.941128,0.937282,0.923167,0.935451,0.934150,0.930667,0.927136,0.928136,0.924003,0.917891,0.918540,0.919710,0.917861,0.944282,0.912436,0.915240,0.914306,0.913888,0.910983,0.913210,0.914028,0.910189,0.909927,0.937433,0.934776,0.932548,0.928648,0.940248,0.939598,0.938164,0.925747,0.935898,0.934564,0.931256,0.928436,0.931325,0.926089,0.921959,0.923428,0.924362,0.922673
allando_v_sin_a2_f3_v35,0.926231,0.922591,0.922033,0.920970,0.920709,0.920283,0.919879,0.919782,0.919633,0.919717,0.934819,0.941525,0.950302,0.956152,0.963080,0.961716,0.956657,0.891691,0.951671,0.947603,0.937344,0.938605,0.940459,0.935899,0.927752,0.924108,0.923809,0.923185,0.929115,0.922577,0.922267,0.920519,0.920362,0.919861,0.919305,0.919457,0.919283,0.919328,0.941808,0.947741,0.958233,0.960649,1.000000,0.965337,0.958228,0.891692,0.953776,0.949083,0.940928,0.939695,0.941717,0.940871,0.932013,0.933715,0.926198,0.924043,0.936125,0.938821,0.938601,0.934075,0.931019,0.926433,0.924226,0.923849,0.923219,0.923657,0.950938,0.955138,0.960522,0.961393,0.968738,0.965264,0.961562,0.907381,0.952879,0.949228,0.942618,0.936124,0.942998,0.943315,0.942020,0.933749,0.938785,0.938811,0.945536,0.942537,0.938222,0.942100,0.939575,0.938820,0.937486,0.936894,0.936537,0.936215,0.955932,0.955072,0.962197,0.963221,0.966627,0.963069,0.956443,0.911667,0.954349,0.946474,0.943706,0.940107,0.940927,0.945224,0.937467,0.940050,0.943179,0.942818,0.935627,0.929070,0.929139,0.928330,0.928407,0.927839,0.927495,0.927733,0.927218,0.927316,0.940565,0.940310,0.941160,0.939105,0.936284,0.939326,0.939660,0.904676,0.937835,0.934748,0.930083,0.928046,0.927374,0.928422,0.929851,0.930340,0.930315,0.930770,0.939534,0.925867,0.925672,0.924871,0.925016,0.925546,0.925740,0.925046,0.924896,0.924140,0.942203,0.939627,0.942478,0.939923,0.937729,0.939837,0.941877,0.916981,0.939711,0.938208,0.933952,0.929801,0.928606,0.927225,0.925468,0.925899,0.926966,0.925004,0.946029,0.916542,0.917438,0.918862,0.917131,0.916745,0.918996,0.917137,0.915947,0.913991,0.945042,0.941841,0.938797,0.942100,0.943116,0.941863,0.944586,0.922880,0.943709,0.941681,0.937703,0.932401,0.933443,0.928402,0.923460,0.923699,0.920655,0.919302,0.947641,0.919855,0.922563,0.920518,0.919961,0.915886,0.920100,0.920433,0.917839,0.917470,0.939817,0.939316,0.938152,0.935404,0.940131,0.939511,0.942891,0.925822,0.943609,0.942183,0.938627,0.933640,0.936390,0.928749,0.927401,0.928452,0.926185,0.924131
allando_v_sin_a2_f3_v40,0.926652,0.927773,0.927204,0.926130,0.925888,0.925448,0.925023,0.924887,0.924723,0.924772,0.934217,0.939575,0.948088,0.954430,0.959716,0.966357,0.958662,0.892373,0.956484,0.948922,0.940875,0.943971,0.947091,0.942079,0.932847,0.929236,0.929039,0.928365,0.929291,0.927659,0.927144,0.925230,0.925040,0.924529,0.923829,0.923996,0.923940,0.923916,0.940548,0.946365,0.956010,0.959041,0.965337,1.000000,0.960043,0.892486,0.958658,0.951386,0.944250,0.944284,0.948091,0.946904,0.936987,0.940163,0.931370,0.929141,0.936335,0.942617,0.944437,0.937916,0.935956,0.931307,0.928983,0.928700,0.928002,0.928504,0.950201,0.953373,0.958050,0.960386,0.967631,0.971931,0.963190,0.907601,0.957662,0.952108,0.945965,0.942527,0.949476,0.949030,0.947387,0.938143,0.941592,0.943188,0.946075,0.946118,0.942214,0.945877,0.944270,0.941255,0.940929,0.940351,0.941582,0.939873,0.954614,0.952854,0.960296,0.964562,0.965758,0.969472,0.958054,0.912222,0.958489,0.949099,0.946929,0.946992,0.947891,0.950913,0.943120,0.944287,0.947334,0.946384,0.939323,0.933910,0.934163,0.933203,0.933166,0.932526,0.932337,0.932447,0.932060,0.932083,0.941458,0.942204,0.942487,0.941040,0.939150,0.941782,0.942402,0.907506,0.942665,0.939997,0.935922,0.933615,0.932871,0.933980,0.935442,0.935779,0.935287,0.935811,0.944028,0.931233,0.931128,0.930341,0.930377,0.930947,0.931015,0.930368,0.930371,0.929676,0.944157,0.941786,0.944640,0.942203,0.940348,0.942912,0.944022,0.920579,0.944900,0.942969,0.939340,0.935982,0.933826,0.932688,0.930931,0.931422,0.932290,0.930641,0.950308,0.921558,0.922371,0.923928,0.922714,0.921986,0.923820,0.922766,0.920611,0.918744,0.948117,0.945097,0.941374,0.944884,0.945823,0.945143,0.947329,0.926139,0.947990,0.946201,0.943061,0.937998,0.937206,0.934635,0.930822,0.931251,0.926461,0.926152,0.950519,0.924401,0.927391,0.925077,0.925040,0.920480,0.926101,0.924719,0.921791,0.920664,0.943535,0.943339,0.941771,0.939080,0.942579,0.942563,0.945791,0.929491,0.947599,0.946724,0.943793,0.939060,0.940394,0.934881,0.934492,0.935715,0.930865,0.931434
allando_v_sin_a2_f3_v45,0.921570,0.931652,0.931086,0.930107,0.930049,0.929661,0.929299,0.929211,0.929009,0.929054,0.931171,0.940483,0.945638,0.947851,0.952749,0.956798,0.966498,0.891251,0.958214,0.953473,0.945615,0.944525,0.946721,0.943204,0.935997,0.932723,0.932602,0.932063,0.924746,0.930849,0.930164,0.928168,0.927965,0.927515,0.926894,0.927010,0.926773,0.926993,0.938557,0.947114,0.952194,0.952302,0.958228,0.960043,1.000000,0.891067,0.960538,0.953845,0.949067,0.945753,0.948824,0.945472,0.936304,0.942787,0.934617,0.932311,0.932757,0.946567,0.946134,0.943264,0.940709,0.935169,0.932780,0.932598,0.932062,0.932405,0.948544,0.952379,0.954219,0.953530,0.960496,0.960810,0.969609,0.904398,0.959817,0.954318,0.950995,0.941109,0.949547,0.948559,0.948586,0.940599,0.944716,0.944127,0.943325,0.947182,0.944557,0.947834,0.947727,0.947871,0.947051,0.945158,0.943025,0.944601,0.949954,0.953107,0.957985,0.957659,0.961745,0.959771,0.968240,0.910276,0.962275,0.952089,0.950966,0.944921,0.946790,0.950496,0.949349,0.945224,0.947187,0.948340,0.934835,0.936863,0.936849,0.936145,0.936287,0.935820,0.935495,0.935589,0.935140,0.935253,0.941250,0.942006,0.944028,0.941979,0.938956,0.939958,0.941991,0.902763,0.943409,0.944236,0.942351,0.939093,0.939584,0.939361,0.940051,0.939579,0.938523,0.938676,0.941267,0.934275,0.934336,0.933413,0.933872,0.934363,0.934163,0.933472,0.933753,0.933525,0.945119,0.943990,0.945755,0.944576,0.942431,0.943034,0.943307,0.914546,0.945051,0.946185,0.944957,0.941085,0.938106,0.936919,0.934978,0.935636,0.935223,0.934182,0.948082,0.925951,0.926296,0.927003,0.927260,0.926027,0.928078,0.927322,0.926424,0.925576,0.948544,0.946241,0.944362,0.946512,0.947836,0.945035,0.943729,0.921841,0.948852,0.948245,0.947226,0.943046,0.941777,0.937952,0.932289,0.932027,0.931608,0.929493,0.952086,0.926027,0.930921,0.926625,0.930176,0.923939,0.934333,0.927808,0.930185,0.926952,0.944228,0.945946,0.945256,0.942981,0.945246,0.944686,0.945483,0.926574,0.948165,0.948591,0.948341,0.943972,0.944279,0.938262,0.935076,0.935370,0.938086,0.931962
allando_v_sin_a2_f3_v5,0.929284,0.849114,0.849625,0.848079,0.847401,0.846919,0.846351,0.846165,0.845939,0.845914,0.919184,0.911309,0.907658,0.899793,0.893518,0.895063,0.894752,0.973701,0.886164,0.877446,0.866968,0.865105,0.867123,0.859005,0.854709,0.852090,0.850622,0.849663,0.924449,0.850050,0.852982,0.854562,0.854326,0.854111,0.853849,0.853649,0.853435,0.853031,0.912652,0.906333,0.903959,0.894686,0.891692,0.892486,0.891067,1.000000,0.883183,0.874246,0.867893,0.862874,0.865448,0.861045,0.852311,0.853827,0.853320,0.851089,0.915627,0.853399,0.853401,0.849907,0.850281,0.849356,0.849863,0.849443,0.847960,0.848225,0.908396,0.905262,0.899150,0.891682,0.892847,0.892981,0.893587,0.961526,0.882473,0.875023,0.869605,0.859757,0.868158,0.865438,0.864416,0.855176,0.856841,0.856197,0.910475,0.855781,0.853012,0.857773,0.857374,0.854897,0.852906,0.851746,0.853814,0.850134,0.905802,0.899901,0.897030,0.894976,0.890434,0.887592,0.886845,0.957210,0.882171,0.872294,0.870315,0.863876,0.864760,0.869165,0.865489,0.863164,0.860380,0.861069,0.893108,0.843551,0.843735,0.843217,0.843320,0.842710,0.842073,0.842096,0.842242,0.842382,0.886600,0.874788,0.868326,0.863280,0.856986,0.854449,0.851099,0.926839,0.850563,0.849795,0.846441,0.842830,0.842391,0.843584,0.844801,0.845194,0.844612,0.844335,0.886664,0.842022,0.842242,0.841673,0.840777,0.841036,0.840685,0.841300,0.841054,0.839606,0.882182,0.869740,0.865420,0.861479,0.856485,0.856380,0.853302,0.918161,0.852981,0.853328,0.850252,0.846953,0.844002,0.842802,0.842792,0.842584,0.843463,0.840383,0.887813,0.833816,0.833311,0.835354,0.833599,0.832493,0.834608,0.834731,0.832163,0.829980,0.881597,0.872348,0.865376,0.865247,0.865337,0.861364,0.857342,0.914098,0.858753,0.858300,0.854980,0.851923,0.849446,0.847003,0.839226,0.840192,0.838290,0.838417,0.887479,0.836871,0.838952,0.836163,0.836854,0.833395,0.842172,0.838352,0.835923,0.834356,0.872201,0.868752,0.866622,0.860804,0.860476,0.858236,0.858205,0.911226,0.858220,0.857533,0.855732,0.852946,0.853199,0.848286,0.843203,0.845706,0.844190,0.842952
allando_v_sin_a2_f3_v50,0.916144,0.931733,0.931155,0.930020,0.929965,0.929588,0.929185,0.929007,0.928836,0.928834,0.925923,0.931435,0.940481,0.943506,0.948635,0.954233,0.958140,0.883216,0.964522,0.951138,0.945010,0.949045,0.951801,0.946733,0.937240,0.933358,0.933169,0.932293,0.918822,0.930849,0.930067,0.927857,0.927568,0.927098,0.926315,0.926517,0.926555,0.926551,0.931499,0.938452,0.947848,0.948132,0.953776,0.958658,0.960538,0.883183,1.000000,0.953330,0.948109,0.948824,0.952992,0.948876,0.936684,0.943353,0.934421,0.932336,0.924760,0.945664,0.948276,0.941514,0.940102,0.934591,0.932179,0.931811,0.931373,0.931745,0.941687,0.944873,0.950270,0.950515,0.955674,0.960450,0.961544,0.897043,0.964451,0.955182,0.949832,0.948305,0.955563,0.952677,0.947561,0.938875,0.942335,0.944091,0.935411,0.946993,0.944261,0.949898,0.946553,0.945606,0.944725,0.944047,0.945048,0.942684,0.944363,0.944937,0.952940,0.960169,0.956808,0.959811,0.960126,0.902515,0.959662,0.953953,0.950231,0.952896,0.951440,0.954518,0.946104,0.943109,0.945528,0.946155,0.933287,0.937474,0.937653,0.936899,0.936950,0.936410,0.936301,0.936111,0.935845,0.935857,0.936476,0.939424,0.943192,0.942259,0.940611,0.940233,0.942146,0.898925,0.943700,0.943516,0.943298,0.940570,0.940074,0.940138,0.940778,0.940068,0.938820,0.939284,0.941456,0.934976,0.934827,0.933922,0.934430,0.935086,0.934913,0.934033,0.934520,0.934244,0.940749,0.940804,0.945053,0.944513,0.943524,0.943639,0.943443,0.912209,0.945680,0.946196,0.945052,0.944410,0.939078,0.937995,0.935756,0.936296,0.935890,0.934972,0.948796,0.923688,0.924782,0.926661,0.927056,0.926247,0.928651,0.928379,0.925597,0.924550,0.946090,0.944425,0.941924,0.945544,0.948033,0.948300,0.944627,0.918813,0.948260,0.947400,0.946738,0.943369,0.942147,0.939594,0.939314,0.938343,0.930376,0.930026,0.948843,0.924563,0.929364,0.927097,0.930011,0.925070,0.933042,0.927666,0.927252,0.924896,0.941891,0.945238,0.943972,0.941706,0.945959,0.946038,0.945976,0.924143,0.947961,0.948140,0.947913,0.944391,0.945106,0.938574,0.941327,0.940754,0.933530,0.934663
allando_v_sin_a2_f3_v55,0.912962,0.931073,0.930411,0.929639,0.929580,0.929322,0.929007,0.928843,0.928660,0.928695,0.922889,0.931933,0.935191,0.939667,0.943248,0.947475,0.950702,0.874222,0.950322,0.961230,0.954706,0.950217,0.947446,0.945719,0.935808,0.931956,0.932460,0.931572,0.916607,0.930068,0.928906,0.926271,0.926028,0.925621,0.924981,0.925285,0.925155,0.925289,0.930983,0.935888,0.941458,0.944768,0.949083,0.951386,0.953845,0.874246,0.953330,1.000000,0.957542,0.953296,0.948629,0.948365,0.940193,0.945150,0.934058,0.931521,0.926411,0.946323,0.947808,0.942415,0.940470,0.934343,0.931716,0.931053,0.930692,0.931050,0.937907,0.939036,0.944358,0.946389,0.952085,0.953470,0.954503,0.889031,0.952904,0.966437,0.958868,0.947977,0.950202,0.950493,0.950584,0.942769,0.944452,0.945255,0.934764,0.947216,0.945704,0.949026,0.948410,0.944571,0.944359,0.942693,0.943671,0.942134,0.939718,0.939784,0.947074,0.949920,0.954102,0.953594,0.952620,0.896526,0.957795,0.965573,0.958949,0.948869,0.947905,0.953447,0.943659,0.946634,0.946671,0.947528,0.929873,0.936628,0.936841,0.936188,0.936014,0.935488,0.935502,0.935318,0.934829,0.935022,0.932629,0.933649,0.940175,0.939333,0.939674,0.940766,0.941969,0.894499,0.943170,0.941105,0.940134,0.939837,0.938370,0.938413,0.938950,0.938707,0.938082,0.938437,0.937508,0.933859,0.933668,0.933012,0.933384,0.934382,0.933927,0.933105,0.933413,0.933697,0.938176,0.936769,0.942320,0.942701,0.942596,0.943172,0.943542,0.908364,0.946067,0.944045,0.941731,0.941662,0.938399,0.937081,0.935098,0.935446,0.934838,0.934762,0.945566,0.925692,0.926570,0.927973,0.926059,0.926610,0.928862,0.927964,0.925519,0.924345,0.944382,0.941907,0.940172,0.942960,0.945077,0.945781,0.944030,0.915348,0.945375,0.944706,0.943219,0.942967,0.946803,0.944718,0.935227,0.935554,0.932787,0.931164,0.951589,0.927172,0.934075,0.927808,0.931538,0.926737,0.927963,0.927312,0.923951,0.923674,0.942494,0.944191,0.942732,0.938697,0.943892,0.944130,0.945136,0.919820,0.945866,0.946213,0.944709,0.944104,0.949455,0.945320,0.938248,0.938058,0.936132,0.935195
allando_v_sin_a2_f3_v60,0.905526,0.933528,0.932906,0.932263,0.932297,0.932077,0.931782,0.931612,0.931475,0.931589,0.917149,0.927642,0.930007,0.931303,0.934419,0.939514,0.945327,0.867737,0.944914,0.954463,0.965213,0.953394,0.949834,0.948538,0.937834,0.934186,0.934863,0.934008,0.908607,0.932272,0.930794,0.928031,0.927822,0.927419,0.926691,0.927167,0.927106,0.927403,0.925724,0.932347,0.936742,0.936968,0.940928,0.944250,0.949067,0.867893,0.948109,0.957542,1.000000,0.956779,0.951569,0.950692,0.941664,0.947357,0.936141,0.933574,0.919782,0.948729,0.950268,0.945338,0.943126,0.937277,0.934436,0.933934,0.933829,0.934087,0.933648,0.935063,0.939371,0.938859,0.944167,0.947090,0.949561,0.882732,0.948391,0.959381,0.969594,0.950623,0.952341,0.952162,0.952011,0.946837,0.946955,0.947162,0.929086,0.949857,0.948009,0.950919,0.950126,0.950538,0.949749,0.947651,0.947782,0.947161,0.935449,0.935914,0.941747,0.943223,0.947190,0.948254,0.948288,0.890744,0.954633,0.959269,0.969875,0.950263,0.949918,0.955016,0.946526,0.948180,0.948674,0.951640,0.928371,0.938067,0.938229,0.937664,0.937728,0.937308,0.937143,0.937183,0.936566,0.936668,0.934162,0.935006,0.939351,0.939338,0.939238,0.939185,0.940880,0.894266,0.942609,0.941005,0.941681,0.941184,0.939694,0.939830,0.940263,0.940121,0.939573,0.939892,0.936548,0.936519,0.936395,0.935891,0.936189,0.937242,0.936689,0.935947,0.936397,0.936703,0.939674,0.939331,0.942536,0.943946,0.942660,0.942739,0.942212,0.908410,0.945129,0.944334,0.942982,0.942235,0.939716,0.938785,0.937472,0.937796,0.937289,0.937808,0.944824,0.929039,0.930605,0.931799,0.930219,0.930683,0.932318,0.931620,0.931183,0.930832,0.944569,0.944141,0.943919,0.943992,0.946009,0.944747,0.941594,0.915267,0.943864,0.943995,0.942689,0.942190,0.948089,0.947793,0.937514,0.939640,0.934430,0.933612,0.950997,0.929029,0.938259,0.930227,0.934467,0.930355,0.930691,0.930970,0.930327,0.929715,0.943738,0.946009,0.945284,0.942000,0.943802,0.943443,0.944629,0.920129,0.945027,0.945181,0.944231,0.942839,0.950801,0.948711,0.940437,0.942215,0.937771,0.937097
allando_v_sin_a2_f3_v65,0.902325,0.937453,0.936594,0.935534,0.935833,0.935739,0.935404,0.935195,0.935056,0.935065,0.912280,0.919713,0.924170,0.928896,0.932550,0.939225,0.942880,0.862478,0.945322,0.949725,0.954384,0.959762,0.956744,0.954862,0.941949,0.938051,0.939067,0.938020,0.903951,0.936419,0.934240,0.931088,0.930770,0.930281,0.929517,0.929789,0.929781,0.929939,0.919018,0.925615,0.931946,0.935005,0.939695,0.944284,0.945753,0.862874,0.948824,0.953296,0.956779,1.000000,0.957650,0.957524,0.946379,0.952624,0.939971,0.937345,0.914219,0.956573,0.957813,0.949711,0.947140,0.941183,0.938005,0.937347,0.937227,0.937460,0.927958,0.930359,0.934849,0.938058,0.943203,0.946275,0.947453,0.877051,0.948541,0.955577,0.958193,0.959043,0.958432,0.961068,0.955637,0.949586,0.951830,0.953998,0.924495,0.956789,0.955790,0.955417,0.953765,0.950585,0.951595,0.950139,0.952039,0.949531,0.931539,0.931947,0.940579,0.943346,0.944840,0.948283,0.946959,0.883884,0.950410,0.954077,0.958157,0.958589,0.955718,0.962093,0.948741,0.955330,0.954076,0.954324,0.930474,0.941975,0.942023,0.941494,0.941648,0.941204,0.940888,0.940603,0.940281,0.940341,0.932802,0.935526,0.942117,0.941668,0.942427,0.943401,0.944386,0.892575,0.945683,0.945083,0.944955,0.944224,0.942940,0.943424,0.944139,0.943916,0.943268,0.943620,0.940348,0.940567,0.940397,0.939893,0.940236,0.941007,0.940649,0.939659,0.940086,0.940561,0.939664,0.940185,0.945584,0.946414,0.945073,0.946538,0.946044,0.907061,0.947163,0.948482,0.945677,0.945784,0.943184,0.942466,0.941157,0.941403,0.941151,0.941856,0.947988,0.936002,0.937097,0.939859,0.938479,0.939215,0.938870,0.937899,0.935172,0.934226,0.946402,0.946243,0.945029,0.947050,0.948371,0.947525,0.945307,0.913645,0.946452,0.947459,0.945609,0.944447,0.949475,0.950637,0.947759,0.947119,0.941631,0.940062,0.947897,0.936455,0.941654,0.940270,0.941259,0.936891,0.934522,0.938184,0.932288,0.933962,0.946892,0.949451,0.947586,0.944126,0.947193,0.945645,0.948996,0.918128,0.947361,0.948098,0.946512,0.945113,0.951696,0.950989,0.950163,0.948654,0.943205,0.944709
allando_v_sin_a2_f3_v70,0.904366,0.941587,0.940766,0.939760,0.940083,0.939884,0.939611,0.939433,0.939309,0.939255,0.913881,0.919223,0.925850,0.929526,0.935451,0.942407,0.946373,0.865102,0.950197,0.944784,0.948751,0.958008,0.964691,0.959237,0.946293,0.942307,0.943286,0.942267,0.905399,0.940815,0.938410,0.935332,0.935035,0.934546,0.933704,0.933911,0.933969,0.934101,0.919372,0.926562,0.934037,0.935360,0.941717,0.948091,0.948824,0.865448,0.952992,0.948629,0.951569,0.957650,1.000000,0.962347,0.949318,0.956618,0.944394,0.941811,0.913896,0.956967,0.960033,0.952577,0.951259,0.945263,0.942142,0.941800,0.941584,0.941876,0.929963,0.932645,0.936170,0.938038,0.944620,0.949470,0.950745,0.879060,0.950947,0.950658,0.953146,0.957863,0.968139,0.963459,0.958955,0.952388,0.957504,0.958598,0.925717,0.957172,0.955681,0.958163,0.956201,0.954334,0.954559,0.953797,0.955765,0.953189,0.933634,0.933669,0.940842,0.946021,0.945727,0.951439,0.950069,0.885008,0.951332,0.948433,0.952959,0.961739,0.964858,0.963281,0.955527,0.955954,0.959774,0.959096,0.934189,0.946056,0.946149,0.945505,0.945584,0.945096,0.944978,0.944665,0.944480,0.944493,0.936137,0.939217,0.943957,0.944601,0.944291,0.945418,0.947803,0.893467,0.949487,0.949662,0.949635,0.947587,0.947308,0.947786,0.948666,0.948289,0.947329,0.947619,0.944941,0.945183,0.945109,0.944541,0.944951,0.945438,0.945240,0.944364,0.944777,0.945134,0.942779,0.943715,0.947394,0.948787,0.946913,0.949120,0.948744,0.907567,0.950027,0.952093,0.950917,0.949840,0.947161,0.946766,0.945495,0.946112,0.945727,0.946276,0.951071,0.942583,0.943696,0.943957,0.942194,0.941482,0.942689,0.942586,0.940071,0.939155,0.948583,0.949758,0.947487,0.949351,0.951364,0.949834,0.947419,0.914289,0.950978,0.951264,0.950620,0.947819,0.949495,0.951288,0.954102,0.953588,0.945772,0.945557,0.947478,0.944397,0.946912,0.940366,0.942083,0.937098,0.943763,0.939470,0.939131,0.937919,0.950460,0.951921,0.950734,0.947762,0.949555,0.947932,0.950193,0.919312,0.951454,0.952289,0.951286,0.948302,0.951774,0.950613,0.956153,0.955567,0.947286,0.949235
allando_v_sin_a2_f3_v75,0.903844,0.944671,0.943832,0.943100,0.943439,0.943328,0.943099,0.942945,0.942860,0.942822,0.912537,0.918916,0.924804,0.929827,0.934345,0.941081,0.943135,0.860566,0.945517,0.943951,0.947821,0.956350,0.960444,0.961909,0.948623,0.944884,0.946325,0.945354,0.905014,0.944288,0.941486,0.938150,0.937905,0.937439,0.936682,0.936862,0.936910,0.937111,0.918368,0.925665,0.933098,0.936340,0.940871,0.946904,0.945472,0.861045,0.948876,0.948365,0.950692,0.957524,0.962347,1.000000,0.952754,0.960153,0.947660,0.945082,0.914260,0.960478,0.962523,0.955830,0.954252,0.948833,0.945629,0.945199,0.945068,0.945288,0.928404,0.931816,0.936072,0.939237,0.945221,0.947362,0.947975,0.875441,0.946742,0.949614,0.951782,0.955299,0.962634,0.964918,0.961137,0.957695,0.961745,0.963796,0.925278,0.959716,0.959903,0.960031,0.959406,0.955526,0.956695,0.955787,0.958095,0.955446,0.932874,0.933611,0.941184,0.945206,0.945037,0.949805,0.946667,0.881509,0.949378,0.946289,0.951326,0.958176,0.960486,0.964131,0.953964,0.961233,0.963457,0.963532,0.935231,0.949396,0.949542,0.948923,0.949076,0.948613,0.948399,0.948044,0.947857,0.947940,0.937492,0.940382,0.946107,0.947408,0.947871,0.949382,0.950950,0.892506,0.952370,0.951851,0.950645,0.949585,0.948981,0.949836,0.950962,0.951090,0.950490,0.950934,0.945946,0.948642,0.948462,0.948063,0.948422,0.948801,0.948828,0.947917,0.948194,0.948543,0.944920,0.945461,0.950172,0.951835,0.949974,0.953198,0.951844,0.906962,0.952022,0.954555,0.952212,0.951319,0.949885,0.949463,0.948479,0.949041,0.949023,0.949621,0.951755,0.948508,0.949380,0.949391,0.946030,0.946216,0.946682,0.946073,0.943785,0.942424,0.950747,0.951789,0.949978,0.952630,0.953946,0.952223,0.950207,0.913985,0.952264,0.953392,0.951734,0.949788,0.952297,0.954639,0.955543,0.956127,0.950484,0.949640,0.948808,0.950828,0.952360,0.944956,0.945390,0.941386,0.943673,0.944013,0.940426,0.942083,0.954148,0.954423,0.953300,0.950088,0.952865,0.950609,0.953534,0.918726,0.953550,0.955112,0.952048,0.950466,0.954091,0.953959,0.957770,0.957959,0.951315,0.953526
allando_v_sin_a2_f3_v80,0.900187,0.940038,0.939180,0.938550,0.939057,0.938892,0.938644,0.938572,0.938487,0.938469,0.901839,0.910924,0.916870,0.925054,0.925444,0.932987,0.934136,0.851777,0.933492,0.935449,0.937304,0.943128,0.947607,0.951241,0.941956,0.938763,0.940692,0.940681,0.900569,0.939346,0.936490,0.933342,0.933022,0.932670,0.932062,0.932159,0.932074,0.932157,0.908174,0.917433,0.925001,0.931708,0.932013,0.936987,0.936304,0.852311,0.936684,0.940193,0.941664,0.946379,0.949318,0.952754,1.000000,0.958451,0.943773,0.940770,0.911393,0.955944,0.956338,0.950111,0.949693,0.944007,0.940801,0.940414,0.940442,0.940527,0.918549,0.923644,0.927896,0.934136,0.935848,0.937120,0.939289,0.865815,0.935666,0.941939,0.941150,0.941260,0.949147,0.954688,0.961194,0.954807,0.954248,0.956214,0.922630,0.954817,0.954506,0.954283,0.956694,0.949121,0.951438,0.949402,0.950276,0.949010,0.923561,0.925512,0.933059,0.933476,0.935948,0.940082,0.937708,0.871779,0.939935,0.935025,0.939118,0.942368,0.948239,0.954012,0.952979,0.957780,0.955030,0.953463,0.930159,0.944573,0.944836,0.944273,0.944429,0.943945,0.943894,0.943536,0.942994,0.943248,0.928593,0.930427,0.938763,0.941810,0.942149,0.943802,0.945149,0.881744,0.947571,0.946764,0.945128,0.944831,0.943982,0.944824,0.945862,0.945915,0.945831,0.946083,0.937264,0.943958,0.943794,0.943593,0.943968,0.944165,0.944291,0.943522,0.943703,0.944163,0.936934,0.937259,0.942395,0.946084,0.944916,0.948325,0.947009,0.894617,0.947009,0.948831,0.947687,0.945860,0.945305,0.944745,0.943802,0.944380,0.944315,0.944845,0.941104,0.943577,0.942808,0.943920,0.942197,0.942548,0.943305,0.942093,0.938849,0.937612,0.943291,0.944271,0.942611,0.944859,0.947982,0.945100,0.944195,0.902708,0.946496,0.947553,0.947802,0.945585,0.947850,0.950060,0.946091,0.947540,0.951798,0.951312,0.940759,0.943742,0.945607,0.942038,0.942211,0.937564,0.938965,0.939469,0.935561,0.936045,0.948535,0.947639,0.946226,0.941629,0.946968,0.945497,0.947822,0.907205,0.947486,0.948382,0.948418,0.946029,0.949130,0.950607,0.948352,0.949026,0.951999,0.952511
allando_v_sin_a2_f3_v85,0.901529,0.953437,0.952799,0.952638,0.953028,0.952972,0.952814,0.952787,0.952732,0.952760,0.905279,0.915167,0.917884,0.924816,0.926885,0.935509,0.940120,0.853253,0.940014,0.941125,0.944067,0.949245,0.954459,0.960806,0.954975,0.952376,0.954213,0.953663,0.901713,0.952962,0.949831,0.946476,0.946283,0.945975,0.945268,0.945507,0.945570,0.945981,0.911436,0.921838,0.925592,0.931652,0.933715,0.940163,0.942787,0.853827,0.943353,0.945150,0.947357,0.952624,0.956618,0.960153,0.958451,1.000000,0.956377,0.953692,0.912333,0.965829,0.967267,0.961648,0.962478,0.957499,0.954564,0.954343,0.954545,0.954639,0.921815,0.927004,0.928636,0.934629,0.938195,0.940394,0.944424,0.865917,0.941750,0.946865,0.947813,0.946589,0.956319,0.960752,0.965923,0.962395,0.962586,0.965889,0.923367,0.961479,0.962803,0.961741,0.965698,0.958798,0.962372,0.959302,0.960647,0.960034,0.925447,0.929355,0.935124,0.936560,0.939017,0.943597,0.943648,0.872438,0.945340,0.940576,0.945281,0.947402,0.952997,0.959273,0.958843,0.963002,0.961739,0.961111,0.932550,0.957133,0.957471,0.957132,0.957279,0.956894,0.956988,0.956663,0.956285,0.956380,0.935329,0.939387,0.945869,0.948442,0.950049,0.952009,0.955076,0.884443,0.958211,0.958046,0.956938,0.956652,0.956111,0.957220,0.958343,0.958344,0.957931,0.958589,0.943779,0.957300,0.957200,0.957090,0.957526,0.957810,0.958069,0.957198,0.957546,0.957975,0.945060,0.947021,0.950875,0.953978,0.953123,0.956857,0.955872,0.897570,0.957227,0.960032,0.958842,0.957616,0.957924,0.957744,0.956956,0.957708,0.957354,0.958263,0.948661,0.956470,0.956100,0.956821,0.955208,0.955561,0.955992,0.955647,0.952933,0.951954,0.951314,0.953104,0.953244,0.954821,0.956741,0.954460,0.952900,0.906357,0.956626,0.957820,0.957776,0.956342,0.958774,0.962501,0.958793,0.961032,0.962581,0.962269,0.948413,0.955380,0.958368,0.952823,0.954674,0.949386,0.953018,0.951874,0.949843,0.950192,0.956383,0.957172,0.956631,0.954372,0.956323,0.954469,0.956989,0.911544,0.957434,0.958893,0.957736,0.956319,0.959026,0.961269,0.959939,0.961127,0.962073,0.964633
allando_v_sin_a2_f3_v90,0.891340,0.952520,0.952228,0.952679,0.952928,0.952890,0.952797,0.952805,0.952790,0.952853,0.900809,0.908277,0.911863,0.916144,0.919777,0.926187,0.931836,0.852817,0.931205,0.931282,0.932443,0.937053,0.942214,0.950360,0.952594,0.951663,0.952957,0.952603,0.891103,0.952431,0.950456,0.947857,0.947804,0.947543,0.946843,0.947204,0.947374,0.948001,0.906244,0.914452,0.919634,0.922679,0.926198,0.931370,0.934617,0.853320,0.934421,0.934058,0.936141,0.939971,0.944394,0.947660,0.943773,0.956377,1.000000,0.953185,0.900176,0.956318,0.958109,0.954534,0.957552,0.955172,0.953769,0.953676,0.954085,0.954215,0.916377,0.919630,0.922732,0.925353,0.930448,0.932463,0.936785,0.863224,0.932735,0.935429,0.936762,0.933636,0.943950,0.947984,0.950431,0.947543,0.951385,0.953830,0.910836,0.951288,0.951758,0.953168,0.954728,0.951720,0.953754,0.952277,0.953110,0.952799,0.919665,0.922098,0.928667,0.929846,0.931333,0.934881,0.935068,0.869468,0.934970,0.930580,0.934528,0.934196,0.940187,0.945778,0.942961,0.946442,0.948715,0.949602,0.925290,0.954429,0.954914,0.955062,0.954789,0.954570,0.955220,0.954885,0.954393,0.954489,0.931617,0.932833,0.939478,0.942662,0.944098,0.945682,0.949706,0.883958,0.952038,0.952110,0.951310,0.951306,0.951107,0.952656,0.954038,0.954399,0.954165,0.955026,0.935844,0.956254,0.956295,0.956114,0.956460,0.956545,0.956936,0.956418,0.956701,0.956820,0.939581,0.940396,0.944611,0.947760,0.947043,0.949767,0.949284,0.895822,0.950496,0.954143,0.953600,0.952311,0.954725,0.955078,0.954976,0.955782,0.955794,0.956163,0.941896,0.948468,0.949008,0.950498,0.950227,0.950470,0.951894,0.951407,0.950117,0.948933,0.944977,0.947733,0.946886,0.949340,0.951578,0.949611,0.948270,0.903779,0.951298,0.952438,0.952399,0.951184,0.954016,0.956439,0.952859,0.954861,0.952486,0.951307,0.942347,0.946550,0.950015,0.947352,0.949176,0.945069,0.950028,0.949239,0.947342,0.947744,0.946213,0.949959,0.950631,0.948129,0.951247,0.949515,0.951656,0.908746,0.951739,0.952781,0.951868,0.950425,0.953031,0.953358,0.952886,0.954393,0.952414,0.952381
allando_v_sin_a2_f3_v95,0.887603,0.953222,0.952936,0.953719,0.953795,0.953824,0.953817,0.953867,0.953870,0.953950,0.899018,0.906646,0.909893,0.913395,0.917670,0.923619,0.929455,0.850572,0.929091,0.929024,0.929792,0.934656,0.939703,0.948268,0.952556,0.952307,0.953360,0.953210,0.887384,0.953245,0.951484,0.949061,0.949044,0.948804,0.948083,0.948490,0.948721,0.949415,0.904307,0.912669,0.917633,0.919933,0.924043,0.929141,0.932311,0.851089,0.932336,0.931521,0.933574,0.937345,0.941811,0.945082,0.940770,0.953692,0.953185,1.000000,0.896381,0.954751,0.956740,0.953696,0.957129,0.955363,0.954346,0.954313,0.954785,0.954987,0.914352,0.917743,0.920751,0.922575,0.928158,0.930544,0.934553,0.860705,0.930571,0.932764,0.934094,0.931080,0.941406,0.945285,0.946712,0.943435,0.949059,0.951273,0.906861,0.949481,0.949667,0.951798,0.952441,0.949994,0.951676,0.951050,0.952067,0.952314,0.917495,0.920354,0.926645,0.928078,0.929124,0.932726,0.932607,0.867028,0.932480,0.928480,0.932050,0.931624,0.937586,0.942937,0.938530,0.942197,0.945850,0.946990,0.923744,0.954841,0.955373,0.955680,0.955409,0.955237,0.955948,0.955696,0.955283,0.955352,0.930572,0.932377,0.938620,0.941804,0.943357,0.944807,0.949048,0.883204,0.951233,0.951519,0.950926,0.951070,0.950986,0.952618,0.954071,0.954561,0.954397,0.955304,0.934070,0.957252,0.957296,0.957250,0.957529,0.957601,0.958013,0.957566,0.957844,0.957915,0.938076,0.939673,0.943777,0.946760,0.946137,0.948573,0.948254,0.894810,0.949571,0.953463,0.953069,0.951930,0.954954,0.955464,0.955648,0.956498,0.956517,0.956968,0.940516,0.947449,0.948478,0.950200,0.950217,0.950545,0.952234,0.951691,0.950399,0.949143,0.943678,0.946804,0.946208,0.948687,0.950803,0.949078,0.947765,0.902395,0.950472,0.951744,0.951753,0.950639,0.953851,0.956019,0.952759,0.954501,0.950780,0.949473,0.941065,0.945285,0.949057,0.947176,0.948983,0.945222,0.950058,0.949641,0.947065,0.947672,0.943952,0.948631,0.949769,0.947667,0.950515,0.948803,0.950923,0.907349,0.950814,0.951783,0.951015,0.949565,0.952447,0.952316,0.952351,0.953686,0.950730,0.950290
allando_v_sin_a2_f5_v10,0.959841,0.895216,0.894933,0.894153,0.893629,0.893240,0.892778,0.892631,0.892373,0.892351,0.950015,0.950940,0.947447,0.945161,0.934902,0.936538,0.934192,0.915461,0.924888,0.925933,0.917822,0.914327,0.914950,0.910463,0.899885,0.896562,0.896291,0.895494,0.964237,0.894995,0.894992,0.894322,0.894119,0.893900,0.893725,0.893470,0.893200,0.892985,0.954231,0.951319,0.947884,0.944685,0.936125,0.936335,0.932757,0.915627,0.924760,0.926411,0.919782,0.914219,0.913896,0.914260,0.911393,0.912333,0.900176,0.896381,1.000000,0.907735,0.907380,0.902362,0.900189,0.896461,0.894782,0.894306,0.893323,0.893720,0.953356,0.950518,0.945166,0.941641,0.938676,0.935487,0.933857,0.928893,0.923244,0.928268,0.921071,0.911367,0.916961,0.918321,0.923915,0.915248,0.911201,0.911998,0.968220,0.910299,0.908983,0.912074,0.915109,0.906186,0.906603,0.903907,0.906018,0.903025,0.952784,0.946188,0.942524,0.938863,0.936515,0.932512,0.927732,0.934989,0.929536,0.922027,0.921269,0.915444,0.915774,0.922600,0.921069,0.921203,0.915526,0.915085,0.933853,0.890361,0.890565,0.889393,0.889358,0.888652,0.888153,0.888132,0.887845,0.887957,0.924438,0.914705,0.911238,0.906665,0.902698,0.900925,0.897537,0.902076,0.897453,0.894437,0.889818,0.888138,0.887210,0.888498,0.890645,0.891830,0.892036,0.892132,0.932448,0.887672,0.887624,0.887336,0.886747,0.886688,0.886215,0.886657,0.886227,0.885933,0.924575,0.911666,0.908318,0.907683,0.902332,0.904485,0.901046,0.911779,0.900343,0.898395,0.894845,0.891518,0.889248,0.887912,0.888044,0.888318,0.888844,0.887386,0.932858,0.882567,0.881496,0.882401,0.879245,0.879347,0.881295,0.881309,0.877942,0.875868,0.925439,0.913798,0.909499,0.907745,0.909592,0.905785,0.902324,0.916776,0.902420,0.901640,0.898432,0.895942,0.897047,0.896701,0.888205,0.888894,0.894100,0.892551,0.933149,0.886084,0.890203,0.883693,0.884099,0.879793,0.881018,0.881172,0.877440,0.875984,0.922897,0.914165,0.909648,0.903122,0.905387,0.902742,0.903308,0.918544,0.902376,0.902425,0.899532,0.897293,0.900715,0.899339,0.892873,0.894194,0.898366,0.898055
allando_v_sin_a2_f5_v100,0.896176,0.954966,0.954141,0.953664,0.954160,0.954205,0.954079,0.954018,0.953964,0.954032,0.908194,0.917781,0.922039,0.926616,0.932047,0.938094,0.943815,0.852807,0.942522,0.944215,0.945434,0.952834,0.955483,0.961504,0.956283,0.953692,0.955455,0.954999,0.896581,0.954622,0.951482,0.948060,0.947801,0.947361,0.946658,0.946907,0.946998,0.947509,0.914611,0.924096,0.930177,0.933240,0.938821,0.942617,0.946567,0.853399,0.945664,0.946323,0.948729,0.956573,0.956967,0.960478,0.955944,0.965829,0.956318,0.954751,0.907735,1.000000,0.976796,0.969082,0.966971,0.960837,0.957552,0.956961,0.957242,0.957264,0.925137,0.929503,0.932862,0.935498,0.941980,0.943137,0.948208,0.866028,0.945601,0.946980,0.949421,0.949226,0.956242,0.962873,0.962218,0.959084,0.965240,0.968223,0.919033,0.974836,0.974393,0.967889,0.967589,0.964888,0.967099,0.965594,0.965556,0.965942,0.929317,0.931997,0.940597,0.939224,0.943023,0.946800,0.947835,0.872124,0.948490,0.942730,0.947378,0.947851,0.952617,0.960509,0.954272,0.962296,0.963674,0.964664,0.930050,0.959706,0.959915,0.959845,0.960080,0.959799,0.959719,0.959391,0.958979,0.959022,0.938500,0.941090,0.949692,0.951820,0.952698,0.955901,0.958536,0.885253,0.960177,0.960563,0.959281,0.959291,0.958394,0.959394,0.960403,0.960408,0.960001,0.960623,0.941532,0.959782,0.959787,0.959452,0.959992,0.960295,0.960537,0.959535,0.959952,0.960396,0.947576,0.948994,0.954812,0.956861,0.955983,0.958622,0.958255,0.897704,0.958589,0.963023,0.960790,0.958723,0.960189,0.960091,0.959102,0.960082,0.959743,0.960386,0.948330,0.957465,0.959058,0.964102,0.965622,0.966823,0.963301,0.960634,0.958090,0.957074,0.955149,0.955224,0.955371,0.957790,0.959008,0.956467,0.956427,0.907317,0.958479,0.960445,0.959293,0.956673,0.960650,0.961411,0.958932,0.960373,0.958583,0.957245,0.948248,0.956608,0.960745,0.967947,0.966748,0.960212,0.957747,0.961993,0.955304,0.957468,0.954578,0.959765,0.958138,0.955767,0.958671,0.956637,0.961349,0.912406,0.959112,0.960545,0.959119,0.956530,0.960353,0.959252,0.959314,0.960075,0.959171,0.959455
allando_v_sin_a2_f5_v105,0.896163,0.956724,0.956039,0.955611,0.956105,0.956119,0.955992,0.955899,0.955838,0.955883,0.909593,0.917152,0.921185,0.925554,0.931831,0.938891,0.943454,0.852781,0.945033,0.945226,0.947102,0.954954,0.958546,0.963900,0.958530,0.955769,0.957423,0.956845,0.896658,0.956455,0.953456,0.950064,0.949801,0.949395,0.948613,0.948904,0.949106,0.949576,0.915721,0.923758,0.929605,0.932326,0.938601,0.944437,0.946134,0.853401,0.948276,0.947808,0.950268,0.957813,0.960033,0.962523,0.956338,0.967267,0.958109,0.956740,0.907380,0.976796,1.000000,0.970575,0.968646,0.962645,0.959493,0.958879,0.959201,0.959201,0.926692,0.929227,0.932367,0.934684,0.941365,0.945231,0.947771,0.866100,0.947207,0.948782,0.950859,0.952280,0.959674,0.964364,0.962613,0.958535,0.964399,0.968182,0.918839,0.973306,0.973114,0.969280,0.968618,0.966645,0.968803,0.967699,0.968966,0.967747,0.930600,0.931487,0.939480,0.940549,0.942370,0.948337,0.946923,0.872454,0.948675,0.944957,0.949043,0.951873,0.955891,0.962158,0.953899,0.960895,0.963449,0.964315,0.931588,0.960823,0.961117,0.961078,0.961065,0.960777,0.961092,0.960594,0.960212,0.960201,0.939733,0.942193,0.949460,0.951479,0.952698,0.955516,0.959018,0.886249,0.961177,0.961436,0.960556,0.960758,0.959854,0.960777,0.961724,0.961595,0.960983,0.961644,0.943558,0.961561,0.961606,0.961290,0.961777,0.962107,0.962213,0.961359,0.961795,0.962353,0.948360,0.949883,0.955154,0.956962,0.956042,0.958766,0.958524,0.899262,0.959763,0.963872,0.961960,0.960888,0.961975,0.961965,0.961045,0.962013,0.961522,0.962287,0.950620,0.957634,0.959377,0.963979,0.965209,0.966696,0.964645,0.962782,0.959940,0.959002,0.955605,0.956967,0.956297,0.958414,0.959750,0.957717,0.957136,0.908331,0.959681,0.961348,0.960472,0.958704,0.962257,0.964206,0.962717,0.964039,0.959221,0.958594,0.949706,0.956928,0.961210,0.966142,0.966313,0.960769,0.959770,0.962446,0.957150,0.958724,0.954862,0.960462,0.959455,0.956928,0.958997,0.957264,0.961454,0.913810,0.960210,0.961406,0.960265,0.958459,0.962043,0.961459,0.962844,0.963519,0.959113,0.961448
allando_v_sin_a2_f5_v110,0.890311,0.953464,0.953010,0.953050,0.953419,0.953437,0.953408,0.953366,0.953330,0.953412,0.907254,0.917375,0.917687,0.920905,0.927161,0.932553,0.940392,0.849281,0.938174,0.940817,0.941913,0.947046,0.950753,0.957535,0.954518,0.952451,0.953947,0.953589,0.890999,0.953155,0.950577,0.947421,0.947230,0.946836,0.946153,0.946438,0.946575,0.947256,0.914132,0.924254,0.926052,0.927911,0.934075,0.937916,0.943264,0.849907,0.941514,0.942415,0.945338,0.949711,0.952577,0.955830,0.950111,0.961648,0.954534,0.953696,0.902362,0.969082,0.970575,1.000000,0.967430,0.960784,0.957557,0.957000,0.957422,0.957275,0.925643,0.929784,0.928944,0.930246,0.937210,0.938630,0.944963,0.862454,0.939456,0.943130,0.945905,0.943242,0.951793,0.956537,0.956873,0.952882,0.958564,0.961474,0.914352,0.965164,0.965883,0.967820,0.968064,0.966872,0.969200,0.968461,0.968882,0.970427,0.929138,0.932899,0.936310,0.935272,0.938391,0.941468,0.943832,0.869058,0.941822,0.939254,0.944131,0.944541,0.948298,0.954383,0.949008,0.953754,0.957090,0.958584,0.926307,0.956697,0.957022,0.957149,0.957312,0.957144,0.957458,0.957114,0.956837,0.956846,0.939348,0.941547,0.946059,0.946890,0.947703,0.950347,0.954402,0.882399,0.956354,0.957087,0.955876,0.955716,0.955370,0.956358,0.957354,0.957396,0.956971,0.957580,0.937601,0.958432,0.958550,0.958436,0.958867,0.959177,0.959285,0.958580,0.958880,0.959468,0.947045,0.949599,0.952238,0.953459,0.951584,0.954052,0.953995,0.894565,0.954606,0.959280,0.957552,0.955852,0.958116,0.958104,0.957677,0.958781,0.958169,0.958997,0.944366,0.953664,0.954907,0.958611,0.959120,0.961458,0.963900,0.963292,0.960694,0.959699,0.951466,0.955341,0.955523,0.956255,0.956543,0.953123,0.952637,0.903932,0.955466,0.957179,0.956001,0.954247,0.958296,0.959644,0.957245,0.958370,0.956017,0.954007,0.945433,0.951218,0.955603,0.958114,0.959030,0.957993,0.960166,0.961078,0.958706,0.959432,0.949001,0.956804,0.957394,0.955814,0.955336,0.952777,0.955927,0.909439,0.955764,0.956797,0.955484,0.953544,0.957468,0.956816,0.957072,0.957832,0.956802,0.955195
allando_v_sin_a2_f5_v115,0.889397,0.956794,0.956383,0.956703,0.957018,0.957013,0.956991,0.957003,0.957001,0.957100,0.903293,0.912628,0.915044,0.918697,0.924186,0.930579,0.937640,0.849726,0.936857,0.937976,0.939421,0.944239,0.949023,0.956944,0.957212,0.955684,0.957202,0.956846,0.889618,0.956597,0.954151,0.951165,0.951036,0.950717,0.950016,0.950388,0.950552,0.951224,0.909529,0.919266,0.923230,0.925582,0.931019,0.935956,0.940709,0.850281,0.940102,0.940470,0.943126,0.947140,0.951259,0.954252,0.949693,0.962478,0.957552,0.957129,0.900189,0.966971,0.968646,0.967430,1.000000,0.962272,0.959815,0.959464,0.959913,0.959914,0.920782,0.924582,0.926155,0.928182,0.934721,0.936899,0.942356,0.861505,0.938427,0.941343,0.943687,0.940190,0.950379,0.954412,0.956309,0.952556,0.958587,0.961214,0.911967,0.962254,0.962666,0.964691,0.965441,0.962619,0.964778,0.963670,0.964192,0.965171,0.924127,0.927181,0.932934,0.933416,0.936118,0.939933,0.941142,0.867931,0.941022,0.937083,0.941416,0.940528,0.946537,0.951959,0.948853,0.952301,0.956127,0.957244,0.925994,0.960155,0.960566,0.960804,0.960748,0.960574,0.961097,0.960765,0.960321,0.960396,0.936235,0.938620,0.945487,0.948201,0.949379,0.951869,0.956190,0.882518,0.958532,0.958999,0.958429,0.958374,0.958053,0.959292,0.960369,0.960446,0.960049,0.960827,0.937841,0.961913,0.962004,0.961900,0.962388,0.962644,0.962973,0.962256,0.962623,0.963011,0.945071,0.947201,0.951307,0.953897,0.953194,0.955563,0.955366,0.894629,0.956780,0.961034,0.960252,0.958807,0.961125,0.961315,0.960863,0.962019,0.961526,0.962234,0.944724,0.955375,0.956707,0.959392,0.959972,0.961047,0.963034,0.962318,0.960132,0.959063,0.950847,0.953962,0.953962,0.955810,0.957319,0.954935,0.954142,0.903862,0.957408,0.958752,0.958620,0.957096,0.960411,0.962273,0.958661,0.960561,0.957691,0.956541,0.945931,0.953514,0.957799,0.957805,0.959605,0.955946,0.961091,0.960241,0.957675,0.957998,0.950216,0.956766,0.957099,0.955268,0.957127,0.955151,0.957705,0.909448,0.957693,0.958970,0.958229,0.956331,0.959449,0.959060,0.958420,0.959751,0.957742,0.957339
allando_v_sin_a2_f5_v120,0.886678,0.954786,0.954508,0.955064,0.955317,0.955340,0.955332,0.955380,0.955409,0.955523,0.899819,0.908529,0.910993,0.914608,0.919622,0.925663,0.932150,0.848822,0.931223,0.931967,0.933544,0.938191,0.943030,0.951746,0.954587,0.953741,0.955104,0.954791,0.886637,0.954808,0.952706,0.950057,0.950019,0.949766,0.949114,0.949502,0.949707,0.950437,0.905731,0.915071,0.919194,0.921512,0.926433,0.931307,0.935169,0.849356,0.934591,0.934343,0.937277,0.941183,0.945263,0.948833,0.944007,0.957499,0.955172,0.955363,0.896461,0.960837,0.962645,0.960784,0.962272,1.000000,0.957402,0.957263,0.957748,0.957828,0.916686,0.920470,0.922430,0.924232,0.930552,0.932516,0.937306,0.859498,0.932991,0.935341,0.937890,0.934386,0.944565,0.948898,0.950357,0.947492,0.953386,0.955981,0.907724,0.955547,0.956076,0.957710,0.958694,0.956924,0.958966,0.957583,0.958232,0.958792,0.920044,0.923389,0.929083,0.929547,0.931523,0.935078,0.935688,0.865809,0.935221,0.931008,0.935712,0.934680,0.940851,0.946167,0.942194,0.946539,0.950391,0.951758,0.923225,0.957078,0.957580,0.957943,0.957824,0.957684,0.958328,0.958047,0.957605,0.957650,0.933012,0.934898,0.941012,0.943928,0.945346,0.947468,0.951880,0.881633,0.954111,0.954520,0.953826,0.954029,0.953848,0.955339,0.956643,0.956973,0.956714,0.957613,0.934504,0.959411,0.959505,0.959451,0.959902,0.960057,0.960474,0.959889,0.960211,0.960443,0.941253,0.943132,0.946961,0.949542,0.948642,0.951315,0.951068,0.893507,0.952281,0.956623,0.955937,0.954648,0.957652,0.958036,0.957958,0.958958,0.958799,0.959374,0.941317,0.951636,0.952826,0.955176,0.955470,0.956391,0.957995,0.957439,0.956137,0.955053,0.946388,0.949790,0.949886,0.951970,0.953531,0.951251,0.950407,0.902023,0.953285,0.954680,0.954399,0.953214,0.956633,0.958802,0.955234,0.957202,0.953886,0.952602,0.942245,0.949591,0.953446,0.952997,0.954577,0.951043,0.955609,0.955770,0.953498,0.954250,0.946009,0.951824,0.952687,0.951318,0.953150,0.951191,0.953823,0.907251,0.953619,0.954723,0.953740,0.952235,0.955248,0.955108,0.954802,0.956321,0.953926,0.953525
allando_v_sin_a2_f5_v125,0.885547,0.953606,0.953430,0.954131,0.954355,0.954370,0.954360,0.954432,0.954470,0.954581,0.898373,0.906474,0.909533,0.912794,0.917568,0.923322,0.929773,0.849349,0.928824,0.929373,0.930662,0.935086,0.939876,0.948860,0.953279,0.952627,0.953886,0.953561,0.885394,0.953787,0.951989,0.949577,0.949593,0.949383,0.948758,0.949134,0.949336,0.950022,0.904037,0.912868,0.917582,0.919575,0.924226,0.928983,0.932780,0.849863,0.932179,0.931716,0.934436,0.938005,0.942142,0.945629,0.940801,0.954564,0.953769,0.954346,0.894782,0.957552,0.959493,0.957557,0.959815,0.957402,1.000000,0.956016,0.956485,0.956625,0.914879,0.918137,0.920804,0.922268,0.928329,0.930360,0.935041,0.859399,0.930661,0.932748,0.935106,0.931343,0.941510,0.945745,0.947164,0.944426,0.950537,0.952868,0.905872,0.952165,0.952642,0.954519,0.955292,0.954062,0.955834,0.954588,0.955245,0.955540,0.918134,0.920966,0.927103,0.927727,0.929251,0.932668,0.933194,0.865665,0.932801,0.928509,0.932985,0.931553,0.937703,0.943006,0.939147,0.943142,0.947203,0.948667,0.921699,0.955576,0.956122,0.956573,0.956329,0.956209,0.957013,0.956673,0.956211,0.956279,0.931297,0.932287,0.938751,0.941956,0.943399,0.945230,0.949735,0.881797,0.951928,0.952359,0.951765,0.952010,0.951869,0.953424,0.954808,0.955231,0.955015,0.955925,0.932708,0.958130,0.958264,0.958272,0.958680,0.958750,0.959170,0.958725,0.958998,0.959185,0.939160,0.940500,0.944464,0.947339,0.946554,0.949045,0.948736,0.893343,0.950035,0.954391,0.953906,0.952642,0.955993,0.956471,0.956544,0.957598,0.957501,0.957928,0.939481,0.949133,0.950316,0.952604,0.952913,0.953736,0.955359,0.954809,0.953749,0.952644,0.944152,0.947470,0.947243,0.949556,0.951511,0.949419,0.948413,0.901560,0.951205,0.952568,0.952372,0.951340,0.954677,0.956728,0.953041,0.955041,0.951415,0.950158,0.940520,0.947001,0.950843,0.950238,0.951944,0.948434,0.953156,0.953153,0.951134,0.951851,0.943675,0.949278,0.950162,0.948459,0.951127,0.949344,0.951715,0.906693,0.951453,0.952494,0.951612,0.950226,0.953139,0.952803,0.952457,0.954057,0.951431,0.950967
allando_v_sin_a2_f5_v130,0.885067,0.953582,0.953385,0.954149,0.954307,0.954338,0.954356,0.954449,0.954499,0.954631,0.897615,0.906298,0.909013,0.912357,0.917136,0.922987,0.929545,0.848944,0.928450,0.928723,0.930119,0.934455,0.939464,0.948385,0.952957,0.952554,0.953765,0.953513,0.884937,0.953748,0.951936,0.949562,0.949586,0.949383,0.948760,0.949162,0.949380,0.950126,0.903313,0.912808,0.917122,0.919171,0.923849,0.928700,0.932598,0.849443,0.931811,0.931053,0.933934,0.937347,0.941800,0.945199,0.940414,0.954343,0.953676,0.954313,0.894306,0.956961,0.958879,0.957000,0.959464,0.957263,0.956016,1.000000,0.956471,0.956654,0.914221,0.918151,0.920362,0.921887,0.928072,0.930112,0.934866,0.858881,0.930302,0.932115,0.934644,0.930665,0.941159,0.945265,0.946874,0.944103,0.950169,0.952478,0.905421,0.951523,0.951966,0.953933,0.954848,0.953457,0.955344,0.953929,0.954531,0.955214,0.917441,0.921008,0.926753,0.927332,0.928992,0.932366,0.933000,0.865142,0.932443,0.927835,0.932510,0.930961,0.937330,0.942489,0.938969,0.942694,0.946860,0.948302,0.921365,0.955432,0.955992,0.956448,0.956281,0.956165,0.956896,0.956664,0.956247,0.956282,0.930710,0.932524,0.938457,0.941620,0.943048,0.944860,0.949379,0.881333,0.951621,0.952087,0.951505,0.951734,0.951670,0.953264,0.954684,0.955141,0.954937,0.955875,0.932338,0.958104,0.958217,0.958242,0.958672,0.958775,0.959231,0.958740,0.959048,0.959190,0.938678,0.940612,0.944242,0.946995,0.946174,0.948717,0.948444,0.892938,0.949826,0.954161,0.953758,0.952442,0.955801,0.956292,0.956415,0.957431,0.957361,0.957872,0.939107,0.949102,0.950268,0.952337,0.952694,0.953392,0.955092,0.954571,0.953599,0.952528,0.943690,0.947061,0.947234,0.949434,0.951255,0.949112,0.948141,0.901153,0.951092,0.952420,0.952291,0.951199,0.954416,0.956595,0.952878,0.954877,0.951355,0.950140,0.940199,0.946833,0.950688,0.949717,0.951559,0.948000,0.953143,0.952776,0.951010,0.951615,0.943307,0.948808,0.949844,0.948819,0.950817,0.949038,0.951364,0.906284,0.951283,0.952339,0.951503,0.950029,0.952818,0.952610,0.952238,0.953885,0.951417,0.950832
allando_v_sin_a2_f5_v135,0.884075,0.954110,0.953919,0.954693,0.954892,0.954934,0.954952,0.955044,0.955093,0.955224,0.897033,0.905655,0.908279,0.911636,0.916534,0.922320,0.929020,0.847460,0.928020,0.928489,0.930042,0.934301,0.939310,0.948557,0.953342,0.953004,0.954269,0.954030,0.883896,0.954219,0.952350,0.949918,0.949940,0.949732,0.949093,0.949512,0.949749,0.950524,0.902716,0.912079,0.916376,0.918498,0.923219,0.928002,0.932062,0.847960,0.931373,0.930692,0.933829,0.937227,0.941584,0.945068,0.940442,0.954545,0.954085,0.954785,0.893323,0.957242,0.959201,0.957422,0.959913,0.957748,0.956485,0.956471,1.000000,0.957153,0.913531,0.917407,0.919667,0.921224,0.927410,0.929432,0.934306,0.857446,0.929733,0.931783,0.934449,0.930367,0.940899,0.945158,0.946807,0.944066,0.950002,0.952375,0.904374,0.951611,0.952068,0.954126,0.955094,0.953998,0.955966,0.954398,0.954952,0.955743,0.916727,0.920399,0.926124,0.926707,0.928435,0.931802,0.932517,0.863715,0.931776,0.927463,0.932251,0.930607,0.936908,0.942329,0.938629,0.942419,0.946544,0.948090,0.921227,0.956089,0.956654,0.957126,0.956926,0.956819,0.957610,0.957366,0.956878,0.956923,0.930970,0.932667,0.938719,0.941908,0.943445,0.945243,0.949892,0.880574,0.952126,0.952601,0.952018,0.952307,0.952252,0.953853,0.955260,0.955702,0.955519,0.956488,0.932218,0.958817,0.958924,0.958939,0.959387,0.959464,0.959924,0.959454,0.959749,0.959914,0.938915,0.940848,0.944598,0.947429,0.946619,0.949147,0.948947,0.892067,0.950215,0.954612,0.954211,0.952925,0.956444,0.956976,0.957105,0.958094,0.958038,0.958570,0.939021,0.949560,0.950705,0.952894,0.953390,0.954162,0.955936,0.955447,0.954632,0.953604,0.943772,0.947448,0.947682,0.949801,0.951622,0.949462,0.948503,0.900239,0.951373,0.952730,0.952622,0.951555,0.954994,0.957194,0.953540,0.955552,0.952003,0.950678,0.940111,0.947024,0.950982,0.950326,0.952187,0.948789,0.953809,0.953640,0.952088,0.952700,0.943370,0.949138,0.950355,0.949074,0.951201,0.949392,0.951753,0.905399,0.951635,0.952621,0.951797,0.950341,0.953284,0.953155,0.952796,0.954446,0.952016,0.951290
allando_v_sin_a2_f5_v140,0.884395,0.954255,0.954047,0.954881,0.955018,0.955063,0.955093,0.955198,0.955253,0.955391,0.897037,0.905912,0.908703,0.912025,0.916909,0.922736,0.929298,0.847725,0.928356,0.928701,0.930240,0.934539,0.939534,0.948575,0.953469,0.953179,0.954376,0.954154,0.884310,0.954425,0.952589,0.950206,0.950243,0.950051,0.949428,0.949844,0.950070,0.950832,0.902803,0.912448,0.916864,0.918902,0.923657,0.928504,0.932405,0.848225,0.931745,0.931050,0.934087,0.937460,0.941876,0.945288,0.940527,0.954639,0.954215,0.954987,0.893720,0.957264,0.959201,0.957275,0.959914,0.957828,0.956625,0.956654,0.957153,1.000000,0.913688,0.917812,0.920193,0.921708,0.927913,0.930030,0.934726,0.857670,0.930272,0.932138,0.934793,0.930746,0.941253,0.945388,0.946983,0.944236,0.950368,0.952652,0.904803,0.951802,0.952168,0.954232,0.955040,0.953715,0.955602,0.954104,0.954702,0.955615,0.916956,0.920753,0.926541,0.927267,0.928878,0.932285,0.932858,0.863987,0.932386,0.927948,0.932685,0.930962,0.937325,0.942605,0.938902,0.942666,0.946986,0.948430,0.921196,0.956112,0.956682,0.957152,0.956986,0.956872,0.957612,0.957403,0.957015,0.957036,0.930574,0.932711,0.938613,0.941889,0.943372,0.945149,0.949765,0.880478,0.952019,0.952489,0.951970,0.952260,0.952203,0.953830,0.955284,0.955774,0.955592,0.956546,0.932271,0.958841,0.958950,0.959001,0.959439,0.959550,0.960026,0.959509,0.959832,0.959983,0.938629,0.940777,0.944438,0.947250,0.946513,0.948998,0.948802,0.892152,0.950246,0.954587,0.954244,0.952935,0.956398,0.956923,0.957080,0.958122,0.958041,0.958622,0.939138,0.949683,0.950901,0.952965,0.953387,0.954070,0.955784,0.955240,0.954304,0.953254,0.943709,0.947135,0.947461,0.949716,0.951578,0.949532,0.948554,0.900395,0.951490,0.952849,0.952785,0.951650,0.955020,0.957295,0.953595,0.955590,0.951912,0.950703,0.940293,0.947297,0.951303,0.950359,0.952220,0.948681,0.953703,0.953397,0.951633,0.952275,0.943301,0.948897,0.950030,0.949262,0.951170,0.949416,0.951724,0.905564,0.951679,0.952745,0.951967,0.950418,0.953342,0.953200,0.952870,0.954514,0.951920,0.951366
allando_v_sin_a2_f5_v15,0.941403,0.913033,0.912951,0.911662,0.911791,0.911335,0.910881,0.910531,0.910208,0.910153,0.960275,0.955383,0.954826,0.950239,0.947948,0.947280,0.948065,0.908243,0.940561,0.938211,0.930686,0.928285,0.929260,0.924890,0.917876,0.914986,0.914128,0.913920,0.945665,0.912739,0.913134,0.911753,0.911474,0.911021,0.910656,0.910656,0.910428,0.910497,0.967445,0.959543,0.958923,0.952135,0.950938,0.950201,0.948544,0.908396,0.941687,0.937907,0.933648,0.927958,0.929963,0.928404,0.918549,0.921815,0.916377,0.914352,0.953356,0.925137,0.926692,0.925643,0.920782,0.916686,0.914879,0.914221,0.913531,0.913688,1.000000,0.962079,0.958194,0.950181,0.951947,0.950217,0.950432,0.922201,0.940233,0.938330,0.935036,0.925186,0.931622,0.931094,0.928865,0.921119,0.926314,0.925488,0.958367,0.927673,0.925143,0.931559,0.929229,0.933393,0.928634,0.936158,0.935731,0.928146,0.973241,0.959546,0.956911,0.953642,0.950334,0.947476,0.944792,0.928676,0.943626,0.936189,0.936235,0.929706,0.930145,0.933441,0.926800,0.926678,0.928608,0.930164,0.934834,0.911545,0.911486,0.910750,0.910588,0.910145,0.910026,0.909782,0.909571,0.909611,0.944483,0.932621,0.927493,0.923872,0.919074,0.917862,0.917371,0.908661,0.917432,0.915858,0.912606,0.910610,0.910201,0.910980,0.912325,0.912873,0.912611,0.912708,0.936314,0.910292,0.910649,0.909086,0.908753,0.909011,0.908705,0.908699,0.908512,0.908220,0.939284,0.930710,0.927405,0.925581,0.921253,0.921445,0.919141,0.918824,0.918796,0.919151,0.916741,0.913216,0.911605,0.910890,0.910800,0.910431,0.911580,0.909268,0.941026,0.899764,0.901142,0.902776,0.901155,0.901707,0.904941,0.904410,0.903237,0.901745,0.938532,0.938145,0.929050,0.928282,0.929012,0.925439,0.921727,0.923570,0.922910,0.922251,0.918935,0.916059,0.918309,0.914567,0.908500,0.907611,0.903668,0.903159,0.942752,0.902717,0.907759,0.903914,0.905160,0.902263,0.907321,0.906306,0.905781,0.904309,0.930173,0.929505,0.930862,0.924501,0.924543,0.923143,0.922865,0.926765,0.922230,0.921883,0.919661,0.916764,0.921109,0.914736,0.912115,0.912543,0.909684,0.908098
allando_v_sin_a2_f5_v20,0.939388,0.916651,0.916224,0.915654,0.914953,0.914686,0.914441,0.914435,0.914294,0.914446,0.947710,0.964230,0.955017,0.955346,0.951692,0.951014,0.951670,0.905148,0.943541,0.939278,0.931796,0.929978,0.932158,0.927661,0.920410,0.918088,0.917275,0.917036,0.942950,0.916290,0.916335,0.915367,0.915161,0.914787,0.914436,0.914484,0.914303,0.914588,0.954404,0.970666,0.960758,0.957855,0.955138,0.953373,0.952379,0.905262,0.944873,0.939036,0.935063,0.930359,0.932645,0.931816,0.923644,0.927004,0.919630,0.917743,0.950518,0.929503,0.929227,0.929784,0.924582,0.920470,0.918137,0.918151,0.917407,0.917812,0.962079,1.000000,0.960668,0.956508,0.957317,0.952916,0.954477,0.919512,0.943327,0.940221,0.936969,0.926047,0.934316,0.934998,0.935969,0.926866,0.929132,0.929578,0.957520,0.932208,0.929733,0.935620,0.936774,0.933814,0.934673,0.933384,0.933250,0.934653,0.964222,0.974345,0.961339,0.956503,0.955278,0.950812,0.949064,0.924746,0.946707,0.936386,0.937897,0.931217,0.932282,0.937672,0.933449,0.932537,0.933194,0.933868,0.936445,0.916105,0.916165,0.915529,0.916727,0.916244,0.914901,0.915579,0.915786,0.916203,0.942255,0.943182,0.935104,0.929691,0.924904,0.924471,0.922971,0.909501,0.922585,0.920837,0.917010,0.915021,0.914826,0.915886,0.917353,0.917939,0.918082,0.918323,0.937975,0.915041,0.914894,0.914596,0.914394,0.914818,0.915141,0.914420,0.914347,0.913683,0.941600,0.939433,0.936150,0.931687,0.926415,0.927877,0.925455,0.920051,0.924022,0.924823,0.921712,0.917735,0.916190,0.914857,0.914573,0.914769,0.915560,0.914150,0.942271,0.904918,0.905500,0.907409,0.905868,0.906438,0.910305,0.910322,0.908373,0.906800,0.941026,0.937719,0.937019,0.937651,0.934465,0.929777,0.927694,0.925485,0.928625,0.927986,0.924800,0.920688,0.921438,0.918731,0.911577,0.911661,0.911251,0.909530,0.943813,0.906627,0.910752,0.907803,0.908346,0.906174,0.911967,0.911142,0.910804,0.909145,0.933844,0.933367,0.933684,0.933785,0.930725,0.927543,0.928394,0.928532,0.928301,0.927710,0.925295,0.921310,0.924013,0.920011,0.915015,0.916390,0.916537,0.913287
allando_v_sin_a2_f5_v25,0.933918,0.919098,0.918727,0.917856,0.917502,0.917066,0.916646,0.916569,0.916443,0.916533,0.941820,0.947191,0.963332,0.962119,0.957240,0.954461,0.953024,0.899250,0.947821,0.942873,0.935273,0.933724,0.934511,0.930766,0.923947,0.920665,0.920177,0.919639,0.937515,0.919306,0.919579,0.918523,0.918340,0.917968,0.917654,0.917639,0.917454,0.917277,0.949479,0.953817,0.970994,0.966263,0.960522,0.958050,0.954219,0.899150,0.950270,0.944358,0.939371,0.934849,0.936170,0.936072,0.927896,0.928636,0.922732,0.920751,0.945166,0.932862,0.932367,0.928944,0.926155,0.922430,0.920804,0.920362,0.919667,0.920193,0.958194,0.960668,1.000000,0.966229,0.962951,0.958190,0.957637,0.913979,0.948603,0.945226,0.940810,0.931388,0.937772,0.939714,0.937103,0.930906,0.935035,0.933700,0.953321,0.935789,0.933591,0.940595,0.935899,0.935218,0.932709,0.934391,0.932952,0.929834,0.962427,0.960354,0.970598,0.968510,0.960784,0.956308,0.951852,0.919706,0.950914,0.942599,0.942177,0.935436,0.936058,0.942284,0.935072,0.935809,0.936848,0.938208,0.936032,0.921893,0.922162,0.921406,0.921714,0.921157,0.920700,0.920641,0.920231,0.920476,0.940839,0.935844,0.940704,0.940147,0.934837,0.931505,0.928912,0.907550,0.927720,0.925388,0.922139,0.920414,0.919684,0.920592,0.922008,0.922665,0.922990,0.923460,0.939504,0.919736,0.919488,0.918599,0.918872,0.919167,0.919300,0.918804,0.918694,0.917889,0.940490,0.934476,0.938048,0.940412,0.936968,0.935773,0.930900,0.919731,0.928510,0.929324,0.927138,0.923119,0.921578,0.920171,0.919087,0.919472,0.920634,0.918318,0.944777,0.908424,0.909271,0.910784,0.909537,0.910007,0.913301,0.911290,0.909701,0.907669,0.942543,0.937312,0.933241,0.937365,0.943276,0.940488,0.934323,0.925324,0.933656,0.932925,0.929443,0.925793,0.927663,0.922072,0.918071,0.918299,0.914597,0.913365,0.946268,0.912133,0.915499,0.913437,0.913352,0.911155,0.913435,0.914018,0.911056,0.911098,0.936147,0.934491,0.932485,0.929108,0.940612,0.939050,0.936467,0.928485,0.934186,0.933302,0.930146,0.927116,0.930699,0.922404,0.921939,0.923429,0.919970,0.918486
allando_v_sin_a2_f5_v30,0.930876,0.921120,0.920601,0.919642,0.919349,0.918926,0.918475,0.918443,0.918315,0.918379,0.933096,0.941167,0.954650,0.964043,0.956302,0.957201,0.952251,0.891709,0.947716,0.943593,0.934966,0.935492,0.936948,0.933814,0.925453,0.922158,0.921985,0.921521,0.933947,0.921098,0.921056,0.919602,0.919415,0.919016,0.918615,0.918618,0.918362,0.918151,0.940460,0.948424,0.963055,0.969184,0.961393,0.960386,0.953530,0.891682,0.950515,0.946389,0.938859,0.938058,0.938038,0.939237,0.934136,0.934629,0.925353,0.922575,0.941641,0.935498,0.934684,0.930246,0.928182,0.924232,0.922268,0.921887,0.921224,0.921708,0.950181,0.956508,0.966229,1.000000,0.965055,0.960216,0.957653,0.906964,0.949690,0.948204,0.940414,0.934474,0.939960,0.943676,0.944474,0.937473,0.935459,0.937084,0.951130,0.938739,0.937090,0.941991,0.941586,0.934351,0.935407,0.933844,0.934213,0.932105,0.955601,0.956805,0.967369,0.968498,0.962452,0.958145,0.952243,0.911862,0.951508,0.942982,0.941206,0.938322,0.938559,0.946319,0.941276,0.943148,0.940080,0.939216,0.937135,0.926053,0.926361,0.925546,0.925901,0.925301,0.924803,0.924842,0.924347,0.924637,0.938154,0.937210,0.942394,0.942117,0.939590,0.937132,0.933664,0.905569,0.932961,0.929990,0.925926,0.924474,0.923505,0.924659,0.926251,0.926949,0.927392,0.927955,0.940748,0.923436,0.922980,0.922434,0.922608,0.922913,0.923201,0.922599,0.922394,0.921597,0.940105,0.936705,0.940644,0.942266,0.940930,0.941700,0.936929,0.918372,0.934344,0.933717,0.930449,0.927160,0.925493,0.923884,0.922583,0.922717,0.924219,0.922190,0.945045,0.913011,0.912460,0.914482,0.913320,0.913583,0.916589,0.915209,0.912382,0.910267,0.943194,0.939028,0.936087,0.940313,0.944900,0.944417,0.940407,0.923683,0.938696,0.937426,0.934012,0.930473,0.931174,0.927636,0.921902,0.922563,0.923863,0.921753,0.946583,0.915197,0.917965,0.917563,0.916996,0.914137,0.915838,0.916902,0.912801,0.912601,0.939625,0.937298,0.935123,0.931335,0.943609,0.943139,0.941393,0.926194,0.939222,0.937886,0.934686,0.931816,0.934445,0.929847,0.926102,0.927355,0.928139,0.926682
allando_v_sin_a2_f5_v35,0.927651,0.926605,0.926023,0.925018,0.924774,0.924342,0.923936,0.923842,0.923702,0.923781,0.934650,0.942324,0.950922,0.958396,0.962682,0.963430,0.958653,0.892799,0.953052,0.949792,0.940124,0.941274,0.943093,0.939323,0.931396,0.927957,0.927868,0.927193,0.930520,0.926738,0.926308,0.924488,0.924379,0.923869,0.923349,0.923478,0.923247,0.923317,0.942481,0.949235,0.959914,0.963541,0.968738,0.967631,0.960496,0.892847,0.955674,0.952085,0.944167,0.943203,0.944620,0.945221,0.935848,0.938195,0.930448,0.928158,0.938676,0.941980,0.941365,0.937210,0.934721,0.930552,0.928329,0.928072,0.927410,0.927913,0.951947,0.957317,0.962951,0.965055,1.000000,0.968062,0.964690,0.908016,0.954893,0.952612,0.946302,0.939119,0.946097,0.947125,0.946907,0.939433,0.943141,0.943604,0.948242,0.945530,0.941597,0.945511,0.943816,0.941499,0.940996,0.939095,0.939087,0.939421,0.957618,0.957780,0.965196,0.966979,0.970915,0.965974,0.959316,0.912815,0.957455,0.949334,0.947262,0.943240,0.944805,0.948965,0.941632,0.945448,0.948260,0.947449,0.938637,0.933191,0.933322,0.932492,0.932570,0.931985,0.931583,0.931873,0.931356,0.931457,0.942953,0.943008,0.944323,0.942578,0.940184,0.943537,0.943330,0.907190,0.941489,0.938181,0.933423,0.931408,0.930875,0.932038,0.933677,0.934383,0.934462,0.934938,0.943194,0.930114,0.929871,0.929094,0.929269,0.929744,0.930027,0.929287,0.929124,0.928392,0.946231,0.942980,0.945873,0.943727,0.941602,0.944335,0.945813,0.920209,0.943296,0.941951,0.937524,0.933763,0.932454,0.931063,0.929406,0.929791,0.931073,0.929200,0.949965,0.921718,0.922129,0.922849,0.920528,0.920139,0.922511,0.920872,0.919952,0.917835,0.948633,0.945411,0.942502,0.946052,0.947235,0.946194,0.949014,0.926453,0.947518,0.945496,0.941540,0.936527,0.937101,0.933001,0.927515,0.927906,0.926000,0.924312,0.951459,0.925002,0.926972,0.923612,0.922768,0.918983,0.922915,0.923823,0.921048,0.921205,0.944638,0.943298,0.942145,0.939267,0.944360,0.943595,0.947085,0.929120,0.947602,0.946413,0.942351,0.937666,0.939909,0.933393,0.931537,0.932784,0.931442,0.928977
allando_v_sin_a2_f5_v40,0.925561,0.929182,0.928625,0.927571,0.927303,0.926850,0.926429,0.926286,0.926112,0.926169,0.934001,0.939044,0.947475,0.953427,0.959269,0.966180,0.958930,0.892995,0.957960,0.950932,0.943444,0.945921,0.948317,0.942838,0.934237,0.930787,0.930459,0.929754,0.928455,0.929025,0.928684,0.926819,0.926653,0.926160,0.925473,0.925676,0.925611,0.925608,0.940688,0.945822,0.955729,0.958190,0.965264,0.971931,0.960810,0.892981,0.960450,0.953470,0.947090,0.946275,0.949470,0.947362,0.937120,0.940394,0.932463,0.930544,0.935487,0.943137,0.945231,0.938630,0.936899,0.932516,0.930360,0.930112,0.929432,0.930030,0.950217,0.952916,0.958190,0.960216,0.968062,1.000000,0.964474,0.907289,0.960056,0.954955,0.949196,0.945439,0.951508,0.950595,0.947979,0.937993,0.941660,0.943105,0.944952,0.947073,0.942510,0.947285,0.944652,0.942548,0.941589,0.940964,0.942317,0.940610,0.954630,0.952703,0.960468,0.965718,0.966989,0.971237,0.959489,0.912060,0.960172,0.952797,0.950355,0.949915,0.949455,0.952686,0.943214,0.943834,0.947467,0.946697,0.939394,0.935200,0.935529,0.934600,0.934493,0.933857,0.933752,0.933853,0.933467,0.933454,0.941453,0.942345,0.942830,0.941378,0.939688,0.942037,0.942961,0.908019,0.943255,0.940566,0.936944,0.934672,0.933911,0.935094,0.936612,0.936997,0.936490,0.937079,0.944418,0.932612,0.932524,0.931716,0.931759,0.932370,0.932348,0.931759,0.931777,0.931095,0.944535,0.942316,0.945220,0.942925,0.941102,0.943217,0.944759,0.921366,0.946280,0.943824,0.940388,0.937287,0.935064,0.934013,0.932305,0.932691,0.933581,0.932036,0.951570,0.921646,0.922865,0.924583,0.923599,0.922847,0.924948,0.923968,0.921896,0.920088,0.948700,0.945930,0.942249,0.945762,0.947094,0.946843,0.948854,0.926884,0.949221,0.947290,0.944321,0.939205,0.939104,0.936652,0.933016,0.933217,0.926969,0.926658,0.952096,0.924013,0.928260,0.926189,0.926251,0.921998,0.926971,0.925761,0.922794,0.921430,0.943383,0.944012,0.942691,0.940019,0.943677,0.943862,0.946958,0.930194,0.948810,0.947710,0.945220,0.940042,0.942286,0.936474,0.936378,0.937457,0.931330,0.932071
allando_v_sin_a2_f5_v45,0.923293,0.933569,0.933020,0.931975,0.931965,0.931556,0.931151,0.931050,0.930844,0.930870,0.932445,0.940653,0.947402,0.951079,0.955785,0.959583,0.966978,0.893742,0.958937,0.953568,0.945555,0.945823,0.948475,0.944748,0.937874,0.934679,0.934579,0.934061,0.926044,0.933070,0.932451,0.930484,0.930305,0.929839,0.929233,0.929326,0.929066,0.929241,0.940006,0.947772,0.955073,0.955939,0.961562,0.963190,0.969609,0.893587,0.961544,0.954503,0.949561,0.947453,0.950745,0.947975,0.939289,0.944424,0.936785,0.934553,0.933857,0.948208,0.947771,0.944963,0.942356,0.937306,0.935041,0.934866,0.934306,0.934726,0.950432,0.954477,0.957637,0.957653,0.964690,0.964474,1.000000,0.906486,0.961222,0.955465,0.951837,0.943421,0.951782,0.951523,0.951627,0.943252,0.947265,0.946705,0.944607,0.949807,0.946627,0.950387,0.949799,0.950036,0.948910,0.947247,0.945273,0.946367,0.953214,0.955582,0.961439,0.961670,0.964898,0.963041,0.969613,0.911928,0.962911,0.952803,0.952059,0.947549,0.949099,0.953038,0.950763,0.948088,0.950472,0.950877,0.938206,0.939117,0.939131,0.938374,0.938499,0.938003,0.937678,0.937770,0.937366,0.937494,0.944591,0.944703,0.946569,0.944966,0.941871,0.942868,0.944455,0.906291,0.945463,0.946089,0.943722,0.940499,0.940926,0.940997,0.941892,0.941632,0.940738,0.940846,0.944402,0.937073,0.937109,0.936161,0.936554,0.936950,0.936839,0.936170,0.936348,0.936045,0.948471,0.946893,0.948765,0.947614,0.945154,0.946143,0.946402,0.918033,0.947225,0.948513,0.947071,0.942867,0.940367,0.939229,0.937452,0.938020,0.937950,0.936743,0.951362,0.929025,0.929093,0.929840,0.929721,0.928553,0.930825,0.929932,0.929126,0.927871,0.951528,0.949997,0.947168,0.949877,0.951474,0.948584,0.947868,0.924890,0.951924,0.951433,0.950191,0.945320,0.944255,0.940613,0.935541,0.935110,0.934664,0.932361,0.954529,0.929494,0.933024,0.929638,0.931876,0.926386,0.935985,0.930833,0.932356,0.929808,0.947199,0.948504,0.948122,0.945414,0.948554,0.947760,0.949019,0.929078,0.951387,0.951503,0.951017,0.946196,0.946822,0.940817,0.938504,0.938857,0.941153,0.935244
allando_v_sin_a2_f5_v5,0.935372,0.858860,0.859122,0.857696,0.856946,0.856456,0.855936,0.855726,0.855482,0.855462,0.929129,0.923728,0.921277,0.914139,0.908875,0.909336,0.907625,0.961842,0.899449,0.891461,0.881829,0.879582,0.880613,0.871962,0.864866,0.861814,0.860447,0.859495,0.935644,0.859505,0.861981,0.863077,0.862781,0.862476,0.862244,0.862020,0.861794,0.861325,0.924830,0.919680,0.918326,0.910135,0.907381,0.907601,0.904398,0.961526,0.897043,0.889031,0.882732,0.877051,0.879060,0.875441,0.865815,0.865917,0.863224,0.860705,0.928893,0.866028,0.866100,0.862454,0.861505,0.859498,0.859399,0.858881,0.857446,0.857670,0.922201,0.919512,0.913979,0.906964,0.908016,0.907289,0.906486,1.000000,0.895922,0.889851,0.884743,0.875165,0.881527,0.878978,0.877694,0.868257,0.870067,0.869456,0.925515,0.869211,0.866177,0.871076,0.870421,0.867173,0.865143,0.864889,0.866734,0.863057,0.920893,0.914246,0.911265,0.909429,0.905678,0.902601,0.899576,0.961788,0.896707,0.886956,0.885714,0.879621,0.878405,0.882672,0.878497,0.876102,0.874240,0.875387,0.902752,0.854508,0.854548,0.853747,0.853845,0.853192,0.852525,0.852636,0.852691,0.852839,0.896551,0.886149,0.880673,0.875967,0.869761,0.867735,0.864222,0.925023,0.862903,0.861251,0.857728,0.854237,0.853656,0.854665,0.855879,0.856340,0.855958,0.855618,0.897756,0.852719,0.852839,0.852216,0.851360,0.851581,0.851197,0.851763,0.851428,0.850049,0.892468,0.881257,0.877715,0.874166,0.869201,0.869449,0.866672,0.923180,0.865766,0.865074,0.861578,0.858236,0.854899,0.853617,0.853395,0.853231,0.854302,0.851190,0.899646,0.842782,0.842421,0.844223,0.841814,0.840773,0.843231,0.843120,0.840649,0.838212,0.893189,0.883454,0.876910,0.876793,0.877093,0.873443,0.870671,0.921258,0.871007,0.869867,0.865847,0.862665,0.860551,0.856817,0.849587,0.850320,0.847745,0.847464,0.899595,0.846902,0.848947,0.845197,0.845123,0.842016,0.849276,0.846144,0.843146,0.841294,0.884818,0.880504,0.877564,0.871830,0.872497,0.870503,0.870972,0.920490,0.870644,0.869573,0.866946,0.863978,0.864758,0.858875,0.854053,0.856566,0.854105,0.852504
allando_v_sin_a2_f5_v50,0.913747,0.930064,0.929426,0.928244,0.928212,0.927838,0.927418,0.927258,0.927088,0.927112,0.923503,0.930055,0.939023,0.942168,0.947210,0.953618,0.957017,0.882619,0.961701,0.950386,0.945056,0.947784,0.949383,0.944238,0.935318,0.931508,0.931326,0.930510,0.916694,0.929206,0.928420,0.926223,0.925965,0.925537,0.924806,0.925000,0.924944,0.924935,0.929685,0.937124,0.946215,0.946777,0.952879,0.957662,0.959817,0.882473,0.964451,0.952904,0.948391,0.948541,0.950947,0.946742,0.935666,0.941750,0.932735,0.930571,0.923244,0.945601,0.947207,0.939456,0.938427,0.932991,0.930661,0.930302,0.929733,0.930272,0.940233,0.943327,0.948603,0.949690,0.954893,0.960056,0.961222,0.895922,1.000000,0.954906,0.950552,0.947512,0.953465,0.951399,0.946761,0.938526,0.941224,0.942667,0.934173,0.947539,0.944495,0.947534,0.944793,0.943598,0.942671,0.941810,0.942212,0.940305,0.942800,0.943085,0.952032,0.957656,0.956239,0.958912,0.959963,0.901253,0.962239,0.953767,0.950940,0.950510,0.949648,0.953251,0.945893,0.943390,0.944661,0.945581,0.930878,0.936107,0.936234,0.935498,0.935538,0.934989,0.934822,0.934736,0.934419,0.934449,0.934232,0.937179,0.941061,0.940374,0.938487,0.938523,0.940313,0.897898,0.942227,0.942124,0.942282,0.939815,0.939003,0.939061,0.939638,0.938929,0.937628,0.937941,0.938763,0.933573,0.933480,0.932560,0.933074,0.933756,0.933535,0.932635,0.933164,0.932924,0.938876,0.939242,0.943449,0.942469,0.941690,0.941598,0.941744,0.910790,0.944875,0.945202,0.944233,0.942976,0.937952,0.936813,0.934466,0.935031,0.934560,0.933703,0.946591,0.922753,0.924053,0.926593,0.927306,0.926189,0.927096,0.926374,0.923740,0.922788,0.944959,0.942688,0.940622,0.944186,0.946203,0.946282,0.943732,0.917380,0.947657,0.946989,0.946558,0.943101,0.941113,0.938540,0.936187,0.935934,0.928720,0.928784,0.948044,0.923602,0.929460,0.928416,0.930992,0.924923,0.931762,0.927069,0.925641,0.923338,0.940240,0.943436,0.941959,0.939655,0.944172,0.944654,0.945130,0.922422,0.946910,0.947338,0.947739,0.944036,0.944126,0.937976,0.938460,0.938457,0.931948,0.933089
allando_v_sin_a2_f5_v55,0.915064,0.932400,0.931756,0.930933,0.930855,0.930560,0.930207,0.930034,0.929848,0.929870,0.923182,0.932209,0.935335,0.940995,0.943227,0.948088,0.951161,0.875006,0.951890,0.962209,0.956386,0.952383,0.949604,0.947545,0.937194,0.933374,0.933859,0.932880,0.918717,0.931213,0.930217,0.927617,0.927359,0.926948,0.926298,0.926610,0.926482,0.926594,0.931192,0.936648,0.942138,0.946294,0.949228,0.952108,0.954318,0.875023,0.955182,0.966437,0.959381,0.955577,0.950658,0.949614,0.941939,0.946865,0.935429,0.932764,0.928268,0.946980,0.948782,0.943130,0.941343,0.935341,0.932748,0.932115,0.931783,0.932138,0.938330,0.940221,0.945226,0.948204,0.952612,0.954955,0.955465,0.889851,0.954906,1.000000,0.961263,0.951386,0.952929,0.953374,0.953216,0.944340,0.943691,0.945189,0.936692,0.948193,0.946405,0.950896,0.950753,0.945582,0.946009,0.943344,0.944814,0.942992,0.940544,0.940999,0.948019,0.951610,0.955185,0.955451,0.953748,0.897410,0.958847,0.967971,0.961181,0.952616,0.949707,0.956656,0.946422,0.947925,0.946497,0.947020,0.931964,0.937474,0.937763,0.937078,0.936872,0.936327,0.936387,0.936201,0.935673,0.935843,0.933095,0.934435,0.941241,0.940217,0.940965,0.941574,0.942613,0.896150,0.943861,0.941546,0.940844,0.940413,0.938896,0.939127,0.939776,0.939520,0.938921,0.939353,0.940003,0.934959,0.934726,0.934109,0.934447,0.935425,0.934956,0.934180,0.934492,0.934730,0.939424,0.937986,0.943588,0.944363,0.943977,0.944475,0.944879,0.910718,0.947377,0.944909,0.942687,0.942886,0.939329,0.938074,0.936150,0.936371,0.935876,0.935832,0.948100,0.924763,0.925200,0.927300,0.926011,0.926599,0.929431,0.929031,0.926134,0.924894,0.945852,0.943288,0.941677,0.944169,0.946739,0.947516,0.945520,0.917687,0.946482,0.945496,0.944144,0.943775,0.947843,0.946406,0.937648,0.937724,0.935048,0.932859,0.953287,0.925141,0.932648,0.927997,0.931534,0.927260,0.928115,0.927491,0.924193,0.923244,0.943883,0.946058,0.944220,0.939973,0.945388,0.945456,0.946429,0.922192,0.947079,0.946877,0.945658,0.944784,0.950544,0.947043,0.940265,0.939827,0.937730,0.936865
allando_v_sin_a2_f5_v60,0.906600,0.934038,0.933413,0.932727,0.932727,0.932473,0.932164,0.931991,0.931848,0.931958,0.917877,0.928763,0.931031,0.932681,0.935936,0.941062,0.947057,0.869502,0.946513,0.955638,0.966643,0.954724,0.951201,0.949296,0.938485,0.934839,0.935459,0.934503,0.909917,0.932858,0.931490,0.928781,0.928595,0.928169,0.927433,0.927917,0.927815,0.928112,0.926785,0.933890,0.938224,0.938392,0.942618,0.945965,0.950995,0.869605,0.949832,0.958868,0.969594,0.958193,0.953146,0.951782,0.941150,0.947813,0.936762,0.934094,0.921071,0.949421,0.950859,0.945905,0.943687,0.937890,0.935106,0.934644,0.934449,0.934793,0.935036,0.936969,0.940810,0.940414,0.946302,0.949196,0.951837,0.884743,0.950552,0.961263,1.000000,0.952488,0.954241,0.953617,0.953695,0.947869,0.947999,0.948176,0.930655,0.951177,0.948878,0.951680,0.951192,0.951470,0.950687,0.948085,0.948180,0.948029,0.937174,0.937603,0.943254,0.944978,0.949493,0.950518,0.950580,0.892802,0.956859,0.961344,0.972486,0.952190,0.951161,0.956547,0.948538,0.949365,0.950442,0.953162,0.928728,0.938485,0.938635,0.938026,0.938056,0.937625,0.937427,0.937528,0.936896,0.936992,0.934632,0.935612,0.939889,0.939789,0.939660,0.939822,0.941456,0.895837,0.943026,0.941297,0.942069,0.941294,0.939881,0.940127,0.940677,0.940592,0.940016,0.940337,0.937569,0.937004,0.936875,0.936351,0.936626,0.937680,0.937130,0.936379,0.936838,0.937090,0.940830,0.940262,0.943336,0.944552,0.943199,0.943339,0.943060,0.910529,0.946025,0.945114,0.943685,0.942848,0.940123,0.939204,0.937876,0.938231,0.937797,0.938276,0.946368,0.929177,0.930790,0.931836,0.930292,0.930510,0.932135,0.931545,0.931248,0.930879,0.945855,0.945052,0.944860,0.944920,0.946844,0.945626,0.942742,0.917711,0.944983,0.944901,0.943575,0.942680,0.948378,0.948186,0.937788,0.939959,0.934544,0.933581,0.952575,0.929067,0.938424,0.930092,0.934306,0.930073,0.930975,0.930899,0.930567,0.929663,0.944856,0.947170,0.946259,0.942958,0.944544,0.944156,0.945541,0.922652,0.946076,0.946185,0.945187,0.943261,0.951189,0.948938,0.940495,0.942423,0.937842,0.936907
allando_v_sin_a2_f5_v65,0.900721,0.930975,0.930148,0.928917,0.929210,0.929017,0.928675,0.928424,0.928276,0.928217,0.910323,0.914032,0.920677,0.924796,0.928995,0.936692,0.938626,0.859372,0.944641,0.943874,0.948642,0.958709,0.957139,0.951984,0.936586,0.932253,0.932923,0.931663,0.902858,0.929970,0.928071,0.925119,0.924774,0.924257,0.923480,0.923676,0.923739,0.923719,0.915785,0.920592,0.928752,0.930630,0.936124,0.942527,0.941109,0.859757,0.948305,0.947977,0.950623,0.959043,0.957863,0.955299,0.941260,0.946589,0.933636,0.931080,0.911367,0.949226,0.952280,0.943242,0.940190,0.934386,0.931343,0.930665,0.930367,0.930746,0.925186,0.926047,0.931388,0.934474,0.939119,0.945439,0.943421,0.875165,0.947512,0.951386,0.952488,1.000000,0.959632,0.959853,0.950538,0.943547,0.945349,0.947472,0.921943,0.950570,0.948761,0.950820,0.947347,0.944325,0.944898,0.944802,0.947673,0.943379,0.929399,0.927295,0.936096,0.942374,0.940528,0.946751,0.943423,0.881470,0.946218,0.950418,0.953149,0.964955,0.957033,0.960557,0.944152,0.948880,0.948727,0.948098,0.927714,0.934204,0.934348,0.933754,0.933758,0.933259,0.933145,0.932720,0.932559,0.932504,0.926643,0.929284,0.934880,0.934034,0.934877,0.935293,0.936664,0.888591,0.937735,0.937307,0.937711,0.936247,0.935227,0.935789,0.936688,0.936435,0.935544,0.935903,0.938010,0.933018,0.932931,0.932346,0.932676,0.933311,0.932845,0.932030,0.932459,0.932939,0.932760,0.933038,0.938028,0.939038,0.937135,0.938610,0.938573,0.904386,0.939993,0.940695,0.938523,0.938762,0.935283,0.934835,0.933602,0.933837,0.933665,0.934288,0.944984,0.927434,0.928285,0.931028,0.929649,0.930208,0.930843,0.930624,0.927043,0.925750,0.939520,0.939656,0.937129,0.939369,0.941590,0.941433,0.938923,0.910193,0.939684,0.940134,0.938581,0.936413,0.940864,0.942434,0.946167,0.943724,0.934468,0.932817,0.941211,0.928498,0.932730,0.932136,0.932071,0.928435,0.926633,0.928603,0.923515,0.924037,0.939749,0.942216,0.939785,0.936351,0.940101,0.938391,0.940994,0.914801,0.940486,0.940651,0.939803,0.937057,0.943483,0.942361,0.948239,0.945255,0.935442,0.938662
allando_v_sin_a2_f5_v70,0.908005,0.941067,0.940258,0.939254,0.939491,0.939294,0.939002,0.938800,0.938672,0.938613,0.916273,0.920941,0.927319,0.931348,0.936835,0.943735,0.947179,0.867846,0.952632,0.946264,0.949388,0.958771,0.965267,0.959268,0.946027,0.942007,0.942856,0.941748,0.909182,0.940344,0.938067,0.935064,0.934788,0.934320,0.933485,0.933687,0.933761,0.933860,0.921563,0.928240,0.935520,0.937107,0.942998,0.949476,0.949547,0.868158,0.955563,0.950202,0.952341,0.958432,0.968139,0.962634,0.949147,0.956319,0.943950,0.941406,0.916961,0.956242,0.959674,0.951793,0.950379,0.944565,0.941510,0.941159,0.940899,0.941253,0.931622,0.934316,0.937772,0.939960,0.946097,0.951508,0.951782,0.881527,0.953465,0.952929,0.954241,0.959632,1.000000,0.964804,0.959401,0.952194,0.956309,0.958263,0.928045,0.956772,0.955251,0.958476,0.956336,0.953823,0.954087,0.952811,0.955597,0.952474,0.935240,0.935229,0.942318,0.948827,0.947256,0.952951,0.950834,0.887491,0.952539,0.950904,0.954222,0.963942,0.966202,0.965156,0.955292,0.955864,0.959354,0.958492,0.936339,0.945093,0.945218,0.944482,0.944552,0.944025,0.943889,0.943577,0.943436,0.943434,0.936702,0.940110,0.944297,0.944372,0.944297,0.944831,0.946905,0.895001,0.948488,0.948463,0.948355,0.946365,0.946034,0.946644,0.947667,0.947360,0.946403,0.946750,0.947037,0.944330,0.944191,0.943665,0.944031,0.944527,0.944255,0.943430,0.943811,0.944158,0.943634,0.944289,0.947872,0.948836,0.946743,0.948889,0.948471,0.909510,0.949856,0.951523,0.949891,0.949556,0.946405,0.945942,0.944730,0.945268,0.944887,0.945472,0.953450,0.941118,0.942242,0.942718,0.940824,0.940203,0.941648,0.941947,0.938966,0.938085,0.949653,0.950099,0.948074,0.949827,0.951786,0.950722,0.947727,0.915873,0.950821,0.951041,0.950089,0.947622,0.949343,0.951525,0.954813,0.954106,0.945527,0.945162,0.949430,0.942723,0.945677,0.939229,0.940963,0.936331,0.942272,0.938568,0.937561,0.936366,0.950941,0.952532,0.951024,0.947873,0.949802,0.948040,0.950169,0.920722,0.951299,0.951972,0.950668,0.948072,0.951772,0.950631,0.956522,0.955801,0.946614,0.949135
allando_v_sin_a2_f5_v75,0.908616,0.945004,0.944165,0.943163,0.943526,0.943391,0.943065,0.942896,0.942784,0.942754,0.915021,0.920979,0.927965,0.933946,0.936523,0.943766,0.946193,0.864957,0.949026,0.946653,0.948892,0.959278,0.962019,0.961657,0.949098,0.945314,0.946560,0.945579,0.909540,0.944413,0.941916,0.938752,0.938458,0.937992,0.937265,0.937412,0.937428,0.937580,0.920778,0.928307,0.936737,0.940411,0.943315,0.949030,0.948559,0.865438,0.952677,0.950493,0.952162,0.961068,0.963459,0.964918,0.954688,0.960752,0.947984,0.945285,0.918321,0.962873,0.964364,0.956537,0.954412,0.948898,0.945745,0.945265,0.945158,0.945388,0.931094,0.934998,0.939714,0.943676,0.947125,0.950595,0.951523,0.878978,0.951399,0.953374,0.953617,0.959853,0.964804,1.000000,0.963302,0.957201,0.959094,0.961731,0.929388,0.962823,0.962097,0.962280,0.960955,0.956442,0.957963,0.956257,0.958462,0.955392,0.935927,0.936901,0.945740,0.949043,0.947831,0.953029,0.950612,0.884917,0.951539,0.949730,0.953120,0.962415,0.961602,0.970527,0.956926,0.962347,0.961134,0.960483,0.937854,0.948863,0.949088,0.948449,0.948637,0.948144,0.947927,0.947528,0.947259,0.947317,0.938197,0.941183,0.947779,0.948387,0.948777,0.949372,0.950417,0.894564,0.951809,0.951407,0.950269,0.949162,0.948350,0.949357,0.950527,0.950487,0.949934,0.950464,0.948482,0.948305,0.948080,0.947654,0.948030,0.948386,0.948372,0.947453,0.947762,0.948060,0.945965,0.946390,0.951339,0.953380,0.951458,0.953709,0.952314,0.909094,0.952514,0.954806,0.952448,0.951316,0.949749,0.949288,0.948241,0.948621,0.948641,0.949136,0.954475,0.944917,0.945329,0.947787,0.946496,0.946951,0.947035,0.946347,0.943036,0.941680,0.952772,0.952801,0.951105,0.953518,0.955728,0.954074,0.951437,0.916019,0.953027,0.953860,0.952441,0.949808,0.952720,0.954854,0.957112,0.956944,0.951980,0.949993,0.950844,0.945277,0.948290,0.947544,0.947185,0.943446,0.942993,0.944840,0.939904,0.940818,0.954234,0.956179,0.954030,0.950589,0.954659,0.952403,0.955321,0.920611,0.954096,0.954478,0.952808,0.950395,0.954578,0.954032,0.958742,0.957884,0.952196,0.954134
allando_v_sin_a2_f5_v80,0.912877,0.946423,0.945632,0.945028,0.945374,0.945188,0.944904,0.944855,0.944739,0.944712,0.912086,0.922734,0.926414,0.935734,0.935500,0.943678,0.946254,0.864064,0.944593,0.946021,0.948214,0.952454,0.957370,0.959017,0.948717,0.945568,0.947262,0.946748,0.913582,0.945737,0.942971,0.939822,0.939601,0.939230,0.938520,0.938692,0.938519,0.938711,0.918804,0.929588,0.934820,0.941862,0.942020,0.947387,0.948586,0.864416,0.947561,0.950584,0.952011,0.955637,0.958955,0.961137,0.961194,0.965923,0.950431,0.946712,0.923915,0.962218,0.962613,0.956873,0.956309,0.950357,0.947164,0.946874,0.946807,0.946983,0.928865,0.935969,0.937103,0.944474,0.946907,0.947979,0.951627,0.877694,0.946761,0.953216,0.953695,0.950538,0.959401,0.963302,1.000000,0.963982,0.961293,0.963524,0.934982,0.962785,0.961500,0.961188,0.966094,0.956758,0.960147,0.956149,0.957082,0.957977,0.933866,0.936777,0.942784,0.943614,0.947624,0.950718,0.949706,0.883890,0.951607,0.946382,0.951943,0.952201,0.956417,0.963623,0.965009,0.966638,0.964965,0.962256,0.938188,0.950992,0.951240,0.950511,0.950629,0.950106,0.949964,0.949807,0.949222,0.949460,0.937567,0.940304,0.947041,0.948639,0.949077,0.950796,0.951909,0.892509,0.954489,0.953527,0.951854,0.950833,0.950066,0.951170,0.952522,0.952682,0.952389,0.952743,0.947314,0.950057,0.949889,0.949770,0.950035,0.950249,0.950246,0.949551,0.949733,0.950126,0.946735,0.947026,0.950751,0.953545,0.951880,0.955541,0.954399,0.905887,0.955145,0.956368,0.954902,0.952475,0.951450,0.950880,0.949961,0.950563,0.950468,0.951094,0.951419,0.949339,0.948420,0.949009,0.947330,0.947090,0.948399,0.947962,0.944900,0.943774,0.952641,0.952665,0.951874,0.953152,0.955437,0.952540,0.951731,0.914172,0.954750,0.955408,0.955911,0.952334,0.954111,0.957221,0.951964,0.953907,0.958571,0.957290,0.951551,0.948647,0.951676,0.945767,0.947061,0.941905,0.946118,0.944452,0.942924,0.941946,0.957703,0.956336,0.954964,0.950298,0.954088,0.952105,0.954685,0.918650,0.955546,0.956510,0.956361,0.952650,0.955879,0.957809,0.954047,0.955198,0.958667,0.958931
allando_v_sin_a2_f5_v85,0.904414,0.943099,0.942528,0.942098,0.942672,0.942515,0.942265,0.942149,0.942089,0.942077,0.904082,0.914371,0.919557,0.927541,0.927125,0.934567,0.938144,0.854732,0.935523,0.937943,0.943561,0.945513,0.949736,0.954825,0.945342,0.942191,0.944205,0.943447,0.904922,0.942814,0.939622,0.936241,0.936110,0.935772,0.935182,0.935272,0.935132,0.935378,0.910850,0.921127,0.927567,0.934154,0.933749,0.938143,0.940599,0.855176,0.938875,0.942769,0.946837,0.949586,0.952388,0.957695,0.954807,0.962395,0.947543,0.943435,0.915248,0.959084,0.958535,0.952882,0.952556,0.947492,0.944426,0.944103,0.944066,0.944236,0.921119,0.926866,0.930906,0.937473,0.939433,0.937993,0.943252,0.868257,0.938526,0.944340,0.947869,0.943547,0.952194,0.957201,0.963982,1.000000,0.960622,0.963029,0.926534,0.956582,0.959080,0.955330,0.960575,0.952387,0.956648,0.952217,0.952199,0.951695,0.925682,0.928974,0.936310,0.935736,0.938898,0.940921,0.942514,0.874529,0.944377,0.937283,0.945795,0.944099,0.950950,0.956219,0.958009,0.965919,0.961113,0.961955,0.930605,0.947849,0.948085,0.947482,0.947672,0.947208,0.947030,0.946705,0.946216,0.946439,0.932128,0.933864,0.941398,0.944029,0.944610,0.946382,0.947707,0.883816,0.950486,0.949719,0.947872,0.947692,0.946959,0.947824,0.949050,0.949323,0.949044,0.949441,0.940281,0.946810,0.946644,0.946446,0.946906,0.947026,0.947260,0.946390,0.946641,0.947079,0.941493,0.941066,0.945521,0.948727,0.946898,0.951545,0.949361,0.896762,0.949440,0.952432,0.950869,0.948614,0.948118,0.947561,0.946590,0.947299,0.947187,0.947803,0.944036,0.951353,0.948832,0.948735,0.945464,0.945649,0.944973,0.944396,0.942787,0.941419,0.946432,0.947022,0.946243,0.948781,0.950831,0.947325,0.946104,0.905395,0.949372,0.951047,0.950115,0.949095,0.949904,0.953063,0.947650,0.951759,0.955382,0.954329,0.944429,0.950617,0.951637,0.943826,0.944675,0.940256,0.942220,0.941815,0.940100,0.941326,0.953592,0.950883,0.949493,0.945656,0.949909,0.947709,0.950270,0.909714,0.950774,0.952807,0.950112,0.949872,0.951043,0.953915,0.950182,0.953610,0.955419,0.956475
allando_v_sin_a2_f5_v90,0.898851,0.948372,0.947497,0.947207,0.947609,0.947547,0.947464,0.947407,0.947355,0.947387,0.908202,0.916631,0.923751,0.926415,0.932433,0.936190,0.941653,0.856452,0.938756,0.940120,0.943358,0.949229,0.953655,0.957844,0.950912,0.947881,0.949621,0.949023,0.899908,0.948796,0.945341,0.941987,0.941868,0.941456,0.940881,0.941020,0.940932,0.941229,0.915816,0.923343,0.931861,0.933345,0.938785,0.941592,0.944716,0.856841,0.942335,0.944452,0.946955,0.951830,0.957504,0.961745,0.954248,0.962586,0.951385,0.949059,0.911201,0.965240,0.964399,0.958564,0.958587,0.953386,0.950537,0.950169,0.950002,0.950368,0.926314,0.929132,0.935035,0.935459,0.943141,0.941660,0.947265,0.870067,0.941224,0.943691,0.947999,0.945349,0.956309,0.959094,0.961293,0.960622,1.000000,0.972445,0.922249,0.962934,0.963251,0.961336,0.960132,0.958933,0.958527,0.958929,0.957979,0.956885,0.930934,0.931447,0.939383,0.939304,0.942710,0.945300,0.946247,0.876161,0.948160,0.940099,0.946788,0.946456,0.954047,0.956662,0.954875,0.963215,0.971428,0.970315,0.929529,0.953869,0.953846,0.953334,0.953557,0.953175,0.952860,0.952608,0.952323,0.952519,0.936268,0.937366,0.945203,0.949234,0.948936,0.951550,0.953793,0.886094,0.954966,0.955129,0.953721,0.952641,0.952609,0.953435,0.954606,0.954997,0.954679,0.955043,0.940402,0.952871,0.952798,0.952414,0.952937,0.953144,0.953461,0.952480,0.952729,0.953067,0.944299,0.944345,0.948821,0.952315,0.951236,0.954759,0.953293,0.899155,0.953030,0.956971,0.956164,0.953361,0.953629,0.953321,0.952414,0.953461,0.953292,0.953748,0.946918,0.959523,0.961590,0.958334,0.952845,0.952495,0.951648,0.949174,0.948550,0.947381,0.950393,0.951033,0.949708,0.952653,0.955045,0.952161,0.950597,0.908138,0.953440,0.955302,0.954582,0.952458,0.955168,0.956383,0.953343,0.954597,0.953023,0.953407,0.947251,0.964502,0.963836,0.950768,0.950979,0.944773,0.948489,0.948286,0.945607,0.948744,0.956833,0.954713,0.953842,0.951307,0.954827,0.952706,0.955409,0.912922,0.954802,0.957590,0.954877,0.953280,0.956063,0.955393,0.955984,0.956549,0.954919,0.956173
allando_v_sin_a2_f5_v95,0.900333,0.950727,0.949866,0.949497,0.949894,0.949859,0.949745,0.949657,0.949595,0.949615,0.908082,0.916632,0.921962,0.927478,0.932138,0.937748,0.941508,0.855677,0.940607,0.940796,0.943847,0.950831,0.955856,0.960772,0.953293,0.950161,0.952045,0.951316,0.901048,0.951098,0.947496,0.944003,0.943846,0.943442,0.942788,0.942943,0.942932,0.943240,0.915155,0.923574,0.930495,0.934483,0.938811,0.943188,0.944127,0.856197,0.944091,0.945255,0.947162,0.953998,0.958598,0.963796,0.956214,0.965889,0.953830,0.951273,0.911998,0.968223,0.968182,0.961474,0.961214,0.955981,0.952868,0.952478,0.952375,0.952652,0.925488,0.929578,0.933700,0.937084,0.943604,0.943105,0.946705,0.869456,0.942667,0.945189,0.948176,0.947472,0.958263,0.961731,0.963524,0.963029,0.972445,1.000000,0.922915,0.965216,0.966314,0.962743,0.963781,0.959633,0.961582,0.959459,0.960575,0.959244,0.930196,0.931709,0.939312,0.940657,0.942849,0.946281,0.945455,0.875501,0.947785,0.940681,0.946577,0.948496,0.955398,0.959337,0.955154,0.965101,0.972182,0.970534,0.931897,0.955957,0.956065,0.955478,0.955699,0.955284,0.954988,0.954661,0.954463,0.954571,0.937427,0.939770,0.946926,0.950313,0.950952,0.953933,0.955886,0.886367,0.957429,0.957091,0.955291,0.954711,0.954318,0.955344,0.956652,0.957045,0.956715,0.957226,0.943366,0.955052,0.954870,0.954599,0.955033,0.955271,0.955611,0.954577,0.954829,0.955185,0.946671,0.947038,0.951227,0.954025,0.952967,0.957475,0.955740,0.900077,0.955611,0.959291,0.957183,0.955911,0.955854,0.955452,0.954502,0.955457,0.955354,0.955985,0.949549,0.961127,0.962976,0.961365,0.956070,0.956125,0.954601,0.952917,0.951340,0.950079,0.952899,0.953232,0.952624,0.955273,0.956844,0.954383,0.953340,0.909201,0.955692,0.957499,0.956155,0.954718,0.956932,0.959869,0.956288,0.958634,0.956773,0.956913,0.948694,0.965375,0.965050,0.954569,0.954328,0.948632,0.950551,0.951781,0.947853,0.951084,0.958776,0.957671,0.956460,0.954204,0.956815,0.954350,0.957918,0.913923,0.957089,0.959638,0.956340,0.955380,0.957688,0.958847,0.958551,0.960216,0.957489,0.960138
allando_v_sin_a2_f7_v10,0.956406,0.905644,0.905324,0.904364,0.904042,0.903593,0.903106,0.902985,0.902744,0.902733,0.947997,0.951340,0.951497,0.951794,0.942655,0.944913,0.943544,0.910281,0.934607,0.933297,0.926294,0.924116,0.925547,0.920894,0.910303,0.906743,0.906708,0.905942,0.960738,0.905413,0.905324,0.904458,0.904252,0.903954,0.903715,0.903479,0.903144,0.902905,0.953749,0.955581,0.954940,0.953076,0.945536,0.946075,0.943325,0.910475,0.935411,0.934764,0.929086,0.924495,0.925717,0.925278,0.922630,0.923367,0.910836,0.906861,0.968220,0.919033,0.918839,0.914352,0.911967,0.907724,0.905872,0.905421,0.904374,0.904803,0.958367,0.957520,0.953321,0.951130,0.948242,0.944952,0.944607,0.925515,0.934173,0.936692,0.930655,0.921943,0.928045,0.929388,0.934982,0.926534,0.922249,0.922915,1.000000,0.921737,0.920529,0.923467,0.927105,0.918180,0.918971,0.916418,0.917775,0.915442,0.959112,0.953492,0.951686,0.948078,0.946223,0.942391,0.938892,0.931990,0.939830,0.930030,0.930754,0.926158,0.926973,0.933074,0.935423,0.932583,0.926892,0.926517,0.939365,0.902626,0.902800,0.901737,0.901647,0.900977,0.900634,0.900559,0.900118,0.900271,0.931936,0.923228,0.920890,0.917107,0.913159,0.911962,0.909390,0.907082,0.909771,0.907266,0.903224,0.901267,0.900441,0.901469,0.903422,0.904322,0.904319,0.904382,0.939513,0.900179,0.900173,0.899831,0.899388,0.899281,0.898846,0.899191,0.898835,0.898602,0.932632,0.921559,0.918924,0.918645,0.913596,0.915923,0.912687,0.919012,0.912179,0.911046,0.908107,0.904393,0.901946,0.900591,0.900427,0.900830,0.901316,0.899851,0.940212,0.894254,0.892972,0.893916,0.891509,0.891157,0.893152,0.893280,0.890143,0.888227,0.934091,0.924112,0.919917,0.918801,0.920888,0.916798,0.913910,0.924451,0.915369,0.914223,0.911470,0.908553,0.908543,0.907497,0.899638,0.900489,0.906057,0.904672,0.940797,0.897559,0.901116,0.895108,0.895900,0.891265,0.894941,0.893141,0.891020,0.888488,0.932467,0.924536,0.920103,0.913721,0.916847,0.914571,0.915231,0.927002,0.914877,0.914762,0.912534,0.909822,0.912294,0.910339,0.904598,0.906053,0.910479,0.909374
allando_v_sin_a2_f7_v100,0.898951,0.949782,0.948849,0.948133,0.948564,0.948506,0.948325,0.948247,0.948168,0.948223,0.910346,0.919277,0.924719,0.930050,0.935595,0.941588,0.944507,0.855245,0.943954,0.944734,0.946267,0.953629,0.956127,0.959207,0.951732,0.948823,0.950293,0.949871,0.899577,0.949245,0.946349,0.943000,0.942734,0.942258,0.941541,0.941809,0.941791,0.942187,0.916882,0.925890,0.933514,0.936433,0.942537,0.946118,0.947182,0.855781,0.946993,0.947216,0.949857,0.956789,0.957172,0.959716,0.954817,0.961479,0.951288,0.949481,0.910299,0.974836,0.973306,0.965164,0.962254,0.955547,0.952165,0.951523,0.951611,0.951802,0.927673,0.932208,0.935789,0.938739,0.945530,0.947073,0.949807,0.869211,0.947539,0.948193,0.951177,0.950570,0.956772,0.962823,0.962785,0.956582,0.962934,0.965216,0.921737,1.000000,0.972889,0.967364,0.965677,0.962975,0.964470,0.963067,0.963156,0.963888,0.933375,0.933572,0.942769,0.942102,0.946315,0.950465,0.948594,0.874775,0.950467,0.944568,0.950039,0.949801,0.953673,0.961370,0.954548,0.961502,0.964750,0.964181,0.930050,0.955161,0.955368,0.955171,0.955294,0.954961,0.954862,0.954603,0.954095,0.954158,0.937623,0.939417,0.947817,0.949934,0.950177,0.953784,0.955836,0.886432,0.956912,0.956375,0.955013,0.954697,0.953476,0.954559,0.955729,0.955861,0.955544,0.956119,0.940427,0.954436,0.954422,0.954081,0.954498,0.954858,0.955020,0.954051,0.954411,0.954796,0.945699,0.946434,0.952395,0.954065,0.953299,0.955590,0.955773,0.899427,0.956180,0.959366,0.957117,0.954305,0.955152,0.954863,0.953775,0.954690,0.954556,0.955025,0.947429,0.951620,0.953729,0.958832,0.960474,0.961239,0.958238,0.954998,0.952275,0.951146,0.953501,0.953135,0.952192,0.954838,0.956181,0.953957,0.955070,0.908487,0.956196,0.957604,0.957085,0.952696,0.956373,0.956988,0.954342,0.955458,0.952681,0.951888,0.947242,0.951623,0.956334,0.963977,0.962078,0.955690,0.952703,0.957053,0.950292,0.951899,0.952078,0.956895,0.955156,0.951698,0.955281,0.953705,0.958712,0.913286,0.956739,0.957758,0.957354,0.952699,0.956910,0.955408,0.955145,0.955808,0.953433,0.954562
allando_v_sin_a2_f7_v105,0.897382,0.949959,0.949117,0.948542,0.949025,0.949061,0.948905,0.948836,0.948787,0.948853,0.907572,0.917359,0.922580,0.927677,0.931424,0.937750,0.941917,0.852509,0.941030,0.942806,0.944782,0.951904,0.954164,0.959006,0.951645,0.948794,0.950534,0.950027,0.898125,0.949571,0.946459,0.943056,0.942806,0.942403,0.941773,0.941951,0.941976,0.942377,0.914098,0.923985,0.930820,0.934350,0.938222,0.942214,0.944557,0.853012,0.944261,0.945704,0.948009,0.955790,0.955681,0.959903,0.954506,0.962803,0.951758,0.949667,0.908983,0.974393,0.973114,0.965883,0.962666,0.956076,0.952642,0.951966,0.952068,0.952168,0.925143,0.929733,0.933591,0.937090,0.941597,0.942510,0.946627,0.866177,0.944495,0.946405,0.948878,0.948761,0.955251,0.962097,0.961500,0.959080,0.963251,0.966314,0.920529,0.972889,1.000000,0.966921,0.966765,0.962453,0.964834,0.963241,0.963579,0.963207,0.929676,0.931759,0.941064,0.939653,0.942014,0.945823,0.945992,0.872143,0.947831,0.942027,0.947365,0.947624,0.953326,0.960438,0.954592,0.963548,0.963470,0.964535,0.928987,0.954786,0.954986,0.954854,0.955113,0.954824,0.954686,0.954286,0.953867,0.953993,0.936238,0.938461,0.947251,0.949448,0.950030,0.952591,0.954077,0.884312,0.955911,0.955907,0.954418,0.954661,0.953554,0.954439,0.955524,0.955611,0.955256,0.955811,0.939745,0.954593,0.954526,0.954337,0.954799,0.955103,0.955272,0.954311,0.954663,0.955175,0.944831,0.946056,0.951901,0.954040,0.953020,0.955753,0.954060,0.897126,0.954589,0.958814,0.956241,0.954500,0.955332,0.954937,0.953972,0.954917,0.954610,0.955277,0.946033,0.953698,0.955132,0.959870,0.960728,0.962318,0.958921,0.956326,0.953259,0.952251,0.952469,0.952197,0.951971,0.954717,0.956013,0.953429,0.952711,0.906398,0.954757,0.956859,0.955361,0.953638,0.956398,0.957599,0.954301,0.956139,0.954863,0.953913,0.946214,0.953652,0.957320,0.963198,0.962410,0.956839,0.953594,0.957770,0.950673,0.953158,0.952420,0.956427,0.954410,0.951404,0.955619,0.953712,0.957926,0.911218,0.955300,0.957104,0.955086,0.953809,0.956765,0.956302,0.955376,0.956454,0.955156,0.956590
allando_v_sin_a2_f7_v110,0.901023,0.951591,0.950983,0.950728,0.950999,0.950888,0.950736,0.950674,0.950635,0.950701,0.913848,0.921859,0.928743,0.932791,0.935840,0.940600,0.945186,0.857276,0.946342,0.946029,0.946860,0.953414,0.956386,0.959955,0.953704,0.951154,0.952346,0.951860,0.901955,0.951044,0.948879,0.945966,0.945747,0.945326,0.944682,0.944928,0.945023,0.945391,0.920342,0.929262,0.937604,0.939579,0.942100,0.945877,0.947834,0.857773,0.949898,0.949026,0.950919,0.955417,0.958163,0.960031,0.954283,0.961741,0.953168,0.951798,0.912074,0.967889,0.969280,0.967820,0.964691,0.957710,0.954519,0.953933,0.954126,0.954232,0.931559,0.935620,0.940595,0.941991,0.945511,0.947285,0.950387,0.871076,0.947534,0.950896,0.951680,0.950820,0.958476,0.962280,0.961188,0.955330,0.961336,0.962743,0.923467,0.967364,0.966921,1.000000,0.970009,0.966441,0.967344,0.967452,0.968117,0.967164,0.936388,0.937720,0.945460,0.947051,0.946780,0.950539,0.948659,0.877327,0.948767,0.947312,0.950600,0.952765,0.955259,0.961633,0.955200,0.957910,0.960784,0.961268,0.931897,0.955811,0.956129,0.956009,0.956127,0.955824,0.956000,0.955623,0.955307,0.955459,0.940250,0.941748,0.949967,0.952232,0.952463,0.953441,0.955365,0.888025,0.956515,0.956092,0.955062,0.954252,0.953713,0.954878,0.956125,0.956344,0.956178,0.956824,0.942806,0.956274,0.956186,0.955976,0.956458,0.956779,0.956938,0.956153,0.956431,0.956737,0.947624,0.948670,0.953714,0.957261,0.956172,0.957408,0.955829,0.901560,0.956042,0.958905,0.957396,0.955810,0.956416,0.956126,0.955434,0.956422,0.956264,0.956634,0.949313,0.949422,0.950788,0.954094,0.954589,0.956199,0.960720,0.958875,0.955519,0.954170,0.953747,0.955312,0.954238,0.956479,0.959772,0.957888,0.955381,0.910738,0.956587,0.957508,0.956460,0.954276,0.958056,0.958717,0.957950,0.957854,0.954382,0.952844,0.948950,0.948532,0.952779,0.954995,0.955412,0.953509,0.956478,0.957034,0.952905,0.953301,0.951597,0.957982,0.956841,0.954128,0.959167,0.957177,0.958260,0.916029,0.957165,0.957872,0.956303,0.954166,0.958645,0.956838,0.958362,0.958018,0.954683,0.954981
allando_v_sin_a2_f7_v115,0.904150,0.952389,0.951878,0.951713,0.952052,0.951964,0.951783,0.951769,0.951712,0.951767,0.911272,0.923226,0.924558,0.932186,0.932978,0.940026,0.945314,0.856952,0.943427,0.945057,0.946516,0.950597,0.954743,0.960133,0.953784,0.951363,0.953003,0.952473,0.904882,0.951667,0.949228,0.946214,0.946043,0.945708,0.945039,0.945253,0.945266,0.945729,0.917708,0.930719,0.933082,0.938925,0.939575,0.944270,0.947727,0.857374,0.946553,0.948410,0.950126,0.953765,0.956201,0.959406,0.956694,0.965698,0.954728,0.952441,0.915109,0.967589,0.968618,0.968064,0.965441,0.958694,0.955292,0.954848,0.955094,0.955040,0.929229,0.936774,0.935899,0.941586,0.943816,0.944652,0.949799,0.870421,0.944793,0.950753,0.951192,0.947347,0.956336,0.960955,0.966094,0.960575,0.960132,0.963781,0.927105,0.965677,0.966765,0.970009,1.000000,0.966571,0.970906,0.966312,0.966785,0.968670,0.933277,0.938742,0.942209,0.942145,0.944945,0.947624,0.948189,0.876656,0.948198,0.944221,0.949155,0.948998,0.952973,0.960471,0.960122,0.961505,0.961232,0.960987,0.933040,0.956017,0.956345,0.956196,0.956326,0.955998,0.956238,0.955936,0.955513,0.955700,0.940190,0.942719,0.948935,0.950217,0.951055,0.952826,0.954941,0.887398,0.957371,0.957101,0.955488,0.954889,0.954366,0.955532,0.956829,0.956969,0.956682,0.957223,0.943497,0.956639,0.956575,0.956661,0.957030,0.957243,0.957423,0.956734,0.956955,0.957413,0.949383,0.950564,0.953952,0.956418,0.954429,0.957626,0.956228,0.900590,0.956788,0.959627,0.957852,0.956231,0.956985,0.956594,0.955983,0.957023,0.956575,0.957310,0.948360,0.951883,0.951645,0.954753,0.954994,0.956353,0.959815,0.960683,0.957094,0.956244,0.953919,0.955742,0.956184,0.957167,0.958697,0.955412,0.954396,0.910051,0.957299,0.958211,0.957655,0.955874,0.958055,0.961105,0.955782,0.957665,0.959968,0.957846,0.949311,0.949577,0.953609,0.953678,0.955402,0.952369,0.958214,0.957877,0.955655,0.954802,0.954186,0.958964,0.957982,0.955181,0.957594,0.954991,0.957100,0.915239,0.957430,0.958486,0.957275,0.955594,0.958492,0.960841,0.956509,0.957747,0.959697,0.958819
allando_v_sin_a2_f7_v120,0.894206,0.949760,0.949573,0.948970,0.949971,0.949766,0.949372,0.949217,0.949095,0.949129,0.913735,0.920560,0.923608,0.925500,0.932303,0.935944,0.944701,0.854516,0.942121,0.943188,0.946601,0.948073,0.951773,0.956537,0.953035,0.949445,0.951154,0.950214,0.895330,0.949060,0.946911,0.943786,0.943689,0.943287,0.942629,0.942892,0.942895,0.943541,0.921467,0.927951,0.931916,0.932468,0.938820,0.941255,0.947871,0.854897,0.945606,0.944571,0.950538,0.950585,0.954334,0.955526,0.949121,0.958798,0.951720,0.949994,0.906186,0.964888,0.966645,0.966872,0.962619,0.956924,0.954062,0.953457,0.953998,0.953715,0.933393,0.933814,0.935218,0.934351,0.941499,0.942548,0.950036,0.867173,0.943598,0.945582,0.951470,0.944325,0.953823,0.956442,0.956758,0.952387,0.958933,0.959633,0.918180,0.962975,0.962453,0.966441,0.966571,1.000000,0.974134,0.970606,0.968841,0.967854,0.936611,0.937213,0.941402,0.939584,0.943108,0.945405,0.948950,0.873526,0.945932,0.942374,0.950151,0.946353,0.950278,0.955015,0.950966,0.952753,0.957464,0.960264,0.926583,0.954138,0.954297,0.954223,0.954099,0.953925,0.954468,0.953782,0.953336,0.953417,0.945360,0.941073,0.945922,0.947321,0.946913,0.948665,0.953263,0.884868,0.955046,0.955483,0.954285,0.953350,0.953283,0.953966,0.954800,0.954657,0.954186,0.954745,0.937140,0.954777,0.955017,0.954258,0.954874,0.955175,0.955313,0.954579,0.954840,0.955259,0.950413,0.948698,0.951775,0.954005,0.951719,0.953517,0.953360,0.897028,0.953617,0.957420,0.956559,0.954019,0.955673,0.955602,0.954715,0.955578,0.955341,0.955131,0.944205,0.949270,0.950600,0.953084,0.953341,0.954946,0.957661,0.957568,0.959075,0.959427,0.950354,0.956341,0.954321,0.955475,0.957347,0.953348,0.951585,0.906100,0.954879,0.956113,0.955220,0.952956,0.957189,0.957569,0.954357,0.955107,0.951836,0.950459,0.945750,0.947419,0.951951,0.951008,0.953117,0.950736,0.957126,0.956954,0.962368,0.961823,0.948389,0.955108,0.957022,0.954610,0.954763,0.952913,0.954796,0.911900,0.955240,0.955919,0.954910,0.952450,0.957174,0.954927,0.954414,0.955308,0.953938,0.951742
allando_v_sin_a2_f7_v125,0.895953,0.951641,0.951444,0.951024,0.951914,0.951762,0.951398,0.951310,0.951234,0.951314,0.910074,0.921054,0.920978,0.926288,0.930612,0.936223,0.944368,0.852393,0.941411,0.942964,0.946407,0.948638,0.952741,0.958504,0.954476,0.950944,0.952926,0.951884,0.896301,0.950871,0.948439,0.945248,0.945154,0.944775,0.944043,0.944347,0.944458,0.945209,0.916723,0.928595,0.929572,0.933250,0.937486,0.940929,0.947051,0.852906,0.944725,0.944359,0.949749,0.951595,0.954559,0.956695,0.951438,0.962372,0.953754,0.951676,0.906603,0.967099,0.968803,0.969200,0.964778,0.958966,0.955834,0.955344,0.955966,0.955602,0.928634,0.934673,0.932709,0.935407,0.940996,0.941589,0.948910,0.865143,0.942671,0.946009,0.950687,0.944898,0.954087,0.957963,0.960147,0.956648,0.958527,0.961582,0.918971,0.964470,0.964834,0.967344,0.970906,0.974134,1.000000,0.969921,0.969137,0.970530,0.932247,0.938021,0.939895,0.938247,0.942125,0.944496,0.948107,0.871159,0.945052,0.940942,0.948798,0.946692,0.950246,0.956367,0.953866,0.956108,0.958334,0.960165,0.928146,0.955925,0.956202,0.956198,0.956246,0.956058,0.956545,0.956015,0.955592,0.955677,0.944290,0.942871,0.947066,0.947772,0.948325,0.950560,0.954940,0.884063,0.957088,0.957394,0.955829,0.955238,0.955076,0.955802,0.956695,0.956540,0.956079,0.956693,0.938645,0.956639,0.956765,0.956422,0.956976,0.957306,0.957537,0.956787,0.957076,0.957510,0.951240,0.950373,0.953500,0.954932,0.952447,0.955501,0.955169,0.895974,0.955360,0.959215,0.957778,0.955706,0.957473,0.957302,0.956393,0.957404,0.956970,0.957139,0.944590,0.952078,0.952382,0.955586,0.956027,0.957934,0.960453,0.961116,0.961745,0.962033,0.950984,0.956002,0.956176,0.957251,0.957896,0.953810,0.953088,0.905003,0.956278,0.957543,0.956605,0.954686,0.957973,0.960250,0.956400,0.957772,0.957069,0.954872,0.945447,0.948953,0.953323,0.953790,0.955667,0.953579,0.958995,0.959350,0.964512,0.963871,0.949966,0.956494,0.957643,0.956095,0.955591,0.953191,0.955966,0.910571,0.956624,0.957218,0.956078,0.954120,0.957582,0.958674,0.956342,0.957553,0.958344,0.956041
allando_v_sin_a2_f7_v130,0.892122,0.950773,0.950469,0.950020,0.950853,0.950733,0.950581,0.950376,0.950267,0.950287,0.916514,0.920365,0.923416,0.925024,0.930582,0.934959,0.942433,0.851211,0.940703,0.941052,0.944253,0.948197,0.951612,0.956844,0.952513,0.950360,0.951332,0.951370,0.892936,0.950122,0.947979,0.944602,0.944396,0.943923,0.943213,0.943553,0.943689,0.944321,0.923772,0.927652,0.931530,0.931788,0.936894,0.940351,0.945158,0.851746,0.944047,0.942693,0.947651,0.950139,0.953797,0.955787,0.949402,0.959302,0.952277,0.951050,0.903907,0.965594,0.967699,0.968461,0.963670,0.957583,0.954588,0.953929,0.954398,0.954104,0.936158,0.933384,0.934391,0.933844,0.939095,0.940964,0.947247,0.864889,0.941810,0.943344,0.948085,0.944802,0.952811,0.956257,0.956149,0.952217,0.958929,0.959459,0.916418,0.963067,0.963241,0.967452,0.966312,0.970606,0.969921,1.000000,0.975117,0.970957,0.939560,0.936305,0.940031,0.938600,0.940181,0.943930,0.945768,0.871257,0.944178,0.939773,0.946754,0.946664,0.949885,0.954293,0.950594,0.952899,0.956525,0.958587,0.925845,0.954851,0.954975,0.955007,0.955191,0.955074,0.955379,0.954933,0.954636,0.954785,0.943278,0.941487,0.946091,0.947942,0.947601,0.948909,0.952803,0.883497,0.955088,0.955900,0.955098,0.954446,0.954230,0.954991,0.955793,0.955732,0.955292,0.955705,0.936373,0.956356,0.956703,0.955692,0.956117,0.956483,0.956687,0.955936,0.956269,0.956744,0.945978,0.948524,0.951629,0.954040,0.952086,0.953895,0.952937,0.894845,0.953417,0.957784,0.957104,0.954760,0.956097,0.956425,0.956102,0.956390,0.956631,0.956523,0.942891,0.950175,0.951415,0.954255,0.954776,0.956680,0.959657,0.959022,0.957770,0.957302,0.949037,0.958596,0.954170,0.955597,0.957162,0.953316,0.951495,0.903792,0.954586,0.956149,0.955287,0.953312,0.957548,0.957771,0.955967,0.956026,0.952508,0.951185,0.943942,0.947964,0.952305,0.952853,0.954632,0.952514,0.957728,0.957099,0.958208,0.958362,0.947283,0.954014,0.957686,0.954185,0.955262,0.953400,0.954767,0.909799,0.954758,0.955652,0.954816,0.952809,0.957449,0.955617,0.956117,0.956110,0.954095,0.952639
allando_v_sin_a2_f7_v135,0.895138,0.951749,0.951443,0.951069,0.951743,0.951696,0.951575,0.951353,0.951265,0.951278,0.918048,0.921027,0.922617,0.925536,0.930197,0.935615,0.940717,0.853160,0.941842,0.941517,0.944731,0.950571,0.954361,0.958853,0.953643,0.951448,0.952420,0.952341,0.895705,0.951184,0.949029,0.945684,0.945465,0.945013,0.944242,0.944623,0.944858,0.945422,0.924216,0.927813,0.930514,0.932079,0.936537,0.941582,0.943025,0.853814,0.945048,0.943671,0.947782,0.952039,0.955765,0.958095,0.950276,0.960647,0.953110,0.952067,0.906018,0.965556,0.968966,0.968882,0.964192,0.958232,0.955245,0.954531,0.954952,0.954702,0.935731,0.933250,0.932952,0.934213,0.939087,0.942317,0.945273,0.866734,0.942212,0.944814,0.948180,0.947673,0.955597,0.958462,0.957082,0.952199,0.957979,0.960575,0.917775,0.963156,0.963579,0.968117,0.966785,0.968841,0.969137,0.975117,1.000000,0.971184,0.939127,0.935611,0.939018,0.940570,0.939992,0.944822,0.942964,0.873044,0.943411,0.941275,0.947067,0.949755,0.952426,0.956847,0.949637,0.953439,0.957377,0.958493,0.928914,0.955195,0.955396,0.955422,0.955536,0.955389,0.955761,0.955287,0.955110,0.955186,0.943314,0.942685,0.946390,0.948028,0.948770,0.949816,0.953144,0.886909,0.955356,0.955623,0.954780,0.954448,0.953962,0.954934,0.955918,0.955978,0.955544,0.956041,0.939329,0.956955,0.957177,0.956430,0.956674,0.957107,0.957218,0.956594,0.956879,0.957355,0.946397,0.949102,0.952012,0.953960,0.952231,0.954584,0.953265,0.898720,0.954038,0.957742,0.956260,0.955227,0.956336,0.956649,0.956564,0.956844,0.957102,0.957241,0.945733,0.950421,0.951996,0.955053,0.954925,0.957153,0.960158,0.960150,0.957721,0.957224,0.950139,0.958931,0.954935,0.955869,0.957087,0.954660,0.952398,0.906807,0.954562,0.956011,0.954705,0.953273,0.957927,0.959287,0.958244,0.958327,0.952998,0.952252,0.945250,0.948973,0.953346,0.953266,0.954827,0.953611,0.957101,0.957621,0.956814,0.957475,0.948643,0.955000,0.958307,0.954665,0.954919,0.953371,0.955337,0.912495,0.954817,0.955530,0.954032,0.952622,0.957992,0.956886,0.958348,0.958269,0.953767,0.954558
allando_v_sin_a2_f7_v140,0.891128,0.952112,0.951414,0.951577,0.951663,0.951771,0.951862,0.951866,0.951756,0.951767,0.909263,0.921624,0.918847,0.923133,0.929273,0.934495,0.941750,0.849611,0.939684,0.940747,0.943913,0.947663,0.951785,0.956647,0.952413,0.950998,0.951716,0.952129,0.891732,0.951603,0.949177,0.946144,0.945916,0.945373,0.944364,0.944725,0.944871,0.945581,0.916097,0.928828,0.927382,0.929875,0.936215,0.939873,0.944601,0.850134,0.942684,0.942134,0.947161,0.949531,0.953189,0.955446,0.949010,0.960034,0.952799,0.952314,0.903025,0.965942,0.967747,0.970427,0.965171,0.958792,0.955540,0.955214,0.955743,0.955615,0.928146,0.934653,0.929834,0.932105,0.939421,0.940610,0.946367,0.863057,0.940305,0.942992,0.948029,0.943379,0.952474,0.955392,0.957977,0.951695,0.956885,0.959244,0.915442,0.963888,0.963207,0.967164,0.968670,0.967854,0.970530,0.970957,0.971184,1.000000,0.931913,0.937399,0.936958,0.936611,0.940700,0.943181,0.944404,0.869486,0.943092,0.939132,0.946711,0.945440,0.949218,0.953990,0.949823,0.952579,0.957452,0.958281,0.925791,0.955115,0.955405,0.955617,0.955965,0.955812,0.956016,0.955931,0.955742,0.955773,0.939942,0.944111,0.946014,0.946369,0.946836,0.949381,0.953149,0.883345,0.955244,0.955783,0.954737,0.954130,0.953924,0.954941,0.956022,0.956190,0.955777,0.956331,0.936079,0.957038,0.956945,0.957171,0.957324,0.957622,0.957778,0.957074,0.957363,0.957953,0.945886,0.951247,0.952307,0.952591,0.950426,0.953318,0.953502,0.895302,0.954200,0.957986,0.956315,0.954296,0.956112,0.955984,0.955842,0.956660,0.956328,0.957503,0.942556,0.951138,0.952501,0.955328,0.955597,0.957600,0.961262,0.961376,0.959373,0.958927,0.949067,0.956381,0.956562,0.956143,0.955643,0.952177,0.952109,0.904229,0.954914,0.956298,0.955583,0.952639,0.956750,0.958128,0.955121,0.956071,0.953842,0.952008,0.943736,0.948196,0.953373,0.953106,0.954955,0.953362,0.958952,0.958883,0.959387,0.958974,0.947106,0.954323,0.958660,0.956335,0.953454,0.951118,0.954293,0.909971,0.954979,0.955719,0.955134,0.951707,0.956354,0.955814,0.954876,0.955581,0.955098,0.952831
allando_v_sin_a2_f7_v15,0.940936,0.915920,0.915762,0.914411,0.914551,0.914033,0.913571,0.913212,0.912916,0.912854,0.957805,0.953431,0.955918,0.954034,0.952286,0.951055,0.949309,0.905633,0.942624,0.939322,0.932024,0.931628,0.932995,0.928711,0.921045,0.917912,0.917124,0.916885,0.945035,0.915878,0.916190,0.914698,0.914423,0.913914,0.913558,0.913550,0.913281,0.913286,0.965384,0.959037,0.962287,0.956883,0.955932,0.954614,0.949954,0.905802,0.944363,0.939718,0.935449,0.931539,0.933634,0.932874,0.923561,0.925447,0.919665,0.917495,0.952784,0.929317,0.930600,0.929138,0.924127,0.920044,0.918134,0.917441,0.916727,0.916956,0.973241,0.964222,0.962427,0.955601,0.957618,0.954630,0.953214,0.920893,0.942800,0.940544,0.937174,0.929399,0.935240,0.935927,0.933866,0.925682,0.930934,0.930196,0.959112,0.933375,0.929676,0.936388,0.933277,0.936611,0.932247,0.939560,0.939127,0.931913,1.000000,0.962314,0.961309,0.958341,0.955393,0.952748,0.947108,0.926744,0.945873,0.937804,0.938578,0.934289,0.933816,0.937871,0.930038,0.931539,0.934299,0.934651,0.936706,0.915304,0.915291,0.914502,0.914335,0.913861,0.913728,0.913485,0.913199,0.913260,0.945894,0.934427,0.930997,0.928160,0.923298,0.923170,0.922441,0.908871,0.921609,0.919195,0.915431,0.913423,0.912856,0.913975,0.915560,0.916301,0.916270,0.916476,0.938932,0.913910,0.914186,0.912655,0.912337,0.912525,0.912438,0.912306,0.912074,0.911664,0.941571,0.932998,0.930983,0.929714,0.925406,0.926170,0.924525,0.920417,0.922890,0.923009,0.920267,0.916145,0.914878,0.914167,0.913977,0.913640,0.915189,0.912723,0.944030,0.903475,0.904632,0.906443,0.904490,0.905161,0.908620,0.907539,0.906310,0.904340,0.941390,0.941085,0.931677,0.931889,0.933208,0.929645,0.927629,0.925729,0.927147,0.926111,0.922818,0.918536,0.921106,0.917415,0.912791,0.911895,0.907846,0.906746,0.944472,0.907059,0.910900,0.908620,0.907889,0.905786,0.908964,0.909832,0.908396,0.907536,0.933677,0.932798,0.933863,0.927151,0.929034,0.927205,0.927890,0.928990,0.926904,0.926146,0.923722,0.919424,0.923914,0.917438,0.916404,0.916848,0.913358,0.912084
allando_v_sin_a2_f7_v20,0.933969,0.919073,0.918623,0.918116,0.917456,0.917207,0.916985,0.916987,0.916855,0.917005,0.943476,0.961302,0.951768,0.953229,0.950803,0.949780,0.951879,0.899830,0.942724,0.940238,0.932527,0.930717,0.932799,0.929474,0.922736,0.920444,0.919742,0.919530,0.937759,0.918820,0.918725,0.917574,0.917387,0.917001,0.916703,0.916725,0.916515,0.916869,0.951214,0.968163,0.958466,0.957034,0.955072,0.952854,0.953107,0.899901,0.944937,0.939784,0.935914,0.931947,0.933669,0.933611,0.925512,0.929355,0.922098,0.920354,0.946188,0.931997,0.931487,0.932899,0.927181,0.923389,0.920966,0.921008,0.920399,0.920753,0.959546,0.974345,0.960354,0.956805,0.957780,0.952703,0.955582,0.914246,0.943085,0.940999,0.937603,0.927295,0.935229,0.936901,0.936777,0.928974,0.931447,0.931709,0.953492,0.933572,0.931759,0.937720,0.938742,0.937213,0.938021,0.936305,0.935611,0.937399,0.962314,1.000000,0.962202,0.956735,0.955702,0.950873,0.950905,0.919842,0.946483,0.937186,0.938460,0.932895,0.933249,0.939141,0.932595,0.934186,0.934248,0.935363,0.935708,0.918955,0.919043,0.918429,0.919718,0.919263,0.917905,0.918543,0.918704,0.919153,0.943180,0.944964,0.936929,0.931358,0.927025,0.926624,0.925524,0.906444,0.925052,0.923594,0.919460,0.917596,0.917655,0.918655,0.920119,0.920710,0.920896,0.921294,0.938204,0.918036,0.917852,0.917548,0.917469,0.917874,0.918294,0.917468,0.917362,0.916739,0.943317,0.941801,0.938639,0.934363,0.928623,0.930559,0.928325,0.917758,0.926213,0.927328,0.924213,0.920193,0.919114,0.917789,0.917470,0.917589,0.918432,0.917153,0.943116,0.908811,0.908977,0.910676,0.908699,0.909834,0.913841,0.913881,0.912526,0.910828,0.942250,0.940160,0.939882,0.940717,0.937570,0.932397,0.930268,0.923633,0.930919,0.930507,0.926924,0.923075,0.924807,0.922256,0.915851,0.915542,0.916153,0.912819,0.944825,0.909668,0.913407,0.910820,0.910997,0.909262,0.913943,0.914630,0.914575,0.913745,0.935368,0.935469,0.936297,0.936932,0.933714,0.930099,0.931269,0.926774,0.931013,0.930109,0.927241,0.923751,0.926863,0.923068,0.919065,0.919928,0.922114,0.916795
allando_v_sin_a2_f7_v25,0.931005,0.925288,0.924837,0.923917,0.923680,0.923324,0.922890,0.922814,0.922697,0.922785,0.939283,0.946864,0.959360,0.961347,0.957476,0.956379,0.956272,0.897110,0.950137,0.945983,0.937564,0.938397,0.939253,0.936023,0.929654,0.926467,0.926272,0.925736,0.934380,0.925306,0.925184,0.923802,0.923593,0.923204,0.922876,0.922867,0.922630,0.922708,0.947195,0.953892,0.967441,0.966181,0.962197,0.960296,0.957985,0.897030,0.952940,0.947074,0.941747,0.940579,0.940842,0.941184,0.933059,0.935124,0.928667,0.926645,0.942524,0.940597,0.939480,0.936310,0.932934,0.929083,0.927103,0.926753,0.926124,0.926541,0.956911,0.961339,0.970598,0.967369,0.965196,0.960468,0.961439,0.911265,0.952032,0.948019,0.943254,0.936096,0.942318,0.945740,0.942784,0.936310,0.939383,0.939312,0.951686,0.942769,0.941064,0.945460,0.942209,0.941402,0.939895,0.940031,0.939018,0.936958,0.961309,0.962202,1.000000,0.968988,0.963294,0.958671,0.956371,0.916768,0.953771,0.945020,0.944373,0.939834,0.940360,0.947912,0.940172,0.942357,0.941772,0.942923,0.937957,0.928433,0.928655,0.927956,0.928466,0.927976,0.927311,0.927272,0.926873,0.927120,0.944045,0.941380,0.946203,0.944085,0.939468,0.936916,0.934574,0.907970,0.933846,0.932250,0.928836,0.927238,0.926591,0.927502,0.928846,0.929374,0.929620,0.930197,0.942180,0.926714,0.926402,0.925557,0.925866,0.926203,0.926347,0.925725,0.925656,0.924909,0.944969,0.940941,0.944552,0.945557,0.942135,0.941512,0.937057,0.919958,0.934867,0.936307,0.933501,0.929678,0.928580,0.927173,0.926068,0.926322,0.927396,0.925384,0.947914,0.916369,0.917037,0.919269,0.918670,0.919312,0.921640,0.919790,0.918179,0.916359,0.947272,0.943126,0.940547,0.944593,0.948676,0.945553,0.940369,0.925640,0.939995,0.939881,0.936192,0.932590,0.934215,0.929224,0.925124,0.925112,0.923325,0.921308,0.949678,0.918806,0.922058,0.922571,0.922293,0.919570,0.921388,0.923062,0.919817,0.920261,0.940925,0.940653,0.939134,0.936435,0.946641,0.944502,0.943166,0.928652,0.940356,0.939646,0.936492,0.933647,0.936820,0.929349,0.928693,0.929657,0.928635,0.926032
allando_v_sin_a2_f7_v30,0.929210,0.926482,0.925993,0.924983,0.924646,0.924246,0.923820,0.923705,0.923578,0.923622,0.937319,0.941111,0.956245,0.960990,0.958139,0.959421,0.956229,0.895001,0.957213,0.947290,0.939368,0.942737,0.944789,0.939885,0.931684,0.928220,0.927737,0.927056,0.932233,0.926624,0.926628,0.925162,0.924958,0.924504,0.923950,0.924048,0.924001,0.923796,0.943881,0.948517,0.965139,0.966126,0.963221,0.964562,0.957659,0.894976,0.960169,0.949920,0.943223,0.943346,0.946021,0.945206,0.933476,0.936560,0.929846,0.928078,0.938863,0.939224,0.940549,0.935272,0.933416,0.929547,0.927727,0.927332,0.926707,0.927267,0.953642,0.956503,0.968510,0.968498,0.966979,0.965718,0.961670,0.909429,0.957656,0.951610,0.944978,0.942374,0.948827,0.949043,0.943614,0.935736,0.939304,0.940657,0.948078,0.942102,0.939653,0.947051,0.942145,0.939584,0.938247,0.938600,0.940570,0.936611,0.958341,0.956735,0.968988,1.000000,0.965144,0.963212,0.956159,0.914600,0.955490,0.949617,0.946508,0.947336,0.946230,0.951406,0.940035,0.941260,0.943590,0.943465,0.939677,0.931223,0.931536,0.930740,0.930924,0.930352,0.929988,0.929898,0.929629,0.929735,0.942215,0.941669,0.946070,0.945819,0.943339,0.940142,0.937937,0.908987,0.936987,0.934685,0.931948,0.929846,0.929112,0.930241,0.931762,0.932240,0.932263,0.932921,0.945134,0.929378,0.928954,0.928130,0.928414,0.928837,0.929005,0.928344,0.928320,0.927517,0.944084,0.940629,0.944622,0.946074,0.944943,0.944273,0.940084,0.922407,0.938564,0.938718,0.935718,0.933830,0.931216,0.929915,0.928579,0.928865,0.930108,0.928110,0.951621,0.917068,0.918109,0.919599,0.918536,0.918651,0.921960,0.920917,0.918175,0.916216,0.947764,0.944063,0.940245,0.944539,0.949657,0.951119,0.944691,0.927328,0.943419,0.942220,0.938746,0.935074,0.936263,0.932268,0.931281,0.930929,0.923915,0.923139,0.951122,0.920521,0.923451,0.921440,0.921696,0.919327,0.922352,0.922197,0.918155,0.918169,0.942035,0.942060,0.940274,0.937068,0.948110,0.947727,0.945698,0.930588,0.943768,0.942598,0.939361,0.936136,0.939483,0.931846,0.934596,0.935307,0.928321,0.929031
allando_v_sin_a2_f7_v35,0.924452,0.927849,0.927243,0.926297,0.926011,0.925582,0.925211,0.925121,0.924975,0.925063,0.932546,0.940866,0.948963,0.955609,0.960481,0.961416,0.959235,0.890486,0.954072,0.952031,0.943083,0.942903,0.944107,0.940448,0.932493,0.929145,0.929006,0.928374,0.927947,0.927652,0.927276,0.925383,0.925252,0.924760,0.924243,0.924419,0.924158,0.924254,0.940837,0.947768,0.957765,0.960834,0.966627,0.965758,0.961745,0.890434,0.956808,0.954102,0.947190,0.944840,0.945727,0.945037,0.935948,0.939017,0.931333,0.929124,0.936515,0.943023,0.942370,0.938391,0.936118,0.931523,0.929251,0.928992,0.928435,0.928878,0.950334,0.955278,0.960784,0.962452,0.970915,0.966989,0.964898,0.905678,0.956239,0.955185,0.949493,0.940528,0.947256,0.947831,0.947624,0.938898,0.942710,0.942849,0.946223,0.946315,0.942014,0.946780,0.944945,0.943108,0.942125,0.940181,0.939992,0.940700,0.955393,0.955702,0.963294,0.965144,1.000000,0.966038,0.960670,0.910897,0.959381,0.952647,0.950354,0.944380,0.945181,0.950226,0.943472,0.944475,0.947384,0.947065,0.936593,0.934699,0.934831,0.934038,0.934063,0.933499,0.933201,0.933482,0.932840,0.932921,0.941304,0.942042,0.944632,0.942855,0.940735,0.944005,0.944421,0.905552,0.942797,0.939561,0.935565,0.933505,0.932933,0.933992,0.935492,0.935995,0.935990,0.936525,0.942107,0.931524,0.931259,0.930482,0.930726,0.931276,0.931471,0.930734,0.930644,0.929962,0.945242,0.943057,0.946190,0.944694,0.942943,0.944966,0.946906,0.918863,0.945241,0.943361,0.939407,0.935778,0.934188,0.932830,0.931034,0.931392,0.932480,0.930770,0.949634,0.920931,0.921616,0.922782,0.921304,0.920733,0.923514,0.922020,0.921075,0.919254,0.948742,0.945503,0.943396,0.946153,0.947835,0.946971,0.949456,0.925906,0.948540,0.946150,0.942716,0.937893,0.938865,0.934422,0.928408,0.928913,0.926696,0.924761,0.952229,0.923269,0.927042,0.923979,0.924074,0.919941,0.924707,0.924489,0.922482,0.921503,0.944355,0.944472,0.943412,0.940365,0.945206,0.944823,0.948010,0.929202,0.948733,0.947237,0.943932,0.939049,0.941759,0.934778,0.931996,0.933164,0.932014,0.928671
allando_v_sin_a2_f7_v40,0.921681,0.931557,0.930909,0.929877,0.929650,0.929188,0.928803,0.928651,0.928493,0.928532,0.930119,0.935769,0.944743,0.950897,0.956892,0.963425,0.957545,0.887479,0.956881,0.950714,0.944445,0.947581,0.950078,0.945919,0.936572,0.933003,0.932868,0.932190,0.924700,0.931296,0.930663,0.928514,0.928297,0.927760,0.927101,0.927311,0.927192,0.927192,0.937347,0.943134,0.953684,0.956242,0.963069,0.969472,0.959771,0.887592,0.959811,0.953594,0.948254,0.948283,0.951439,0.949805,0.940082,0.943597,0.934881,0.932726,0.932512,0.946800,0.948337,0.941468,0.939933,0.935078,0.932668,0.932366,0.931802,0.932285,0.947476,0.950812,0.956308,0.958145,0.965974,0.971237,0.963041,0.902601,0.958912,0.955451,0.950518,0.946751,0.952951,0.953029,0.950718,0.940921,0.945300,0.946281,0.942391,0.950465,0.945823,0.950539,0.947624,0.945405,0.944496,0.943930,0.944822,0.943181,0.952748,0.950873,0.958671,0.963212,0.966038,1.000000,0.959525,0.907526,0.960293,0.953064,0.951327,0.951024,0.950779,0.954806,0.946042,0.946747,0.950270,0.949323,0.937424,0.938191,0.938492,0.937579,0.937531,0.936919,0.936763,0.936819,0.936317,0.936318,0.940154,0.941459,0.944255,0.943564,0.942140,0.945193,0.946349,0.904956,0.946316,0.943258,0.939818,0.937532,0.936745,0.938010,0.939498,0.939811,0.939405,0.940138,0.944163,0.935326,0.935163,0.934354,0.934466,0.935099,0.935260,0.934467,0.934548,0.933850,0.944586,0.942804,0.946866,0.945685,0.944317,0.946403,0.948090,0.919125,0.948904,0.946651,0.943415,0.940198,0.937806,0.936783,0.934927,0.935311,0.936304,0.934790,0.951826,0.924110,0.925159,0.927063,0.926217,0.925534,0.927745,0.926368,0.924357,0.922449,0.949837,0.947256,0.943785,0.947389,0.948960,0.948459,0.950605,0.926125,0.950674,0.948595,0.946011,0.940746,0.941221,0.938641,0.935475,0.935718,0.929896,0.929078,0.952026,0.926430,0.930231,0.928863,0.928458,0.924064,0.928781,0.927933,0.924811,0.923670,0.945874,0.947166,0.945602,0.942813,0.946508,0.946498,0.949772,0.930127,0.951163,0.949939,0.947388,0.942015,0.944383,0.938468,0.938563,0.939391,0.933546,0.934094
allando_v_sin_a2_f7_v45,0.916633,0.931929,0.931315,0.930183,0.930285,0.929869,0.929477,0.929360,0.929144,0.929156,0.926097,0.935017,0.941420,0.944516,0.950110,0.954551,0.965048,0.886993,0.957137,0.951909,0.944676,0.945286,0.947514,0.944140,0.936418,0.932989,0.933007,0.932430,0.919661,0.931185,0.930317,0.928092,0.927872,0.927393,0.926821,0.926878,0.926565,0.926761,0.933982,0.942414,0.949023,0.949660,0.956443,0.958054,0.968240,0.886845,0.960126,0.952620,0.948288,0.946959,0.950069,0.946667,0.937708,0.943648,0.935068,0.932607,0.927732,0.947835,0.946923,0.943832,0.941142,0.935688,0.933194,0.933000,0.932517,0.932858,0.944792,0.949064,0.951852,0.952243,0.959316,0.959489,0.969613,0.899576,0.959963,0.953748,0.950580,0.943423,0.950834,0.950612,0.949706,0.942514,0.946247,0.945455,0.938892,0.948594,0.945992,0.948659,0.948189,0.948950,0.948107,0.945768,0.942964,0.944404,0.947108,0.950905,0.956371,0.956159,0.960670,0.959525,1.000000,0.905124,0.961794,0.951555,0.950660,0.947513,0.948179,0.951852,0.949950,0.947295,0.948627,0.949417,0.933235,0.937986,0.937951,0.937241,0.937408,0.936951,0.936588,0.936574,0.936130,0.936225,0.940038,0.941064,0.943775,0.941940,0.939161,0.940580,0.942985,0.900292,0.944312,0.945515,0.943707,0.940247,0.940950,0.940677,0.941328,0.940760,0.939643,0.939839,0.940580,0.935321,0.935382,0.934342,0.934883,0.935333,0.935239,0.934377,0.934686,0.934486,0.944953,0.943914,0.946255,0.945278,0.943115,0.943935,0.944651,0.912170,0.945802,0.947478,0.946498,0.942408,0.939239,0.938115,0.936012,0.936565,0.936248,0.935196,0.947839,0.927880,0.927757,0.928572,0.928732,0.927514,0.929293,0.928402,0.927830,0.926682,0.948346,0.946931,0.944508,0.947451,0.948680,0.945572,0.944664,0.919841,0.949676,0.949311,0.948477,0.943859,0.942640,0.938923,0.934561,0.933981,0.933967,0.931030,0.951266,0.927749,0.931427,0.928611,0.931098,0.924860,0.934698,0.928854,0.931169,0.928411,0.944871,0.946993,0.946204,0.944060,0.946527,0.945745,0.946795,0.924434,0.949634,0.949931,0.949894,0.945093,0.945160,0.939313,0.937477,0.937337,0.940388,0.933807
allando_v_sin_a2_f7_v5,0.935274,0.865114,0.865322,0.864050,0.863248,0.862768,0.862273,0.862058,0.861793,0.861760,0.932013,0.928283,0.925477,0.918441,0.912747,0.913387,0.912939,0.957381,0.904454,0.898645,0.889644,0.885892,0.886290,0.878037,0.870837,0.867908,0.866583,0.865711,0.936337,0.865781,0.868166,0.869120,0.868804,0.868481,0.868222,0.868036,0.867807,0.867353,0.931221,0.925704,0.923570,0.915027,0.911667,0.912222,0.910276,0.957210,0.902515,0.896526,0.890744,0.883884,0.885008,0.881509,0.871779,0.872438,0.869468,0.867028,0.934989,0.872124,0.872454,0.869058,0.867931,0.865809,0.865665,0.865142,0.863715,0.863987,0.928676,0.924746,0.919706,0.911862,0.912815,0.912060,0.911928,0.961788,0.901253,0.897410,0.892802,0.881470,0.887491,0.884917,0.883890,0.874529,0.876161,0.875501,0.931990,0.874775,0.872143,0.877327,0.876656,0.873526,0.871159,0.871257,0.873044,0.869486,0.926744,0.919842,0.916768,0.914600,0.910897,0.907526,0.905124,1.000000,0.903075,0.894908,0.893787,0.885846,0.884379,0.889046,0.884842,0.881766,0.879896,0.881475,0.906706,0.860403,0.860493,0.859695,0.859753,0.859109,0.858498,0.858601,0.858579,0.858755,0.901447,0.890700,0.885784,0.880969,0.875019,0.872717,0.869325,0.925980,0.868316,0.866747,0.863572,0.860263,0.859673,0.860511,0.861750,0.862283,0.861903,0.861556,0.903113,0.858710,0.858857,0.858220,0.857343,0.857615,0.857106,0.857758,0.857442,0.856185,0.897991,0.886084,0.882400,0.879588,0.874605,0.874699,0.871686,0.927177,0.871247,0.870500,0.867297,0.864309,0.860741,0.859468,0.859376,0.859216,0.860194,0.857315,0.905417,0.848140,0.847877,0.849336,0.846930,0.846028,0.848596,0.848539,0.846184,0.843780,0.898704,0.888949,0.882083,0.881476,0.882473,0.878801,0.875397,0.926665,0.876042,0.874926,0.870992,0.868536,0.867067,0.863446,0.855490,0.856136,0.853778,0.853265,0.906135,0.851889,0.854795,0.849950,0.850617,0.847539,0.854093,0.850798,0.847958,0.845882,0.890348,0.886064,0.883218,0.876933,0.877873,0.876009,0.876077,0.926474,0.875615,0.874703,0.872108,0.869680,0.871112,0.865385,0.859874,0.862280,0.860303,0.858091
allando_v_sin_a2_f7_v50,0.915406,0.931956,0.931176,0.930301,0.930161,0.929812,0.929514,0.929412,0.929251,0.929313,0.924853,0.934937,0.941494,0.944514,0.948533,0.954411,0.958868,0.882472,0.956905,0.954474,0.951199,0.948499,0.949083,0.945544,0.936432,0.932837,0.932952,0.932360,0.919610,0.931273,0.930133,0.927804,0.927602,0.927220,0.926617,0.926803,0.926557,0.926621,0.933444,0.941588,0.948475,0.949496,0.954349,0.958489,0.962275,0.882171,0.959662,0.957795,0.954633,0.950410,0.951332,0.949378,0.939935,0.945340,0.934970,0.932480,0.929536,0.948490,0.948675,0.941822,0.941022,0.935221,0.932801,0.932443,0.931776,0.932386,0.943626,0.946707,0.950914,0.951508,0.957455,0.960172,0.962911,0.896707,0.962239,0.958847,0.956859,0.946218,0.952539,0.951539,0.951607,0.944377,0.948160,0.947785,0.939830,0.950467,0.947831,0.948767,0.948198,0.945932,0.945052,0.944178,0.943411,0.943092,0.945873,0.946483,0.953771,0.955490,0.959381,0.960293,0.961794,0.903075,1.000000,0.957393,0.957246,0.948206,0.950426,0.953927,0.950144,0.949376,0.951020,0.952035,0.931895,0.938414,0.938456,0.937704,0.937739,0.937219,0.936922,0.937026,0.936544,0.936673,0.936021,0.938206,0.942598,0.942268,0.940166,0.941385,0.942885,0.898595,0.944921,0.944204,0.944214,0.942282,0.941306,0.941231,0.941751,0.941352,0.940277,0.940390,0.939479,0.935471,0.935409,0.934620,0.935063,0.935766,0.935512,0.934681,0.935134,0.935038,0.941486,0.941243,0.944773,0.944399,0.943593,0.944137,0.944001,0.911681,0.947365,0.947120,0.946295,0.943839,0.939859,0.938626,0.936385,0.937107,0.936581,0.935931,0.947519,0.927620,0.929139,0.930037,0.928956,0.927722,0.928044,0.926753,0.925062,0.924139,0.947590,0.944345,0.943064,0.945505,0.947071,0.945896,0.944740,0.919690,0.948868,0.948437,0.948166,0.945350,0.943623,0.940904,0.933351,0.934606,0.931157,0.931169,0.952068,0.929742,0.936314,0.929759,0.932849,0.925451,0.932108,0.927611,0.926467,0.924717,0.945303,0.945786,0.944327,0.941363,0.945311,0.945802,0.946744,0.924749,0.948558,0.949774,0.949736,0.946680,0.946888,0.941816,0.936721,0.937698,0.935177,0.934316
allando_v_sin_a2_f7_v55,0.908068,0.928111,0.927433,0.926599,0.926405,0.926128,0.925807,0.925609,0.925418,0.925457,0.920916,0.929407,0.932742,0.935750,0.940435,0.944334,0.948407,0.872366,0.950538,0.961746,0.956450,0.951455,0.947333,0.943807,0.933413,0.929525,0.929676,0.928662,0.912285,0.926918,0.926117,0.923544,0.923284,0.922866,0.922207,0.922596,0.922474,0.922604,0.929625,0.933432,0.939363,0.940941,0.946474,0.949099,0.952089,0.872294,0.953953,0.965573,0.959269,0.954077,0.948433,0.946289,0.935025,0.940576,0.930580,0.928480,0.922027,0.942730,0.944957,0.939254,0.937083,0.931008,0.928509,0.927835,0.927463,0.927948,0.936189,0.936386,0.942599,0.942982,0.949334,0.952797,0.952803,0.886956,0.953767,0.967971,0.961344,0.950418,0.950904,0.949730,0.946382,0.937283,0.940099,0.940681,0.930030,0.944568,0.942027,0.947312,0.944221,0.942374,0.940942,0.939773,0.941275,0.939132,0.937804,0.937186,0.945020,0.949617,0.952647,0.953064,0.951555,0.894908,0.957393,1.000000,0.962369,0.951734,0.947759,0.953629,0.939488,0.941247,0.942623,0.943851,0.926087,0.933127,0.933366,0.932718,0.932522,0.932006,0.931986,0.931841,0.931393,0.931533,0.929053,0.930729,0.937188,0.935831,0.936429,0.936729,0.938211,0.892901,0.939177,0.937018,0.937080,0.936627,0.935138,0.935173,0.935629,0.935286,0.934570,0.935003,0.934601,0.930762,0.930539,0.929786,0.930154,0.931371,0.930774,0.929886,0.930297,0.930539,0.934685,0.933635,0.939541,0.939742,0.939788,0.939124,0.939992,0.907591,0.943236,0.940619,0.938461,0.939298,0.935391,0.934163,0.932144,0.932375,0.931737,0.931745,0.944527,0.919402,0.921097,0.922891,0.921432,0.922021,0.924861,0.924099,0.921628,0.920501,0.941733,0.939060,0.937389,0.940193,0.942598,0.944186,0.941330,0.914223,0.942262,0.941336,0.939753,0.939773,0.944860,0.942363,0.934075,0.933580,0.926924,0.925371,0.950846,0.920370,0.929119,0.923393,0.927546,0.923317,0.923510,0.922987,0.919358,0.918773,0.937977,0.941582,0.940022,0.936274,0.941252,0.941696,0.942289,0.918863,0.942933,0.942748,0.941570,0.940816,0.947767,0.942391,0.936584,0.935734,0.930349,0.929822
allando_v_sin_a2_f7_v60,0.906390,0.931864,0.931229,0.930540,0.930451,0.930201,0.929896,0.929718,0.929577,0.929695,0.918633,0.929281,0.932111,0.933349,0.936971,0.941595,0.946983,0.870276,0.946825,0.955762,0.967045,0.955137,0.951178,0.948019,0.936591,0.932891,0.933307,0.932364,0.910137,0.930764,0.929562,0.926933,0.926754,0.926335,0.925619,0.926119,0.926006,0.926282,0.927980,0.934514,0.939544,0.938998,0.943706,0.946929,0.950966,0.870315,0.950231,0.958949,0.969875,0.958157,0.952959,0.951326,0.939118,0.945281,0.934528,0.932050,0.921269,0.947378,0.949043,0.944131,0.941416,0.935712,0.932985,0.932510,0.932251,0.932685,0.936235,0.937897,0.942177,0.941206,0.947262,0.950355,0.952059,0.885714,0.950940,0.961181,0.972486,0.953149,0.954222,0.953120,0.951943,0.945795,0.946788,0.946577,0.930754,0.950039,0.947365,0.950600,0.949155,0.950151,0.948798,0.946754,0.947067,0.946711,0.938578,0.938460,0.944373,0.946508,0.950354,0.951327,0.950660,0.893787,0.957246,0.962369,1.000000,0.953432,0.951657,0.956545,0.946504,0.947880,0.949810,0.952490,0.927946,0.936031,0.936172,0.935562,0.935623,0.935194,0.934948,0.935100,0.934529,0.934607,0.933889,0.935102,0.938574,0.938053,0.937771,0.937732,0.939254,0.896185,0.940617,0.938898,0.939676,0.938889,0.937493,0.937701,0.938251,0.938225,0.937644,0.937918,0.936431,0.934859,0.934725,0.934211,0.934424,0.935557,0.934951,0.934215,0.934665,0.934876,0.939383,0.938999,0.941903,0.942655,0.941148,0.941148,0.940941,0.911003,0.943912,0.942909,0.941301,0.940526,0.937851,0.936944,0.935694,0.936067,0.935659,0.936092,0.945711,0.926383,0.928337,0.929295,0.927493,0.927764,0.929543,0.928918,0.928673,0.928229,0.944494,0.943535,0.943309,0.943458,0.945261,0.944177,0.941197,0.917780,0.943156,0.943133,0.941510,0.940534,0.946444,0.945804,0.935830,0.937694,0.930984,0.930182,0.952077,0.926721,0.936126,0.927539,0.931602,0.927624,0.927993,0.928423,0.927677,0.926991,0.942877,0.945170,0.944320,0.941108,0.942672,0.942337,0.943811,0.922538,0.944365,0.944345,0.943230,0.941268,0.949644,0.946800,0.938816,0.940535,0.934722,0.933996
allando_v_sin_a2_f7_v65,0.905020,0.931301,0.930473,0.929202,0.929405,0.929142,0.928815,0.928556,0.928398,0.928297,0.914544,0.917408,0.923990,0.928555,0.933232,0.940609,0.942648,0.863530,0.949039,0.944937,0.948209,0.960330,0.961086,0.954250,0.937505,0.933038,0.933467,0.932138,0.907365,0.930264,0.928493,0.925623,0.925267,0.924728,0.923961,0.924098,0.924157,0.924131,0.919956,0.924778,0.932605,0.934462,0.940107,0.946992,0.944921,0.863876,0.952896,0.948869,0.950263,0.958589,0.961739,0.958176,0.942368,0.947402,0.934196,0.931624,0.915444,0.947851,0.951873,0.944541,0.940528,0.934680,0.931553,0.930961,0.930607,0.930962,0.929706,0.931217,0.935436,0.938322,0.943240,0.949915,0.947549,0.879621,0.950510,0.952616,0.952190,0.964955,0.963942,0.962415,0.952201,0.944099,0.946456,0.948496,0.926158,0.949801,0.947624,0.952765,0.948998,0.946353,0.946692,0.946664,0.949755,0.945440,0.934289,0.932895,0.939834,0.947336,0.944380,0.951024,0.947513,0.885846,0.948206,0.951734,0.953432,1.000000,0.961534,0.963385,0.946315,0.949043,0.950657,0.949314,0.931389,0.934137,0.934323,0.933610,0.933697,0.933163,0.933022,0.932589,0.932539,0.932448,0.929846,0.932942,0.936691,0.935007,0.935547,0.935794,0.937420,0.890765,0.938247,0.938015,0.938095,0.935895,0.935389,0.935889,0.936863,0.936607,0.935638,0.936016,0.941747,0.932967,0.932854,0.932276,0.932568,0.933109,0.932645,0.931935,0.932276,0.932666,0.935439,0.935942,0.939641,0.940308,0.937645,0.939638,0.939760,0.907270,0.940582,0.941064,0.939096,0.939216,0.935213,0.934760,0.933548,0.933728,0.933608,0.934104,0.948257,0.927500,0.928050,0.929768,0.927717,0.928102,0.930616,0.931176,0.927510,0.925993,0.941074,0.941958,0.939166,0.941118,0.943415,0.942875,0.940206,0.912982,0.940992,0.941039,0.939523,0.936811,0.940320,0.941900,0.949202,0.945570,0.935510,0.933305,0.942532,0.928897,0.931912,0.929558,0.929168,0.926289,0.927371,0.927131,0.924356,0.923817,0.941279,0.943626,0.941710,0.938519,0.941411,0.939182,0.941262,0.917649,0.942042,0.941766,0.940884,0.937621,0.943263,0.941920,0.951348,0.947488,0.936945,0.939505
allando_v_sin_a2_f7_v70,0.905543,0.937100,0.936275,0.935346,0.935565,0.935401,0.935112,0.934909,0.934795,0.934735,0.913759,0.918581,0.925388,0.929355,0.934376,0.941865,0.944339,0.864468,0.948442,0.943312,0.946719,0.955994,0.961870,0.955935,0.942162,0.938041,0.938858,0.937847,0.907235,0.936437,0.934139,0.931155,0.930905,0.930457,0.929743,0.929871,0.929864,0.929885,0.919717,0.926154,0.933589,0.935376,0.940927,0.947891,0.946790,0.864760,0.951440,0.947905,0.949918,0.955718,0.964858,0.960486,0.948239,0.952997,0.940187,0.937586,0.915774,0.952617,0.955891,0.948298,0.946537,0.940851,0.937703,0.937330,0.936908,0.937325,0.930145,0.932282,0.936058,0.938559,0.944805,0.949455,0.949099,0.878405,0.949648,0.949707,0.951161,0.957033,0.966202,0.961602,0.956417,0.950950,0.954047,0.955398,0.926973,0.953673,0.953326,0.955259,0.952973,0.950278,0.950246,0.949885,0.952426,0.949218,0.933816,0.933249,0.940360,0.946230,0.945181,0.950779,0.948179,0.884379,0.950426,0.947759,0.951657,0.961534,1.000000,0.962146,0.952554,0.955521,0.957535,0.957806,0.933632,0.940714,0.940779,0.940131,0.940248,0.939745,0.939544,0.939226,0.939114,0.939146,0.933201,0.936346,0.940107,0.940501,0.939984,0.940738,0.942371,0.890777,0.944252,0.944101,0.943777,0.942585,0.942505,0.942537,0.943460,0.943208,0.942260,0.942457,0.943345,0.939759,0.939626,0.939215,0.939551,0.940089,0.939747,0.938881,0.939249,0.939817,0.940117,0.940420,0.943755,0.944350,0.942344,0.945008,0.943936,0.905455,0.945517,0.947136,0.945556,0.946090,0.942223,0.941445,0.940210,0.940818,0.940396,0.941024,0.949502,0.937822,0.938741,0.938913,0.936540,0.936042,0.937109,0.937111,0.934416,0.933552,0.945469,0.945896,0.943540,0.945699,0.947217,0.945954,0.943166,0.911985,0.946577,0.946932,0.946166,0.945925,0.945285,0.947108,0.949912,0.949121,0.941330,0.941245,0.945961,0.940019,0.942348,0.934947,0.937051,0.931998,0.937670,0.934454,0.932674,0.931983,0.947231,0.947857,0.946317,0.943256,0.945296,0.943946,0.945837,0.916674,0.946857,0.948053,0.946826,0.946741,0.948066,0.946948,0.952337,0.951380,0.942774,0.945253
allando_v_sin_a2_f7_v75,0.912339,0.942695,0.941838,0.940791,0.941018,0.940864,0.940503,0.940326,0.940198,0.940173,0.917632,0.924448,0.930818,0.936952,0.938690,0.945837,0.948024,0.868774,0.950990,0.949617,0.951708,0.960244,0.962153,0.960582,0.947009,0.943138,0.944234,0.943239,0.913581,0.941898,0.939671,0.936619,0.936315,0.935871,0.935133,0.935302,0.935272,0.935368,0.923854,0.931534,0.939348,0.943153,0.945224,0.950913,0.950496,0.869165,0.954518,0.953447,0.955016,0.962093,0.963281,0.964131,0.954012,0.959273,0.945778,0.942937,0.922600,0.960509,0.962158,0.954383,0.951959,0.946167,0.943006,0.942489,0.942329,0.942605,0.933441,0.937672,0.942284,0.946319,0.948965,0.952686,0.953038,0.882672,0.953251,0.956656,0.956547,0.960557,0.965156,0.970527,0.963623,0.956219,0.956662,0.959337,0.933074,0.961370,0.960438,0.961633,0.960471,0.955015,0.956367,0.954293,0.956847,0.953990,0.937871,0.939141,0.947912,0.951406,0.950226,0.954806,0.951852,0.889046,0.953927,0.953629,0.956545,0.963385,0.962146,1.000000,0.957942,0.961930,0.959720,0.959286,0.939278,0.946428,0.946637,0.945890,0.946083,0.945551,0.945247,0.944928,0.944621,0.944718,0.938337,0.941775,0.947906,0.947650,0.947928,0.947998,0.948565,0.897077,0.950058,0.949322,0.948276,0.947117,0.946146,0.947101,0.948268,0.948237,0.947716,0.948190,0.949227,0.945589,0.945311,0.944933,0.945212,0.945686,0.945515,0.944646,0.944942,0.945207,0.945869,0.946190,0.950886,0.952638,0.950681,0.952481,0.950990,0.911715,0.951525,0.953053,0.950426,0.949542,0.947444,0.946818,0.945745,0.946084,0.946056,0.946548,0.955355,0.940867,0.941289,0.943901,0.942758,0.943155,0.943825,0.943351,0.939686,0.938451,0.952890,0.951964,0.950667,0.952616,0.954875,0.953406,0.950225,0.918336,0.951775,0.952444,0.950896,0.948511,0.951504,0.953335,0.954366,0.954333,0.949774,0.947799,0.952736,0.940733,0.945024,0.943741,0.944180,0.940587,0.940047,0.941559,0.936587,0.936938,0.953726,0.955555,0.953191,0.949260,0.953498,0.951350,0.953879,0.922757,0.952802,0.953002,0.951360,0.949155,0.953892,0.953186,0.956239,0.955451,0.950054,0.951733
allando_v_sin_a2_f7_v80,0.910234,0.938680,0.937896,0.937039,0.937498,0.937191,0.936808,0.936778,0.936642,0.936620,0.908284,0.918902,0.926272,0.933064,0.931485,0.940341,0.946527,0.865279,0.943734,0.939370,0.942206,0.946511,0.952103,0.951813,0.941093,0.937791,0.939286,0.938728,0.911100,0.937557,0.935123,0.932241,0.932043,0.931689,0.931036,0.931061,0.930783,0.930820,0.914887,0.927712,0.933912,0.938434,0.937467,0.943120,0.949349,0.865489,0.946104,0.943659,0.946526,0.948741,0.955527,0.953964,0.952979,0.958843,0.942961,0.938530,0.921069,0.954272,0.953899,0.949008,0.948853,0.942194,0.939147,0.938969,0.938629,0.938902,0.926800,0.933449,0.935072,0.941276,0.941632,0.943214,0.950763,0.878497,0.945893,0.946422,0.948538,0.944152,0.955292,0.956926,0.965009,0.958009,0.954875,0.955154,0.935423,0.954548,0.954592,0.955200,0.960122,0.950966,0.953866,0.950594,0.949637,0.949823,0.930038,0.932595,0.940172,0.940035,0.943472,0.946042,0.949950,0.884842,0.950144,0.939488,0.946504,0.946315,0.952554,0.957942,1.000000,0.961578,0.956772,0.956228,0.932799,0.943202,0.943289,0.942520,0.942681,0.942150,0.941990,0.941767,0.941133,0.941481,0.932279,0.933974,0.940965,0.943138,0.941784,0.942191,0.943422,0.889645,0.946891,0.947242,0.946715,0.944519,0.944181,0.944769,0.945839,0.945563,0.944944,0.944959,0.941792,0.942193,0.942179,0.941917,0.942291,0.942354,0.942242,0.941623,0.941909,0.942294,0.940755,0.940975,0.943548,0.947295,0.945953,0.948009,0.945754,0.902305,0.947943,0.949918,0.950063,0.946413,0.944337,0.943637,0.942439,0.943318,0.942885,0.943285,0.944953,0.940383,0.939052,0.939787,0.940592,0.938308,0.939543,0.939414,0.936485,0.936227,0.946632,0.945831,0.944812,0.945894,0.949279,0.945533,0.943155,0.910889,0.950094,0.949592,0.950561,0.947478,0.945263,0.947338,0.942826,0.944640,0.950973,0.951267,0.945867,0.938804,0.942184,0.936941,0.940602,0.933296,0.944947,0.935624,0.938659,0.933826,0.951038,0.949659,0.947503,0.942727,0.947895,0.946787,0.947282,0.915856,0.949230,0.950463,0.950944,0.947785,0.947968,0.949508,0.945408,0.946770,0.951790,0.950137
allando_v_sin_a2_f7_v85,0.910340,0.942004,0.941110,0.940250,0.940821,0.940734,0.940398,0.940299,0.940217,0.940209,0.909219,0.919107,0.924433,0.933040,0.932962,0.940567,0.942777,0.862778,0.939768,0.941770,0.944886,0.950865,0.953589,0.956406,0.944754,0.941189,0.943172,0.942422,0.910973,0.941670,0.938442,0.935076,0.934861,0.934475,0.933928,0.933939,0.933711,0.933831,0.916061,0.926147,0.932734,0.939595,0.940050,0.944287,0.945224,0.863164,0.943109,0.946634,0.948180,0.955330,0.955954,0.961233,0.957780,0.963002,0.946442,0.942197,0.921203,0.962296,0.960895,0.953754,0.952301,0.946539,0.943142,0.942694,0.942419,0.942666,0.926678,0.932537,0.935809,0.943148,0.945448,0.943834,0.948088,0.876102,0.943390,0.947925,0.949365,0.948880,0.955864,0.962347,0.966638,0.965919,0.963215,0.965101,0.932583,0.961502,0.963548,0.957910,0.961505,0.952753,0.956108,0.952899,0.953439,0.952579,0.931539,0.934186,0.942357,0.941260,0.944475,0.946747,0.947295,0.881766,0.949376,0.941247,0.947880,0.949043,0.955521,0.961930,0.961578,1.000000,0.965376,0.964732,0.935023,0.946706,0.946756,0.946079,0.946356,0.945871,0.945422,0.945114,0.944656,0.944889,0.934932,0.937072,0.943927,0.945765,0.945908,0.948096,0.948163,0.890784,0.950420,0.949865,0.947478,0.946922,0.946011,0.946895,0.948155,0.948423,0.948089,0.948396,0.943882,0.945064,0.944870,0.944678,0.945003,0.945197,0.945329,0.944395,0.944586,0.945038,0.943970,0.943481,0.947717,0.949789,0.948097,0.952415,0.950101,0.903841,0.949746,0.953011,0.950003,0.947832,0.946790,0.945965,0.944908,0.945554,0.945588,0.946107,0.947821,0.950363,0.949040,0.949583,0.946240,0.946351,0.944469,0.943067,0.940430,0.939181,0.949925,0.949013,0.948057,0.950473,0.951480,0.948183,0.947350,0.911950,0.950114,0.952096,0.950498,0.948642,0.949536,0.951884,0.946799,0.949391,0.954276,0.953467,0.947597,0.951502,0.952104,0.946499,0.946330,0.940718,0.941173,0.942777,0.938073,0.940230,0.956507,0.953125,0.950852,0.946660,0.950757,0.948610,0.952384,0.915645,0.951240,0.953589,0.950727,0.949778,0.951542,0.953330,0.950303,0.951729,0.954876,0.956568
allando_v_sin_a2_f7_v90,0.903744,0.945287,0.944325,0.943729,0.944086,0.943980,0.943834,0.943755,0.943667,0.943677,0.910360,0.918971,0.925134,0.930853,0.936357,0.941821,0.944519,0.860064,0.942391,0.941911,0.945211,0.951876,0.957118,0.958124,0.948306,0.944986,0.946596,0.945952,0.904873,0.945546,0.942140,0.938795,0.938664,0.938215,0.937563,0.937714,0.937558,0.937774,0.917817,0.926319,0.934211,0.937522,0.943179,0.947334,0.947187,0.860380,0.945528,0.946671,0.948674,0.954076,0.959774,0.963457,0.955030,0.961739,0.948715,0.945850,0.915526,0.963674,0.963449,0.957090,0.956127,0.950391,0.947203,0.946860,0.946544,0.946986,0.928608,0.933194,0.936848,0.940080,0.948260,0.947467,0.950472,0.874240,0.944661,0.946497,0.950442,0.948727,0.959354,0.961134,0.964965,0.961113,0.971428,0.972182,0.926892,0.964750,0.963470,0.960784,0.961232,0.957464,0.958334,0.956525,0.957377,0.957452,0.934299,0.934248,0.941772,0.943590,0.947384,0.950270,0.948627,0.879896,0.951020,0.942623,0.949810,0.950657,0.957535,0.959720,0.956772,0.965376,1.000000,0.971498,0.932824,0.951290,0.951281,0.950569,0.950688,0.950234,0.949890,0.949723,0.949438,0.949567,0.937378,0.939418,0.945461,0.948488,0.948113,0.951513,0.953009,0.889412,0.954090,0.953446,0.951517,0.950203,0.949860,0.950825,0.952234,0.952711,0.952335,0.952646,0.942990,0.949604,0.949464,0.949176,0.949531,0.949765,0.949953,0.949007,0.949202,0.949548,0.945666,0.945563,0.949135,0.951265,0.949956,0.954174,0.953140,0.903222,0.952989,0.955946,0.953853,0.951477,0.950703,0.950153,0.949144,0.950095,0.950105,0.950595,0.949242,0.956863,0.958734,0.955827,0.950125,0.949422,0.948552,0.946648,0.945386,0.944169,0.951516,0.951480,0.949920,0.952400,0.953820,0.951231,0.951217,0.911842,0.953639,0.955070,0.954517,0.950862,0.952526,0.954519,0.950751,0.952631,0.951049,0.951838,0.948673,0.962324,0.961409,0.948365,0.948138,0.942394,0.946123,0.946044,0.943259,0.945629,0.957796,0.954799,0.953664,0.950588,0.952980,0.950894,0.954678,0.916209,0.954889,0.957432,0.955241,0.951677,0.954325,0.954391,0.953827,0.955303,0.952871,0.955153
allando_v_sin_a2_f7_v95,0.902588,0.946515,0.945655,0.945155,0.945551,0.945470,0.945301,0.945187,0.945104,0.945135,0.911663,0.920864,0.927157,0.930373,0.936348,0.940940,0.945327,0.860754,0.943006,0.943315,0.948012,0.951866,0.955757,0.958315,0.949450,0.946211,0.947833,0.947111,0.904053,0.946646,0.943421,0.940111,0.940001,0.939556,0.938912,0.939070,0.938967,0.939276,0.919456,0.927895,0.935443,0.936920,0.942818,0.946384,0.948340,0.861069,0.946155,0.947528,0.951640,0.954324,0.959096,0.963532,0.953463,0.961111,0.949602,0.946990,0.915085,0.964664,0.964315,0.958584,0.957244,0.951758,0.948667,0.948302,0.948090,0.948430,0.930164,0.933868,0.938208,0.939216,0.947449,0.946697,0.950877,0.875387,0.945581,0.947020,0.953162,0.948098,0.958492,0.960483,0.962256,0.961955,0.970315,0.970534,0.926517,0.964181,0.964535,0.961268,0.960987,0.960264,0.960165,0.958587,0.958493,0.958281,0.934651,0.935363,0.942923,0.943465,0.947065,0.949323,0.949417,0.881475,0.952035,0.943851,0.952490,0.949314,0.957806,0.959286,0.956228,0.964732,0.971498,1.000000,0.932286,0.952341,0.952345,0.951743,0.951890,0.951481,0.951136,0.950927,0.950641,0.950786,0.939391,0.940530,0.946587,0.949666,0.948896,0.951842,0.953477,0.890137,0.954711,0.954313,0.952810,0.951933,0.951563,0.952235,0.953379,0.953764,0.953370,0.953672,0.942467,0.951232,0.951072,0.950696,0.951133,0.951410,0.951597,0.950593,0.950854,0.951178,0.947208,0.946825,0.950568,0.952792,0.951332,0.955023,0.953456,0.903492,0.953608,0.957111,0.955198,0.952877,0.952489,0.951909,0.950868,0.951827,0.951701,0.952104,0.949193,0.956481,0.958219,0.956698,0.951913,0.951228,0.949820,0.948012,0.947887,0.946848,0.952601,0.952606,0.951466,0.953986,0.955380,0.952472,0.951666,0.912188,0.954478,0.956182,0.954732,0.952867,0.954330,0.955218,0.950781,0.953940,0.950789,0.951324,0.949847,0.960859,0.961239,0.949608,0.950175,0.945006,0.948336,0.948305,0.946260,0.948721,0.957242,0.955849,0.954885,0.952296,0.954452,0.952538,0.955952,0.917006,0.955673,0.958270,0.955099,0.953583,0.955946,0.954558,0.953532,0.956602,0.952812,0.954112
allando_v_sin_a8_f1_v10,0.929744,0.922541,0.922227,0.921517,0.921554,0.921379,0.920959,0.920781,0.920600,0.920610,0.927619,0.929037,0.930002,0.933177,0.931671,0.936290,0.934823,0.892670,0.931935,0.928454,0.925206,0.929644,0.933912,0.932441,0.925144,0.922929,0.923788,0.923012,0.929093,0.922435,0.921498,0.919908,0.919743,0.919347,0.918586,0.918687,0.918801,0.918913,0.929768,0.932876,0.935391,0.936652,0.935627,0.939323,0.934835,0.893108,0.933287,0.929873,0.928371,0.930474,0.934189,0.935231,0.930159,0.932550,0.925290,0.923744,0.933853,0.930050,0.931588,0.926307,0.925994,0.923225,0.921699,0.921365,0.921227,0.921196,0.934834,0.936445,0.936032,0.937135,0.938637,0.939394,0.938206,0.902752,0.930878,0.931964,0.928728,0.927714,0.936339,0.937854,0.938188,0.930605,0.929529,0.931897,0.939365,0.930050,0.928987,0.931897,0.933040,0.926583,0.928146,0.925845,0.928914,0.925791,0.936706,0.935708,0.937957,0.939677,0.936593,0.937424,0.933235,0.906706,0.931895,0.926087,0.927946,0.931389,0.933632,0.939278,0.932799,0.935023,0.932824,0.932286,1.000000,0.926739,0.926838,0.925803,0.925531,0.924919,0.924909,0.924705,0.924503,0.924646,0.945720,0.941043,0.937120,0.934061,0.932714,0.931543,0.930573,0.918713,0.930923,0.929875,0.926495,0.925184,0.924277,0.925612,0.927205,0.927810,0.927693,0.927881,0.952906,0.926423,0.926305,0.925991,0.925592,0.925389,0.924988,0.925106,0.924829,0.924663,0.947029,0.939991,0.938466,0.937676,0.932488,0.935010,0.932757,0.927318,0.931337,0.932626,0.929449,0.926916,0.926961,0.926357,0.926502,0.926490,0.927011,0.926314,0.953967,0.920923,0.920436,0.922008,0.919460,0.919000,0.920800,0.921132,0.918617,0.916877,0.948736,0.944289,0.940148,0.939201,0.939315,0.935304,0.933233,0.927699,0.933951,0.934509,0.932072,0.929337,0.930771,0.932305,0.929893,0.930395,0.929809,0.927724,0.951002,0.920712,0.922684,0.919163,0.919369,0.916823,0.920057,0.920630,0.916970,0.916397,0.947781,0.944575,0.941143,0.934832,0.935615,0.932089,0.934755,0.928833,0.934341,0.933939,0.931430,0.929566,0.932954,0.932831,0.932752,0.933534,0.931867,0.930700
allando_v_sin_a8_f1_v100,0.880388,0.954577,0.954147,0.954629,0.955051,0.955074,0.955032,0.955102,0.955113,0.955245,0.894470,0.903483,0.909707,0.915656,0.922333,0.928433,0.933560,0.843055,0.934137,0.933477,0.934276,0.938598,0.943560,0.951738,0.954197,0.953272,0.954970,0.954643,0.879944,0.954238,0.951936,0.948847,0.948798,0.948481,0.947659,0.948182,0.948446,0.949187,0.900320,0.910295,0.918093,0.922863,0.929070,0.933910,0.936863,0.843551,0.937474,0.936628,0.938067,0.941975,0.946056,0.949396,0.944573,0.957133,0.954429,0.954841,0.890361,0.959706,0.960823,0.956697,0.960155,0.957078,0.955576,0.955432,0.956089,0.956112,0.911545,0.916105,0.921893,0.926053,0.933191,0.935200,0.939117,0.854508,0.936107,0.937474,0.938485,0.934204,0.945093,0.948863,0.950992,0.947849,0.953869,0.955957,0.902626,0.955161,0.954786,0.955811,0.956017,0.954138,0.955925,0.954851,0.955195,0.955115,0.915304,0.918955,0.928433,0.931223,0.934699,0.938191,0.937986,0.860403,0.938414,0.933127,0.936031,0.934137,0.940714,0.946428,0.943202,0.946706,0.951290,0.952341,0.926739,1.000000,0.966889,0.967056,0.966982,0.966806,0.967349,0.967085,0.966592,0.966704,0.936589,0.940540,0.949837,0.953856,0.955704,0.958732,0.963240,0.884828,0.965304,0.965363,0.965065,0.964910,0.964423,0.965347,0.966301,0.966369,0.966196,0.967084,0.937460,0.966266,0.966196,0.965927,0.966470,0.966802,0.967374,0.966499,0.966814,0.966798,0.943984,0.947693,0.954813,0.958302,0.959122,0.961771,0.962014,0.895531,0.962989,0.966219,0.965528,0.963988,0.965986,0.966178,0.965197,0.965848,0.966009,0.965965,0.944024,0.957295,0.958519,0.960040,0.959879,0.959606,0.960538,0.959416,0.958704,0.957499,0.950352,0.955027,0.954834,0.958738,0.961216,0.960198,0.960758,0.902734,0.962885,0.963732,0.963787,0.961780,0.964586,0.964688,0.960934,0.963094,0.959408,0.958364,0.945351,0.955084,0.958587,0.956380,0.958106,0.954324,0.959220,0.958061,0.955888,0.956547,0.952296,0.957852,0.958948,0.956814,0.961614,0.960753,0.963594,0.907951,0.963493,0.964311,0.963198,0.960817,0.963487,0.961403,0.960479,0.962240,0.959504,0.958574
allando_v_sin_a8_f1_v105,0.880690,0.955093,0.954674,0.955193,0.955596,0.955617,0.955585,0.955667,0.955684,0.955819,0.894479,0.903552,0.909897,0.915936,0.922392,0.928641,0.933556,0.843236,0.934282,0.933667,0.934439,0.938670,0.943684,0.951990,0.954641,0.953763,0.955449,0.955132,0.880181,0.954774,0.952508,0.949455,0.949409,0.949098,0.948275,0.948805,0.949080,0.949826,0.900267,0.910346,0.918330,0.923156,0.929139,0.934163,0.936849,0.843735,0.937653,0.936841,0.938229,0.942023,0.946149,0.949542,0.944836,0.957471,0.954914,0.955373,0.890565,0.959915,0.961117,0.957022,0.960566,0.957580,0.956122,0.955992,0.956654,0.956682,0.911486,0.916165,0.922162,0.926361,0.933322,0.935529,0.939131,0.854548,0.936234,0.937763,0.938635,0.934348,0.945218,0.949088,0.951240,0.948085,0.953846,0.956065,0.902800,0.955368,0.954986,0.956129,0.956345,0.954297,0.956202,0.954975,0.955396,0.955405,0.915291,0.919043,0.928655,0.931536,0.934831,0.938492,0.937951,0.860493,0.938456,0.933366,0.936172,0.934323,0.940779,0.946637,0.943289,0.946756,0.951281,0.952345,0.926838,0.966889,1.000000,0.967552,0.967466,0.967296,0.967884,0.967606,0.967096,0.967203,0.936504,0.940466,0.949978,0.954064,0.955999,0.958965,0.963486,0.884895,0.965592,0.965564,0.965252,0.965148,0.964639,0.965606,0.966583,0.966674,0.966520,0.967462,0.937590,0.966697,0.966616,0.966391,0.966940,0.967274,0.967863,0.967006,0.967322,0.967291,0.943975,0.947664,0.954863,0.958525,0.959370,0.962014,0.962222,0.895627,0.963276,0.966381,0.965743,0.964205,0.966305,0.966511,0.965548,0.966204,0.966374,0.966346,0.944130,0.957422,0.958630,0.960213,0.960128,0.959917,0.960921,0.959815,0.959059,0.957818,0.950381,0.955008,0.954850,0.958806,0.961491,0.960556,0.961061,0.902827,0.963103,0.963874,0.963966,0.961945,0.964846,0.965055,0.961347,0.963580,0.959816,0.958734,0.945394,0.955124,0.958754,0.956710,0.958419,0.954756,0.959462,0.958352,0.956133,0.956778,0.952269,0.957883,0.958976,0.956847,0.961904,0.961056,0.963837,0.908037,0.963751,0.964450,0.963373,0.960950,0.963684,0.961650,0.960800,0.962639,0.959813,0.958989
allando_v_sin_a8_f1_v110,0.879596,0.955428,0.955035,0.955618,0.956007,0.956046,0.956045,0.956159,0.956194,0.956338,0.893650,0.902929,0.909151,0.915120,0.921549,0.927648,0.932815,0.842719,0.933512,0.933086,0.933914,0.938139,0.943059,0.951604,0.954800,0.954059,0.955707,0.955424,0.879012,0.955110,0.952911,0.949927,0.949892,0.949603,0.948802,0.949338,0.949621,0.950380,0.899375,0.909721,0.917572,0.922338,0.928330,0.933203,0.936145,0.843217,0.936899,0.936188,0.937664,0.941494,0.945505,0.948923,0.944273,0.957132,0.955062,0.955680,0.889393,0.959845,0.961078,0.957149,0.960804,0.957943,0.956573,0.956448,0.957126,0.957152,0.910750,0.915529,0.921406,0.925546,0.932492,0.934600,0.938374,0.853747,0.935498,0.937078,0.938026,0.933754,0.944482,0.948449,0.950511,0.947482,0.953334,0.955478,0.901737,0.955171,0.954854,0.956009,0.956196,0.954223,0.956198,0.955007,0.955422,0.955617,0.914502,0.918429,0.927956,0.930740,0.934038,0.937579,0.937241,0.859695,0.937704,0.932718,0.935562,0.933610,0.940131,0.945890,0.942520,0.946079,0.950569,0.951743,0.925803,0.967056,0.967552,1.000000,0.967860,0.967729,0.968368,0.968091,0.967563,0.967664,0.935792,0.939831,0.949480,0.953624,0.955648,0.958646,0.963273,0.884494,0.965400,0.965461,0.965254,0.965252,0.964755,0.965709,0.966661,0.966735,0.966580,0.967559,0.936563,0.966991,0.966928,0.966795,0.967369,0.967702,0.968321,0.967489,0.967807,0.967792,0.943203,0.947214,0.954488,0.958104,0.959011,0.961643,0.961881,0.895105,0.962949,0.966236,0.965636,0.964185,0.966437,0.966665,0.965746,0.966410,0.966568,0.966573,0.943166,0.957278,0.958499,0.960252,0.960369,0.960255,0.961279,0.960174,0.959424,0.958186,0.949626,0.954457,0.954474,0.958457,0.961123,0.960245,0.960788,0.902314,0.962817,0.963646,0.963752,0.961862,0.964886,0.964942,0.961195,0.963432,0.959575,0.958501,0.944532,0.954853,0.958544,0.956993,0.958743,0.955103,0.959788,0.958760,0.956496,0.957152,0.951391,0.957248,0.958482,0.956524,0.961587,0.960816,0.963638,0.907512,0.963446,0.964166,0.963168,0.960803,0.963591,0.961435,0.960564,0.962378,0.959559,0.958744
allando_v_sin_a8_f1_v115,0.879425,0.955217,0.954780,0.955439,0.955724,0.955800,0.955850,0.956001,0.956063,0.956240,0.893516,0.904066,0.909613,0.915556,0.921686,0.927667,0.932969,0.842811,0.933552,0.932981,0.934015,0.938244,0.943147,0.951565,0.954511,0.953866,0.955427,0.955204,0.878808,0.954850,0.952597,0.949623,0.949587,0.949320,0.948561,0.949108,0.949396,0.950189,0.899250,0.910895,0.917892,0.922702,0.928407,0.933166,0.936287,0.843320,0.936950,0.936014,0.937728,0.941648,0.945584,0.949076,0.944429,0.957279,0.954789,0.955409,0.889358,0.960080,0.961065,0.957312,0.960748,0.957824,0.956329,0.956281,0.956926,0.956986,0.910588,0.916727,0.921714,0.925901,0.932570,0.934493,0.938499,0.853845,0.935538,0.936872,0.938056,0.933758,0.944552,0.948637,0.950629,0.947672,0.953557,0.955699,0.901647,0.955294,0.955113,0.956127,0.956326,0.954099,0.956246,0.955191,0.955536,0.955965,0.914335,0.919718,0.928466,0.930924,0.934063,0.937531,0.937408,0.859753,0.937739,0.932522,0.935623,0.933697,0.940248,0.946083,0.942681,0.946356,0.950688,0.951890,0.925531,0.966982,0.967466,0.967860,1.000000,0.968065,0.968345,0.968232,0.967861,0.967970,0.935581,0.940950,0.950209,0.954117,0.956024,0.958908,0.963298,0.884343,0.965456,0.965638,0.965403,0.965421,0.964961,0.965900,0.966799,0.966857,0.966743,0.967690,0.936283,0.966966,0.966866,0.966831,0.967434,0.967855,0.968542,0.967601,0.967945,0.967872,0.942945,0.948124,0.955328,0.958536,0.959420,0.962071,0.962050,0.894807,0.963033,0.966487,0.965812,0.964369,0.966453,0.966614,0.965697,0.966322,0.966488,0.966573,0.942851,0.957586,0.958855,0.960522,0.960635,0.960570,0.961530,0.960402,0.959518,0.958260,0.949450,0.954439,0.955290,0.959347,0.961554,0.960568,0.960911,0.902067,0.962921,0.963905,0.963906,0.962039,0.965066,0.965024,0.961297,0.963488,0.959754,0.958698,0.944236,0.955131,0.958760,0.957155,0.958866,0.955266,0.959854,0.958830,0.956458,0.957254,0.951357,0.957218,0.958653,0.957635,0.962125,0.961222,0.963978,0.907271,0.963634,0.964414,0.963310,0.960994,0.963780,0.961593,0.960676,0.962456,0.959795,0.958913
allando_v_sin_a8_f1_v120,0.878677,0.955057,0.954634,0.955310,0.955604,0.955685,0.955739,0.955891,0.955957,0.956140,0.892995,0.903590,0.909060,0.914931,0.921097,0.927005,0.932479,0.842202,0.932994,0.932503,0.933616,0.937788,0.942652,0.951149,0.954299,0.953689,0.955255,0.955041,0.878077,0.954685,0.952447,0.949472,0.949436,0.949171,0.948417,0.948975,0.949270,0.950087,0.898751,0.910417,0.917328,0.922098,0.927839,0.932526,0.935820,0.842710,0.936410,0.935488,0.937308,0.941204,0.945096,0.948613,0.943945,0.956894,0.954570,0.955237,0.888652,0.959799,0.960777,0.957144,0.960574,0.957684,0.956209,0.956165,0.956819,0.956872,0.910145,0.916244,0.921157,0.925301,0.931985,0.933857,0.938003,0.853192,0.934989,0.936327,0.937625,0.933259,0.944025,0.948144,0.950106,0.947208,0.953175,0.955284,0.900977,0.954961,0.954824,0.955824,0.955998,0.953925,0.956058,0.955074,0.955389,0.955812,0.913861,0.919263,0.927976,0.930352,0.933499,0.936919,0.936951,0.859109,0.937219,0.932006,0.935194,0.933163,0.939745,0.945551,0.942150,0.945871,0.950234,0.951481,0.924919,0.966806,0.967296,0.967729,0.968065,1.000000,0.968245,0.968136,0.967758,0.967866,0.935203,0.940548,0.949833,0.953751,0.955679,0.958557,0.962993,0.883847,0.965154,0.965375,0.965172,0.965216,0.964774,0.965704,0.966594,0.966647,0.966533,0.967493,0.935690,0.966825,0.966734,0.966697,0.967300,0.967737,0.968435,0.967496,0.967847,0.967768,0.942512,0.947739,0.955003,0.958197,0.959091,0.961731,0.961700,0.894275,0.962675,0.966214,0.965546,0.964146,0.966257,0.966439,0.965539,0.966155,0.966326,0.966399,0.942302,0.957347,0.958650,0.960317,0.960496,0.960467,0.961424,0.960296,0.959447,0.958214,0.948980,0.954091,0.954950,0.959051,0.961222,0.960229,0.960558,0.901559,0.962569,0.963601,0.963599,0.961787,0.964871,0.964760,0.961010,0.963183,0.959434,0.958378,0.943747,0.954859,0.958510,0.956974,0.958735,0.955173,0.959742,0.958739,0.956415,0.957245,0.950871,0.956802,0.958311,0.957344,0.961807,0.960919,0.963687,0.906778,0.963292,0.964098,0.963007,0.960723,0.963544,0.961306,0.960366,0.962120,0.959504,0.958590
allando_v_sin_a8_f1_v125,0.878364,0.955722,0.955362,0.956019,0.956402,0.956458,0.956491,0.956637,0.956692,0.956848,0.892770,0.902232,0.908412,0.914316,0.920725,0.926729,0.932138,0.841585,0.932886,0.932499,0.933426,0.937570,0.942526,0.951320,0.954944,0.954312,0.955929,0.955683,0.877785,0.955395,0.953227,0.950292,0.950272,0.950014,0.949244,0.949781,0.950075,0.950845,0.898453,0.909054,0.916815,0.921578,0.927495,0.932337,0.935495,0.842073,0.936301,0.935502,0.937143,0.940888,0.944978,0.948399,0.943894,0.956988,0.955220,0.955948,0.888153,0.959719,0.961092,0.957458,0.961097,0.958328,0.957013,0.956896,0.957610,0.957612,0.910026,0.914901,0.920700,0.924803,0.931583,0.933752,0.937678,0.852525,0.934822,0.936387,0.937427,0.933145,0.943889,0.947927,0.949964,0.947030,0.952860,0.954988,0.900634,0.954862,0.954686,0.956000,0.956238,0.954468,0.956545,0.955379,0.955761,0.956016,0.913728,0.917905,0.927311,0.929988,0.933201,0.936763,0.936588,0.858498,0.936922,0.931986,0.934948,0.933022,0.939544,0.945247,0.941990,0.945422,0.949890,0.951136,0.924909,0.967349,0.967884,0.968368,0.968345,0.968245,1.000000,0.968663,0.968113,0.968206,0.935364,0.939541,0.949275,0.953491,0.955570,0.958486,0.963238,0.883613,0.965442,0.965598,0.965447,0.965556,0.965073,0.966001,0.966917,0.966963,0.966810,0.967827,0.935727,0.967441,0.967386,0.967345,0.967958,0.968275,0.968912,0.968117,0.968423,0.968437,0.942669,0.947178,0.954425,0.958072,0.958971,0.961607,0.961791,0.894112,0.962897,0.966280,0.965755,0.964353,0.966779,0.967026,0.966138,0.966795,0.966935,0.966978,0.942336,0.957377,0.958586,0.960434,0.960702,0.960703,0.961849,0.960810,0.960105,0.958905,0.949011,0.954219,0.954512,0.958411,0.961114,0.960207,0.960708,0.901370,0.962797,0.963626,0.963764,0.961997,0.965110,0.965083,0.961415,0.963647,0.959721,0.958648,0.943775,0.954784,0.958537,0.957222,0.959103,0.955605,0.960403,0.959309,0.957299,0.957882,0.950721,0.956804,0.958252,0.956487,0.961560,0.960861,0.963639,0.906641,0.963425,0.964082,0.963158,0.960891,0.963693,0.961481,0.960665,0.962464,0.959709,0.958879
allando_v_sin_a8_f1_v130,0.878187,0.955487,0.955098,0.955847,0.956117,0.956192,0.956262,0.956432,0.956515,0.956715,0.892509,0.902880,0.908437,0.914464,0.920951,0.926879,0.932216,0.841622,0.932737,0.932343,0.933457,0.937276,0.942238,0.950855,0.954504,0.954082,0.955620,0.955437,0.877651,0.955135,0.952979,0.950066,0.950055,0.949806,0.949054,0.949654,0.949975,0.950818,0.898261,0.909721,0.916817,0.921671,0.927733,0.932447,0.935589,0.842096,0.936111,0.935318,0.937183,0.940603,0.944665,0.948044,0.943536,0.956663,0.954885,0.955696,0.888132,0.959391,0.960594,0.957114,0.960765,0.958047,0.956673,0.956664,0.957366,0.957403,0.909782,0.915579,0.920641,0.924842,0.931873,0.933853,0.937770,0.852636,0.934736,0.936201,0.937528,0.932720,0.943577,0.947528,0.949807,0.946705,0.952608,0.954661,0.900559,0.954603,0.954286,0.955623,0.955936,0.953782,0.956015,0.954933,0.955287,0.955931,0.913485,0.918543,0.927272,0.929898,0.933482,0.936819,0.936574,0.858601,0.937026,0.931841,0.935100,0.932589,0.939226,0.944928,0.941767,0.945114,0.949723,0.950927,0.924705,0.967085,0.967606,0.968091,0.968232,0.968136,0.968663,1.000000,0.968069,0.968148,0.934946,0.940249,0.949285,0.953331,0.955398,0.958435,0.963089,0.883635,0.965221,0.965353,0.965208,0.965294,0.964849,0.965813,0.966739,0.966822,0.966693,0.967686,0.935389,0.967260,0.967191,0.967187,0.967794,0.968205,0.968863,0.968059,0.968393,0.968305,0.942280,0.947614,0.954539,0.957797,0.958699,0.961395,0.961728,0.894112,0.962824,0.966149,0.965574,0.964119,0.966505,0.966749,0.965901,0.966546,0.966707,0.966811,0.942054,0.957121,0.958375,0.960125,0.960384,0.960325,0.961514,0.960460,0.959719,0.958482,0.948753,0.953880,0.954955,0.958533,0.960854,0.959964,0.960735,0.901368,0.962755,0.963574,0.963682,0.961828,0.964880,0.964821,0.960913,0.963179,0.959365,0.958294,0.943665,0.954435,0.958249,0.956746,0.958652,0.955146,0.960082,0.958876,0.956728,0.957323,0.950424,0.956458,0.957956,0.956758,0.961270,0.960552,0.963460,0.906599,0.963333,0.963975,0.963044,0.960670,0.963447,0.961264,0.960148,0.962007,0.959413,0.958377
allando_v_sin_a8_f1_v135,0.878050,0.955048,0.954648,0.955434,0.955666,0.955761,0.955832,0.955994,0.956068,0.956265,0.892576,0.903215,0.908285,0.914117,0.920501,0.926474,0.931858,0.841733,0.932522,0.931847,0.932898,0.937093,0.942092,0.950531,0.954095,0.953669,0.955184,0.955003,0.877479,0.954728,0.952557,0.949648,0.949635,0.949383,0.948608,0.949195,0.949532,0.950381,0.898196,0.910001,0.916512,0.921209,0.927218,0.932060,0.935140,0.842242,0.935845,0.934829,0.936566,0.940281,0.944480,0.947857,0.942994,0.956285,0.954393,0.955283,0.887845,0.958979,0.960212,0.956837,0.960321,0.957605,0.956211,0.956247,0.956878,0.957015,0.909571,0.915786,0.920231,0.924347,0.931356,0.933467,0.937366,0.852691,0.934419,0.935673,0.936896,0.932559,0.943436,0.947259,0.949222,0.946216,0.952323,0.954463,0.900118,0.954095,0.953867,0.955307,0.955513,0.953336,0.955592,0.954636,0.955110,0.955742,0.913199,0.918704,0.926873,0.929629,0.932840,0.936317,0.936130,0.858579,0.936544,0.931393,0.934529,0.932539,0.939114,0.944621,0.941133,0.944656,0.949438,0.950641,0.924503,0.966592,0.967096,0.967563,0.967861,0.967758,0.968113,0.968069,1.000000,0.967890,0.934775,0.940752,0.949083,0.952985,0.955001,0.957961,0.962542,0.883549,0.964697,0.964959,0.964814,0.964906,0.964495,0.965438,0.966362,0.966467,0.966333,0.967247,0.935137,0.966881,0.966806,0.966817,0.967379,0.967875,0.968591,0.967627,0.968023,0.967910,0.941976,0.947686,0.954311,0.957392,0.958237,0.960947,0.961128,0.893898,0.962274,0.965754,0.965106,0.963749,0.966075,0.966323,0.965525,0.966192,0.966312,0.966437,0.941715,0.956971,0.958263,0.959984,0.960082,0.960042,0.961258,0.960290,0.959415,0.958173,0.948389,0.953585,0.954561,0.958360,0.960457,0.959573,0.960183,0.901124,0.962242,0.963219,0.963238,0.961449,0.964433,0.964460,0.960727,0.962903,0.958855,0.957872,0.943143,0.954383,0.958048,0.956341,0.958180,0.954756,0.959764,0.958542,0.956252,0.956961,0.950020,0.956060,0.957626,0.957635,0.960891,0.960052,0.962914,0.906342,0.962801,0.963571,0.962540,0.960256,0.963015,0.960853,0.959947,0.961764,0.958879,0.958034
allando_v_sin_a8_f1_v140,0.878106,0.955105,0.954705,0.955479,0.955729,0.955818,0.955886,0.956048,0.956120,0.956312,0.892565,0.903621,0.908526,0.914393,0.920638,0.926557,0.931951,0.841878,0.932530,0.932015,0.932963,0.937084,0.942071,0.950560,0.954153,0.953713,0.955239,0.955063,0.877507,0.954794,0.952630,0.949720,0.949708,0.949455,0.948682,0.949261,0.949586,0.950420,0.898229,0.910431,0.916740,0.921484,0.927316,0.932083,0.935253,0.842382,0.935857,0.935022,0.936668,0.940341,0.944493,0.947940,0.943248,0.956380,0.954489,0.955352,0.887957,0.959022,0.960201,0.956846,0.960396,0.957650,0.956279,0.956282,0.956923,0.957036,0.909611,0.916203,0.920476,0.924637,0.931457,0.933454,0.937494,0.852839,0.934449,0.935843,0.936992,0.932504,0.943434,0.947317,0.949460,0.946439,0.952519,0.954571,0.900271,0.954158,0.953993,0.955459,0.955700,0.953417,0.955677,0.954785,0.955186,0.955773,0.913260,0.919153,0.927120,0.929735,0.932921,0.936318,0.936225,0.858755,0.936673,0.931533,0.934607,0.932448,0.939146,0.944718,0.941481,0.944889,0.949567,0.950786,0.924646,0.966704,0.967203,0.967664,0.967970,0.967866,0.968206,0.968148,0.967890,1.000000,0.934859,0.940624,0.949329,0.953288,0.955251,0.958122,0.962639,0.883723,0.964829,0.965090,0.964931,0.965028,0.964617,0.965556,0.966465,0.966557,0.966445,0.967352,0.935261,0.967000,0.966925,0.966929,0.967497,0.967957,0.968682,0.967732,0.968104,0.968009,0.942057,0.947550,0.954531,0.957650,0.958543,0.961179,0.961242,0.894023,0.962387,0.965891,0.965290,0.963894,0.966222,0.966458,0.965655,0.966320,0.966447,0.966560,0.941820,0.957100,0.958375,0.960056,0.960156,0.960106,0.961354,0.960349,0.959456,0.958220,0.948505,0.953706,0.954554,0.958633,0.960699,0.959776,0.960280,0.901241,0.962383,0.963374,0.963428,0.961678,0.964629,0.964648,0.960755,0.962948,0.959074,0.958073,0.943368,0.954487,0.958153,0.956363,0.958268,0.954827,0.959874,0.958576,0.956319,0.957020,0.950206,0.956194,0.957748,0.957266,0.961196,0.960367,0.963084,0.906459,0.962941,0.963745,0.962713,0.960495,0.963225,0.961129,0.959998,0.961823,0.959093,0.958119
allando_v_sin_a8_f1_v15,0.917174,0.929623,0.929591,0.928724,0.929372,0.929158,0.928634,0.928369,0.928140,0.928162,0.932786,0.933629,0.933385,0.933617,0.936216,0.937904,0.940438,0.886120,0.934881,0.932965,0.930787,0.931243,0.935064,0.936101,0.932779,0.930031,0.931114,0.930234,0.916731,0.929378,0.928405,0.926304,0.926183,0.925697,0.924904,0.925128,0.925221,0.925726,0.937546,0.938309,0.939345,0.937911,0.940565,0.941458,0.941250,0.886600,0.936476,0.932629,0.934162,0.932802,0.936137,0.937492,0.928593,0.935329,0.931617,0.930572,0.924438,0.938500,0.939733,0.939348,0.936235,0.933012,0.931297,0.930710,0.930970,0.930574,0.944483,0.942255,0.940839,0.938154,0.942953,0.941453,0.944591,0.896551,0.934232,0.933095,0.934632,0.926643,0.936702,0.938197,0.937567,0.932128,0.936268,0.937427,0.931936,0.937623,0.936238,0.940250,0.940190,0.945360,0.944290,0.943278,0.943314,0.939942,0.945894,0.943180,0.944045,0.942215,0.941304,0.940154,0.940038,0.901447,0.936021,0.929053,0.933889,0.929846,0.933201,0.938337,0.932279,0.934932,0.937378,0.939391,0.945720,0.936589,0.936504,0.935792,0.935581,0.935203,0.935364,0.934946,0.934775,0.934859,1.000000,0.949369,0.944505,0.941726,0.939348,0.939294,0.940485,0.914512,0.940531,0.940185,0.937045,0.935650,0.935039,0.935851,0.936841,0.937149,0.936982,0.937147,0.948557,0.936298,0.936444,0.935460,0.935264,0.935286,0.935114,0.934964,0.934746,0.934530,0.957145,0.949579,0.947516,0.946265,0.941284,0.942945,0.941254,0.921864,0.939164,0.942072,0.939281,0.935915,0.937261,0.936824,0.936589,0.936557,0.937247,0.935660,0.952062,0.929551,0.930419,0.932419,0.930437,0.930781,0.933220,0.933308,0.934529,0.933532,0.953959,0.955696,0.950266,0.949182,0.948382,0.943318,0.941684,0.923953,0.942528,0.943542,0.940640,0.937618,0.940410,0.939225,0.935075,0.935740,0.932790,0.930929,0.951881,0.928829,0.931721,0.929228,0.929757,0.928356,0.933535,0.934999,0.936943,0.936556,0.948773,0.950832,0.951414,0.945928,0.944338,0.940995,0.943478,0.926274,0.942850,0.942490,0.939689,0.937340,0.941562,0.938470,0.937280,0.938839,0.936865,0.933262
allando_v_sin_a8_f1_v20,0.906336,0.931715,0.931156,0.931030,0.930662,0.930748,0.930649,0.930647,0.930594,0.930817,0.919662,0.932199,0.926555,0.930365,0.935274,0.938178,0.940557,0.874440,0.937508,0.933370,0.931930,0.933830,0.938280,0.938290,0.933130,0.931819,0.932310,0.932067,0.906532,0.931310,0.929705,0.927466,0.927321,0.926923,0.926116,0.926563,0.926819,0.927586,0.924604,0.937810,0.933272,0.935531,0.940310,0.942204,0.942006,0.874788,0.939424,0.933649,0.935006,0.935526,0.939217,0.940382,0.930427,0.939387,0.932833,0.932377,0.914705,0.941090,0.942193,0.941547,0.938620,0.934898,0.932287,0.932524,0.932667,0.932711,0.932621,0.943182,0.935844,0.937210,0.943008,0.942345,0.944703,0.886149,0.937179,0.934435,0.935612,0.929284,0.940110,0.941183,0.940304,0.933864,0.937366,0.939770,0.923228,0.939417,0.938461,0.941748,0.942719,0.941073,0.942871,0.941487,0.942685,0.944111,0.934427,0.944964,0.941380,0.941669,0.942042,0.941459,0.941064,0.890700,0.938206,0.930729,0.935102,0.932942,0.936346,0.941775,0.933974,0.937072,0.939418,0.940530,0.941043,0.940540,0.940466,0.939831,0.940950,0.940548,0.939541,0.940249,0.940752,0.940624,0.949369,1.000000,0.948801,0.944250,0.942583,0.943301,0.944182,0.906004,0.944673,0.944528,0.941828,0.940721,0.940295,0.941174,0.942065,0.942270,0.942136,0.942449,0.945749,0.940753,0.940451,0.940318,0.940245,0.940869,0.941070,0.940128,0.940236,0.939774,0.951822,0.957275,0.953309,0.949052,0.944447,0.946954,0.945849,0.914429,0.944404,0.947070,0.943650,0.940978,0.941534,0.940805,0.940422,0.940397,0.940770,0.940533,0.950689,0.933940,0.935026,0.936508,0.934440,0.934505,0.937076,0.937414,0.936150,0.934883,0.952909,0.955376,0.957299,0.955236,0.951128,0.946603,0.945795,0.917544,0.947218,0.948167,0.945280,0.942082,0.944164,0.943600,0.939726,0.940654,0.937343,0.935734,0.951071,0.931980,0.935221,0.931292,0.932612,0.930823,0.936524,0.936626,0.935342,0.935297,0.949558,0.952489,0.953907,0.956147,0.947957,0.944060,0.947499,0.920434,0.947636,0.947168,0.944211,0.941714,0.945261,0.942668,0.941453,0.942794,0.940299,0.937718
allando_v_sin_a8_f1_v25,0.902222,0.938263,0.937654,0.937367,0.937413,0.937390,0.937221,0.937227,0.937190,0.937314,0.913742,0.923830,0.930619,0.935052,0.936486,0.938781,0.942128,0.868043,0.940745,0.938550,0.935788,0.939411,0.942562,0.944616,0.940045,0.937987,0.939025,0.938572,0.902278,0.937771,0.936048,0.933531,0.933333,0.932925,0.932164,0.932506,0.932669,0.933152,0.918752,0.929307,0.937757,0.940602,0.941160,0.942487,0.944028,0.868326,0.943192,0.940175,0.939351,0.942117,0.943957,0.946107,0.938763,0.945869,0.939478,0.938620,0.911238,0.949692,0.949460,0.946059,0.945487,0.941012,0.938751,0.938457,0.938719,0.938613,0.927493,0.935104,0.940704,0.942394,0.944323,0.942830,0.946569,0.880673,0.941061,0.941241,0.939889,0.934880,0.944297,0.947779,0.947041,0.941398,0.945203,0.946926,0.920890,0.947817,0.947251,0.949967,0.948935,0.945922,0.947066,0.946091,0.946390,0.946014,0.930997,0.936929,0.946203,0.946070,0.944632,0.944255,0.943775,0.885784,0.942598,0.937188,0.938574,0.936691,0.940107,0.947906,0.940965,0.943927,0.945461,0.946587,0.937120,0.949837,0.949978,0.949480,0.950209,0.949833,0.949275,0.949285,0.949083,0.949329,0.944505,0.948801,1.000000,0.955894,0.954316,0.953466,0.953122,0.900405,0.953336,0.952756,0.950843,0.949901,0.949136,0.949848,0.950526,0.950526,0.950680,0.951212,0.944427,0.948777,0.948320,0.947959,0.948372,0.948749,0.949091,0.948170,0.948249,0.947861,0.949006,0.951560,0.957841,0.959038,0.957205,0.957488,0.954092,0.909590,0.952244,0.954913,0.952349,0.950081,0.950347,0.949529,0.948346,0.948449,0.948945,0.948187,0.949736,0.940218,0.941157,0.942877,0.941994,0.942134,0.944115,0.942946,0.941224,0.939683,0.953480,0.954744,0.954575,0.957891,0.959510,0.956911,0.953417,0.914801,0.953563,0.954434,0.952408,0.949860,0.952559,0.950101,0.947113,0.948238,0.945096,0.943258,0.950300,0.939209,0.942325,0.940327,0.941482,0.939325,0.942705,0.943055,0.939452,0.940485,0.952299,0.955464,0.955163,0.952430,0.959326,0.956461,0.956888,0.918819,0.954552,0.954508,0.951765,0.949689,0.953301,0.948562,0.947958,0.949326,0.946984,0.944678
allando_v_sin_a8_f1_v30,0.897635,0.941451,0.940823,0.940651,0.940814,0.940751,0.940596,0.940632,0.940618,0.940725,0.909210,0.917681,0.929867,0.934135,0.934467,0.937080,0.939932,0.862960,0.939675,0.936672,0.935406,0.938769,0.942545,0.946172,0.942943,0.941012,0.942103,0.941778,0.897603,0.941052,0.939220,0.936597,0.936426,0.936035,0.935305,0.935649,0.935802,0.936131,0.914169,0.923468,0.937202,0.940075,0.939105,0.941040,0.941979,0.863280,0.942259,0.939333,0.939338,0.941668,0.944601,0.947408,0.941810,0.948442,0.942662,0.941804,0.906665,0.951820,0.951479,0.946890,0.948201,0.943928,0.941956,0.941620,0.941908,0.941889,0.923872,0.929691,0.940147,0.942117,0.942578,0.941378,0.944966,0.875967,0.940374,0.940217,0.939789,0.934034,0.944372,0.948387,0.948639,0.944029,0.949234,0.950313,0.917107,0.949934,0.949448,0.952232,0.950217,0.947321,0.947772,0.947942,0.948028,0.946369,0.928160,0.931358,0.944085,0.945819,0.942855,0.943564,0.941940,0.880969,0.942268,0.935831,0.938053,0.935007,0.940501,0.947650,0.943138,0.945765,0.948488,0.949666,0.934061,0.953856,0.954064,0.953624,0.954117,0.953751,0.953491,0.953331,0.952985,0.953288,0.941726,0.944250,0.955894,1.000000,0.958737,0.956835,0.956138,0.896935,0.956361,0.955494,0.954203,0.953353,0.952532,0.953303,0.954025,0.954083,0.954360,0.954953,0.942273,0.952675,0.952182,0.951809,0.952374,0.952648,0.953191,0.952215,0.952323,0.951915,0.946600,0.948792,0.956654,0.961391,0.961818,0.960880,0.956390,0.906505,0.954887,0.957355,0.955856,0.953729,0.953994,0.953240,0.951936,0.952146,0.952863,0.951935,0.947676,0.944347,0.945388,0.946581,0.945648,0.945441,0.947102,0.945214,0.943762,0.942244,0.952426,0.954115,0.952868,0.957159,0.961727,0.960595,0.956071,0.912385,0.956105,0.956585,0.955485,0.953282,0.955293,0.953056,0.949868,0.951459,0.947834,0.946954,0.948379,0.944511,0.947090,0.944010,0.945108,0.942731,0.946340,0.945668,0.942037,0.943230,0.952747,0.955311,0.954932,0.951622,0.962261,0.961661,0.959955,0.916912,0.957101,0.957182,0.954968,0.953101,0.955897,0.951248,0.950478,0.952527,0.949440,0.948203
allando_v_sin_a8_f1_v35,0.893676,0.943089,0.942480,0.942426,0.942587,0.942561,0.942424,0.942461,0.942461,0.942576,0.904717,0.913381,0.924000,0.930762,0.931014,0.934714,0.936797,0.856557,0.937651,0.936592,0.935583,0.939134,0.942525,0.947291,0.944318,0.942506,0.943777,0.943372,0.893471,0.942621,0.940726,0.937959,0.937800,0.937399,0.936615,0.937030,0.937253,0.937622,0.909640,0.919021,0.931526,0.937178,0.936284,0.939150,0.938956,0.856986,0.940611,0.939674,0.939238,0.942427,0.944291,0.947871,0.942149,0.950049,0.944098,0.943357,0.902698,0.952698,0.952698,0.947703,0.949379,0.945346,0.943399,0.943048,0.943445,0.943372,0.919074,0.924904,0.934837,0.939590,0.940184,0.939688,0.941871,0.869761,0.938487,0.940965,0.939660,0.934877,0.944297,0.948777,0.949077,0.944610,0.948936,0.950952,0.913159,0.950177,0.950030,0.952463,0.951055,0.946913,0.948325,0.947601,0.948770,0.946836,0.923298,0.927025,0.939468,0.943339,0.940735,0.942140,0.939161,0.875019,0.940166,0.936429,0.937771,0.935547,0.939984,0.947928,0.941784,0.945908,0.948113,0.948896,0.932714,0.955704,0.955999,0.955648,0.956024,0.955679,0.955570,0.955398,0.955001,0.955251,0.939348,0.942583,0.954316,0.958737,1.000000,0.958109,0.957683,0.894961,0.957921,0.956651,0.955263,0.954752,0.953761,0.954754,0.955598,0.955733,0.956033,0.956802,0.941302,0.954612,0.954081,0.953822,0.954328,0.954701,0.955255,0.954293,0.954402,0.953995,0.944995,0.947595,0.955900,0.960627,0.961660,0.961820,0.957832,0.905403,0.956521,0.958353,0.956357,0.955108,0.955629,0.955000,0.953774,0.953905,0.954698,0.953937,0.946885,0.945681,0.946563,0.948020,0.946986,0.947116,0.948711,0.947128,0.945441,0.943895,0.951373,0.953326,0.952599,0.956814,0.961026,0.961354,0.957425,0.911123,0.956669,0.957023,0.955610,0.953960,0.957020,0.955490,0.952004,0.953704,0.950196,0.948866,0.947562,0.945268,0.948197,0.945589,0.946619,0.944211,0.946429,0.947046,0.942452,0.944059,0.952480,0.955560,0.954996,0.951760,0.961945,0.961449,0.960956,0.915519,0.957962,0.957737,0.955099,0.953728,0.957339,0.953727,0.952496,0.954263,0.951313,0.950490
allando_v_sin_a8_f1_v40,0.891292,0.944541,0.943871,0.943752,0.944000,0.943937,0.943812,0.943821,0.943816,0.943938,0.902577,0.911957,0.919865,0.928294,0.933247,0.937177,0.937561,0.853912,0.937293,0.937456,0.935516,0.939943,0.943640,0.949031,0.945906,0.943866,0.945397,0.944873,0.890939,0.944152,0.941966,0.938902,0.938757,0.938293,0.937488,0.937933,0.938118,0.938607,0.908055,0.917959,0.928157,0.934878,0.939326,0.941782,0.939958,0.854449,0.940233,0.940766,0.939185,0.943401,0.945418,0.949382,0.943802,0.952009,0.945682,0.944807,0.900925,0.955901,0.955516,0.950347,0.951869,0.947468,0.945230,0.944860,0.945243,0.945149,0.917862,0.924471,0.931505,0.937132,0.943537,0.942037,0.942868,0.867735,0.938523,0.941574,0.939822,0.935293,0.944831,0.949372,0.950796,0.946382,0.951550,0.953933,0.911962,0.953784,0.952591,0.953441,0.952826,0.948665,0.950560,0.948909,0.949816,0.949381,0.923170,0.926624,0.936916,0.940142,0.944005,0.945193,0.940580,0.872717,0.941385,0.936729,0.937732,0.935794,0.940738,0.947998,0.942191,0.948096,0.951513,0.951842,0.931543,0.958732,0.958965,0.958646,0.958908,0.958557,0.958486,0.958435,0.957961,0.958122,0.939294,0.943301,0.953466,0.956835,0.958109,1.000000,0.962908,0.893022,0.962457,0.960394,0.958190,0.957577,0.956556,0.957612,0.958548,0.958746,0.958989,0.959764,0.940647,0.956690,0.956268,0.955938,0.956389,0.956840,0.957558,0.956469,0.956550,0.956122,0.946092,0.948686,0.956792,0.959635,0.960392,0.963171,0.962652,0.903872,0.960848,0.961876,0.958922,0.956975,0.957926,0.957361,0.955795,0.956095,0.956922,0.956129,0.946783,0.948991,0.949843,0.951500,0.949952,0.949825,0.950743,0.948951,0.947762,0.945901,0.952530,0.954651,0.954086,0.958140,0.960390,0.960109,0.961934,0.910657,0.960350,0.959995,0.958184,0.955332,0.958306,0.956617,0.952398,0.954638,0.951798,0.950095,0.947169,0.949107,0.951115,0.949298,0.948904,0.945893,0.948145,0.949723,0.944781,0.946519,0.954216,0.957691,0.957234,0.954274,0.961036,0.960031,0.963698,0.915038,0.961674,0.961285,0.958076,0.955294,0.958482,0.954697,0.953127,0.955225,0.952780,0.951594
allando_v_sin_a8_f1_v45,0.887581,0.948702,0.948135,0.948077,0.948476,0.948359,0.948215,0.948205,0.948180,0.948303,0.900941,0.909926,0.916569,0.924227,0.933083,0.937336,0.939086,0.850541,0.939015,0.938942,0.937232,0.941197,0.945684,0.951928,0.950281,0.948040,0.949701,0.949053,0.887377,0.948289,0.946000,0.942745,0.942627,0.942164,0.941319,0.941822,0.942019,0.942632,0.906845,0.916371,0.925206,0.931163,0.939660,0.942402,0.941991,0.851099,0.942146,0.941969,0.940880,0.944386,0.947803,0.950950,0.945149,0.955076,0.949706,0.949048,0.897537,0.958536,0.959018,0.954402,0.956190,0.951880,0.949735,0.949379,0.949892,0.949765,0.917371,0.922971,0.928912,0.933664,0.943330,0.942961,0.944455,0.864222,0.940313,0.942613,0.941456,0.936664,0.946905,0.950417,0.951909,0.947707,0.953793,0.955886,0.909390,0.955836,0.954077,0.955365,0.954941,0.953263,0.954940,0.952803,0.953144,0.953149,0.922441,0.925524,0.934574,0.937937,0.944421,0.946349,0.942985,0.869325,0.942885,0.938211,0.939254,0.937420,0.942371,0.948565,0.943422,0.948163,0.953009,0.953477,0.930573,0.963240,0.963486,0.963273,0.963298,0.962993,0.963238,0.963089,0.962542,0.962639,0.940485,0.944182,0.953122,0.956138,0.957683,0.962908,1.000000,0.890479,0.966882,0.965058,0.963161,0.962523,0.961684,0.962568,0.963340,0.963302,0.963265,0.964096,0.940624,0.961136,0.960907,0.960422,0.960929,0.961420,0.962111,0.961033,0.961196,0.960870,0.947579,0.950123,0.957886,0.960038,0.960735,0.964005,0.965898,0.901561,0.964876,0.966095,0.963692,0.961438,0.962625,0.962283,0.960495,0.960957,0.961481,0.960743,0.947379,0.952881,0.953862,0.955353,0.954057,0.953733,0.954902,0.953366,0.952936,0.951255,0.953394,0.956834,0.956098,0.960112,0.961761,0.961054,0.964523,0.908919,0.964453,0.963835,0.962521,0.959200,0.962200,0.960577,0.956713,0.958985,0.955084,0.953485,0.948092,0.952327,0.954780,0.952463,0.952625,0.949218,0.953147,0.953371,0.950861,0.951743,0.955040,0.959762,0.960068,0.957478,0.962000,0.961090,0.965691,0.913827,0.965704,0.965168,0.962626,0.959074,0.962003,0.958105,0.957220,0.959263,0.956132,0.954665
allando_v_sin_a8_f1_v5,0.904781,0.881628,0.881881,0.880561,0.880340,0.880086,0.879600,0.879438,0.879262,0.879331,0.904377,0.904387,0.904938,0.904917,0.901769,0.904709,0.903141,0.926634,0.898522,0.894495,0.891923,0.891976,0.893367,0.888919,0.884570,0.883007,0.883027,0.882180,0.901025,0.882241,0.884166,0.884538,0.884339,0.883844,0.883025,0.883250,0.883276,0.883031,0.904329,0.906751,0.908797,0.905964,0.904676,0.907506,0.902763,0.926839,0.898925,0.894499,0.894266,0.892575,0.893467,0.892506,0.881744,0.884443,0.883958,0.883204,0.902076,0.885253,0.886249,0.882399,0.882518,0.881633,0.881797,0.881333,0.880574,0.880478,0.908661,0.909501,0.907550,0.905569,0.907190,0.908019,0.906291,0.925023,0.897898,0.896150,0.895837,0.888591,0.895001,0.894564,0.892509,0.883816,0.886094,0.886367,0.907082,0.886432,0.884312,0.888025,0.887398,0.884868,0.884063,0.883497,0.886909,0.883345,0.908871,0.906444,0.907970,0.908987,0.905552,0.904956,0.900292,0.925980,0.898595,0.892901,0.896185,0.890765,0.890777,0.897077,0.889645,0.890784,0.889412,0.890137,0.918713,0.884828,0.884895,0.884494,0.884343,0.883847,0.883613,0.883635,0.883549,0.883723,0.914512,0.906004,0.900405,0.896935,0.894961,0.893022,0.890479,1.000000,0.889831,0.889043,0.886796,0.884383,0.883341,0.884473,0.885442,0.885844,0.885508,0.885416,0.913644,0.885073,0.885107,0.884712,0.883837,0.884094,0.883576,0.884040,0.883795,0.882553,0.910314,0.902653,0.900533,0.898445,0.893846,0.894705,0.891736,0.949825,0.890146,0.891865,0.888149,0.886344,0.885562,0.884845,0.885224,0.884584,0.886014,0.883643,0.915088,0.873750,0.873961,0.876525,0.874559,0.874144,0.876145,0.876190,0.874728,0.872962,0.911338,0.906955,0.901597,0.900723,0.900348,0.897094,0.894593,0.941560,0.894183,0.894467,0.890609,0.888511,0.889695,0.886913,0.880460,0.881763,0.878378,0.877664,0.915082,0.874115,0.876193,0.874795,0.875278,0.873846,0.878730,0.879587,0.875528,0.875034,0.906783,0.905279,0.902803,0.896600,0.896482,0.894358,0.896467,0.938455,0.894970,0.893396,0.890589,0.888770,0.892767,0.888579,0.884204,0.886375,0.882607,0.880638
allando_v_sin_a8_f1_v50,0.887274,0.950969,0.950416,0.950364,0.950827,0.950724,0.950575,0.950571,0.950528,0.950633,0.900360,0.909740,0.915648,0.923253,0.931177,0.937706,0.940313,0.850066,0.940582,0.939919,0.938997,0.942265,0.947231,0.953700,0.952239,0.950094,0.951805,0.951268,0.887038,0.950441,0.948005,0.944647,0.944511,0.944090,0.943200,0.943697,0.943890,0.944504,0.906405,0.916413,0.924008,0.930181,0.937835,0.942665,0.943409,0.850563,0.943700,0.943170,0.942609,0.945683,0.949487,0.952370,0.947571,0.958211,0.952038,0.951233,0.897453,0.960177,0.961177,0.956354,0.958532,0.954111,0.951928,0.951621,0.952126,0.952019,0.917432,0.922585,0.927720,0.932961,0.941489,0.943255,0.945463,0.862903,0.942227,0.943861,0.943026,0.937735,0.948488,0.951809,0.954489,0.950486,0.954966,0.957429,0.909771,0.956912,0.955911,0.956515,0.957371,0.955046,0.957088,0.955088,0.955356,0.955244,0.921609,0.925052,0.933846,0.936987,0.942797,0.946316,0.944312,0.868316,0.944921,0.939177,0.940617,0.938247,0.944252,0.950058,0.946891,0.950420,0.954090,0.954711,0.930923,0.965304,0.965592,0.965400,0.965456,0.965154,0.965442,0.965221,0.964697,0.964829,0.940531,0.944673,0.953336,0.956361,0.957921,0.962457,0.966882,0.889831,1.000000,0.967718,0.966389,0.965865,0.965008,0.965615,0.966153,0.965848,0.965500,0.966267,0.941101,0.963444,0.963298,0.962821,0.963339,0.963850,0.964420,0.963375,0.963638,0.963479,0.947726,0.951011,0.958447,0.960567,0.961373,0.964718,0.965953,0.900573,0.966696,0.968414,0.966721,0.964615,0.965305,0.964981,0.963123,0.963600,0.963746,0.963308,0.947523,0.955790,0.956641,0.958071,0.957216,0.956769,0.957627,0.956447,0.955626,0.954252,0.953716,0.957878,0.957206,0.961197,0.962856,0.961861,0.964204,0.907851,0.966205,0.966191,0.965566,0.962682,0.964777,0.963863,0.959240,0.961762,0.958625,0.957602,0.948842,0.954474,0.957676,0.954562,0.955975,0.951950,0.957124,0.955619,0.954048,0.954249,0.955877,0.960627,0.961452,0.958784,0.962887,0.962299,0.966305,0.913003,0.967127,0.967365,0.965550,0.962467,0.964641,0.961633,0.959760,0.961858,0.959400,0.958473
allando_v_sin_a8_f1_v55,0.884532,0.951362,0.950806,0.950745,0.951296,0.951253,0.951123,0.951137,0.951085,0.951174,0.898543,0.907913,0.913840,0.920308,0.928178,0.935173,0.941082,0.849355,0.940454,0.938304,0.937452,0.941884,0.947177,0.953275,0.952279,0.950340,0.952071,0.951613,0.884080,0.950771,0.948223,0.944885,0.944735,0.944343,0.943450,0.943887,0.944081,0.944712,0.904415,0.914829,0.921856,0.927075,0.934748,0.939997,0.944236,0.849795,0.943516,0.941105,0.941005,0.945083,0.949662,0.951851,0.946764,0.958046,0.952110,0.951519,0.894437,0.960563,0.961436,0.957087,0.958999,0.954520,0.952359,0.952087,0.952601,0.952489,0.915858,0.920837,0.925388,0.929990,0.938181,0.940566,0.946089,0.861251,0.942124,0.941546,0.941297,0.937307,0.948463,0.951407,0.953527,0.949719,0.955129,0.957091,0.907266,0.956375,0.955907,0.956092,0.957101,0.955483,0.957394,0.955900,0.955623,0.955783,0.919195,0.923594,0.932250,0.934685,0.939561,0.943258,0.945515,0.866747,0.944204,0.937018,0.938898,0.938015,0.944101,0.949322,0.947242,0.949865,0.953446,0.954313,0.929875,0.965363,0.965564,0.965461,0.965638,0.965375,0.965598,0.965353,0.964959,0.965090,0.940185,0.944528,0.952756,0.955494,0.956651,0.960394,0.965058,0.889043,0.967718,1.000000,0.967947,0.966999,0.966546,0.966724,0.966994,0.966410,0.965746,0.966284,0.940084,0.964103,0.964065,0.963586,0.964184,0.964614,0.965037,0.964034,0.964378,0.964399,0.947055,0.951050,0.957925,0.959920,0.960342,0.963461,0.964166,0.898984,0.965309,0.968815,0.967766,0.965584,0.966048,0.965816,0.964027,0.964586,0.964314,0.964121,0.946251,0.957455,0.958214,0.959547,0.959172,0.958563,0.959144,0.958196,0.957338,0.956176,0.952847,0.957597,0.957137,0.961022,0.962628,0.960963,0.962214,0.905951,0.965627,0.966685,0.966524,0.963730,0.965171,0.964085,0.960474,0.962273,0.959694,0.958621,0.947537,0.955670,0.958448,0.955633,0.957589,0.953117,0.959879,0.957006,0.956236,0.956105,0.954861,0.960051,0.961196,0.958870,0.962577,0.961704,0.965210,0.911207,0.966214,0.967352,0.966246,0.963359,0.964943,0.961951,0.960871,0.962294,0.961058,0.959179
allando_v_sin_a8_f1_v60,0.879458,0.950999,0.950420,0.950380,0.950955,0.950921,0.950818,0.950846,0.950805,0.950895,0.894755,0.904252,0.910836,0.916061,0.923471,0.930936,0.938866,0.846054,0.940179,0.936962,0.938203,0.942070,0.946975,0.952583,0.951769,0.949943,0.951650,0.951211,0.879146,0.950189,0.947659,0.944333,0.944160,0.943784,0.942868,0.943345,0.943557,0.944167,0.900676,0.911411,0.918762,0.922838,0.930083,0.935922,0.942351,0.846441,0.943298,0.940134,0.941681,0.944955,0.949635,0.950645,0.945128,0.956938,0.951310,0.950926,0.889818,0.959281,0.960556,0.955876,0.958429,0.953826,0.951765,0.951505,0.952018,0.951970,0.912606,0.917010,0.922139,0.925926,0.933423,0.936944,0.943722,0.857728,0.942282,0.940844,0.942069,0.937711,0.948355,0.950269,0.951854,0.947872,0.953721,0.955291,0.903224,0.955013,0.954418,0.955062,0.955488,0.954285,0.955829,0.955098,0.954780,0.954737,0.915431,0.919460,0.928836,0.931948,0.935565,0.939818,0.943707,0.863572,0.944214,0.937080,0.939676,0.938095,0.943777,0.948276,0.946715,0.947478,0.951517,0.952810,0.926495,0.965065,0.965252,0.965254,0.965403,0.965172,0.965447,0.965208,0.964814,0.964931,0.937045,0.941828,0.950843,0.954203,0.955263,0.958190,0.963161,0.886796,0.966389,0.967947,1.000000,0.968013,0.967448,0.967267,0.967248,0.966403,0.965517,0.965956,0.937328,0.963978,0.963972,0.963465,0.964171,0.964663,0.964954,0.963948,0.964455,0.964594,0.943921,0.948706,0.955627,0.958552,0.959426,0.961670,0.961914,0.896807,0.964102,0.967867,0.968231,0.966644,0.966179,0.966030,0.964145,0.964757,0.964168,0.964192,0.943809,0.956500,0.957608,0.958951,0.959108,0.958228,0.958820,0.957940,0.956962,0.956004,0.950400,0.955502,0.955276,0.958921,0.961354,0.960076,0.960044,0.903646,0.964278,0.965430,0.966451,0.964049,0.965193,0.964064,0.960770,0.962410,0.958575,0.958028,0.945487,0.954528,0.958188,0.955057,0.957826,0.952990,0.960451,0.956092,0.955826,0.955142,0.952408,0.958306,0.959561,0.957335,0.961587,0.961129,0.963576,0.909363,0.964705,0.966001,0.966403,0.963526,0.965079,0.961923,0.960982,0.962216,0.959735,0.958318
allando_v_sin_a8_f1_v65,0.877301,0.951110,0.950558,0.950669,0.951210,0.951231,0.951161,0.951203,0.951182,0.951299,0.892815,0.902877,0.908875,0.914373,0.921426,0.928545,0.935530,0.842426,0.937367,0.936571,0.937710,0.940684,0.945067,0.951697,0.951566,0.949894,0.951660,0.951270,0.877216,0.950378,0.947773,0.944389,0.944234,0.943905,0.943033,0.943546,0.943781,0.944437,0.898955,0.909623,0.916730,0.921312,0.928046,0.933615,0.939093,0.842830,0.940570,0.939837,0.941184,0.944224,0.947587,0.949585,0.944831,0.956652,0.951306,0.951070,0.888138,0.959291,0.960758,0.955716,0.958374,0.954029,0.952010,0.951734,0.952307,0.952260,0.910610,0.915021,0.920414,0.924474,0.931408,0.934672,0.940499,0.854237,0.939815,0.940413,0.941294,0.936247,0.946365,0.949162,0.950833,0.947692,0.952641,0.954711,0.901267,0.954697,0.954661,0.954252,0.954889,0.953350,0.955238,0.954446,0.954448,0.954130,0.913423,0.917596,0.927238,0.929846,0.933505,0.937532,0.940247,0.860263,0.942282,0.936627,0.938889,0.935895,0.942585,0.947117,0.944519,0.946922,0.950203,0.951933,0.925184,0.964910,0.965148,0.965252,0.965421,0.965216,0.965556,0.965294,0.964906,0.965028,0.935650,0.940721,0.949901,0.953353,0.954752,0.957577,0.962523,0.884383,0.965865,0.966999,0.968013,1.000000,0.967203,0.966949,0.966869,0.966052,0.965268,0.965759,0.935928,0.964108,0.964059,0.963664,0.964369,0.964926,0.965221,0.964189,0.964704,0.964940,0.942587,0.947809,0.955096,0.957810,0.958846,0.961243,0.961228,0.894484,0.963531,0.967215,0.967361,0.966509,0.966336,0.966113,0.964275,0.964825,0.964182,0.964379,0.942578,0.956549,0.957791,0.959616,0.959761,0.959304,0.959411,0.958367,0.957289,0.956369,0.949350,0.954446,0.954619,0.958463,0.960646,0.959477,0.959433,0.901345,0.963437,0.964676,0.965567,0.964597,0.965785,0.964825,0.960510,0.962624,0.958549,0.958148,0.944897,0.954421,0.958616,0.956010,0.958996,0.954273,0.959855,0.956869,0.955633,0.955521,0.951353,0.957280,0.958654,0.956685,0.960916,0.960709,0.963406,0.906984,0.964002,0.965233,0.965434,0.964101,0.965458,0.962655,0.960711,0.962242,0.959320,0.958562
allando_v_sin_a8_f1_v70,0.876501,0.950979,0.950438,0.950608,0.951139,0.951160,0.951107,0.951157,0.951134,0.951246,0.892294,0.902405,0.908244,0.913438,0.920769,0.927773,0.935993,0.842007,0.936848,0.935367,0.936201,0.939707,0.944585,0.951092,0.951315,0.949785,0.951512,0.951153,0.876385,0.950261,0.947668,0.944307,0.944165,0.943836,0.942976,0.943471,0.943706,0.944397,0.898431,0.909330,0.916082,0.920365,0.927374,0.932871,0.939584,0.842391,0.940074,0.938370,0.939694,0.942940,0.947308,0.948981,0.943982,0.956111,0.951107,0.950986,0.887210,0.958394,0.959854,0.955370,0.958053,0.953848,0.951869,0.951670,0.952252,0.952203,0.910201,0.914826,0.919684,0.923505,0.930875,0.933911,0.940926,0.853656,0.939003,0.938896,0.939881,0.935227,0.946034,0.948350,0.950066,0.946959,0.952609,0.954318,0.900441,0.953476,0.953554,0.953713,0.954366,0.953283,0.955076,0.954230,0.953962,0.953924,0.912856,0.917655,0.926591,0.929112,0.932933,0.936745,0.940950,0.859673,0.941306,0.935138,0.937493,0.935389,0.942505,0.946146,0.944181,0.946011,0.949860,0.951563,0.924277,0.964423,0.964639,0.964755,0.964961,0.964774,0.965073,0.964849,0.964495,0.964617,0.935039,0.940295,0.949136,0.952532,0.953761,0.956556,0.961684,0.883341,0.965008,0.966546,0.967448,0.967203,1.000000,0.966510,0.966443,0.965617,0.964811,0.965265,0.935093,0.963839,0.963820,0.963412,0.964136,0.964666,0.964975,0.963950,0.964453,0.964695,0.942027,0.947348,0.954294,0.957005,0.957900,0.960353,0.960423,0.893242,0.962573,0.966542,0.966836,0.966040,0.965882,0.965717,0.963953,0.964539,0.963875,0.964074,0.941759,0.956414,0.957551,0.958823,0.958907,0.958323,0.958805,0.957912,0.957091,0.956221,0.948370,0.953782,0.953945,0.957770,0.959962,0.958574,0.958387,0.900126,0.962731,0.963993,0.964903,0.964177,0.964931,0.963997,0.960194,0.961881,0.958236,0.957594,0.943902,0.954080,0.957830,0.954434,0.957633,0.952866,0.959741,0.955908,0.955537,0.955196,0.950572,0.956396,0.957959,0.956269,0.960151,0.959831,0.962232,0.905793,0.963188,0.964509,0.964668,0.963570,0.964422,0.961677,0.960214,0.961429,0.959396,0.957708
allando_v_sin_a8_f1_v75,0.878233,0.952550,0.952024,0.952262,0.952734,0.952753,0.952708,0.952763,0.952753,0.952872,0.893361,0.903300,0.908975,0.914492,0.921753,0.928787,0.935863,0.843170,0.936907,0.935320,0.936235,0.940156,0.945125,0.952035,0.952722,0.951365,0.953043,0.952702,0.877955,0.951913,0.949377,0.946079,0.945953,0.945626,0.944770,0.945275,0.945514,0.946215,0.899312,0.910239,0.916990,0.921475,0.928422,0.933980,0.939361,0.843584,0.940138,0.938413,0.939830,0.943424,0.947786,0.949836,0.944824,0.957220,0.952656,0.952618,0.888498,0.959394,0.960777,0.956358,0.959292,0.955339,0.953424,0.953264,0.953853,0.953830,0.910980,0.915886,0.920592,0.924659,0.932038,0.935094,0.940997,0.854665,0.939061,0.939127,0.940127,0.935789,0.946644,0.949357,0.951170,0.947824,0.953435,0.955344,0.901469,0.954559,0.954439,0.954878,0.955532,0.953966,0.955802,0.954991,0.954934,0.954941,0.913975,0.918655,0.927502,0.930241,0.933992,0.938010,0.940677,0.860511,0.941231,0.935173,0.937701,0.935889,0.942537,0.947101,0.944769,0.946895,0.950825,0.952235,0.925612,0.965347,0.965606,0.965709,0.965900,0.965704,0.966001,0.965813,0.965438,0.965556,0.935851,0.941174,0.949848,0.953303,0.954754,0.957612,0.962568,0.884473,0.965615,0.966724,0.967267,0.966949,0.966510,1.000000,0.966891,0.966282,0.965624,0.966206,0.936496,0.965012,0.964971,0.964611,0.965281,0.965772,0.966174,0.965150,0.965619,0.965755,0.943069,0.948318,0.955174,0.957883,0.958706,0.961219,0.961451,0.894594,0.963401,0.967171,0.967107,0.965931,0.966411,0.966361,0.964812,0.965393,0.964967,0.965140,0.943173,0.957123,0.958274,0.959694,0.959755,0.959215,0.959868,0.958961,0.958001,0.957022,0.949592,0.954833,0.955080,0.958838,0.960866,0.959600,0.959685,0.901574,0.963509,0.964697,0.965332,0.963863,0.965331,0.964832,0.961069,0.962947,0.959193,0.958493,0.944995,0.954786,0.958519,0.955539,0.958282,0.953715,0.960274,0.957062,0.956113,0.955984,0.951647,0.957506,0.958991,0.957373,0.961173,0.960583,0.963215,0.907097,0.964009,0.965232,0.965010,0.963177,0.964725,0.962237,0.960957,0.962347,0.959895,0.958630
allando_v_sin_a8_f1_v80,0.880466,0.953937,0.953423,0.953735,0.954157,0.954182,0.954145,0.954208,0.954206,0.954324,0.894786,0.904546,0.910166,0.915940,0.923101,0.930143,0.936633,0.844370,0.937525,0.935771,0.936598,0.940914,0.946048,0.953063,0.953952,0.952737,0.954378,0.954056,0.880205,0.953386,0.950908,0.947695,0.947595,0.947278,0.946442,0.946929,0.947161,0.947847,0.900739,0.911604,0.918336,0.923006,0.929851,0.935442,0.940051,0.844801,0.940778,0.938950,0.940263,0.944139,0.948666,0.950962,0.945862,0.958343,0.954038,0.954071,0.890645,0.960403,0.961724,0.957354,0.960369,0.956643,0.954808,0.954684,0.955260,0.955284,0.912325,0.917353,0.922008,0.926251,0.933677,0.936612,0.941892,0.855879,0.939638,0.939776,0.940677,0.936688,0.947667,0.950527,0.952522,0.949050,0.954606,0.956652,0.903422,0.955729,0.955524,0.956125,0.956829,0.954800,0.956695,0.955793,0.955918,0.956022,0.915560,0.920119,0.928846,0.931762,0.935492,0.939498,0.941328,0.861750,0.941751,0.935629,0.938251,0.936863,0.943460,0.948268,0.945839,0.948155,0.952234,0.953379,0.927205,0.966301,0.966583,0.966661,0.966799,0.966594,0.966917,0.966739,0.966362,0.966465,0.936841,0.942065,0.950526,0.954025,0.955598,0.958548,0.963340,0.885442,0.966153,0.966994,0.967248,0.966869,0.966443,0.966891,1.000000,0.967066,0.966517,0.967166,0.938085,0.965963,0.965915,0.965614,0.966240,0.966664,0.967091,0.966111,0.966537,0.966648,0.944258,0.949240,0.955847,0.958628,0.959295,0.962006,0.962325,0.895952,0.964081,0.967684,0.967381,0.966077,0.966833,0.966836,0.965488,0.966116,0.965858,0.966031,0.944666,0.957981,0.959084,0.960503,0.960467,0.959942,0.960681,0.959796,0.958784,0.957731,0.950839,0.955757,0.956018,0.959654,0.961642,0.960378,0.960723,0.903101,0.964203,0.965305,0.965765,0.964020,0.965637,0.965547,0.961894,0.963822,0.960234,0.959406,0.946226,0.955692,0.959284,0.956409,0.958864,0.954416,0.960771,0.957955,0.956654,0.956629,0.952904,0.958540,0.959831,0.958205,0.961860,0.961109,0.963930,0.908554,0.964652,0.965850,0.965344,0.963265,0.964961,0.962802,0.961708,0.963169,0.960696,0.959587
allando_v_sin_a8_f1_v85,0.881535,0.954346,0.953838,0.954254,0.954613,0.954651,0.954630,0.954702,0.954709,0.954835,0.895468,0.905187,0.910728,0.916600,0.923554,0.930383,0.936223,0.844743,0.936795,0.935454,0.936402,0.940674,0.945716,0.952981,0.954143,0.953116,0.954721,0.954438,0.881306,0.953906,0.951481,0.948348,0.948278,0.947966,0.947148,0.947636,0.947870,0.948568,0.901493,0.912198,0.918972,0.923716,0.930340,0.935779,0.939579,0.845194,0.940068,0.938707,0.940121,0.943916,0.948289,0.951090,0.945915,0.958344,0.954399,0.954561,0.891830,0.960408,0.961595,0.957396,0.960446,0.956973,0.955231,0.955141,0.955702,0.955774,0.912873,0.917939,0.922665,0.926949,0.934383,0.936997,0.941632,0.856340,0.938929,0.939520,0.940592,0.936435,0.947360,0.950487,0.952682,0.949323,0.954997,0.957045,0.904322,0.955861,0.955611,0.956344,0.956969,0.954657,0.956540,0.955732,0.955978,0.956190,0.916301,0.920710,0.929374,0.932240,0.935995,0.939811,0.940760,0.862283,0.941352,0.935286,0.938225,0.936607,0.943208,0.948237,0.945563,0.948423,0.952711,0.953764,0.927810,0.966369,0.966674,0.966735,0.966857,0.966647,0.966963,0.966822,0.966467,0.966557,0.937149,0.942270,0.950526,0.954083,0.955733,0.958746,0.963302,0.885844,0.965848,0.966410,0.966403,0.966052,0.965617,0.966282,0.967066,1.000000,0.966538,0.967230,0.938567,0.966101,0.966039,0.965787,0.966356,0.966742,0.967194,0.966263,0.966644,0.966710,0.944600,0.949353,0.955740,0.958614,0.959213,0.962041,0.962323,0.896565,0.963858,0.967261,0.966725,0.965288,0.966441,0.966498,0.965364,0.966014,0.965924,0.966090,0.945079,0.958109,0.959236,0.960540,0.960269,0.959793,0.960606,0.959671,0.958709,0.957566,0.951145,0.955824,0.956127,0.959641,0.961616,0.960378,0.960916,0.903794,0.963910,0.964978,0.965199,0.963301,0.965264,0.965408,0.961604,0.963624,0.960191,0.959265,0.946576,0.955957,0.959440,0.956373,0.958523,0.954284,0.960159,0.957930,0.956177,0.956438,0.953250,0.958569,0.959770,0.958191,0.961802,0.960937,0.963848,0.909133,0.964372,0.965539,0.964685,0.962475,0.964511,0.962573,0.961424,0.963013,0.960564,0.959471
allando_v_sin_a8_f1_v90,0.881618,0.954155,0.953645,0.954138,0.954454,0.954501,0.954491,0.954578,0.954594,0.954731,0.895371,0.905418,0.911030,0.917048,0.923566,0.929915,0.935217,0.844134,0.935530,0.934823,0.935783,0.939897,0.944800,0.952375,0.953786,0.952878,0.954474,0.954230,0.881365,0.953748,0.951357,0.948266,0.948208,0.947903,0.947105,0.947596,0.947830,0.948534,0.901429,0.912326,0.919286,0.924201,0.930315,0.935287,0.938523,0.844612,0.938820,0.938082,0.939573,0.943268,0.947329,0.950490,0.945831,0.957931,0.954165,0.954397,0.892036,0.960001,0.960983,0.956971,0.960049,0.956714,0.955015,0.954937,0.955519,0.955592,0.912611,0.918082,0.922990,0.927392,0.934462,0.936490,0.940738,0.855958,0.937628,0.938921,0.940016,0.935544,0.946403,0.949934,0.952389,0.949044,0.954679,0.956715,0.904319,0.955544,0.955256,0.956178,0.956682,0.954186,0.956079,0.955292,0.955544,0.955777,0.916270,0.920896,0.929620,0.932263,0.935990,0.939405,0.939643,0.861903,0.940277,0.934570,0.937644,0.935638,0.942260,0.947716,0.944944,0.948089,0.952335,0.953370,0.927693,0.966196,0.966520,0.966580,0.966743,0.966533,0.966810,0.966693,0.966333,0.966445,0.936982,0.942136,0.950680,0.954360,0.956033,0.958989,0.963265,0.885508,0.965500,0.965746,0.965517,0.965268,0.964811,0.965624,0.966517,0.966538,1.000000,0.967067,0.938321,0.965970,0.965866,0.965660,0.966214,0.966582,0.967097,0.966157,0.966490,0.966508,0.944412,0.949150,0.955662,0.958801,0.959506,0.962238,0.962384,0.896249,0.963518,0.966721,0.966019,0.964482,0.965995,0.966065,0.965041,0.965663,0.965747,0.965859,0.944788,0.957648,0.958789,0.960097,0.959744,0.959360,0.960316,0.959263,0.958336,0.957120,0.950965,0.955570,0.955992,0.959573,0.961683,0.960515,0.961051,0.903502,0.963457,0.964411,0.964461,0.962515,0.964893,0.965012,0.961007,0.963136,0.959944,0.958920,0.946328,0.955473,0.958963,0.956010,0.957919,0.953969,0.959215,0.957554,0.955455,0.955946,0.953134,0.958349,0.959521,0.957952,0.962026,0.961101,0.963886,0.908763,0.964027,0.964992,0.963908,0.961651,0.964060,0.962154,0.960791,0.962512,0.960237,0.959043
allando_v_sin_a8_f1_v95,0.881781,0.955067,0.954560,0.955097,0.955381,0.955426,0.955427,0.955525,0.955551,0.955696,0.895379,0.905534,0.911189,0.917344,0.923902,0.930268,0.935294,0.843846,0.935868,0.935205,0.936106,0.940173,0.945085,0.952966,0.954653,0.953803,0.955375,0.955128,0.881543,0.954669,0.952285,0.949195,0.949138,0.948832,0.948039,0.948547,0.948790,0.949521,0.901448,0.912468,0.919588,0.924650,0.930770,0.935811,0.938676,0.844335,0.939284,0.938437,0.939892,0.943620,0.947619,0.950934,0.946083,0.958589,0.955026,0.955304,0.892132,0.960623,0.961644,0.957580,0.960827,0.957613,0.955925,0.955875,0.956488,0.956546,0.912708,0.918323,0.923460,0.927955,0.934938,0.937079,0.940846,0.855618,0.937941,0.939353,0.940337,0.935903,0.946750,0.950464,0.952743,0.949441,0.955043,0.957226,0.904382,0.956119,0.955811,0.956824,0.957223,0.954745,0.956693,0.955705,0.956041,0.956331,0.916476,0.921294,0.930197,0.932921,0.936525,0.940138,0.939839,0.861556,0.940390,0.935003,0.937918,0.936016,0.942457,0.948190,0.944959,0.948396,0.952646,0.953672,0.927881,0.967084,0.967462,0.967559,0.967690,0.967493,0.967827,0.967686,0.967247,0.967352,0.937147,0.942449,0.951212,0.954953,0.956802,0.959764,0.964096,0.885416,0.966267,0.966284,0.965956,0.965759,0.965265,0.966206,0.967166,0.967230,0.967067,1.000000,0.938693,0.966742,0.966606,0.966428,0.967001,0.967379,0.967954,0.966990,0.967320,0.967295,0.944739,0.949535,0.956271,0.959475,0.960276,0.962986,0.963178,0.896374,0.964327,0.967305,0.966539,0.964993,0.966642,0.966718,0.965696,0.966282,0.966449,0.966558,0.945306,0.958131,0.959302,0.960655,0.960344,0.960050,0.961059,0.959969,0.959040,0.957815,0.951403,0.955971,0.956535,0.960265,0.962404,0.961382,0.961869,0.903662,0.964080,0.964897,0.964878,0.962821,0.965573,0.965788,0.961881,0.964051,0.960659,0.959531,0.946790,0.955891,0.959528,0.956788,0.958630,0.954764,0.959695,0.958314,0.956103,0.956713,0.953550,0.958952,0.960120,0.958712,0.962878,0.961981,0.964741,0.908936,0.964772,0.965586,0.964377,0.961979,0.964637,0.962684,0.961558,0.963275,0.960808,0.959839
allando_v_sin_a8_f3_v10,0.925731,0.932838,0.932444,0.931786,0.931856,0.931664,0.931282,0.931086,0.930919,0.930902,0.925838,0.927891,0.930853,0.934397,0.934493,0.939911,0.940421,0.886109,0.939284,0.935289,0.933179,0.939150,0.944026,0.943741,0.935946,0.933320,0.934271,0.933318,0.925822,0.932956,0.931621,0.929636,0.929465,0.929034,0.928277,0.928394,0.928474,0.928599,0.929587,0.933492,0.937832,0.939264,0.939534,0.944028,0.941267,0.886664,0.941456,0.937508,0.936548,0.940348,0.944941,0.945946,0.937264,0.943779,0.935844,0.934070,0.932448,0.941532,0.943558,0.937601,0.937841,0.934504,0.932708,0.932338,0.932218,0.932271,0.936314,0.937975,0.939504,0.940748,0.943194,0.944418,0.944402,0.897756,0.938763,0.940003,0.937569,0.938010,0.947037,0.948482,0.947314,0.940281,0.940402,0.943366,0.939513,0.940427,0.939745,0.942806,0.943497,0.937140,0.938645,0.936373,0.939329,0.936079,0.938932,0.938204,0.942180,0.945134,0.942107,0.944163,0.940580,0.903113,0.939479,0.934601,0.936431,0.941747,0.943345,0.949227,0.941792,0.943882,0.942990,0.942467,0.952906,0.937460,0.937590,0.936563,0.936283,0.935690,0.935727,0.935389,0.935137,0.935261,0.948557,0.945749,0.944427,0.942273,0.941302,0.940647,0.940624,0.913644,0.941101,0.940084,0.937328,0.935928,0.935093,0.936496,0.938085,0.938567,0.938321,0.938693,1.000000,0.937388,0.937240,0.936824,0.936611,0.936429,0.936169,0.936072,0.935905,0.935851,0.953414,0.947091,0.946754,0.946979,0.942503,0.944853,0.942742,0.925495,0.941639,0.943235,0.940471,0.938335,0.937923,0.937429,0.937298,0.937452,0.937882,0.937469,0.961857,0.931568,0.931312,0.932621,0.930308,0.929777,0.931565,0.931817,0.929132,0.927198,0.956658,0.952554,0.948575,0.948153,0.948920,0.945362,0.942714,0.929112,0.943774,0.944162,0.942097,0.939399,0.940994,0.943198,0.942416,0.942889,0.940357,0.937842,0.958167,0.931620,0.933650,0.929576,0.929911,0.926822,0.930197,0.929939,0.926449,0.925983,0.956196,0.954333,0.950772,0.944732,0.946315,0.942643,0.944981,0.931884,0.944623,0.944420,0.941769,0.939874,0.943118,0.942951,0.944762,0.945266,0.941727,0.941023
allando_v_sin_a8_f3_v100,0.877783,0.956744,0.956396,0.957100,0.957419,0.957514,0.957534,0.957616,0.957647,0.957789,0.892749,0.902104,0.907452,0.912905,0.919075,0.925289,0.930988,0.841513,0.931542,0.930892,0.932519,0.937252,0.942607,0.951433,0.955464,0.955261,0.956832,0.956740,0.877265,0.956650,0.954514,0.951604,0.951586,0.951288,0.950427,0.950991,0.951328,0.952149,0.898557,0.909054,0.916154,0.920253,0.925867,0.931233,0.934275,0.842022,0.934976,0.933859,0.936519,0.940567,0.945183,0.948642,0.943958,0.957300,0.956254,0.957252,0.887672,0.959782,0.961561,0.958432,0.961913,0.959411,0.958130,0.958104,0.958817,0.958841,0.910292,0.915041,0.919736,0.923436,0.930114,0.932612,0.937073,0.852719,0.933573,0.934959,0.937004,0.933018,0.944330,0.948305,0.950057,0.946810,0.952871,0.955052,0.900179,0.954436,0.954593,0.956274,0.956639,0.954777,0.956639,0.956356,0.956955,0.957038,0.913910,0.918036,0.926714,0.929378,0.931524,0.935326,0.935321,0.858710,0.935471,0.930762,0.934859,0.932967,0.939759,0.945589,0.942193,0.945064,0.949604,0.951232,0.926423,0.966266,0.966697,0.966991,0.966966,0.966825,0.967441,0.967260,0.966881,0.967000,0.936298,0.940753,0.948777,0.952675,0.954612,0.956690,0.961136,0.885073,0.963444,0.964103,0.963978,0.964108,0.963839,0.965012,0.965963,0.966101,0.965970,0.966742,0.937388,1.000000,0.968837,0.968691,0.969145,0.969389,0.969956,0.969214,0.969517,0.969533,0.943935,0.948503,0.954682,0.957926,0.958157,0.960601,0.960272,0.895648,0.961383,0.965522,0.965109,0.963770,0.967226,0.967765,0.967407,0.968125,0.968231,0.968465,0.944262,0.957769,0.958969,0.960877,0.961319,0.961286,0.962753,0.962002,0.961185,0.959933,0.950516,0.955917,0.955906,0.959207,0.961386,0.959912,0.959675,0.902621,0.962123,0.963346,0.963360,0.961974,0.964830,0.965538,0.962039,0.964258,0.960135,0.959030,0.945760,0.954567,0.958061,0.956657,0.958820,0.955496,0.960924,0.959710,0.957351,0.957967,0.951635,0.957835,0.959431,0.957368,0.961474,0.960226,0.962807,0.907827,0.962563,0.963252,0.962267,0.960720,0.963476,0.961861,0.961012,0.962969,0.960066,0.958551
allando_v_sin_a8_f3_v105,0.877737,0.956779,0.956471,0.957154,0.957525,0.957606,0.957613,0.957687,0.957717,0.957861,0.893074,0.902027,0.907302,0.912534,0.918884,0.925208,0.931055,0.841731,0.931425,0.930767,0.932410,0.937152,0.942523,0.951343,0.955543,0.955310,0.956911,0.956787,0.877209,0.956685,0.954582,0.951673,0.951663,0.951373,0.950529,0.951094,0.951427,0.952251,0.898886,0.908973,0.915952,0.919825,0.925672,0.931128,0.934336,0.842242,0.934827,0.933668,0.936395,0.940397,0.945109,0.948462,0.943794,0.957200,0.956295,0.957296,0.887624,0.959787,0.961606,0.958550,0.962004,0.959505,0.958264,0.958217,0.958924,0.958950,0.910649,0.914894,0.919488,0.922980,0.929871,0.932524,0.937109,0.852839,0.933480,0.934726,0.936875,0.932931,0.944191,0.948080,0.949889,0.946644,0.952798,0.954870,0.900173,0.954422,0.954526,0.956186,0.956575,0.955017,0.956765,0.956703,0.957177,0.956945,0.914186,0.917852,0.926402,0.928954,0.931259,0.935163,0.935382,0.858857,0.935409,0.930539,0.934725,0.932854,0.939626,0.945311,0.942179,0.944870,0.949464,0.951072,0.926305,0.966196,0.966616,0.966928,0.966866,0.966734,0.967386,0.967191,0.966806,0.966925,0.936444,0.940451,0.948320,0.952182,0.954081,0.956268,0.960907,0.885107,0.963298,0.964065,0.963972,0.964059,0.963820,0.964971,0.965915,0.966039,0.965866,0.966606,0.937240,0.968837,1.000000,0.968642,0.969097,0.969340,0.969884,0.969175,0.969484,0.969517,0.943924,0.948198,0.954295,0.957494,0.957628,0.960117,0.959937,0.895609,0.961147,0.965411,0.965071,0.963647,0.967142,0.967744,0.967408,0.968145,0.968232,0.968421,0.944087,0.957699,0.958890,0.960839,0.961380,0.961327,0.962762,0.962030,0.961273,0.960047,0.950346,0.955858,0.955578,0.958863,0.961010,0.959420,0.959333,0.902612,0.961968,0.963242,0.963315,0.961847,0.964699,0.965404,0.961916,0.964053,0.959955,0.958892,0.945604,0.954435,0.957948,0.956703,0.958887,0.955487,0.961099,0.959733,0.957584,0.958092,0.951364,0.957590,0.959149,0.957004,0.960973,0.959720,0.962394,0.907827,0.962319,0.963097,0.962210,0.960547,0.963311,0.961730,0.960896,0.962793,0.959953,0.958374
allando_v_sin_a8_f3_v110,0.877549,0.956760,0.956412,0.957289,0.957496,0.957632,0.957716,0.957877,0.957941,0.958090,0.891655,0.901788,0.906525,0.911979,0.918105,0.924433,0.930144,0.841166,0.930534,0.930065,0.931935,0.936649,0.942032,0.950981,0.955292,0.955238,0.956732,0.956649,0.876986,0.956699,0.954571,0.951834,0.951859,0.951632,0.950844,0.951345,0.951652,0.952396,0.897338,0.908719,0.915118,0.919273,0.924871,0.930341,0.933413,0.841673,0.933922,0.933012,0.935891,0.939893,0.944541,0.948063,0.943593,0.957090,0.956114,0.957250,0.887336,0.959452,0.961290,0.958436,0.961900,0.959451,0.958272,0.958242,0.958939,0.959001,0.909086,0.914596,0.918599,0.922434,0.929094,0.931716,0.936161,0.852216,0.932560,0.934109,0.936351,0.932346,0.943665,0.947654,0.949770,0.946446,0.952414,0.954599,0.899831,0.954081,0.954337,0.955976,0.956661,0.954258,0.956422,0.955692,0.956430,0.957171,0.912655,0.917548,0.925557,0.928130,0.930482,0.934354,0.934342,0.858220,0.934620,0.929786,0.934211,0.932276,0.939215,0.944933,0.941917,0.944678,0.949176,0.950696,0.925991,0.965927,0.966391,0.966795,0.966831,0.966697,0.967345,0.967187,0.966817,0.966929,0.935460,0.940318,0.947959,0.951809,0.953822,0.955938,0.960422,0.884712,0.962821,0.963586,0.963465,0.963664,0.963412,0.964611,0.965614,0.965787,0.965660,0.966428,0.936824,0.968691,0.968642,1.000000,0.969290,0.969425,0.969944,0.969308,0.969546,0.969675,0.943258,0.948464,0.953995,0.957072,0.957170,0.959791,0.959532,0.895228,0.960797,0.964995,0.964545,0.963228,0.966868,0.967356,0.967107,0.967945,0.967940,0.968391,0.943545,0.957621,0.958801,0.960788,0.961231,0.961260,0.962770,0.962115,0.961168,0.959919,0.949844,0.954989,0.955782,0.958573,0.960535,0.958982,0.958948,0.902212,0.961520,0.962802,0.962847,0.961531,0.964321,0.965282,0.961574,0.963855,0.960031,0.958914,0.945105,0.954311,0.957850,0.956499,0.958720,0.955385,0.960922,0.959643,0.957313,0.957767,0.951027,0.957169,0.958653,0.956888,0.960554,0.959259,0.962025,0.907385,0.961879,0.962632,0.961703,0.960205,0.962890,0.961628,0.960517,0.962487,0.959868,0.958362
allando_v_sin_a8_f3_v115,0.876923,0.957099,0.956748,0.957611,0.957843,0.957981,0.958082,0.958275,0.958359,0.958512,0.891138,0.901414,0.906618,0.912028,0.918231,0.924469,0.930528,0.840291,0.930994,0.930406,0.932212,0.936957,0.942345,0.951354,0.955637,0.955583,0.957097,0.956980,0.876391,0.956994,0.954806,0.952092,0.952135,0.951939,0.951209,0.951673,0.951960,0.952670,0.896850,0.908433,0.915274,0.919410,0.925016,0.930377,0.933872,0.840777,0.934430,0.933384,0.936189,0.940236,0.944951,0.948422,0.943968,0.957526,0.956460,0.957529,0.886747,0.959992,0.961777,0.958867,0.962388,0.959902,0.958680,0.958672,0.959387,0.959439,0.908753,0.914394,0.918872,0.922608,0.929269,0.931759,0.936554,0.851360,0.933074,0.934447,0.936626,0.932676,0.944031,0.948030,0.950035,0.946906,0.952937,0.955033,0.899388,0.954498,0.954799,0.956458,0.957030,0.954874,0.956976,0.956117,0.956674,0.957324,0.912337,0.917469,0.925866,0.928414,0.930726,0.934466,0.934883,0.857343,0.935063,0.930154,0.934424,0.932568,0.939551,0.945212,0.942291,0.945003,0.949531,0.951133,0.925592,0.966470,0.966940,0.967369,0.967434,0.967300,0.967958,0.967794,0.967379,0.967497,0.935264,0.940245,0.948372,0.952374,0.954328,0.956389,0.960929,0.883837,0.963339,0.964184,0.964171,0.964369,0.964136,0.965281,0.966240,0.966356,0.966214,0.967001,0.936611,0.969145,0.969097,0.969290,1.000000,0.969981,0.970498,0.969844,0.970074,0.970274,0.943190,0.948698,0.954372,0.957600,0.957794,0.960305,0.960018,0.894368,0.961259,0.965542,0.965247,0.963908,0.967489,0.967943,0.967590,0.968439,0.968397,0.968902,0.943393,0.958326,0.959474,0.961390,0.961918,0.961938,0.963441,0.962726,0.961885,0.960669,0.949800,0.954944,0.956060,0.958902,0.961052,0.959560,0.959380,0.901452,0.962029,0.963307,0.963453,0.962154,0.964887,0.965755,0.962252,0.964519,0.960639,0.959530,0.944983,0.954991,0.958469,0.957138,0.959428,0.956059,0.961749,0.960271,0.958178,0.958609,0.951042,0.957268,0.958675,0.957100,0.961162,0.959952,0.962516,0.906711,0.962406,0.963185,0.962333,0.960842,0.963399,0.961977,0.961112,0.963081,0.960476,0.958930
allando_v_sin_a8_f3_v120,0.876758,0.957176,0.956836,0.957691,0.957915,0.958041,0.958118,0.958275,0.958359,0.958547,0.891418,0.902031,0.906978,0.912376,0.918713,0.924993,0.930979,0.840542,0.931640,0.931415,0.933332,0.937667,0.942851,0.951682,0.955882,0.955689,0.957252,0.957104,0.876246,0.957030,0.954874,0.952040,0.952054,0.951829,0.951054,0.951622,0.951964,0.952781,0.897193,0.908949,0.915566,0.919719,0.925546,0.930947,0.934363,0.841036,0.935086,0.934382,0.937242,0.941007,0.945438,0.948801,0.944165,0.957810,0.956545,0.957601,0.886688,0.960295,0.962107,0.959177,0.962644,0.960057,0.958750,0.958775,0.959464,0.959550,0.909011,0.914818,0.919167,0.922913,0.929744,0.932370,0.936950,0.851581,0.933756,0.935425,0.937680,0.933311,0.944527,0.948386,0.950249,0.947026,0.953144,0.955271,0.899281,0.954858,0.955103,0.956779,0.957243,0.955175,0.957306,0.956483,0.957107,0.957622,0.912525,0.917874,0.926203,0.928837,0.931276,0.935099,0.935333,0.857615,0.935766,0.931371,0.935557,0.933109,0.940089,0.945686,0.942354,0.945197,0.949765,0.951410,0.925389,0.966802,0.967274,0.967702,0.967855,0.967737,0.968275,0.968205,0.967875,0.967957,0.935286,0.940869,0.948749,0.952648,0.954701,0.956840,0.961420,0.884094,0.963850,0.964614,0.964663,0.964926,0.964666,0.965772,0.966664,0.966742,0.966582,0.967379,0.936429,0.969389,0.969340,0.969425,0.969981,1.000000,0.970893,0.970101,0.970445,0.970496,0.943160,0.948810,0.954791,0.957851,0.958166,0.960635,0.960450,0.894594,0.961846,0.966004,0.965630,0.964491,0.967881,0.968347,0.967928,0.968758,0.968705,0.969121,0.943411,0.958432,0.959679,0.961614,0.962117,0.962185,0.963689,0.962978,0.962075,0.960907,0.949849,0.955051,0.956197,0.959304,0.961331,0.959984,0.959841,0.901655,0.962473,0.963733,0.963823,0.962676,0.965554,0.966311,0.962528,0.964781,0.960663,0.959644,0.945241,0.955099,0.958819,0.957345,0.959777,0.956353,0.961908,0.960491,0.958279,0.958824,0.950984,0.957384,0.958826,0.957942,0.961466,0.960325,0.962951,0.906902,0.962859,0.963630,0.962754,0.961376,0.964104,0.962560,0.961388,0.963307,0.960535,0.959122
allando_v_sin_a8_f3_v125,0.876369,0.957560,0.957221,0.958098,0.958321,0.958438,0.958514,0.958670,0.958758,0.958957,0.891006,0.902062,0.906953,0.912552,0.918865,0.925043,0.930789,0.840165,0.931427,0.930915,0.932756,0.937250,0.942604,0.951759,0.956238,0.956061,0.957633,0.957505,0.875786,0.957454,0.955295,0.952418,0.952430,0.952191,0.951402,0.951998,0.952357,0.953214,0.896760,0.909070,0.915632,0.919948,0.925740,0.931015,0.934163,0.840685,0.934913,0.933927,0.936689,0.940649,0.945240,0.948828,0.944291,0.958069,0.956936,0.958013,0.886215,0.960537,0.962213,0.959285,0.962973,0.960474,0.959170,0.959231,0.959924,0.960026,0.908705,0.915141,0.919300,0.923201,0.930027,0.932348,0.936839,0.851197,0.933535,0.934956,0.937130,0.932845,0.944255,0.948372,0.950246,0.947260,0.953461,0.955611,0.898846,0.955020,0.955272,0.956938,0.957423,0.955313,0.957537,0.956687,0.957218,0.957778,0.912438,0.918294,0.926347,0.929005,0.931471,0.935260,0.935239,0.857106,0.935512,0.930774,0.934951,0.932645,0.939747,0.945515,0.942242,0.945329,0.949953,0.951597,0.924988,0.967374,0.967863,0.968321,0.968542,0.968435,0.968912,0.968863,0.968591,0.968682,0.935114,0.941070,0.949091,0.953191,0.955255,0.957558,0.962111,0.883576,0.964420,0.965037,0.964954,0.965221,0.964975,0.966174,0.967091,0.967194,0.967097,0.967954,0.936169,0.969956,0.969884,0.969944,0.970498,0.970893,1.000000,0.970708,0.971082,0.971035,0.943118,0.948879,0.955221,0.958304,0.958757,0.961271,0.961096,0.894037,0.962290,0.966465,0.966053,0.964775,0.968308,0.968805,0.968360,0.969192,0.969234,0.969555,0.943202,0.958878,0.960067,0.961992,0.962460,0.962538,0.964051,0.963283,0.962418,0.961190,0.949853,0.955220,0.956281,0.959838,0.961785,0.960477,0.960500,0.901239,0.962939,0.964125,0.964166,0.962849,0.965727,0.966466,0.962736,0.965132,0.961000,0.959954,0.944919,0.955615,0.959113,0.957734,0.959972,0.956591,0.962157,0.960851,0.958556,0.959288,0.951134,0.957573,0.959109,0.958669,0.962115,0.960944,0.963608,0.906504,0.963420,0.964130,0.963117,0.961573,0.964199,0.962596,0.961525,0.963600,0.960779,0.959431
allando_v_sin_a8_f3_v130,0.876876,0.957081,0.956781,0.957699,0.957912,0.958032,0.958120,0.958295,0.958393,0.958587,0.891212,0.901610,0.906657,0.912142,0.918278,0.924435,0.930164,0.840808,0.930602,0.930166,0.932018,0.936398,0.941806,0.950950,0.955663,0.955586,0.957119,0.956990,0.876305,0.957007,0.954932,0.952179,0.952216,0.952007,0.951254,0.951827,0.952178,0.952999,0.896860,0.908495,0.915241,0.919456,0.925046,0.930368,0.933472,0.841300,0.934033,0.933105,0.935947,0.939659,0.944364,0.947917,0.943522,0.957198,0.956418,0.957566,0.886657,0.959535,0.961359,0.958580,0.962256,0.959889,0.958725,0.958740,0.959454,0.959509,0.908699,0.914420,0.918804,0.922599,0.929287,0.931759,0.936170,0.851763,0.932635,0.934180,0.936379,0.932030,0.943430,0.947453,0.949551,0.946390,0.952480,0.954577,0.899191,0.954051,0.954311,0.956153,0.956734,0.954579,0.956787,0.955936,0.956594,0.957074,0.912306,0.917468,0.925725,0.928344,0.930734,0.934467,0.934377,0.857758,0.934681,0.929886,0.934215,0.931935,0.938881,0.944646,0.941623,0.944395,0.949007,0.950593,0.925106,0.966499,0.967006,0.967489,0.967601,0.967496,0.968117,0.968059,0.967627,0.967732,0.934964,0.940128,0.948170,0.952215,0.954293,0.956469,0.961033,0.884040,0.963375,0.964034,0.963948,0.964189,0.963950,0.965150,0.966111,0.966263,0.966157,0.966990,0.936072,0.969214,0.969175,0.969308,0.969844,0.970101,0.970708,1.000000,0.970326,0.970333,0.942791,0.948222,0.954185,0.957376,0.957673,0.960229,0.960023,0.894486,0.961296,0.965372,0.965006,0.963696,0.967403,0.967927,0.967598,0.968445,0.968473,0.968816,0.942915,0.957874,0.959051,0.960966,0.961480,0.961567,0.963171,0.962491,0.961666,0.960431,0.949362,0.954599,0.955753,0.958710,0.960872,0.959513,0.959516,0.901595,0.961957,0.963128,0.963180,0.961902,0.964760,0.965542,0.961854,0.964197,0.960231,0.959145,0.944576,0.954578,0.958130,0.956731,0.959027,0.955761,0.961365,0.959981,0.957847,0.958395,0.950562,0.956786,0.958264,0.956920,0.960983,0.959857,0.962505,0.906819,0.962355,0.963015,0.962072,0.960566,0.963220,0.961740,0.960674,0.962714,0.960095,0.958601
allando_v_sin_a8_f3_v135,0.876464,0.957380,0.957079,0.957982,0.958206,0.958320,0.958396,0.958552,0.958646,0.958851,0.890947,0.901490,0.906547,0.911923,0.918091,0.924418,0.930400,0.840561,0.931081,0.930456,0.932487,0.936832,0.942199,0.951287,0.955991,0.955873,0.957434,0.957301,0.875889,0.957280,0.955195,0.952380,0.952397,0.952170,0.951383,0.951999,0.952378,0.953251,0.896590,0.908427,0.915139,0.919228,0.924896,0.930371,0.933753,0.841054,0.934520,0.933413,0.936397,0.940086,0.944777,0.948194,0.943703,0.957546,0.956701,0.957844,0.886227,0.959952,0.961795,0.958880,0.962623,0.960211,0.958998,0.959048,0.959749,0.959832,0.908512,0.914347,0.918694,0.922394,0.929124,0.931777,0.936348,0.851428,0.933164,0.934492,0.936838,0.932459,0.943811,0.947762,0.949733,0.946641,0.952729,0.954829,0.898835,0.954411,0.954663,0.956431,0.956955,0.954840,0.957076,0.956269,0.956879,0.957363,0.912074,0.917362,0.925656,0.928320,0.930644,0.934548,0.934686,0.857442,0.935134,0.930297,0.934665,0.932276,0.939249,0.944942,0.941909,0.944586,0.949202,0.950854,0.924829,0.966814,0.967322,0.967807,0.967945,0.967847,0.968423,0.968393,0.968023,0.968104,0.934746,0.940236,0.948249,0.952323,0.954402,0.956550,0.961196,0.883795,0.963638,0.964378,0.964455,0.964704,0.964453,0.965619,0.966537,0.966644,0.966490,0.967320,0.935905,0.969517,0.969484,0.969546,0.970074,0.970445,0.971082,0.970326,1.000000,0.970649,0.942630,0.948135,0.954288,0.957469,0.957832,0.960305,0.960098,0.894251,0.961515,0.965729,0.965474,0.964233,0.967775,0.968321,0.967952,0.968803,0.968786,0.969123,0.942821,0.958179,0.959376,0.961343,0.961956,0.962022,0.963556,0.962867,0.961999,0.960802,0.949304,0.954563,0.955659,0.958843,0.960987,0.959656,0.959561,0.901402,0.962192,0.963416,0.963588,0.962342,0.965128,0.965931,0.962250,0.964606,0.960437,0.959443,0.944527,0.954843,0.958488,0.957165,0.959558,0.956163,0.961882,0.960339,0.958199,0.958750,0.950459,0.956839,0.958318,0.957414,0.961161,0.960049,0.962640,0.906685,0.962567,0.963310,0.962506,0.960999,0.963582,0.962078,0.961023,0.963058,0.960233,0.958893
allando_v_sin_a8_f3_v140,0.875940,0.957505,0.957173,0.958068,0.958323,0.958463,0.958567,0.958747,0.958836,0.959010,0.890542,0.900939,0.905731,0.911019,0.917288,0.923746,0.930127,0.839112,0.930803,0.930694,0.932812,0.937265,0.942543,0.951647,0.956032,0.955933,0.957501,0.957391,0.875433,0.957379,0.955166,0.952355,0.952385,0.952186,0.951434,0.951969,0.952299,0.953087,0.896281,0.907892,0.914314,0.918395,0.924140,0.929676,0.933525,0.839606,0.934244,0.933697,0.936703,0.940561,0.945134,0.948543,0.944163,0.957975,0.956820,0.957915,0.885933,0.960396,0.962353,0.959468,0.963011,0.960443,0.959185,0.959190,0.959914,0.959983,0.908220,0.913683,0.917889,0.921597,0.928392,0.931095,0.936045,0.850049,0.932924,0.934730,0.937090,0.932939,0.944158,0.948060,0.950126,0.947079,0.953067,0.955185,0.898602,0.954796,0.955175,0.956737,0.957413,0.955259,0.957510,0.956744,0.957355,0.957953,0.911664,0.916739,0.924909,0.927517,0.929962,0.933850,0.934486,0.856185,0.935038,0.930539,0.934876,0.932666,0.939817,0.945207,0.942294,0.945038,0.949548,0.951178,0.924663,0.966798,0.967291,0.967792,0.967872,0.967768,0.968437,0.968305,0.967910,0.968009,0.934530,0.939774,0.947861,0.951915,0.953995,0.956122,0.960870,0.882553,0.963479,0.964399,0.964594,0.964940,0.964695,0.965755,0.966648,0.966710,0.966508,0.967295,0.935851,0.969533,0.969517,0.969675,0.970274,0.970496,0.971035,0.970333,0.970649,1.000000,0.942527,0.948152,0.954003,0.957209,0.957494,0.960016,0.959810,0.893052,0.961348,0.965694,0.965524,0.964432,0.967905,0.968408,0.968042,0.968921,0.968772,0.969335,0.942735,0.958774,0.959958,0.961918,0.962534,0.962634,0.964090,0.963424,0.962504,0.961374,0.949197,0.954593,0.955687,0.958597,0.960716,0.959291,0.959114,0.900249,0.961990,0.963318,0.963629,0.962626,0.965396,0.966408,0.962725,0.964966,0.960968,0.959970,0.944520,0.955349,0.959088,0.957670,0.960222,0.956746,0.962382,0.960761,0.958754,0.959188,0.950486,0.956859,0.958392,0.957075,0.960799,0.959691,0.962294,0.905602,0.962291,0.963187,0.962533,0.961266,0.963829,0.962601,0.961494,0.963364,0.960736,0.959363
allando_v_sin_a8_f3_v15,0.915540,0.937092,0.936895,0.936190,0.936699,0.936497,0.936002,0.935793,0.935598,0.935634,0.925790,0.931071,0.930548,0.933307,0.936687,0.940208,0.943664,0.881686,0.938545,0.937484,0.935814,0.936950,0.941292,0.943867,0.940128,0.937122,0.938660,0.937544,0.915425,0.937095,0.935579,0.933263,0.933166,0.932682,0.931898,0.932100,0.932132,0.932647,0.931598,0.936747,0.938003,0.938857,0.942203,0.944157,0.945119,0.882182,0.940749,0.938176,0.939674,0.939664,0.942779,0.944920,0.936934,0.945060,0.939581,0.938076,0.924575,0.947576,0.948360,0.947045,0.945071,0.941253,0.939160,0.938678,0.938915,0.938629,0.939284,0.941600,0.940490,0.940105,0.946231,0.944535,0.948471,0.892468,0.938876,0.939424,0.940830,0.932760,0.943634,0.945965,0.946735,0.941493,0.944299,0.946671,0.932632,0.945699,0.944831,0.947624,0.949383,0.950413,0.951240,0.945978,0.946397,0.945886,0.941571,0.943317,0.944969,0.944084,0.945242,0.944586,0.944953,0.897991,0.941486,0.934685,0.939383,0.935439,0.940117,0.945869,0.940755,0.943970,0.945666,0.947208,0.947029,0.943984,0.943975,0.943203,0.942945,0.942512,0.942669,0.942280,0.941976,0.942057,0.957145,0.951822,0.949006,0.946600,0.944995,0.946092,0.947579,0.910314,0.947726,0.947055,0.943921,0.942587,0.942027,0.943069,0.944258,0.944600,0.944412,0.944739,0.953414,0.943935,0.943924,0.943258,0.943190,0.943160,0.943118,0.942791,0.942630,0.942527,1.000000,0.954641,0.953401,0.952341,0.947557,0.949914,0.948749,0.919860,0.946788,0.949714,0.946722,0.943757,0.944954,0.944385,0.943863,0.944322,0.944637,0.943643,0.958275,0.938090,0.938516,0.940471,0.938538,0.938673,0.940712,0.940942,0.941603,0.940328,0.960614,0.959640,0.956368,0.955429,0.954376,0.949326,0.948396,0.924721,0.949538,0.950414,0.947864,0.945031,0.947071,0.947376,0.942472,0.944068,0.942519,0.940073,0.958137,0.937148,0.939769,0.937085,0.937555,0.935194,0.940327,0.941805,0.942364,0.942153,0.956788,0.959061,0.957649,0.952800,0.951204,0.947287,0.950592,0.927728,0.950184,0.950109,0.947120,0.944915,0.948087,0.946370,0.944371,0.946519,0.945534,0.941891
allando_v_sin_a8_f3_v20,0.902320,0.939188,0.938590,0.938583,0.938284,0.938407,0.938417,0.938537,0.938529,0.938690,0.915484,0.927212,0.923817,0.928394,0.933904,0.937438,0.941838,0.869442,0.938348,0.935877,0.935602,0.937378,0.942082,0.944376,0.940148,0.939018,0.939605,0.939415,0.902669,0.938766,0.936850,0.934623,0.934553,0.934270,0.933654,0.933890,0.933944,0.934485,0.921186,0.933478,0.931327,0.934529,0.939627,0.941786,0.943990,0.869740,0.940804,0.936769,0.939331,0.940185,0.943715,0.945461,0.937259,0.947021,0.940396,0.939673,0.911666,0.948994,0.949883,0.949599,0.947201,0.943132,0.940500,0.940612,0.940848,0.940777,0.930710,0.939433,0.934476,0.936705,0.942980,0.942316,0.946893,0.881257,0.939242,0.937986,0.940262,0.933038,0.944289,0.946390,0.947026,0.941066,0.944345,0.947038,0.921559,0.946434,0.946056,0.948670,0.950564,0.948698,0.950373,0.948524,0.949102,0.951247,0.932998,0.941801,0.940941,0.940629,0.943057,0.942804,0.943914,0.886084,0.941243,0.933635,0.938999,0.935942,0.940420,0.946190,0.940975,0.943481,0.945563,0.946825,0.939991,0.947693,0.947664,0.947214,0.948124,0.947739,0.947178,0.947614,0.947686,0.947550,0.949579,0.957275,0.951560,0.948792,0.947595,0.948686,0.950123,0.902653,0.951011,0.951050,0.948706,0.947809,0.947348,0.948318,0.949240,0.949353,0.949150,0.949535,0.947091,0.948503,0.948198,0.948464,0.948698,0.948810,0.948879,0.948222,0.948135,0.948152,0.954641,1.000000,0.957594,0.954604,0.950373,0.953081,0.952091,0.912133,0.950984,0.953896,0.950874,0.948334,0.949302,0.948479,0.948005,0.948129,0.948339,0.948587,0.952913,0.941905,0.942780,0.944465,0.942865,0.942935,0.945379,0.945556,0.944545,0.943269,0.956920,0.960099,0.963127,0.959887,0.956698,0.951951,0.951431,0.917146,0.953515,0.954417,0.952002,0.949379,0.951101,0.950971,0.946334,0.947787,0.945700,0.943801,0.954033,0.939628,0.942915,0.939398,0.940995,0.938556,0.945137,0.944629,0.943934,0.943426,0.954543,0.958338,0.959868,0.960578,0.954014,0.950399,0.953977,0.920820,0.953965,0.953672,0.951039,0.949041,0.951829,0.949662,0.947651,0.949282,0.948160,0.944969
allando_v_sin_a8_f3_v25,0.899249,0.943444,0.942878,0.942592,0.942706,0.942728,0.942586,0.942581,0.942559,0.942708,0.912068,0.923522,0.926609,0.932109,0.936945,0.940249,0.943488,0.865090,0.942225,0.940770,0.938780,0.942193,0.945791,0.948976,0.945113,0.943173,0.944277,0.943804,0.899412,0.942890,0.940988,0.938243,0.938092,0.937689,0.936918,0.937327,0.937491,0.938131,0.917583,0.929632,0.934352,0.938381,0.942478,0.944640,0.945755,0.865420,0.945053,0.942320,0.942536,0.945584,0.947394,0.950172,0.942395,0.950875,0.944611,0.943777,0.908318,0.954812,0.955154,0.952238,0.951307,0.946961,0.944464,0.944242,0.944598,0.944438,0.927405,0.936150,0.938048,0.940644,0.945873,0.945220,0.948765,0.877715,0.943449,0.943588,0.943336,0.938028,0.947872,0.951339,0.950751,0.945521,0.948821,0.951227,0.918924,0.952395,0.951901,0.953714,0.953952,0.951775,0.953500,0.951629,0.952012,0.952307,0.930983,0.938639,0.944552,0.944622,0.946190,0.946866,0.946255,0.882400,0.944773,0.939541,0.941903,0.939641,0.943755,0.950886,0.943548,0.947717,0.949135,0.950568,0.938466,0.954813,0.954863,0.954488,0.955328,0.955003,0.954425,0.954539,0.954311,0.954531,0.947516,0.953309,0.957841,0.956654,0.955900,0.956792,0.957886,0.900533,0.958447,0.957925,0.955627,0.955096,0.954294,0.955174,0.955847,0.955740,0.955662,0.956271,0.946754,0.954682,0.954295,0.953995,0.954372,0.954791,0.955221,0.954185,0.954288,0.954003,0.953401,0.957594,1.000000,0.961668,0.958961,0.960814,0.959214,0.910248,0.957687,0.960736,0.957561,0.955523,0.956175,0.955430,0.954276,0.954379,0.954747,0.954284,0.953259,0.946361,0.947212,0.949480,0.948575,0.948865,0.950539,0.949860,0.948545,0.947107,0.957804,0.960558,0.961415,0.965332,0.962981,0.959515,0.958450,0.915886,0.959381,0.960487,0.958067,0.955621,0.958180,0.956319,0.952691,0.954091,0.950448,0.948649,0.954290,0.944561,0.947819,0.946444,0.947556,0.945154,0.949076,0.950252,0.947116,0.948302,0.956496,0.960904,0.961457,0.959610,0.961823,0.958744,0.961670,0.920042,0.960397,0.960483,0.957335,0.955508,0.958692,0.954572,0.953443,0.954965,0.952221,0.950090
allando_v_sin_a8_f3_v30,0.897778,0.946419,0.945871,0.945651,0.945938,0.945879,0.945691,0.945686,0.945655,0.945756,0.909667,0.918914,0.928552,0.933167,0.934559,0.937647,0.942177,0.861114,0.941395,0.940227,0.939868,0.943010,0.946663,0.951302,0.947868,0.945826,0.947210,0.946755,0.897878,0.945928,0.943988,0.941204,0.941030,0.940620,0.939869,0.940222,0.940370,0.940833,0.915405,0.925322,0.936604,0.939888,0.939923,0.942203,0.944576,0.861479,0.944513,0.942701,0.943946,0.946414,0.948787,0.951835,0.946084,0.953978,0.947760,0.946760,0.907683,0.956861,0.956962,0.953459,0.953897,0.949542,0.947339,0.946995,0.947429,0.947250,0.925581,0.931687,0.940412,0.942266,0.943727,0.942925,0.947614,0.874166,0.942469,0.944363,0.944552,0.939038,0.948836,0.953380,0.953545,0.948727,0.952315,0.954025,0.918645,0.954065,0.954040,0.957261,0.956418,0.954005,0.954932,0.954040,0.953960,0.952591,0.929714,0.934363,0.945557,0.946074,0.944694,0.945685,0.945278,0.879588,0.944399,0.939742,0.942655,0.940308,0.944350,0.952638,0.947295,0.949789,0.951265,0.952792,0.937676,0.958302,0.958525,0.958104,0.958536,0.958197,0.958072,0.957797,0.957392,0.957650,0.946265,0.949052,0.959038,0.961391,0.960627,0.959635,0.960038,0.898445,0.960567,0.959920,0.958552,0.957810,0.957005,0.957883,0.958628,0.958614,0.958801,0.959475,0.946979,0.957926,0.957494,0.957072,0.957600,0.957851,0.958304,0.957376,0.957469,0.957209,0.952341,0.954604,0.961668,1.000000,0.964321,0.964633,0.960976,0.908830,0.959340,0.962125,0.960427,0.958281,0.959027,0.958449,0.957293,0.957462,0.958026,0.957325,0.952791,0.948850,0.949492,0.951328,0.950744,0.950972,0.953178,0.951998,0.950742,0.949258,0.957636,0.960140,0.959452,0.962874,0.966421,0.963767,0.959914,0.915104,0.960304,0.961057,0.959656,0.957439,0.960632,0.958954,0.955893,0.957424,0.954579,0.952572,0.953616,0.947513,0.950594,0.948715,0.949949,0.947834,0.951273,0.951462,0.948684,0.949544,0.957888,0.961733,0.961459,0.958175,0.966408,0.964031,0.964082,0.919774,0.961640,0.961393,0.959044,0.957262,0.961084,0.957122,0.956373,0.958067,0.955965,0.953656
allando_v_sin_a8_f3_v35,0.892136,0.945880,0.945256,0.945120,0.945387,0.945306,0.945127,0.945151,0.945121,0.945227,0.905062,0.914016,0.925709,0.931388,0.932062,0.935800,0.939726,0.856071,0.940347,0.939451,0.938468,0.941306,0.944606,0.949952,0.947311,0.945256,0.946530,0.946176,0.892224,0.945340,0.943399,0.940497,0.940306,0.939884,0.939102,0.939527,0.939674,0.940084,0.910881,0.920315,0.933611,0.938187,0.937729,0.940348,0.942431,0.856485,0.943524,0.942596,0.942660,0.945073,0.946913,0.949974,0.944916,0.953123,0.947043,0.946137,0.902332,0.955983,0.956042,0.951584,0.953194,0.948642,0.946554,0.946174,0.946619,0.946513,0.921253,0.926415,0.936968,0.940930,0.941602,0.941102,0.945154,0.869201,0.941690,0.943977,0.943199,0.937135,0.946743,0.951458,0.951880,0.946898,0.951236,0.952967,0.913596,0.953299,0.953020,0.956172,0.954429,0.951719,0.952447,0.952086,0.952231,0.950426,0.925406,0.928623,0.942135,0.944943,0.942943,0.944317,0.943115,0.874605,0.943593,0.939788,0.941148,0.937645,0.942344,0.950681,0.945953,0.948097,0.949956,0.951332,0.932488,0.959122,0.959370,0.959011,0.959420,0.959091,0.958971,0.958699,0.958237,0.958543,0.941284,0.944447,0.957205,0.961818,0.961660,0.960392,0.960735,0.893846,0.961373,0.960342,0.959426,0.958846,0.957900,0.958706,0.959295,0.959213,0.959506,0.960276,0.942503,0.958157,0.957628,0.957170,0.957794,0.958166,0.958757,0.957673,0.957832,0.957494,0.947557,0.950373,0.958961,0.964321,1.000000,0.965192,0.961169,0.904301,0.960219,0.962273,0.960903,0.959310,0.959628,0.958975,0.957466,0.957617,0.958310,0.957485,0.948788,0.948077,0.949043,0.950729,0.950573,0.950554,0.952597,0.950813,0.949301,0.947913,0.954216,0.956873,0.956027,0.960485,0.965186,0.965278,0.960545,0.910830,0.960507,0.960788,0.959944,0.958103,0.960928,0.958924,0.955204,0.956998,0.953583,0.952191,0.950408,0.947122,0.950746,0.948699,0.950389,0.947855,0.951032,0.950244,0.946980,0.947990,0.954869,0.959355,0.959252,0.955845,0.966977,0.966844,0.964844,0.915864,0.961915,0.961702,0.959819,0.958076,0.961466,0.957085,0.955571,0.957346,0.954710,0.953172
allando_v_sin_a8_f3_v40,0.894333,0.948234,0.947617,0.947477,0.947791,0.947741,0.947587,0.947602,0.947581,0.947675,0.905064,0.914575,0.923527,0.931994,0.933868,0.938170,0.940549,0.855927,0.940370,0.939700,0.938787,0.942671,0.946988,0.952784,0.949539,0.947488,0.949028,0.948584,0.894247,0.947813,0.945584,0.942525,0.942366,0.941942,0.941166,0.941545,0.941692,0.942147,0.911009,0.921205,0.931935,0.938984,0.939837,0.942912,0.943034,0.856380,0.943639,0.943172,0.942739,0.946538,0.949120,0.953198,0.948325,0.956857,0.949767,0.948573,0.904485,0.958622,0.958766,0.954052,0.955563,0.951315,0.949045,0.948717,0.949147,0.948998,0.921445,0.927877,0.935773,0.941700,0.944335,0.943217,0.946143,0.869449,0.941598,0.944475,0.943339,0.938610,0.948889,0.953709,0.955541,0.951545,0.954759,0.957475,0.915923,0.955590,0.955753,0.957408,0.957626,0.953517,0.955501,0.953895,0.954584,0.953318,0.926170,0.930559,0.941512,0.944273,0.944966,0.946403,0.943935,0.874699,0.944137,0.939124,0.941148,0.939638,0.945008,0.952481,0.948009,0.952415,0.954174,0.955023,0.935010,0.961771,0.962014,0.961643,0.962071,0.961731,0.961607,0.961395,0.960947,0.961179,0.942945,0.946954,0.957488,0.960880,0.961820,0.963171,0.964005,0.894705,0.964718,0.963461,0.961670,0.961243,0.960353,0.961219,0.962006,0.962041,0.962238,0.962986,0.944853,0.960601,0.960117,0.959791,0.960305,0.960635,0.961271,0.960229,0.960305,0.960016,0.949914,0.953081,0.960814,0.964633,0.965192,1.000000,0.964833,0.905683,0.963354,0.965338,0.963086,0.961447,0.961932,0.961306,0.959831,0.960003,0.960734,0.960059,0.950653,0.952954,0.953422,0.954784,0.953495,0.953517,0.954963,0.953695,0.952367,0.950749,0.956018,0.959154,0.958876,0.962961,0.966123,0.965236,0.963717,0.912584,0.963532,0.963819,0.962282,0.960334,0.962935,0.961674,0.957677,0.959807,0.957894,0.956084,0.951243,0.952365,0.954503,0.951551,0.952365,0.949551,0.952829,0.953173,0.949773,0.951043,0.958414,0.961809,0.962069,0.958961,0.966864,0.965636,0.967320,0.917301,0.965071,0.964942,0.962002,0.960453,0.963419,0.960174,0.958444,0.960405,0.958892,0.957439
allando_v_sin_a8_f3_v45,0.890987,0.947862,0.947243,0.947075,0.947412,0.947303,0.947147,0.947138,0.947102,0.947200,0.902560,0.911794,0.918081,0.927093,0.935306,0.939169,0.940451,0.852810,0.940164,0.940382,0.938298,0.942373,0.946686,0.952261,0.949404,0.947267,0.948781,0.948243,0.890916,0.947345,0.945109,0.941872,0.941742,0.941283,0.940477,0.940928,0.941047,0.941611,0.908814,0.918458,0.926938,0.934147,0.941877,0.944022,0.943307,0.853302,0.943443,0.943542,0.942212,0.946044,0.948744,0.951844,0.947009,0.955872,0.949284,0.948254,0.901046,0.958255,0.958524,0.953995,0.955366,0.951068,0.948736,0.948444,0.948947,0.948802,0.919141,0.925455,0.930900,0.936929,0.945813,0.944759,0.946402,0.866672,0.941744,0.944879,0.943060,0.938573,0.948471,0.952314,0.954399,0.949361,0.953293,0.955740,0.912687,0.955773,0.954060,0.955829,0.956228,0.953360,0.955169,0.952937,0.953265,0.953502,0.924525,0.928325,0.937057,0.940084,0.946906,0.948090,0.944651,0.871686,0.944001,0.939992,0.940941,0.939760,0.943936,0.950990,0.945754,0.950101,0.953140,0.953456,0.932757,0.962014,0.962222,0.961881,0.962050,0.961700,0.961791,0.961728,0.961128,0.961242,0.941254,0.945849,0.954092,0.956390,0.957832,0.962652,0.965898,0.891736,0.965953,0.964166,0.961914,0.961228,0.960423,0.961451,0.962325,0.962323,0.962384,0.963178,0.942742,0.960272,0.959937,0.959532,0.960018,0.960450,0.961096,0.960023,0.960098,0.959810,0.948749,0.952091,0.959214,0.960976,0.961169,0.964833,1.000000,0.903110,0.965225,0.966096,0.963264,0.961040,0.961844,0.961377,0.959631,0.959888,0.960556,0.959944,0.949443,0.952001,0.952422,0.954065,0.952803,0.952526,0.954190,0.952943,0.952162,0.950408,0.954711,0.958287,0.958162,0.961653,0.963186,0.962113,0.965520,0.910435,0.965045,0.964451,0.962827,0.959446,0.962484,0.960988,0.957218,0.959094,0.956744,0.954509,0.950080,0.950768,0.953278,0.951342,0.951443,0.948239,0.952030,0.952646,0.949970,0.950623,0.956523,0.960975,0.961600,0.958725,0.963051,0.961804,0.966535,0.915117,0.966361,0.965613,0.962884,0.959493,0.962718,0.959035,0.957769,0.959402,0.957797,0.955717
allando_v_sin_a8_f3_v5,0.908024,0.893053,0.893137,0.891817,0.891513,0.891203,0.890725,0.890534,0.890355,0.890412,0.908241,0.910275,0.912598,0.914751,0.912321,0.915767,0.913691,0.917903,0.910375,0.906899,0.905492,0.905988,0.906979,0.902464,0.896468,0.894616,0.894651,0.893690,0.907333,0.893713,0.895463,0.895575,0.895350,0.894784,0.894012,0.894242,0.894164,0.893844,0.911828,0.915704,0.919249,0.917914,0.916981,0.920579,0.914546,0.918161,0.912209,0.908364,0.908410,0.907061,0.907567,0.906962,0.894617,0.897570,0.895822,0.894810,0.911779,0.897704,0.899262,0.894565,0.894629,0.893507,0.893343,0.892938,0.892067,0.892152,0.918824,0.920051,0.919731,0.918372,0.920209,0.921366,0.918033,0.923180,0.910790,0.910718,0.910529,0.904386,0.909510,0.909094,0.905887,0.896762,0.899155,0.900077,0.919012,0.899427,0.897126,0.901560,0.900590,0.897028,0.895974,0.894845,0.898720,0.895302,0.920417,0.917758,0.919958,0.922407,0.918863,0.919125,0.912170,0.927177,0.911681,0.907591,0.911003,0.907270,0.905455,0.911715,0.902305,0.903841,0.903222,0.903492,0.927318,0.895531,0.895627,0.895105,0.894807,0.894275,0.894112,0.894112,0.893898,0.894023,0.921864,0.914429,0.909590,0.906505,0.905403,0.903872,0.901561,0.949825,0.900573,0.898984,0.896807,0.894484,0.893242,0.894594,0.895952,0.896565,0.896249,0.896374,0.925495,0.895648,0.895609,0.895228,0.894368,0.894594,0.894037,0.894486,0.894251,0.893052,0.919860,0.912133,0.910248,0.908830,0.904301,0.905683,0.903110,1.000000,0.901584,0.902588,0.898680,0.897412,0.895853,0.895044,0.895435,0.894824,0.896464,0.894374,0.928084,0.883235,0.883567,0.885786,0.883416,0.883057,0.885368,0.885424,0.883825,0.881837,0.922352,0.917048,0.911891,0.910917,0.911116,0.908441,0.906265,0.952945,0.905404,0.905102,0.901021,0.899085,0.900670,0.898308,0.892800,0.893833,0.889302,0.887951,0.927691,0.884618,0.886857,0.884593,0.884653,0.883082,0.886636,0.888270,0.883439,0.882801,0.918812,0.916924,0.913567,0.907575,0.907738,0.905671,0.908236,0.951355,0.906626,0.904814,0.901619,0.899793,0.904215,0.900235,0.897052,0.898768,0.893339,0.891941
allando_v_sin_a8_f3_v50,0.889952,0.949308,0.948699,0.948691,0.948935,0.948825,0.948690,0.948695,0.948656,0.948770,0.902092,0.911835,0.916900,0.924663,0.932942,0.939894,0.941799,0.852573,0.942588,0.942674,0.941349,0.943755,0.947875,0.953073,0.950720,0.948696,0.950048,0.949569,0.890320,0.948632,0.946401,0.943169,0.943053,0.942656,0.941810,0.942315,0.942453,0.943031,0.908309,0.918253,0.925060,0.931423,0.939711,0.944900,0.945051,0.852981,0.945680,0.946067,0.945129,0.947163,0.950027,0.952022,0.947009,0.957227,0.950496,0.949571,0.900343,0.958589,0.959763,0.954606,0.956780,0.952281,0.950035,0.949826,0.950215,0.950246,0.918796,0.924022,0.928510,0.934344,0.943296,0.946280,0.947225,0.865766,0.944875,0.947377,0.946025,0.939993,0.949856,0.952514,0.955145,0.949440,0.953030,0.955611,0.912179,0.956180,0.954589,0.956042,0.956788,0.953617,0.955360,0.953417,0.954038,0.954200,0.922890,0.926213,0.934867,0.938564,0.945241,0.948904,0.945802,0.871247,0.947365,0.943236,0.943912,0.940582,0.945517,0.951525,0.947943,0.949746,0.952989,0.953608,0.931337,0.962989,0.963276,0.962949,0.963033,0.962675,0.962897,0.962824,0.962274,0.962387,0.939164,0.944404,0.952244,0.954887,0.956521,0.960848,0.964876,0.890146,0.966696,0.965309,0.964102,0.963531,0.962573,0.963401,0.964081,0.963858,0.963518,0.964327,0.941639,0.961383,0.961147,0.960797,0.961259,0.961846,0.962290,0.961296,0.961515,0.961348,0.946788,0.950984,0.957687,0.959340,0.960219,0.963354,0.965225,0.901584,1.000000,0.967080,0.965309,0.963240,0.963425,0.962996,0.961144,0.961532,0.961685,0.961449,0.948630,0.952582,0.953615,0.955224,0.954596,0.953936,0.955228,0.954232,0.952961,0.951675,0.953702,0.957006,0.957288,0.960582,0.962135,0.961693,0.964431,0.908912,0.966342,0.965662,0.965010,0.961976,0.964005,0.963495,0.958239,0.960490,0.957293,0.956022,0.950594,0.951013,0.955666,0.952363,0.954238,0.949932,0.955084,0.953263,0.951391,0.950914,0.954892,0.959923,0.960708,0.958388,0.961890,0.961705,0.965759,0.914079,0.966902,0.966762,0.965167,0.961906,0.964441,0.961488,0.958716,0.960543,0.958180,0.957056
allando_v_sin_a8_f3_v55,0.888377,0.953187,0.952618,0.952566,0.952988,0.952942,0.952812,0.952809,0.952775,0.952883,0.901362,0.911148,0.917126,0.923694,0.931423,0.937933,0.942890,0.852908,0.942983,0.941000,0.940423,0.944797,0.949556,0.955484,0.954167,0.952321,0.953904,0.953430,0.888210,0.952723,0.950257,0.946978,0.946841,0.946452,0.945599,0.946046,0.946205,0.946839,0.907613,0.918402,0.925676,0.930639,0.938208,0.942969,0.946185,0.853328,0.946196,0.944045,0.944334,0.948482,0.952093,0.954555,0.948831,0.960032,0.954143,0.953463,0.898395,0.963023,0.963872,0.959280,0.961034,0.956623,0.954391,0.954161,0.954612,0.954587,0.919151,0.924823,0.929324,0.933717,0.941951,0.943824,0.948513,0.865074,0.945202,0.944909,0.945114,0.940695,0.951523,0.954806,0.956368,0.952432,0.956971,0.959291,0.911046,0.959366,0.958814,0.958905,0.959627,0.957420,0.959215,0.957784,0.957742,0.957986,0.923009,0.927328,0.936307,0.938718,0.943361,0.946651,0.947478,0.870500,0.947120,0.940619,0.942909,0.941064,0.947136,0.953053,0.949918,0.953011,0.955946,0.957111,0.932626,0.966219,0.966381,0.966236,0.966487,0.966214,0.966280,0.966149,0.965754,0.965891,0.942072,0.947070,0.954913,0.957355,0.958353,0.961876,0.966095,0.891865,0.968414,0.968815,0.967867,0.967215,0.966542,0.967171,0.967684,0.967261,0.966721,0.967305,0.943235,0.965522,0.965411,0.964995,0.965542,0.966004,0.966465,0.965372,0.965729,0.965694,0.949714,0.953896,0.960736,0.962125,0.962273,0.965338,0.966096,0.902588,0.967080,1.000000,0.968966,0.966868,0.967246,0.966927,0.965263,0.965807,0.965684,0.965552,0.950104,0.958293,0.959122,0.961044,0.960787,0.960291,0.960821,0.959787,0.958587,0.957333,0.956225,0.960071,0.960235,0.964201,0.965259,0.963551,0.964811,0.909833,0.967902,0.969264,0.968281,0.965462,0.967056,0.966029,0.962002,0.964243,0.960907,0.959902,0.951529,0.956546,0.959659,0.957681,0.959478,0.955108,0.961000,0.959088,0.957207,0.957332,0.957531,0.963016,0.963903,0.961947,0.965301,0.964082,0.967974,0.915000,0.968586,0.970001,0.968008,0.965241,0.967139,0.963832,0.962417,0.964286,0.961779,0.960613
allando_v_sin_a8_f3_v60,0.884458,0.952792,0.952239,0.952269,0.952746,0.952649,0.952530,0.952550,0.952507,0.952596,0.898296,0.908073,0.915158,0.920347,0.927318,0.934335,0.941441,0.849857,0.941761,0.938507,0.938872,0.942444,0.947874,0.953886,0.953519,0.951820,0.953353,0.953015,0.884364,0.952240,0.949807,0.946573,0.946431,0.946049,0.945187,0.945638,0.945776,0.946393,0.904600,0.915558,0.923622,0.927316,0.933952,0.939340,0.944957,0.850252,0.945052,0.941731,0.942982,0.945677,0.950917,0.952212,0.947687,0.958842,0.953600,0.953069,0.894845,0.960790,0.961960,0.957552,0.960252,0.955937,0.953906,0.953758,0.954211,0.954244,0.916741,0.921712,0.927138,0.930449,0.937524,0.940388,0.947071,0.861578,0.944233,0.942687,0.943685,0.938523,0.949891,0.952448,0.954902,0.950869,0.956164,0.957183,0.908107,0.957117,0.956241,0.957396,0.957852,0.956559,0.957778,0.957104,0.956260,0.956315,0.920267,0.924213,0.933501,0.935718,0.939407,0.943415,0.946498,0.867297,0.946295,0.938461,0.941301,0.939096,0.945556,0.950426,0.950063,0.950003,0.953853,0.955198,0.929449,0.965528,0.965743,0.965636,0.965812,0.965546,0.965755,0.965574,0.965106,0.965290,0.939281,0.943650,0.952349,0.955856,0.956357,0.958922,0.963692,0.888149,0.966721,0.967766,0.968231,0.967361,0.966836,0.967107,0.967381,0.966725,0.966019,0.966539,0.940471,0.965109,0.965071,0.964545,0.965247,0.965630,0.966053,0.965006,0.965474,0.965524,0.946722,0.950874,0.957561,0.960427,0.960903,0.963086,0.963264,0.898680,0.965309,0.968966,1.000000,0.966862,0.966911,0.966747,0.965016,0.965655,0.965234,0.965199,0.947173,0.957406,0.958285,0.959606,0.959966,0.959025,0.960007,0.958917,0.957953,0.956860,0.953241,0.957812,0.957302,0.961351,0.963836,0.961902,0.961816,0.906024,0.966216,0.967139,0.968453,0.965252,0.966071,0.965454,0.961757,0.963772,0.960385,0.959538,0.948997,0.955280,0.958809,0.955993,0.958608,0.953770,0.961499,0.957136,0.957096,0.956267,0.954812,0.960385,0.961694,0.959546,0.963883,0.963175,0.965342,0.911747,0.966702,0.967746,0.968249,0.964891,0.966026,0.963043,0.961907,0.963679,0.961343,0.959603
allando_v_sin_a8_f3_v65,0.881106,0.951783,0.951271,0.951342,0.951796,0.951777,0.951668,0.951671,0.951648,0.951744,0.895401,0.904748,0.911293,0.916840,0.923134,0.930544,0.937591,0.846544,0.940976,0.938044,0.938456,0.942359,0.947202,0.953046,0.952623,0.950927,0.952515,0.952049,0.881124,0.951085,0.948689,0.945390,0.945236,0.944890,0.944046,0.944538,0.944766,0.945370,0.901604,0.911987,0.919459,0.923874,0.929801,0.935982,0.941085,0.846953,0.944410,0.941662,0.942235,0.945784,0.949840,0.951319,0.945860,0.957616,0.952311,0.951930,0.891518,0.958723,0.960888,0.955852,0.958807,0.954648,0.952642,0.952442,0.952925,0.952935,0.913216,0.917735,0.923119,0.927160,0.933763,0.937287,0.942867,0.858236,0.942976,0.942886,0.942848,0.938762,0.949556,0.951316,0.952475,0.948614,0.953361,0.955911,0.904393,0.954305,0.954500,0.955810,0.956231,0.954019,0.955706,0.954760,0.955227,0.954296,0.916145,0.920193,0.929678,0.933830,0.935778,0.940198,0.942408,0.864309,0.943839,0.939298,0.940526,0.939216,0.946090,0.949542,0.946413,0.947832,0.951477,0.952877,0.926916,0.963988,0.964205,0.964185,0.964369,0.964146,0.964353,0.964119,0.963749,0.963894,0.935915,0.940978,0.950081,0.953729,0.955108,0.956975,0.961438,0.886344,0.964615,0.965584,0.966644,0.966509,0.966040,0.965931,0.966077,0.965288,0.964482,0.964993,0.938335,0.963770,0.963647,0.963228,0.963908,0.964491,0.964775,0.963696,0.964233,0.964432,0.943757,0.948334,0.955523,0.958281,0.959310,0.961447,0.961040,0.897412,0.963240,0.966868,0.966862,1.000000,0.966061,0.965687,0.963900,0.964432,0.963875,0.964020,0.945546,0.955604,0.956614,0.957982,0.958000,0.957496,0.958573,0.957944,0.956498,0.955572,0.950721,0.955173,0.955201,0.959307,0.961683,0.960974,0.959683,0.904492,0.963654,0.964728,0.965552,0.966194,0.965804,0.965483,0.961686,0.963155,0.958641,0.958192,0.947389,0.953687,0.957344,0.953780,0.957172,0.952607,0.959511,0.955701,0.954601,0.954320,0.952549,0.958425,0.959500,0.957580,0.962095,0.961852,0.963514,0.910218,0.964186,0.965469,0.965470,0.965805,0.965726,0.963254,0.961717,0.962781,0.959291,0.958779
allando_v_sin_a8_f3_v70,0.879127,0.954608,0.954202,0.954565,0.955019,0.955041,0.954970,0.955021,0.955023,0.955146,0.893892,0.903481,0.909417,0.915094,0.921900,0.928321,0.934625,0.843576,0.935672,0.935309,0.935780,0.939505,0.944464,0.952354,0.954601,0.953392,0.955132,0.954725,0.878807,0.954243,0.951886,0.948725,0.948656,0.948350,0.947507,0.948021,0.948288,0.949013,0.899939,0.910355,0.917843,0.922344,0.928606,0.933826,0.938106,0.844002,0.939078,0.938399,0.939716,0.943184,0.947161,0.949885,0.945305,0.957924,0.954725,0.954954,0.889248,0.960189,0.961975,0.958116,0.961125,0.957652,0.955993,0.955801,0.956444,0.956398,0.911605,0.916190,0.921578,0.925493,0.932454,0.935064,0.940367,0.854899,0.937952,0.939329,0.940123,0.935283,0.946405,0.949749,0.951450,0.948118,0.953629,0.955854,0.901946,0.955152,0.955332,0.956416,0.956985,0.955673,0.957473,0.956097,0.956336,0.956112,0.914878,0.919114,0.928580,0.931216,0.934188,0.937806,0.939239,0.860741,0.939859,0.935391,0.937851,0.935213,0.942223,0.947444,0.944337,0.946790,0.950703,0.952489,0.926961,0.965986,0.966305,0.966437,0.966453,0.966257,0.966779,0.966505,0.966075,0.966222,0.937261,0.941534,0.950347,0.953994,0.955629,0.957926,0.962625,0.885562,0.965305,0.966048,0.966179,0.966336,0.965882,0.966411,0.966833,0.966441,0.965995,0.966642,0.937923,0.967226,0.967142,0.966868,0.967489,0.967881,0.968308,0.967403,0.967775,0.967905,0.944954,0.949302,0.956175,0.959027,0.959628,0.961932,0.961844,0.895853,0.963425,0.967246,0.966911,0.966061,1.000000,0.967926,0.966716,0.967397,0.967062,0.967203,0.945001,0.957911,0.959043,0.960867,0.961053,0.960881,0.961985,0.961179,0.960356,0.959344,0.951415,0.956284,0.956488,0.960153,0.962388,0.961101,0.960806,0.902757,0.964014,0.965135,0.965400,0.964684,0.966428,0.966433,0.962343,0.964441,0.960507,0.959595,0.947133,0.955120,0.958875,0.956647,0.959423,0.955444,0.961379,0.959250,0.957871,0.958088,0.952664,0.958904,0.960148,0.958035,0.962592,0.961805,0.964254,0.908123,0.964484,0.965353,0.964709,0.963848,0.965541,0.963293,0.961719,0.963423,0.960810,0.959405
allando_v_sin_a8_f3_v75,0.877950,0.955105,0.954747,0.955134,0.955648,0.955663,0.955584,0.955611,0.955611,0.955740,0.893343,0.902273,0.908118,0.913550,0.920545,0.927102,0.933490,0.842359,0.934615,0.934070,0.934902,0.939001,0.944093,0.952206,0.954918,0.953844,0.955626,0.955236,0.877558,0.954758,0.952437,0.949241,0.949175,0.948861,0.947994,0.948551,0.948857,0.949639,0.899238,0.909074,0.916533,0.920756,0.927225,0.932688,0.936919,0.842802,0.937995,0.937081,0.938785,0.942466,0.946766,0.949463,0.944745,0.957744,0.955078,0.955464,0.887912,0.960091,0.961965,0.958104,0.961315,0.958036,0.956471,0.956292,0.956976,0.956923,0.910890,0.914857,0.920171,0.923884,0.931063,0.934013,0.939229,0.853617,0.936813,0.938074,0.939204,0.934835,0.945942,0.949288,0.950880,0.947561,0.953321,0.955452,0.900591,0.954863,0.954937,0.956126,0.956594,0.955602,0.957302,0.956425,0.956649,0.955984,0.914167,0.917789,0.927173,0.929915,0.932830,0.936783,0.938115,0.859468,0.938626,0.934163,0.936944,0.934760,0.941445,0.946818,0.943637,0.945965,0.950153,0.951909,0.926357,0.966178,0.966511,0.966665,0.966614,0.966439,0.967026,0.966749,0.966323,0.966458,0.936824,0.940805,0.949529,0.953240,0.955000,0.957361,0.962283,0.884845,0.964981,0.965816,0.966030,0.966113,0.965717,0.966361,0.966836,0.966498,0.966065,0.966718,0.937429,0.967765,0.967744,0.967356,0.967943,0.968347,0.968805,0.967927,0.968321,0.968408,0.944385,0.948479,0.955430,0.958449,0.958975,0.961306,0.961377,0.895044,0.962996,0.966927,0.966747,0.965687,0.967926,1.000000,0.967165,0.967845,0.967576,0.967661,0.944486,0.957968,0.959122,0.960985,0.961328,0.961133,0.962256,0.961495,0.960750,0.959727,0.950813,0.956060,0.955846,0.959556,0.961860,0.960524,0.960343,0.901920,0.963530,0.964692,0.965051,0.963987,0.966129,0.966283,0.962636,0.964687,0.960471,0.959544,0.946347,0.954944,0.958707,0.956749,0.959420,0.955500,0.961450,0.959332,0.957984,0.958219,0.952054,0.958425,0.959758,0.957521,0.961985,0.961092,0.963655,0.907306,0.963968,0.964817,0.964282,0.963021,0.965101,0.962956,0.961807,0.963500,0.960657,0.959237
allando_v_sin_a8_f3_v80,0.878207,0.955219,0.954895,0.955433,0.955873,0.955930,0.955890,0.955926,0.955934,0.956067,0.893561,0.902280,0.907297,0.912388,0.918825,0.925243,0.931661,0.842310,0.932407,0.932217,0.933575,0.937807,0.942912,0.951265,0.954535,0.953881,0.955568,0.955307,0.877744,0.954963,0.952741,0.949677,0.949634,0.949339,0.948483,0.949043,0.949367,0.950177,0.899339,0.908971,0.915613,0.919541,0.925468,0.930931,0.934978,0.842792,0.935756,0.935098,0.937472,0.941157,0.945495,0.948479,0.943802,0.956956,0.954976,0.955648,0.888044,0.959102,0.961045,0.957677,0.960863,0.957958,0.956544,0.956415,0.957105,0.957080,0.910800,0.914573,0.919087,0.922583,0.929406,0.932305,0.937452,0.853395,0.934466,0.936150,0.937876,0.933602,0.944730,0.948241,0.949961,0.946590,0.952414,0.954502,0.900427,0.953775,0.953972,0.955434,0.955983,0.954715,0.956393,0.956102,0.956564,0.955842,0.913977,0.917470,0.926068,0.928579,0.931034,0.934927,0.936012,0.859376,0.936385,0.932144,0.935694,0.933548,0.940210,0.945745,0.942439,0.944908,0.949144,0.950868,0.926502,0.965197,0.965548,0.965746,0.965697,0.965539,0.966138,0.965901,0.965525,0.965655,0.936589,0.940422,0.948346,0.951936,0.953774,0.955795,0.960495,0.885224,0.963123,0.964027,0.964145,0.964275,0.963953,0.964812,0.965488,0.965364,0.965041,0.965696,0.937298,0.967407,0.967408,0.967107,0.967590,0.967928,0.968360,0.967598,0.967952,0.968042,0.943863,0.948005,0.954276,0.957293,0.957466,0.959831,0.959631,0.895435,0.961144,0.965263,0.965016,0.963900,0.966716,0.967165,1.000000,0.967196,0.967047,0.967240,0.944155,0.957223,0.958398,0.960248,0.960556,0.960462,0.961782,0.961149,0.960327,0.959267,0.950225,0.955643,0.955353,0.958614,0.960698,0.959141,0.958733,0.902162,0.961750,0.963083,0.963326,0.962273,0.964909,0.965497,0.961795,0.963800,0.959744,0.958734,0.945923,0.954010,0.957776,0.955789,0.958400,0.954762,0.960504,0.958772,0.957054,0.957410,0.951390,0.957570,0.959040,0.956752,0.960646,0.959491,0.962028,0.907421,0.962136,0.962990,0.962337,0.961121,0.963732,0.962090,0.960893,0.962567,0.959842,0.958330
allando_v_sin_a8_f3_v85,0.878493,0.956023,0.955713,0.956336,0.956752,0.956808,0.956762,0.956819,0.956841,0.956982,0.893138,0.902422,0.907715,0.912589,0.919282,0.925749,0.932323,0.842106,0.932998,0.932490,0.933883,0.938178,0.943465,0.951899,0.955471,0.954645,0.956418,0.956055,0.878044,0.955857,0.953611,0.950599,0.950582,0.950308,0.949462,0.950007,0.950329,0.951113,0.898862,0.909187,0.916062,0.919726,0.925899,0.931422,0.935636,0.842584,0.936296,0.935446,0.937796,0.941403,0.946112,0.949041,0.944380,0.957708,0.955782,0.956498,0.888318,0.960082,0.962013,0.958781,0.962019,0.958958,0.957598,0.957431,0.958094,0.958122,0.910431,0.914769,0.919472,0.922717,0.929791,0.932691,0.938020,0.853231,0.935031,0.936371,0.938231,0.933837,0.945268,0.948621,0.950563,0.947299,0.953461,0.955457,0.900830,0.954690,0.954917,0.956422,0.957023,0.955578,0.957404,0.956390,0.956844,0.956660,0.913640,0.917589,0.926322,0.928865,0.931392,0.935311,0.936565,0.859216,0.937107,0.932375,0.936067,0.933728,0.940818,0.946084,0.943318,0.945554,0.950095,0.951827,0.926490,0.965848,0.966204,0.966410,0.966322,0.966155,0.966795,0.966546,0.966192,0.966320,0.936557,0.940397,0.948449,0.952146,0.953905,0.956095,0.960957,0.884584,0.963600,0.964586,0.964757,0.964825,0.964539,0.965393,0.966116,0.966014,0.965663,0.966282,0.937452,0.968125,0.968145,0.967945,0.968439,0.968758,0.969192,0.968445,0.968803,0.968921,0.944322,0.948129,0.954379,0.957462,0.957617,0.960003,0.959888,0.894824,0.961532,0.965807,0.965655,0.964432,0.967397,0.967845,0.967196,1.000000,0.967803,0.968042,0.944284,0.958090,0.959304,0.961167,0.961497,0.961377,0.962706,0.962097,0.961271,0.960224,0.950639,0.955398,0.955502,0.958763,0.960923,0.959304,0.958989,0.901806,0.962243,0.963612,0.963942,0.962805,0.965123,0.965804,0.962107,0.964264,0.960259,0.959334,0.946089,0.955027,0.958696,0.956621,0.959288,0.955479,0.961664,0.959689,0.958078,0.958354,0.951699,0.957954,0.958988,0.956935,0.960880,0.959648,0.962211,0.907154,0.962501,0.963520,0.962908,0.961648,0.963930,0.962313,0.961164,0.962989,0.960278,0.958782
allando_v_sin_a8_f3_v90,0.879033,0.955986,0.955696,0.956266,0.956701,0.956740,0.956685,0.956728,0.956751,0.956894,0.894156,0.902790,0.908553,0.913886,0.920254,0.926462,0.931980,0.842956,0.932521,0.931828,0.933318,0.937869,0.943126,0.951695,0.955332,0.954650,0.956363,0.956069,0.878534,0.955863,0.953749,0.950768,0.950749,0.950449,0.949610,0.950167,0.950487,0.951267,0.899954,0.909675,0.917127,0.921128,0.926966,0.932290,0.935223,0.843463,0.935890,0.934838,0.937289,0.941151,0.945727,0.949023,0.944315,0.957354,0.955794,0.956517,0.888844,0.959743,0.961522,0.958169,0.961526,0.958799,0.957501,0.957361,0.958038,0.958041,0.911580,0.915560,0.920634,0.924219,0.931073,0.933581,0.937950,0.854302,0.934560,0.935876,0.937797,0.933665,0.944887,0.948641,0.950468,0.947187,0.953292,0.955354,0.901316,0.954556,0.954610,0.956264,0.956575,0.955341,0.956970,0.956631,0.957102,0.956328,0.915189,0.918432,0.927396,0.930108,0.932480,0.936304,0.936248,0.860194,0.936581,0.931737,0.935659,0.933608,0.940396,0.946056,0.942885,0.945588,0.950105,0.951701,0.927011,0.966009,0.966374,0.966568,0.966488,0.966326,0.966935,0.966707,0.966312,0.966447,0.937247,0.940770,0.948945,0.952863,0.954698,0.956922,0.961481,0.886014,0.963746,0.964314,0.964168,0.964182,0.963875,0.964967,0.965858,0.965924,0.965747,0.966449,0.937882,0.968231,0.968232,0.967940,0.968397,0.968705,0.969234,0.968473,0.968786,0.968772,0.944637,0.948339,0.954747,0.958026,0.958310,0.960734,0.960556,0.896464,0.961685,0.965684,0.965234,0.963875,0.967062,0.967576,0.967047,0.967803,1.000000,0.967900,0.944711,0.957516,0.958681,0.960550,0.960797,0.960706,0.962094,0.961336,0.960675,0.959495,0.950901,0.956104,0.955708,0.959144,0.961408,0.959969,0.959875,0.903422,0.962366,0.963515,0.963508,0.962101,0.964749,0.965310,0.961725,0.963916,0.959854,0.958837,0.946228,0.954512,0.957939,0.956217,0.958370,0.954875,0.960494,0.959144,0.957236,0.957777,0.952053,0.958093,0.959337,0.957072,0.961454,0.960284,0.962869,0.908638,0.962777,0.963495,0.962482,0.960937,0.963557,0.961800,0.960825,0.962750,0.959849,0.958377
allando_v_sin_a8_f3_v95,0.877262,0.956527,0.956123,0.956840,0.957139,0.957253,0.957294,0.957393,0.957430,0.957566,0.891793,0.901532,0.906161,0.911576,0.918144,0.924747,0.930796,0.839878,0.931560,0.931638,0.933877,0.938476,0.943670,0.952280,0.955426,0.955052,0.956676,0.956510,0.876820,0.956381,0.954021,0.951040,0.951032,0.950770,0.949946,0.950463,0.950764,0.951517,0.897680,0.908453,0.914761,0.918962,0.925004,0.930641,0.934182,0.840383,0.934972,0.934762,0.937808,0.941856,0.946276,0.949621,0.944845,0.958263,0.956163,0.956968,0.887386,0.960386,0.962287,0.958997,0.962234,0.959374,0.957928,0.957872,0.958570,0.958622,0.909268,0.914150,0.918318,0.922190,0.929200,0.932036,0.936743,0.851190,0.933703,0.935832,0.938276,0.934288,0.945472,0.949136,0.951094,0.947803,0.953748,0.955985,0.899851,0.955025,0.955277,0.956634,0.957310,0.955131,0.957139,0.956523,0.957241,0.957503,0.912723,0.917153,0.925384,0.928110,0.930770,0.934790,0.935196,0.857315,0.935931,0.931745,0.936092,0.934104,0.941024,0.946548,0.943285,0.946107,0.950595,0.952104,0.926314,0.965965,0.966346,0.966573,0.966573,0.966399,0.966978,0.966811,0.966437,0.966560,0.935660,0.940533,0.948187,0.951935,0.953937,0.956129,0.960743,0.883643,0.963308,0.964121,0.964192,0.964379,0.964074,0.965140,0.966031,0.966090,0.965859,0.966558,0.937469,0.968465,0.968421,0.968391,0.968902,0.969121,0.969555,0.968816,0.969123,0.969335,0.943643,0.948587,0.954284,0.957325,0.957485,0.960059,0.959944,0.894374,0.961449,0.965552,0.965199,0.964020,0.967203,0.967661,0.967240,0.968042,0.967900,1.000000,0.944319,0.958757,0.960001,0.961753,0.961952,0.961875,0.963185,0.962513,0.961530,0.960429,0.950331,0.955515,0.956075,0.958867,0.960771,0.959237,0.959061,0.901369,0.961957,0.963288,0.963479,0.962286,0.965160,0.966474,0.962792,0.964963,0.961022,0.959989,0.945925,0.955527,0.959266,0.957086,0.959528,0.955885,0.961343,0.959886,0.957738,0.958206,0.951798,0.957865,0.959278,0.957291,0.960767,0.959487,0.962218,0.906641,0.962314,0.963252,0.962406,0.961057,0.963893,0.962958,0.961807,0.963574,0.960770,0.959419
allando_v_sin_a8_f5_v10,0.923982,0.939176,0.938716,0.938073,0.938051,0.937860,0.937513,0.937287,0.937114,0.937118,0.928274,0.931254,0.934331,0.937489,0.940376,0.945164,0.946397,0.887367,0.946038,0.943381,0.941091,0.946088,0.949796,0.949513,0.942543,0.939903,0.940661,0.939731,0.925043,0.939416,0.938101,0.935927,0.935757,0.935290,0.934534,0.934739,0.934789,0.934996,0.933743,0.937156,0.942164,0.943109,0.946029,0.950308,0.948082,0.887813,0.948796,0.945566,0.944824,0.947988,0.951071,0.951755,0.941104,0.948661,0.941896,0.940516,0.932858,0.948330,0.950620,0.944366,0.944724,0.941317,0.939481,0.939107,0.939021,0.939138,0.941026,0.942271,0.944777,0.945045,0.949965,0.951570,0.951362,0.899646,0.946591,0.948100,0.946368,0.944984,0.953450,0.954475,0.951419,0.944036,0.946918,0.949549,0.940212,0.947429,0.946033,0.949313,0.948360,0.944205,0.944590,0.942891,0.945733,0.942556,0.944030,0.943116,0.947914,0.951621,0.949634,0.951826,0.947839,0.905417,0.947519,0.944527,0.945711,0.948257,0.949502,0.955355,0.944953,0.947821,0.949242,0.949193,0.953967,0.944024,0.944130,0.943166,0.942851,0.942302,0.942336,0.942054,0.941715,0.941820,0.952062,0.950689,0.949736,0.947676,0.946885,0.946783,0.947379,0.915088,0.947523,0.946251,0.943809,0.942578,0.941759,0.943173,0.944666,0.945079,0.944788,0.945306,0.961857,0.944262,0.944087,0.943545,0.943393,0.943411,0.943202,0.942915,0.942821,0.942735,0.958275,0.952913,0.953259,0.952791,0.948788,0.950653,0.949443,0.928084,0.948630,0.950104,0.947173,0.945546,0.945001,0.944486,0.944155,0.944284,0.944711,0.944319,1.000000,0.936593,0.937209,0.938576,0.936337,0.935862,0.937508,0.937340,0.935078,0.933169,0.962833,0.958880,0.955000,0.955025,0.955338,0.952388,0.950037,0.932705,0.950769,0.950988,0.948693,0.946351,0.948746,0.950114,0.948509,0.948814,0.943468,0.941203,0.965714,0.937054,0.939936,0.935785,0.936434,0.933039,0.935707,0.936310,0.932043,0.932133,0.961204,0.960827,0.957656,0.952097,0.953005,0.949722,0.952608,0.936093,0.951945,0.951552,0.948744,0.946975,0.950890,0.949222,0.950706,0.951053,0.945348,0.944705
allando_v_sin_a8_f5_v100,0.873495,0.947038,0.946372,0.946623,0.947323,0.947495,0.947565,0.947613,0.947640,0.947735,0.883359,0.892830,0.896298,0.902205,0.909637,0.916253,0.922966,0.833336,0.920488,0.921860,0.925610,0.932118,0.939007,0.947488,0.946624,0.945299,0.947724,0.947327,0.871807,0.947428,0.943364,0.939702,0.939698,0.939406,0.938665,0.938990,0.939206,0.939955,0.888948,0.899450,0.904476,0.909709,0.916542,0.921558,0.925951,0.833816,0.923688,0.925692,0.929039,0.936002,0.942583,0.948508,0.943577,0.956470,0.948468,0.947449,0.882567,0.957465,0.957634,0.953664,0.955375,0.951636,0.949133,0.949102,0.949560,0.949683,0.899764,0.904918,0.908424,0.913011,0.921718,0.921646,0.929025,0.842782,0.922753,0.924763,0.929177,0.927434,0.941118,0.944917,0.949339,0.951353,0.959523,0.961127,0.894254,0.951620,0.953698,0.949422,0.951883,0.949270,0.952078,0.950175,0.950421,0.951138,0.903475,0.908811,0.916369,0.917068,0.920931,0.924110,0.927880,0.848140,0.927620,0.919402,0.926383,0.927500,0.937822,0.940867,0.940383,0.950363,0.956863,0.956481,0.920923,0.957295,0.957422,0.957278,0.957586,0.957347,0.957377,0.957121,0.956971,0.957100,0.929551,0.933940,0.940218,0.944347,0.945681,0.948991,0.952881,0.873750,0.955790,0.957455,0.956500,0.956549,0.956414,0.957123,0.957981,0.958109,0.957648,0.958131,0.931568,0.957769,0.957699,0.957621,0.958326,0.958432,0.958878,0.957874,0.958179,0.958774,0.938090,0.941905,0.946361,0.948850,0.948077,0.952954,0.952001,0.883235,0.952582,0.958293,0.957406,0.955604,0.957911,0.957968,0.957223,0.958090,0.957516,0.958757,0.936593,1.000000,0.967641,0.965369,0.960973,0.960671,0.959110,0.957835,0.957284,0.956489,0.943370,0.948179,0.948949,0.951885,0.952574,0.949472,0.949626,0.889966,0.953671,0.956599,0.956517,0.955133,0.957435,0.960830,0.957848,0.960668,0.960500,0.960517,0.936686,0.967817,0.966642,0.955931,0.957096,0.952180,0.956841,0.956183,0.954457,0.957502,0.950353,0.950915,0.952352,0.950970,0.952501,0.950105,0.954164,0.894176,0.954536,0.957570,0.955466,0.954632,0.956430,0.958224,0.958451,0.960528,0.960907,0.961322
allando_v_sin_a8_f5_v105,0.871856,0.948137,0.947385,0.947679,0.948280,0.948491,0.948600,0.948660,0.948691,0.948813,0.884726,0.894056,0.897476,0.901914,0.910629,0.916653,0.923064,0.832862,0.921634,0.922901,0.927185,0.933545,0.940118,0.948163,0.947763,0.946477,0.948788,0.948446,0.870426,0.948574,0.944451,0.940786,0.940781,0.940489,0.939715,0.940108,0.940349,0.941138,0.890542,0.900408,0.905555,0.909346,0.917438,0.922371,0.926296,0.833311,0.924782,0.926570,0.930605,0.937097,0.943696,0.949380,0.942808,0.956100,0.949008,0.948478,0.881496,0.959058,0.959377,0.954907,0.956707,0.952826,0.950316,0.950268,0.950705,0.950901,0.901142,0.905500,0.909271,0.912460,0.922129,0.922865,0.929093,0.842421,0.924053,0.925200,0.930790,0.928285,0.942242,0.945329,0.948420,0.948832,0.961590,0.962976,0.892972,0.953729,0.955132,0.950788,0.951645,0.950600,0.952382,0.951415,0.951996,0.952501,0.904632,0.908977,0.917037,0.918109,0.921616,0.925159,0.927757,0.847877,0.929139,0.921097,0.928337,0.928050,0.938741,0.941289,0.939052,0.949040,0.958734,0.958219,0.920436,0.958519,0.958630,0.958499,0.958855,0.958650,0.958586,0.958375,0.958263,0.958375,0.930419,0.935026,0.941157,0.945388,0.946563,0.949843,0.953862,0.873961,0.956641,0.958214,0.957608,0.957791,0.957551,0.958274,0.959084,0.959236,0.958789,0.959302,0.931312,0.958969,0.958890,0.958801,0.959474,0.959679,0.960067,0.959051,0.959376,0.959958,0.938516,0.942780,0.947212,0.949492,0.949043,0.953422,0.952422,0.883567,0.953615,0.959122,0.958285,0.956614,0.959043,0.959122,0.958398,0.959304,0.958681,0.960001,0.937209,0.967641,1.000000,0.967759,0.963164,0.962769,0.960793,0.959064,0.958555,0.958013,0.944315,0.948935,0.949998,0.952814,0.953383,0.950728,0.950422,0.890191,0.954438,0.957395,0.957326,0.955764,0.958838,0.961908,0.958771,0.961446,0.958811,0.959707,0.937677,0.969444,0.970146,0.958089,0.959562,0.954079,0.958150,0.958018,0.955659,0.959021,0.950351,0.951653,0.953281,0.952175,0.953352,0.951181,0.955285,0.894540,0.955197,0.958432,0.956393,0.955163,0.957874,0.958824,0.959352,0.961202,0.959323,0.960727
allando_v_sin_a8_f5_v110,0.873339,0.950145,0.949447,0.949599,0.950269,0.950496,0.950537,0.950564,0.950589,0.950716,0.886734,0.895870,0.899138,0.904074,0.912015,0.918621,0.924064,0.834831,0.923672,0.924897,0.928351,0.935898,0.941262,0.949793,0.949633,0.948295,0.950628,0.950240,0.871715,0.950334,0.946488,0.942866,0.942801,0.942502,0.941713,0.942099,0.942379,0.943148,0.892096,0.902198,0.907245,0.911311,0.918862,0.923928,0.927003,0.835354,0.926661,0.927973,0.931799,0.939859,0.943957,0.949391,0.943920,0.956821,0.950498,0.950200,0.882401,0.964102,0.963979,0.958611,0.959392,0.955176,0.952604,0.952337,0.952894,0.952965,0.902776,0.907409,0.910784,0.914482,0.922849,0.924583,0.929840,0.844223,0.926593,0.927300,0.931836,0.931028,0.942718,0.947787,0.949009,0.948735,0.958334,0.961365,0.893916,0.958832,0.959870,0.954094,0.954753,0.953084,0.955586,0.954255,0.955053,0.955328,0.906443,0.910676,0.919269,0.919599,0.922782,0.927063,0.928572,0.849336,0.930037,0.922891,0.929295,0.929768,0.938913,0.943901,0.939787,0.949583,0.955827,0.956698,0.922008,0.960040,0.960213,0.960252,0.960522,0.960317,0.960434,0.960125,0.959984,0.960056,0.932419,0.936508,0.942877,0.946581,0.948020,0.951500,0.955353,0.876525,0.958071,0.959547,0.958951,0.959616,0.958823,0.959694,0.960503,0.960540,0.960097,0.960655,0.932621,0.960877,0.960839,0.960788,0.961390,0.961614,0.961992,0.960966,0.961343,0.961918,0.940471,0.944465,0.949480,0.951328,0.950729,0.954784,0.954065,0.885786,0.955224,0.961044,0.959606,0.957982,0.960867,0.960985,0.960248,0.961167,0.960550,0.961753,0.938576,0.965369,0.967759,1.000000,0.967421,0.967713,0.964742,0.962822,0.961400,0.960744,0.946948,0.950756,0.951959,0.954763,0.954957,0.952224,0.952843,0.892354,0.956093,0.959119,0.958663,0.956974,0.960310,0.963083,0.960234,0.962969,0.959982,0.960135,0.938656,0.965505,0.967422,0.965288,0.965171,0.959858,0.960859,0.963298,0.958613,0.961751,0.949760,0.953987,0.954794,0.953542,0.954889,0.952645,0.957767,0.896579,0.956689,0.959334,0.957547,0.956231,0.959217,0.960011,0.960275,0.962203,0.959605,0.961189
allando_v_sin_a8_f5_v115,0.870577,0.950508,0.949863,0.949931,0.950659,0.950866,0.950868,0.950916,0.950936,0.951075,0.884866,0.893970,0.898342,0.903171,0.910319,0.917837,0.924290,0.833054,0.924282,0.923756,0.926509,0.934506,0.939824,0.948398,0.949336,0.948357,0.950565,0.950330,0.868726,0.950301,0.946782,0.943277,0.943165,0.942861,0.942044,0.942472,0.942778,0.943606,0.889882,0.900647,0.906494,0.910186,0.917131,0.922714,0.927260,0.833599,0.927056,0.926059,0.930219,0.938479,0.942194,0.946030,0.942197,0.955208,0.950227,0.950217,0.879245,0.965622,0.965209,0.959120,0.959972,0.955470,0.952913,0.952694,0.953390,0.953387,0.901155,0.905868,0.909537,0.913320,0.920528,0.923599,0.929721,0.841814,0.927306,0.926011,0.930292,0.929649,0.940824,0.946496,0.947330,0.945464,0.952845,0.956070,0.891509,0.960474,0.960728,0.954589,0.954994,0.953341,0.956027,0.954776,0.954925,0.955597,0.904490,0.908699,0.918670,0.918536,0.921304,0.926217,0.928732,0.846930,0.928956,0.921432,0.927493,0.927717,0.936540,0.942758,0.940592,0.946240,0.950125,0.951913,0.919460,0.959879,0.960128,0.960369,0.960635,0.960496,0.960702,0.960384,0.960082,0.960156,0.930437,0.934440,0.941994,0.945648,0.946986,0.949952,0.954057,0.874559,0.957216,0.959172,0.959108,0.959761,0.958907,0.959755,0.960467,0.960269,0.959744,0.960344,0.930308,0.961319,0.961380,0.961231,0.961918,0.962117,0.962460,0.961480,0.961956,0.962534,0.938538,0.942865,0.948575,0.950744,0.950573,0.953495,0.952803,0.883416,0.954596,0.960787,0.959966,0.958000,0.961053,0.961328,0.960556,0.961497,0.960797,0.961952,0.936337,0.960973,0.963164,0.967421,1.000000,0.969632,0.966222,0.964032,0.962113,0.961728,0.945667,0.949374,0.950560,0.953510,0.954344,0.951729,0.952019,0.890196,0.955915,0.958741,0.959015,0.956738,0.959682,0.961815,0.959596,0.961907,0.959104,0.959004,0.936667,0.958591,0.962396,0.967741,0.968339,0.962139,0.963420,0.964855,0.960381,0.962008,0.945762,0.952633,0.953272,0.951729,0.954322,0.952553,0.957185,0.894713,0.955972,0.958181,0.957818,0.955612,0.958365,0.958594,0.958827,0.960506,0.958529,0.959146
allando_v_sin_a8_f5_v120,0.870354,0.950811,0.950227,0.950330,0.951064,0.951307,0.951318,0.951362,0.951397,0.951547,0.885478,0.894890,0.898458,0.903236,0.909863,0.916958,0.923148,0.831895,0.923232,0.924490,0.927185,0.934893,0.939460,0.948782,0.949716,0.948635,0.950902,0.950638,0.868577,0.950646,0.947162,0.943635,0.943510,0.943212,0.942426,0.942853,0.943195,0.944045,0.890597,0.901279,0.906630,0.910463,0.916745,0.921986,0.926027,0.832493,0.926247,0.926610,0.930683,0.939215,0.941482,0.946216,0.942548,0.955561,0.950470,0.950545,0.879347,0.966823,0.966696,0.961458,0.961047,0.956391,0.953736,0.953392,0.954162,0.954070,0.901707,0.906438,0.910007,0.913583,0.920139,0.922847,0.928553,0.840773,0.926189,0.926599,0.930510,0.930208,0.940203,0.946951,0.947090,0.945649,0.952495,0.956125,0.891157,0.961239,0.962318,0.956199,0.956353,0.954946,0.957934,0.956680,0.957153,0.957600,0.905161,0.909834,0.919312,0.918651,0.920733,0.925534,0.927514,0.846028,0.927722,0.922021,0.927764,0.928102,0.936042,0.943155,0.938308,0.946351,0.949422,0.951228,0.919000,0.959606,0.959917,0.960255,0.960570,0.960467,0.960703,0.960325,0.960042,0.960106,0.930781,0.934505,0.942134,0.945441,0.947116,0.949825,0.953733,0.874144,0.956769,0.958563,0.958228,0.959304,0.958323,0.959215,0.959942,0.959793,0.959360,0.960050,0.929777,0.961286,0.961327,0.961260,0.961938,0.962185,0.962538,0.961567,0.962022,0.962634,0.938673,0.942935,0.948865,0.950972,0.950554,0.953517,0.952526,0.883057,0.953936,0.960291,0.959025,0.957496,0.960881,0.961133,0.960462,0.961377,0.960706,0.961875,0.935862,0.960671,0.962769,0.967713,0.969632,1.000000,0.967841,0.965670,0.963400,0.962936,0.945486,0.949469,0.950855,0.953776,0.954501,0.951871,0.951785,0.889825,0.954906,0.958038,0.957781,0.956125,0.959984,0.962158,0.960056,0.962247,0.959340,0.958807,0.936194,0.958072,0.962066,0.968821,0.969149,0.964338,0.963130,0.966477,0.961134,0.963669,0.945047,0.952513,0.953224,0.951858,0.954430,0.952465,0.957131,0.894268,0.955236,0.957333,0.956456,0.955014,0.958385,0.958675,0.959124,0.960574,0.958623,0.959534
allando_v_sin_a8_f5_v125,0.872557,0.952246,0.951802,0.952156,0.952745,0.952922,0.952954,0.953019,0.953064,0.953210,0.888595,0.898092,0.901410,0.906260,0.912346,0.918574,0.925225,0.834011,0.925517,0.926680,0.928455,0.935432,0.940594,0.949666,0.951129,0.950345,0.952355,0.952165,0.870877,0.951941,0.948945,0.945657,0.945547,0.945252,0.944462,0.944920,0.945270,0.946132,0.893723,0.904752,0.909864,0.913579,0.918996,0.923820,0.928078,0.834608,0.928651,0.928862,0.932318,0.938870,0.942689,0.946682,0.943305,0.955992,0.951894,0.952234,0.881295,0.963301,0.964645,0.963900,0.963034,0.957995,0.955359,0.955092,0.955936,0.955784,0.904941,0.910305,0.913301,0.916589,0.922511,0.924948,0.930825,0.843231,0.927096,0.929431,0.932135,0.930843,0.941648,0.947035,0.948399,0.944973,0.951648,0.954601,0.893152,0.958238,0.958921,0.960720,0.959815,0.957661,0.960453,0.959657,0.960158,0.961262,0.908620,0.913841,0.921640,0.921960,0.923514,0.927745,0.929293,0.848596,0.928044,0.924861,0.929543,0.930616,0.937109,0.943825,0.939543,0.944469,0.948552,0.949820,0.920800,0.960538,0.960921,0.961279,0.961530,0.961424,0.961849,0.961514,0.961258,0.961354,0.933220,0.937076,0.944115,0.947102,0.948711,0.950743,0.954902,0.876145,0.957627,0.959144,0.958820,0.959411,0.958805,0.959868,0.960681,0.960606,0.960316,0.961059,0.931565,0.962753,0.962762,0.962770,0.963441,0.963689,0.964051,0.963171,0.963556,0.964090,0.940712,0.945379,0.950539,0.953178,0.952597,0.954963,0.954190,0.885368,0.955228,0.960821,0.960007,0.958573,0.961985,0.962256,0.961782,0.962706,0.962094,0.963185,0.937508,0.959110,0.960793,0.964742,0.966222,0.967841,1.000000,0.968126,0.965567,0.964886,0.946462,0.951780,0.953028,0.955445,0.956805,0.954248,0.953526,0.892179,0.956330,0.958833,0.958893,0.957100,0.961287,0.963338,0.961821,0.963258,0.960485,0.959294,0.938065,0.955679,0.959843,0.963870,0.965131,0.962592,0.965524,0.966579,0.963186,0.964464,0.945239,0.953942,0.955347,0.954173,0.956750,0.954508,0.957439,0.896838,0.956751,0.958271,0.957661,0.955873,0.959741,0.959832,0.960628,0.961489,0.959769,0.959428
allando_v_sin_a8_f5_v130,0.873111,0.951685,0.951359,0.951775,0.952377,0.952558,0.952563,0.952614,0.952656,0.952793,0.888381,0.898046,0.899625,0.904894,0.910496,0.917462,0.924640,0.834159,0.925343,0.925743,0.927974,0.934851,0.940600,0.949366,0.950714,0.949889,0.951950,0.951612,0.871369,0.951265,0.948374,0.945140,0.945053,0.944783,0.943960,0.944423,0.944816,0.945722,0.893158,0.904883,0.907927,0.912102,0.917137,0.922766,0.927322,0.834731,0.928379,0.927964,0.931620,0.937899,0.942586,0.946073,0.942093,0.955647,0.951407,0.951691,0.881309,0.960634,0.962782,0.963292,0.962318,0.957439,0.954809,0.954571,0.955447,0.955240,0.904410,0.910322,0.911290,0.915209,0.920872,0.923968,0.929932,0.843120,0.926374,0.929031,0.931545,0.930624,0.941947,0.946347,0.947962,0.944396,0.949174,0.952917,0.893280,0.954998,0.956326,0.958875,0.960683,0.957568,0.961116,0.959022,0.960150,0.961376,0.907539,0.913881,0.919790,0.920917,0.922020,0.926368,0.928402,0.848539,0.926753,0.924099,0.928918,0.931176,0.937111,0.943351,0.939414,0.943067,0.946648,0.948012,0.921132,0.959416,0.959815,0.960174,0.960402,0.960296,0.960810,0.960460,0.960290,0.960349,0.933308,0.937414,0.942946,0.945214,0.947128,0.948951,0.953366,0.876190,0.956447,0.958196,0.957940,0.958367,0.957912,0.958961,0.959796,0.959671,0.959263,0.959969,0.931817,0.962002,0.962030,0.962115,0.962726,0.962978,0.963283,0.962491,0.962867,0.963424,0.940942,0.945556,0.949860,0.951998,0.950813,0.953695,0.952943,0.885424,0.954232,0.959787,0.958917,0.957944,0.961179,0.961495,0.961149,0.962097,0.961336,0.962513,0.937340,0.957835,0.959064,0.962822,0.964032,0.965670,0.968126,1.000000,0.965707,0.965243,0.945646,0.951489,0.953127,0.954949,0.955812,0.953088,0.952188,0.891985,0.955467,0.957914,0.957922,0.956499,0.960303,0.963205,0.961732,0.963361,0.960658,0.959222,0.937476,0.953897,0.957954,0.960543,0.962516,0.960763,0.965676,0.965951,0.963720,0.964295,0.944560,0.953488,0.955046,0.954212,0.955282,0.952730,0.955678,0.896703,0.955701,0.957174,0.956499,0.955107,0.958772,0.959802,0.960426,0.961535,0.959751,0.959234
allando_v_sin_a8_f5_v135,0.869273,0.950373,0.950162,0.950522,0.951368,0.951506,0.951433,0.951473,0.951507,0.951654,0.886431,0.895929,0.897555,0.902097,0.909130,0.915114,0.923437,0.831621,0.922454,0.923828,0.927423,0.931936,0.937607,0.946938,0.949698,0.948620,0.950918,0.950365,0.867583,0.949946,0.947076,0.943837,0.943838,0.943553,0.942745,0.943231,0.943588,0.944616,0.891881,0.902868,0.906035,0.909501,0.915947,0.920611,0.926424,0.832163,0.925597,0.925519,0.931183,0.935172,0.940071,0.943785,0.938849,0.952933,0.950117,0.950399,0.877942,0.958090,0.959940,0.960694,0.960132,0.956137,0.953749,0.953599,0.954632,0.954304,0.903237,0.908373,0.909701,0.912382,0.919952,0.921896,0.929126,0.840649,0.923740,0.926134,0.931248,0.927043,0.938966,0.943036,0.944900,0.942787,0.948550,0.951340,0.890143,0.952275,0.953259,0.955519,0.957094,0.959075,0.961745,0.957770,0.957721,0.959373,0.906310,0.912526,0.918179,0.918175,0.921075,0.924357,0.927830,0.846184,0.925062,0.921628,0.928673,0.927510,0.934416,0.939686,0.936485,0.940430,0.945386,0.947887,0.918617,0.958704,0.959059,0.959424,0.959518,0.959447,0.960105,0.959719,0.959415,0.959456,0.934529,0.936150,0.941224,0.943762,0.945441,0.947762,0.952936,0.874728,0.955626,0.957338,0.956962,0.957289,0.957091,0.958001,0.958784,0.958709,0.958336,0.959040,0.929132,0.961185,0.961273,0.961168,0.961885,0.962075,0.962418,0.961666,0.961999,0.962504,0.941603,0.944545,0.948545,0.950742,0.949301,0.952367,0.952162,0.883825,0.952961,0.958587,0.957953,0.956498,0.960356,0.960750,0.960327,0.961271,0.960675,0.961530,0.935078,0.957284,0.958555,0.961400,0.962113,0.963400,0.965567,0.965707,1.000000,0.965771,0.943941,0.950683,0.952220,0.953856,0.954653,0.951365,0.951089,0.890451,0.954353,0.956735,0.956585,0.955187,0.959124,0.961402,0.959221,0.961166,0.958320,0.956684,0.935988,0.953364,0.957081,0.957724,0.959804,0.957882,0.963809,0.964338,0.965603,0.966165,0.943242,0.951852,0.954104,0.953313,0.953578,0.951161,0.954453,0.895201,0.954754,0.956074,0.955127,0.953715,0.957328,0.957723,0.957931,0.959663,0.958427,0.956337
allando_v_sin_a8_f5_v140,0.867184,0.949227,0.949047,0.949377,0.950308,0.950458,0.950349,0.950385,0.950413,0.950569,0.884809,0.894657,0.895843,0.900061,0.907211,0.913323,0.922429,0.829490,0.921516,0.922814,0.927075,0.930935,0.936539,0.945697,0.948623,0.947411,0.949797,0.949196,0.865562,0.948687,0.945751,0.942465,0.942478,0.942214,0.941386,0.941893,0.942259,0.943322,0.890281,0.901600,0.904128,0.907444,0.913991,0.918744,0.925576,0.829980,0.924550,0.924345,0.930832,0.934226,0.939155,0.942424,0.937612,0.951954,0.948933,0.949143,0.875868,0.957074,0.959002,0.959699,0.959063,0.955053,0.952644,0.952528,0.953604,0.953254,0.901745,0.906800,0.907669,0.910267,0.917835,0.920088,0.927871,0.838212,0.922788,0.924894,0.930879,0.925750,0.938085,0.941680,0.943774,0.941419,0.947381,0.950079,0.888227,0.951146,0.952251,0.954170,0.956244,0.959427,0.962033,0.957302,0.957224,0.958927,0.904340,0.910828,0.916359,0.916216,0.919254,0.922449,0.926682,0.843780,0.924139,0.920501,0.928229,0.925993,0.933552,0.938451,0.936227,0.939181,0.944169,0.946848,0.916877,0.957499,0.957818,0.958186,0.958260,0.958214,0.958905,0.958482,0.958173,0.958220,0.933532,0.934883,0.939683,0.942244,0.943895,0.945901,0.951255,0.872962,0.954252,0.956176,0.956004,0.956369,0.956221,0.957022,0.957731,0.957566,0.957120,0.957815,0.927198,0.959933,0.960047,0.959919,0.960669,0.960907,0.961190,0.960431,0.960802,0.961374,0.940328,0.943269,0.947107,0.949258,0.947913,0.950749,0.950408,0.881837,0.951675,0.957333,0.956860,0.955572,0.959344,0.959727,0.959267,0.960224,0.959495,0.960429,0.933169,0.956489,0.958013,0.960744,0.961728,0.962936,0.964886,0.965243,0.965771,1.000000,0.942094,0.949171,0.951031,0.952418,0.953171,0.949927,0.949167,0.888239,0.953062,0.955492,0.955529,0.954377,0.958274,0.960777,0.958226,0.960091,0.957317,0.956139,0.934449,0.952293,0.956692,0.956704,0.959619,0.957327,0.963968,0.963992,0.966804,0.966899,0.941438,0.950091,0.952644,0.952068,0.951903,0.949751,0.952792,0.893073,0.953215,0.954735,0.954031,0.952781,0.956469,0.957145,0.956792,0.958393,0.957463,0.955511
allando_v_sin_a8_f5_v15,0.915699,0.942830,0.942344,0.941769,0.941935,0.941814,0.941497,0.941332,0.941181,0.941229,0.924081,0.930090,0.932323,0.935620,0.939283,0.943613,0.946554,0.881139,0.943566,0.942669,0.940496,0.943278,0.947004,0.949642,0.944992,0.942675,0.943899,0.943201,0.916257,0.942879,0.941202,0.938773,0.938600,0.938125,0.937351,0.937591,0.937618,0.938000,0.930151,0.935951,0.939995,0.941496,0.945042,0.948117,0.948544,0.881597,0.946090,0.944382,0.944569,0.946402,0.948583,0.950747,0.943291,0.951314,0.944977,0.943678,0.925439,0.955149,0.955605,0.951466,0.950847,0.946388,0.944152,0.943690,0.943772,0.943709,0.938532,0.941026,0.942543,0.943194,0.948633,0.948700,0.951528,0.893189,0.944959,0.945852,0.945855,0.939520,0.949653,0.952772,0.952641,0.946432,0.950393,0.952899,0.934091,0.953501,0.952469,0.953747,0.953919,0.950354,0.950984,0.949037,0.950139,0.949067,0.941390,0.942250,0.947272,0.947764,0.948742,0.949837,0.948346,0.898704,0.947590,0.941733,0.944494,0.941074,0.945469,0.952890,0.946632,0.949925,0.951516,0.952601,0.948736,0.950352,0.950381,0.949626,0.949450,0.948980,0.949011,0.948753,0.948389,0.948505,0.953959,0.952909,0.953480,0.952426,0.951373,0.952530,0.953394,0.911338,0.953716,0.952847,0.950400,0.949350,0.948370,0.949592,0.950839,0.951145,0.950965,0.951403,0.956658,0.950516,0.950346,0.949844,0.949800,0.949849,0.949853,0.949362,0.949304,0.949197,0.960614,0.956920,0.957804,0.957636,0.954216,0.956018,0.954711,0.922352,0.953702,0.956225,0.953241,0.950721,0.951415,0.950813,0.950225,0.950639,0.950901,0.950331,0.962833,0.943370,0.944315,0.946948,0.945667,0.945486,0.946462,0.945646,0.943941,0.942094,1.000000,0.962605,0.959988,0.959909,0.959598,0.955717,0.954717,0.928083,0.955756,0.956456,0.954198,0.951536,0.953652,0.953646,0.948606,0.950488,0.947900,0.945915,0.963475,0.943050,0.946387,0.945323,0.945660,0.942008,0.945138,0.946574,0.941722,0.942017,0.962328,0.964935,0.962231,0.957321,0.957848,0.954574,0.957945,0.931728,0.956643,0.956543,0.953840,0.951825,0.955069,0.952564,0.950398,0.952423,0.949978,0.947964
allando_v_sin_a8_f5_v20,0.904278,0.946010,0.945576,0.944896,0.945397,0.945295,0.945041,0.944813,0.944606,0.944582,0.921980,0.925390,0.925696,0.930039,0.935667,0.940129,0.944020,0.871832,0.941568,0.940336,0.940181,0.943155,0.947837,0.951377,0.947565,0.945809,0.946790,0.946651,0.904071,0.945744,0.943971,0.941026,0.940808,0.940241,0.939297,0.939658,0.939731,0.940284,0.928217,0.931762,0.933912,0.936554,0.941841,0.945097,0.946241,0.872348,0.944425,0.941907,0.944141,0.946243,0.949758,0.951789,0.944271,0.953104,0.947733,0.946804,0.913798,0.955224,0.956967,0.955341,0.953962,0.949790,0.947470,0.947061,0.947448,0.947135,0.938145,0.937719,0.937312,0.939028,0.945411,0.945930,0.949997,0.883454,0.942688,0.943288,0.945052,0.939656,0.950099,0.952801,0.952665,0.947022,0.951033,0.953232,0.924112,0.953135,0.952197,0.955312,0.955742,0.956341,0.956002,0.958596,0.958931,0.956381,0.941085,0.940160,0.943126,0.944063,0.945503,0.947256,0.946931,0.888949,0.944345,0.939060,0.943535,0.941958,0.945896,0.951964,0.945831,0.949013,0.951480,0.952606,0.944289,0.955027,0.955008,0.954457,0.954439,0.954091,0.954219,0.953880,0.953585,0.953706,0.955696,0.955376,0.954744,0.954115,0.953326,0.954651,0.956834,0.906955,0.957878,0.957597,0.955502,0.954446,0.953782,0.954833,0.955757,0.955824,0.955570,0.955971,0.952554,0.955917,0.955858,0.954989,0.954944,0.955051,0.955220,0.954599,0.954563,0.954593,0.959640,0.960099,0.960558,0.960140,0.956873,0.959154,0.958287,0.917048,0.957006,0.960071,0.957812,0.955173,0.956284,0.956060,0.955643,0.955398,0.956104,0.955515,0.958880,0.948179,0.948935,0.950756,0.949374,0.949469,0.951780,0.951489,0.950683,0.949171,0.962605,1.000000,0.963859,0.963652,0.962706,0.958422,0.957625,0.922206,0.959193,0.960008,0.958221,0.955374,0.958405,0.958346,0.954514,0.955586,0.951999,0.950183,0.959439,0.946215,0.949334,0.946689,0.947800,0.945498,0.950765,0.950912,0.949539,0.949519,0.960899,0.965108,0.967579,0.961764,0.960249,0.957312,0.960487,0.926227,0.959973,0.959583,0.957498,0.955112,0.959138,0.956672,0.955639,0.956937,0.954170,0.951574
allando_v_sin_a8_f5_v25,0.899531,0.945891,0.945306,0.945358,0.945218,0.945345,0.945343,0.945446,0.945473,0.945659,0.912977,0.924667,0.921738,0.926908,0.932487,0.936543,0.941684,0.865032,0.939007,0.938749,0.940026,0.941419,0.945662,0.949841,0.946661,0.945511,0.946399,0.946133,0.899697,0.945331,0.943211,0.940671,0.940597,0.940304,0.939676,0.940051,0.940143,0.940821,0.919127,0.931179,0.929664,0.933630,0.938797,0.941374,0.944362,0.865376,0.941924,0.940172,0.943919,0.945029,0.947487,0.949978,0.942611,0.953244,0.946886,0.946208,0.909499,0.955371,0.956297,0.955523,0.953962,0.949886,0.947243,0.947234,0.947682,0.947461,0.929050,0.937019,0.933241,0.936087,0.942502,0.942249,0.947168,0.876910,0.940622,0.941677,0.944860,0.937129,0.948074,0.951105,0.951874,0.946243,0.949708,0.952624,0.919917,0.952192,0.951971,0.954238,0.956184,0.954321,0.956176,0.954170,0.954935,0.956562,0.931677,0.939882,0.940547,0.940245,0.943396,0.943785,0.944508,0.882083,0.943064,0.937389,0.943309,0.939166,0.943540,0.950667,0.944812,0.948057,0.949920,0.951466,0.940148,0.954834,0.954850,0.954474,0.955290,0.954950,0.954512,0.954955,0.954561,0.954554,0.950266,0.957299,0.954575,0.952868,0.952599,0.954086,0.956098,0.901597,0.957206,0.957137,0.955276,0.954619,0.953945,0.955080,0.956018,0.956127,0.955992,0.956535,0.948575,0.955906,0.955578,0.955782,0.956060,0.956197,0.956281,0.955753,0.955659,0.955687,0.956368,0.963127,0.961415,0.959452,0.956027,0.958876,0.958162,0.911891,0.957288,0.960235,0.957302,0.955201,0.956488,0.955846,0.955353,0.955502,0.955708,0.956075,0.955000,0.948949,0.949998,0.951959,0.950560,0.950855,0.953028,0.953127,0.952220,0.951031,0.959988,0.963859,1.000000,0.964959,0.962205,0.957902,0.957455,0.917320,0.959145,0.960176,0.957944,0.955567,0.958439,0.958688,0.953833,0.955530,0.953269,0.951170,0.956571,0.946423,0.950409,0.947324,0.948943,0.946535,0.951651,0.952266,0.950902,0.950910,0.958644,0.963728,0.965495,0.964230,0.960228,0.956683,0.960577,0.921405,0.959934,0.959640,0.957094,0.955261,0.958928,0.957180,0.954717,0.956332,0.955150,0.952143
allando_v_sin_a8_f5_v30,0.898578,0.948219,0.947684,0.947543,0.947665,0.947689,0.947558,0.947555,0.947533,0.947695,0.911868,0.924204,0.925147,0.930624,0.935800,0.939878,0.943841,0.864841,0.942313,0.941132,0.940004,0.943235,0.947317,0.951783,0.949567,0.947922,0.949010,0.948592,0.898590,0.947802,0.945811,0.943009,0.942884,0.942491,0.941748,0.942167,0.942305,0.943041,0.917869,0.930968,0.933290,0.937384,0.942100,0.944884,0.946512,0.865247,0.945544,0.942960,0.943992,0.947050,0.949351,0.952630,0.944859,0.954821,0.949340,0.948687,0.907745,0.957790,0.958414,0.956255,0.955810,0.951970,0.949556,0.949434,0.949801,0.949716,0.928282,0.937651,0.937365,0.940313,0.946052,0.945762,0.949877,0.876793,0.944186,0.944169,0.944920,0.939369,0.949827,0.953518,0.953152,0.948781,0.952653,0.955273,0.918801,0.954838,0.954717,0.956479,0.957167,0.955475,0.957251,0.955597,0.955869,0.956143,0.931889,0.940717,0.944593,0.944539,0.946153,0.947389,0.947451,0.881476,0.945505,0.940193,0.943458,0.941118,0.945699,0.952616,0.945894,0.950473,0.952400,0.953986,0.939201,0.958738,0.958806,0.958457,0.959347,0.959051,0.958411,0.958533,0.958360,0.958633,0.949182,0.955236,0.957891,0.957159,0.956814,0.958140,0.960112,0.900723,0.961197,0.961022,0.958921,0.958463,0.957770,0.958838,0.959654,0.959641,0.959573,0.960265,0.948153,0.959207,0.958863,0.958573,0.958902,0.959304,0.959838,0.958710,0.958843,0.958597,0.955429,0.959887,0.965332,0.962874,0.960485,0.962961,0.961653,0.910917,0.960582,0.964201,0.961351,0.959307,0.960153,0.959556,0.958614,0.958763,0.959144,0.958867,0.955025,0.951885,0.952814,0.954763,0.953510,0.953776,0.955445,0.954949,0.953856,0.952418,0.959909,0.963652,0.964959,1.000000,0.966053,0.962353,0.961472,0.916582,0.962915,0.964299,0.962027,0.959616,0.962200,0.961441,0.957289,0.958854,0.955321,0.953496,0.956493,0.950100,0.953198,0.951046,0.952175,0.949651,0.953870,0.954972,0.952324,0.953630,0.959032,0.964196,0.965636,0.964493,0.965175,0.961903,0.965017,0.920805,0.964041,0.964343,0.961333,0.959591,0.962662,0.959694,0.958186,0.959801,0.957058,0.955019
allando_v_sin_a8_f5_v35,0.899775,0.950157,0.949668,0.949469,0.949732,0.949641,0.949434,0.949424,0.949381,0.949487,0.912070,0.920686,0.930325,0.934946,0.937265,0.940700,0.945115,0.865022,0.944571,0.942517,0.941663,0.944806,0.948950,0.953593,0.951714,0.949783,0.950977,0.950527,0.899884,0.949860,0.948065,0.945341,0.945192,0.944797,0.944053,0.944420,0.944554,0.945070,0.918296,0.927693,0.938911,0.941922,0.943116,0.945823,0.947836,0.865337,0.948033,0.945077,0.946009,0.948371,0.951364,0.953946,0.947982,0.956741,0.951578,0.950803,0.909592,0.959008,0.959750,0.956543,0.957319,0.953531,0.951511,0.951255,0.951622,0.951578,0.929012,0.934465,0.943276,0.944900,0.947235,0.947094,0.951474,0.877093,0.946203,0.946739,0.946844,0.941590,0.951786,0.955728,0.955437,0.950831,0.955045,0.956844,0.920888,0.956181,0.956013,0.959772,0.958697,0.957347,0.957896,0.957162,0.957087,0.955643,0.933208,0.937570,0.948676,0.949657,0.947835,0.948960,0.948680,0.882473,0.947071,0.942598,0.945261,0.943415,0.947217,0.954875,0.949279,0.951480,0.953820,0.955380,0.939315,0.961216,0.961491,0.961123,0.961554,0.961222,0.961114,0.960854,0.960457,0.960699,0.948382,0.951128,0.959510,0.961727,0.961026,0.960390,0.961761,0.900348,0.962856,0.962628,0.961354,0.960646,0.959962,0.960866,0.961642,0.961616,0.961683,0.962404,0.948920,0.961386,0.961010,0.960535,0.961052,0.961331,0.961785,0.960872,0.960987,0.960716,0.954376,0.956698,0.962981,0.966421,0.965186,0.966123,0.963186,0.911116,0.962135,0.965259,0.963836,0.961683,0.962388,0.961860,0.960698,0.960923,0.961408,0.960771,0.955338,0.952574,0.953383,0.954957,0.954344,0.954501,0.956805,0.955812,0.954653,0.953171,0.959598,0.962706,0.962205,0.966053,1.000000,0.967055,0.963384,0.917121,0.964354,0.965175,0.963753,0.961443,0.964390,0.963058,0.960341,0.961537,0.957944,0.956159,0.956344,0.951238,0.954376,0.952209,0.953596,0.951368,0.955332,0.955138,0.952996,0.953697,0.959325,0.963791,0.964517,0.961692,0.969139,0.967013,0.967326,0.921707,0.965493,0.965303,0.963194,0.961321,0.964928,0.960946,0.960853,0.962310,0.959643,0.957633
allando_v_sin_a8_f5_v40,0.896384,0.948467,0.947944,0.947810,0.947979,0.947889,0.947692,0.947703,0.947679,0.947786,0.909409,0.916795,0.928011,0.934209,0.935808,0.939787,0.942273,0.861019,0.944800,0.942465,0.940560,0.944178,0.947645,0.951950,0.950318,0.948309,0.949312,0.948801,0.896553,0.948129,0.946476,0.943754,0.943611,0.943216,0.942431,0.942869,0.943069,0.943475,0.915183,0.923377,0.936442,0.941128,0.941863,0.945143,0.945035,0.861364,0.948300,0.945781,0.944747,0.947525,0.949834,0.952223,0.945100,0.954460,0.949611,0.949078,0.905785,0.956467,0.957717,0.953123,0.954935,0.951251,0.949419,0.949112,0.949462,0.949532,0.925439,0.929777,0.940488,0.944417,0.946194,0.946843,0.948584,0.873443,0.946282,0.947516,0.945626,0.941433,0.950722,0.954074,0.952540,0.947325,0.952161,0.954383,0.916798,0.953957,0.953429,0.957888,0.955412,0.953348,0.953810,0.953316,0.954660,0.952177,0.929645,0.932397,0.945553,0.951119,0.946971,0.948459,0.945572,0.878801,0.945896,0.944186,0.944177,0.942875,0.945954,0.953406,0.945533,0.948183,0.951231,0.952472,0.935304,0.960198,0.960556,0.960245,0.960568,0.960229,0.960207,0.959964,0.959573,0.959776,0.943318,0.946603,0.956911,0.960595,0.961354,0.960109,0.961054,0.897094,0.961861,0.960963,0.960076,0.959477,0.958574,0.959600,0.960378,0.960378,0.960515,0.961382,0.945362,0.959912,0.959420,0.958982,0.959560,0.959984,0.960477,0.959513,0.959656,0.959291,0.949326,0.951951,0.959515,0.963767,0.965278,0.965236,0.962113,0.908441,0.961693,0.963551,0.961902,0.960974,0.961101,0.960524,0.959141,0.959304,0.959969,0.959237,0.952388,0.949472,0.950728,0.952224,0.951729,0.951871,0.954248,0.953088,0.951365,0.949927,0.955717,0.958422,0.957902,0.962353,0.967055,1.000000,0.963467,0.914111,0.963162,0.963359,0.961935,0.960033,0.963368,0.961810,0.959547,0.960564,0.954880,0.953707,0.953232,0.948948,0.952738,0.950252,0.951894,0.949646,0.952517,0.952367,0.948918,0.949960,0.955222,0.960084,0.960649,0.957814,0.967909,0.967564,0.966689,0.918779,0.964271,0.963878,0.961669,0.959899,0.964003,0.959377,0.959928,0.961097,0.956351,0.955940
allando_v_sin_a8_f5_v45,0.892547,0.947136,0.946581,0.946463,0.946677,0.946544,0.946377,0.946378,0.946365,0.946501,0.904920,0.913336,0.921063,0.930253,0.937636,0.941994,0.940956,0.856905,0.941347,0.940686,0.937390,0.941830,0.945454,0.950159,0.948737,0.946817,0.948003,0.947449,0.892755,0.946832,0.945057,0.942131,0.942041,0.941603,0.940835,0.941312,0.941468,0.942017,0.911075,0.920255,0.930307,0.937282,0.944586,0.947329,0.943729,0.857342,0.944627,0.944030,0.941594,0.945307,0.947419,0.950207,0.944195,0.952900,0.948270,0.947765,0.902324,0.956427,0.957136,0.952637,0.954142,0.950407,0.948413,0.948141,0.948503,0.948554,0.921727,0.927694,0.934323,0.940407,0.949014,0.948854,0.947868,0.870671,0.943732,0.945520,0.942742,0.938923,0.947727,0.951437,0.951731,0.946104,0.950597,0.953340,0.913910,0.955070,0.952711,0.955381,0.954396,0.951585,0.953088,0.951495,0.952398,0.952109,0.927629,0.930268,0.940369,0.944691,0.949456,0.950605,0.944664,0.875397,0.944740,0.941330,0.941197,0.940206,0.943166,0.950225,0.943155,0.947350,0.951217,0.951666,0.933233,0.960758,0.961061,0.960788,0.960911,0.960558,0.960708,0.960735,0.960183,0.960280,0.941684,0.945795,0.953417,0.956071,0.957425,0.961934,0.964523,0.894593,0.964204,0.962214,0.960044,0.959433,0.958387,0.959685,0.960723,0.960916,0.961051,0.961869,0.942714,0.959675,0.959333,0.958948,0.959380,0.959841,0.960500,0.959516,0.959561,0.959114,0.948396,0.951431,0.958450,0.959914,0.960545,0.963717,0.965520,0.906265,0.964431,0.964811,0.961816,0.959683,0.960806,0.960343,0.958733,0.958989,0.959875,0.959061,0.950037,0.949626,0.950422,0.952843,0.952019,0.951785,0.953526,0.952188,0.951089,0.949167,0.954717,0.957625,0.957455,0.961472,0.963384,0.963467,1.000000,0.912641,0.965607,0.964705,0.962658,0.959035,0.961812,0.960237,0.956640,0.958345,0.954079,0.952142,0.950743,0.949113,0.951893,0.952063,0.951467,0.948805,0.951505,0.952918,0.948931,0.949739,0.954178,0.959288,0.959916,0.957405,0.963315,0.962607,0.967246,0.916910,0.966472,0.965402,0.962621,0.958962,0.962260,0.958171,0.957313,0.959161,0.955534,0.954144
allando_v_sin_a8_f5_v5,0.909230,0.900608,0.900636,0.899417,0.899098,0.898763,0.898336,0.898153,0.897983,0.898037,0.910047,0.914093,0.916899,0.919447,0.917910,0.921203,0.920519,0.913825,0.916665,0.913564,0.912047,0.912172,0.913439,0.910218,0.904123,0.902041,0.902142,0.901226,0.909753,0.901381,0.902880,0.902793,0.902577,0.902017,0.901357,0.901537,0.901368,0.901071,0.915716,0.920573,0.924290,0.923167,0.922880,0.926139,0.921841,0.914098,0.918813,0.915348,0.915267,0.913645,0.914289,0.913985,0.902708,0.906357,0.903779,0.902395,0.916776,0.907317,0.908331,0.903932,0.903862,0.902023,0.901560,0.901153,0.900239,0.900395,0.923570,0.925485,0.925324,0.923683,0.926453,0.926884,0.924890,0.921258,0.917380,0.917687,0.917711,0.910193,0.915873,0.916019,0.914172,0.905395,0.908138,0.909201,0.924451,0.908487,0.906398,0.910738,0.910051,0.906100,0.905003,0.903792,0.906807,0.904229,0.925729,0.923633,0.925640,0.927328,0.925906,0.926125,0.919841,0.926665,0.919690,0.914223,0.917780,0.912982,0.911985,0.918336,0.910889,0.911950,0.911842,0.912188,0.927699,0.902734,0.902827,0.902314,0.902067,0.901559,0.901370,0.901368,0.901124,0.901241,0.923953,0.917544,0.914801,0.912385,0.911123,0.910657,0.908919,0.941560,0.907851,0.905951,0.903646,0.901345,0.900126,0.901574,0.903101,0.903794,0.903502,0.903662,0.929112,0.902621,0.902612,0.902212,0.901452,0.901655,0.901239,0.901595,0.901402,0.900249,0.924721,0.917146,0.915886,0.915104,0.910830,0.912584,0.910435,0.952945,0.908912,0.909833,0.906024,0.904492,0.902757,0.901920,0.902162,0.901806,0.903422,0.901369,0.932705,0.889966,0.890191,0.892354,0.890196,0.889825,0.892179,0.891985,0.890451,0.888239,0.928083,0.922206,0.917320,0.916582,0.917121,0.914111,0.912641,1.000000,0.912154,0.911619,0.907801,0.905740,0.906856,0.904321,0.898008,0.899610,0.895979,0.894292,0.932863,0.891778,0.893861,0.891467,0.891402,0.889317,0.893631,0.894626,0.889911,0.889176,0.924881,0.923227,0.919520,0.914091,0.914163,0.912142,0.914889,0.953815,0.913472,0.912022,0.908775,0.906724,0.910377,0.906042,0.902151,0.904336,0.899744,0.897882
allando_v_sin_a8_f5_v50,0.892709,0.949919,0.949386,0.949235,0.949521,0.949377,0.949201,0.949215,0.949177,0.949299,0.904680,0.913951,0.920856,0.928587,0.936864,0.942935,0.945612,0.858479,0.945207,0.942237,0.939594,0.943167,0.948256,0.952580,0.951340,0.949439,0.950629,0.950175,0.893108,0.949497,0.947513,0.944528,0.944440,0.944060,0.943253,0.943698,0.943803,0.944363,0.911045,0.921560,0.929758,0.935451,0.943709,0.947990,0.948852,0.858753,0.948260,0.945375,0.943864,0.946452,0.950978,0.952264,0.946496,0.956626,0.951298,0.950472,0.902420,0.958479,0.959681,0.955466,0.957408,0.953285,0.951205,0.951092,0.951373,0.951490,0.922910,0.928625,0.933656,0.938696,0.947518,0.949221,0.951924,0.871007,0.947657,0.946482,0.944983,0.939684,0.950821,0.953027,0.954750,0.949372,0.953440,0.955692,0.915369,0.956196,0.954757,0.956587,0.957299,0.954879,0.956278,0.954586,0.954562,0.954914,0.927147,0.930919,0.939995,0.943419,0.948540,0.950674,0.949676,0.876042,0.948868,0.942262,0.943156,0.940992,0.946577,0.951775,0.950094,0.950114,0.953639,0.954478,0.933951,0.962885,0.963103,0.962817,0.962921,0.962569,0.962797,0.962755,0.962242,0.962383,0.942528,0.947218,0.953563,0.956105,0.956669,0.960350,0.964453,0.894183,0.966205,0.965627,0.964278,0.963437,0.962731,0.963509,0.964203,0.963910,0.963457,0.964080,0.943774,0.962123,0.961968,0.961520,0.962029,0.962473,0.962939,0.961957,0.962192,0.961990,0.949538,0.953515,0.959381,0.960304,0.960507,0.963532,0.965045,0.905404,0.966342,0.967902,0.966216,0.963654,0.964014,0.963530,0.961750,0.962243,0.962366,0.961957,0.950769,0.953671,0.954438,0.956093,0.955915,0.954906,0.956330,0.955467,0.954353,0.953062,0.955756,0.959193,0.959145,0.962915,0.964354,0.963162,0.965607,0.912154,1.000000,0.968026,0.967135,0.963728,0.964425,0.963291,0.958855,0.960893,0.957556,0.956620,0.952636,0.952498,0.955867,0.953341,0.955321,0.950838,0.958352,0.955224,0.954322,0.953264,0.955805,0.960721,0.961808,0.959854,0.963657,0.963248,0.967042,0.917000,0.968739,0.968555,0.967065,0.963667,0.965064,0.961525,0.959773,0.961799,0.959354,0.957554
allando_v_sin_a8_f5_v55,0.892030,0.951261,0.950726,0.950599,0.950963,0.950894,0.950718,0.950722,0.950683,0.950802,0.904341,0.913885,0.920462,0.927298,0.934917,0.941253,0.945104,0.858010,0.944326,0.941680,0.939840,0.943814,0.948622,0.953364,0.952421,0.950622,0.951966,0.951517,0.892113,0.950866,0.948666,0.945605,0.945507,0.945150,0.944345,0.944762,0.944882,0.945495,0.910667,0.921246,0.929025,0.934150,0.941681,0.946201,0.948245,0.858300,0.947400,0.944706,0.943995,0.947459,0.951264,0.953392,0.947553,0.957820,0.952438,0.951744,0.901640,0.960445,0.961348,0.957179,0.958752,0.954680,0.952568,0.952420,0.952730,0.952849,0.922251,0.927986,0.932925,0.937426,0.945496,0.947290,0.951433,0.869867,0.946989,0.945496,0.944901,0.940134,0.951041,0.953860,0.955408,0.951047,0.955302,0.957499,0.914223,0.957604,0.956859,0.957508,0.958211,0.956113,0.957543,0.956149,0.956011,0.956298,0.926111,0.930507,0.939881,0.942220,0.946150,0.948595,0.949311,0.874926,0.948437,0.941336,0.943133,0.941039,0.946932,0.952444,0.949592,0.952096,0.955070,0.956182,0.934509,0.963732,0.963874,0.963646,0.963905,0.963601,0.963626,0.963574,0.963219,0.963374,0.943542,0.948167,0.954434,0.956585,0.957023,0.959995,0.963835,0.894467,0.966191,0.966685,0.965430,0.964676,0.963993,0.964697,0.965305,0.964978,0.964411,0.964897,0.944162,0.963346,0.963242,0.962802,0.963307,0.963733,0.964125,0.963128,0.963416,0.963318,0.950414,0.954417,0.960487,0.961057,0.960788,0.963819,0.964451,0.905102,0.965662,0.969264,0.967139,0.964728,0.965135,0.964692,0.963083,0.963612,0.963515,0.963288,0.950988,0.956599,0.957395,0.959119,0.958741,0.958038,0.958833,0.957914,0.956735,0.955492,0.956456,0.960008,0.960176,0.964299,0.965175,0.963359,0.964705,0.911619,0.968026,1.000000,0.968052,0.964908,0.965848,0.964715,0.960338,0.962325,0.959290,0.958414,0.952887,0.955425,0.958379,0.956012,0.957867,0.953436,0.960111,0.957868,0.956297,0.956178,0.956745,0.961577,0.962762,0.961025,0.964603,0.963534,0.967253,0.916277,0.968335,0.969773,0.967658,0.964801,0.966374,0.963032,0.961404,0.963287,0.961093,0.959583
allando_v_sin_a8_f5_v60,0.888832,0.951362,0.950794,0.950712,0.951137,0.951031,0.950861,0.950888,0.950833,0.950927,0.900743,0.910555,0.917289,0.923889,0.931009,0.938358,0.943901,0.854718,0.943745,0.939921,0.938304,0.942265,0.947901,0.952625,0.952226,0.950527,0.951880,0.951568,0.888740,0.950806,0.948523,0.945420,0.945304,0.944951,0.944102,0.944544,0.944632,0.945237,0.906908,0.918115,0.925890,0.930667,0.937703,0.943061,0.947226,0.854980,0.946738,0.943219,0.942689,0.945609,0.950620,0.951734,0.947802,0.957776,0.952399,0.951753,0.898432,0.959293,0.960472,0.956001,0.958620,0.954399,0.952372,0.952291,0.952622,0.952785,0.918935,0.924800,0.929443,0.934012,0.941540,0.944321,0.950191,0.865847,0.946558,0.944144,0.943575,0.938581,0.950089,0.952441,0.955911,0.950115,0.954582,0.956155,0.911470,0.957085,0.955361,0.956460,0.957655,0.955220,0.956605,0.955287,0.954705,0.955583,0.922818,0.926924,0.936192,0.938746,0.942716,0.946011,0.948477,0.870992,0.948166,0.939753,0.941510,0.939523,0.946166,0.950896,0.950561,0.950498,0.954517,0.954732,0.932072,0.963787,0.963966,0.963752,0.963906,0.963599,0.963764,0.963682,0.963238,0.963428,0.940640,0.945280,0.952408,0.955485,0.955610,0.958184,0.962521,0.890609,0.965566,0.966524,0.966451,0.965567,0.964903,0.965332,0.965765,0.965199,0.964461,0.964878,0.942097,0.963360,0.963315,0.962847,0.963453,0.963823,0.964166,0.963180,0.963588,0.963629,0.947864,0.952002,0.958067,0.959656,0.959944,0.962282,0.962827,0.901021,0.965010,0.968281,0.968453,0.965552,0.965400,0.965051,0.963326,0.963942,0.963508,0.963479,0.948693,0.956517,0.957326,0.958663,0.959015,0.957781,0.958893,0.957922,0.956585,0.955529,0.954198,0.958221,0.957944,0.962027,0.963753,0.961935,0.962658,0.907801,0.967135,0.968052,1.000000,0.965480,0.965402,0.964959,0.960677,0.962384,0.959879,0.959290,0.950803,0.954853,0.958314,0.955453,0.958085,0.952884,0.961263,0.956879,0.956641,0.955520,0.955022,0.959962,0.961478,0.959253,0.963358,0.962734,0.965298,0.912998,0.967187,0.968404,0.969489,0.965184,0.965819,0.963156,0.961364,0.962932,0.961352,0.959739
allando_v_sin_a8_f5_v65,0.885490,0.950272,0.949819,0.949926,0.950324,0.950312,0.950170,0.950191,0.950164,0.950282,0.898044,0.908065,0.914156,0.920227,0.925877,0.933079,0.939574,0.851678,0.940154,0.939415,0.938033,0.940284,0.944922,0.950660,0.950973,0.949413,0.950887,0.950487,0.885770,0.949702,0.947469,0.944340,0.944251,0.943984,0.943240,0.943683,0.943832,0.944442,0.904590,0.915089,0.921937,0.927136,0.932401,0.937998,0.943046,0.851923,0.943369,0.942967,0.942190,0.944447,0.947819,0.949788,0.945585,0.956342,0.951184,0.950639,0.895942,0.956673,0.958704,0.954247,0.957096,0.953214,0.951340,0.951199,0.951555,0.951650,0.916059,0.920688,0.925793,0.930473,0.936527,0.939205,0.945320,0.862665,0.943101,0.943775,0.942680,0.936413,0.947622,0.949808,0.952334,0.949095,0.952458,0.954718,0.908553,0.952696,0.953638,0.954276,0.955874,0.952956,0.954686,0.953312,0.953273,0.952639,0.918536,0.923075,0.932590,0.935074,0.937893,0.940746,0.943859,0.868536,0.945350,0.939773,0.940534,0.936811,0.945925,0.948511,0.947478,0.948642,0.950862,0.952867,0.929337,0.961780,0.961945,0.961862,0.962039,0.961787,0.961997,0.961828,0.961449,0.961678,0.937618,0.942082,0.949860,0.953282,0.953960,0.955332,0.959200,0.888511,0.962682,0.963730,0.964049,0.964597,0.964177,0.963863,0.964020,0.963301,0.962515,0.962821,0.939399,0.961974,0.961847,0.961531,0.962154,0.962676,0.962849,0.961902,0.962342,0.962626,0.945031,0.949379,0.955621,0.957439,0.958103,0.960334,0.959446,0.899085,0.961976,0.965462,0.965252,0.966194,0.964684,0.963987,0.962273,0.962805,0.962101,0.962286,0.946351,0.955133,0.955764,0.956974,0.956738,0.956125,0.957100,0.956499,0.955187,0.954377,0.951536,0.955374,0.955567,0.959616,0.961443,0.960033,0.959035,0.905740,0.963728,0.964908,0.965480,1.000000,0.965188,0.965113,0.959049,0.960876,0.958259,0.957930,0.949772,0.953372,0.956924,0.952391,0.956565,0.951661,0.959381,0.955063,0.954246,0.953782,0.952893,0.957539,0.958737,0.956664,0.961312,0.961380,0.962767,0.910937,0.963745,0.965225,0.965028,0.967662,0.965395,0.963773,0.959768,0.961224,0.959617,0.958319
allando_v_sin_a8_f5_v70,0.885856,0.953552,0.953069,0.953243,0.953628,0.953663,0.953589,0.953593,0.953563,0.953697,0.900995,0.910381,0.915239,0.920807,0.926702,0.931723,0.938073,0.849070,0.938469,0.943848,0.944193,0.944769,0.947032,0.953693,0.954101,0.952682,0.954190,0.953823,0.886116,0.952941,0.950652,0.947397,0.947281,0.946971,0.946195,0.946747,0.946946,0.947675,0.908052,0.916408,0.923252,0.928136,0.933443,0.937206,0.941777,0.849446,0.942147,0.946803,0.948089,0.949475,0.949495,0.952297,0.947850,0.958774,0.954016,0.953851,0.897047,0.960650,0.962257,0.958296,0.960411,0.956633,0.954677,0.954416,0.954994,0.955020,0.918309,0.921438,0.927663,0.931174,0.937101,0.939104,0.944255,0.860551,0.941113,0.947843,0.948378,0.940864,0.949343,0.952720,0.954111,0.949904,0.955168,0.956932,0.908543,0.956373,0.956398,0.958056,0.958055,0.957189,0.957973,0.957548,0.957927,0.956750,0.921106,0.924807,0.934215,0.936263,0.938865,0.941221,0.942640,0.867067,0.943623,0.944860,0.946444,0.940320,0.945285,0.951504,0.945263,0.949536,0.952526,0.954330,0.930771,0.964586,0.964846,0.964886,0.965066,0.964871,0.965110,0.964880,0.964433,0.964629,0.940410,0.944164,0.952559,0.955293,0.957020,0.958306,0.962200,0.889695,0.964777,0.965171,0.965193,0.965785,0.964931,0.965331,0.965637,0.965264,0.964893,0.965573,0.940994,0.964830,0.964699,0.964321,0.964887,0.965554,0.965727,0.964760,0.965128,0.965396,0.947071,0.951101,0.958180,0.960632,0.960928,0.962935,0.962484,0.900670,0.964005,0.967056,0.966071,0.965804,0.966428,0.966129,0.964909,0.965123,0.964749,0.965160,0.948746,0.957435,0.958838,0.960310,0.959682,0.959984,0.961287,0.960303,0.959124,0.958274,0.953652,0.958405,0.958439,0.962200,0.964390,0.963368,0.961812,0.906856,0.964425,0.965848,0.965402,0.965188,1.000000,0.969664,0.963297,0.964431,0.960833,0.959735,0.952691,0.955468,0.960518,0.956815,0.960113,0.956175,0.959394,0.959136,0.956670,0.957509,0.954831,0.960300,0.961981,0.959753,0.964322,0.963512,0.965805,0.911776,0.965313,0.966147,0.965157,0.964674,0.970451,0.967443,0.963744,0.964358,0.962362,0.961105
allando_v_sin_a8_f5_v75,0.886611,0.955626,0.955130,0.955503,0.955832,0.955884,0.955813,0.955808,0.955779,0.955893,0.898536,0.908154,0.909735,0.916425,0.921170,0.929008,0.934588,0.846497,0.935902,0.941060,0.944151,0.945710,0.949005,0.956442,0.956026,0.954648,0.956308,0.955841,0.886080,0.955174,0.952471,0.949087,0.949004,0.948738,0.947915,0.948452,0.948713,0.949453,0.904694,0.914212,0.917814,0.924003,0.928402,0.934635,0.937952,0.847003,0.939594,0.944718,0.947793,0.950637,0.951288,0.954639,0.950060,0.962501,0.956439,0.956019,0.896701,0.961411,0.964206,0.959644,0.962273,0.958802,0.956728,0.956595,0.957194,0.957295,0.914567,0.918731,0.922072,0.927636,0.933001,0.936652,0.940613,0.856817,0.938540,0.946406,0.948186,0.942434,0.951525,0.954854,0.957221,0.953063,0.956383,0.959869,0.907497,0.956988,0.957599,0.958717,0.961105,0.957569,0.960250,0.957771,0.959287,0.958128,0.917415,0.922256,0.929224,0.932268,0.934422,0.938641,0.938923,0.863446,0.940904,0.942363,0.945804,0.941900,0.947108,0.953335,0.947338,0.951884,0.954519,0.955218,0.932305,0.964688,0.965055,0.964942,0.965024,0.964760,0.965083,0.964821,0.964460,0.964648,0.939225,0.943600,0.950101,0.953056,0.955490,0.956617,0.960577,0.886913,0.963863,0.964085,0.964064,0.964825,0.963997,0.964832,0.965547,0.965408,0.965012,0.965788,0.943198,0.965538,0.965404,0.965282,0.965755,0.966311,0.966466,0.965542,0.965931,0.966408,0.947376,0.950971,0.956319,0.958954,0.958924,0.961674,0.960988,0.898308,0.963495,0.966029,0.965454,0.965483,0.966433,0.966283,0.965497,0.965804,0.965310,0.966474,0.950114,0.960830,0.961908,0.963083,0.961815,0.962158,0.963338,0.963205,0.961402,0.960777,0.953646,0.958346,0.958688,0.961441,0.963058,0.961810,0.960237,0.904321,0.963291,0.964715,0.964959,0.965113,0.969664,1.000000,0.967169,0.968606,0.965633,0.964213,0.952598,0.958367,0.963488,0.958302,0.961622,0.957730,0.960659,0.960476,0.958260,0.959144,0.955860,0.960803,0.962214,0.960200,0.962745,0.961494,0.963819,0.909163,0.963933,0.965015,0.964229,0.964353,0.969074,0.972022,0.967107,0.967760,0.965600,0.965505
allando_v_sin_a8_f5_v80,0.880482,0.952358,0.951777,0.951817,0.952335,0.952365,0.952270,0.952218,0.952206,0.952223,0.893824,0.898136,0.904601,0.910207,0.916710,0.924309,0.929552,0.838588,0.935267,0.931951,0.934142,0.946076,0.952127,0.957024,0.953879,0.952005,0.953544,0.952767,0.879250,0.951863,0.948975,0.945499,0.945344,0.944978,0.944084,0.944529,0.944949,0.945597,0.897963,0.905422,0.913554,0.917891,0.923460,0.930822,0.932289,0.839226,0.939314,0.935227,0.937514,0.947759,0.954102,0.955543,0.946091,0.958793,0.952859,0.952759,0.888205,0.958932,0.962717,0.957245,0.958661,0.955234,0.953041,0.952878,0.953540,0.953595,0.908500,0.911577,0.918071,0.921902,0.927515,0.933016,0.935541,0.849587,0.936187,0.937648,0.937788,0.946167,0.954813,0.957112,0.951964,0.947650,0.953343,0.956288,0.899638,0.954342,0.954301,0.957950,0.955782,0.954357,0.956400,0.955967,0.958244,0.955121,0.912791,0.915851,0.925124,0.931281,0.928408,0.935475,0.934561,0.855490,0.933351,0.934075,0.935830,0.949202,0.949912,0.954366,0.942826,0.946799,0.950751,0.950781,0.929893,0.960934,0.961347,0.961195,0.961297,0.961010,0.961415,0.960913,0.960727,0.960755,0.935075,0.939726,0.947113,0.949868,0.952004,0.952398,0.956713,0.880460,0.959240,0.960474,0.960770,0.960510,0.960194,0.961069,0.961894,0.961604,0.961007,0.961881,0.942416,0.962039,0.961916,0.961574,0.962252,0.962528,0.962736,0.961854,0.962250,0.962725,0.942472,0.946334,0.952691,0.955893,0.955204,0.957677,0.957218,0.892800,0.958239,0.962002,0.961757,0.961686,0.962343,0.962636,0.961795,0.962107,0.961725,0.962792,0.948509,0.957848,0.958771,0.960234,0.959596,0.960056,0.961821,0.961732,0.959221,0.958226,0.948606,0.954514,0.953833,0.957289,0.960341,0.959547,0.956640,0.898008,0.958855,0.960338,0.960677,0.959049,0.963297,0.967169,1.000000,0.971678,0.963273,0.961270,0.943769,0.955125,0.958183,0.956557,0.957784,0.955302,0.958005,0.957489,0.955496,0.956427,0.950450,0.956609,0.957764,0.955551,0.959650,0.957656,0.959615,0.903258,0.959634,0.960308,0.959730,0.958141,0.962415,0.963054,0.972213,0.969713,0.962330,0.963655
allando_v_sin_a8_f5_v85,0.881190,0.954030,0.953509,0.953670,0.954158,0.954188,0.954107,0.954073,0.954081,0.954132,0.892432,0.898444,0.904747,0.910803,0.916838,0.924894,0.929151,0.839565,0.934528,0.931758,0.936141,0.944651,0.951171,0.958076,0.955203,0.953373,0.955106,0.954332,0.879783,0.953794,0.950792,0.947333,0.947226,0.946902,0.945985,0.946454,0.946856,0.947495,0.896831,0.905658,0.913765,0.918540,0.923699,0.931251,0.932027,0.840192,0.938343,0.935554,0.939640,0.947119,0.953588,0.956127,0.947540,0.961032,0.954861,0.954501,0.888894,0.960373,0.964039,0.958370,0.960561,0.957202,0.955041,0.954877,0.955552,0.955590,0.907611,0.911661,0.918299,0.922563,0.927906,0.933217,0.935110,0.850320,0.935934,0.937724,0.939959,0.943724,0.954106,0.956944,0.953907,0.951759,0.954597,0.958634,0.900489,0.955458,0.956139,0.957854,0.957665,0.955107,0.957772,0.956026,0.958327,0.956071,0.911895,0.915542,0.925112,0.930929,0.928913,0.935718,0.933981,0.856136,0.934606,0.933580,0.937694,0.945570,0.949121,0.954333,0.944640,0.949391,0.952631,0.953940,0.930395,0.963094,0.963580,0.963432,0.963488,0.963183,0.963647,0.963179,0.962903,0.962948,0.935740,0.940654,0.948238,0.951459,0.953704,0.954638,0.958985,0.881763,0.961762,0.962273,0.962410,0.962624,0.961881,0.962947,0.963822,0.963624,0.963136,0.964051,0.942889,0.964258,0.964053,0.963855,0.964519,0.964781,0.965132,0.964197,0.964606,0.964966,0.944068,0.947787,0.954091,0.957424,0.956998,0.959807,0.959094,0.893833,0.960490,0.964243,0.963772,0.963155,0.964441,0.964687,0.963800,0.964264,0.963916,0.964963,0.948814,0.960668,0.961446,0.962969,0.961907,0.962247,0.963258,0.963361,0.961166,0.960091,0.950488,0.955586,0.955530,0.958854,0.961537,0.960564,0.958345,0.899610,0.960893,0.962325,0.962384,0.960876,0.964431,0.968606,0.971678,1.000000,0.965109,0.963696,0.945451,0.958297,0.961582,0.958235,0.959892,0.957365,0.959951,0.959502,0.957365,0.958434,0.953028,0.958578,0.959480,0.957236,0.961344,0.959352,0.961791,0.904868,0.962083,0.962677,0.961512,0.960175,0.963698,0.964679,0.970542,0.972852,0.963325,0.965618
allando_v_sin_a8_f5_v90,0.885395,0.950430,0.949871,0.950060,0.950709,0.950734,0.950602,0.950665,0.950656,0.950705,0.887401,0.898068,0.901396,0.911741,0.913358,0.922150,0.928821,0.837707,0.926638,0.928983,0.930574,0.936837,0.943234,0.952136,0.950044,0.948515,0.950975,0.950510,0.883627,0.949983,0.946701,0.943225,0.943134,0.942870,0.942136,0.942417,0.942568,0.943216,0.892765,0.905420,0.910181,0.919710,0.920655,0.926461,0.931608,0.838290,0.930376,0.932787,0.934430,0.941631,0.945772,0.950484,0.951798,0.962581,0.952486,0.950780,0.894100,0.958583,0.959221,0.956017,0.957691,0.953886,0.951415,0.951355,0.952003,0.951912,0.903668,0.911251,0.914597,0.923863,0.926000,0.926969,0.934664,0.847745,0.928720,0.935048,0.934544,0.934468,0.945527,0.951980,0.958571,0.955382,0.953023,0.956773,0.906057,0.952681,0.954863,0.954382,0.959968,0.951836,0.957069,0.952508,0.952998,0.953842,0.907846,0.916153,0.923325,0.923915,0.926696,0.929896,0.933967,0.853778,0.931157,0.926924,0.930984,0.935510,0.941330,0.949774,0.950973,0.954276,0.951049,0.950789,0.929809,0.959408,0.959816,0.959575,0.959754,0.959434,0.959721,0.959365,0.958855,0.959074,0.932790,0.937343,0.945096,0.947834,0.950196,0.951798,0.955084,0.878378,0.958625,0.959694,0.958575,0.958549,0.958236,0.959193,0.960234,0.960191,0.959944,0.960659,0.940357,0.960135,0.959955,0.960031,0.960639,0.960663,0.961000,0.960231,0.960437,0.960968,0.942519,0.945700,0.950448,0.954579,0.953583,0.957894,0.956744,0.889302,0.957293,0.960907,0.960385,0.958641,0.960507,0.960471,0.959744,0.960259,0.959854,0.961022,0.943468,0.960500,0.958811,0.959982,0.959104,0.959340,0.960485,0.960658,0.958320,0.957317,0.947900,0.951999,0.953269,0.955321,0.957944,0.954880,0.954079,0.895979,0.957556,0.959290,0.959879,0.958259,0.960833,0.965633,0.963273,0.965109,1.000000,0.967220,0.942994,0.955980,0.958011,0.955400,0.956996,0.953112,0.957099,0.956152,0.955235,0.955400,0.953590,0.956036,0.956296,0.953335,0.957868,0.955270,0.957922,0.900323,0.958373,0.959413,0.958806,0.957625,0.959980,0.963948,0.963044,0.963701,0.970562,0.967021
allando_v_sin_a8_f5_v95,0.884129,0.949225,0.948684,0.948791,0.949461,0.949506,0.949379,0.949450,0.949448,0.949518,0.887023,0.896765,0.901326,0.910416,0.912456,0.921720,0.926720,0.837904,0.926753,0.926848,0.929727,0.935763,0.942745,0.950812,0.948856,0.947292,0.949681,0.949292,0.882362,0.948792,0.945382,0.941913,0.941829,0.941610,0.940837,0.941164,0.941361,0.941950,0.892062,0.903993,0.909492,0.917861,0.919302,0.926152,0.929493,0.838417,0.930026,0.931164,0.933612,0.940062,0.945557,0.949640,0.951312,0.962269,0.951307,0.949473,0.892551,0.957245,0.958594,0.954007,0.956541,0.952602,0.950158,0.950140,0.950678,0.950703,0.903159,0.909530,0.913365,0.921753,0.924312,0.926658,0.932361,0.847464,0.928784,0.932859,0.933581,0.932817,0.945162,0.949993,0.957290,0.954329,0.953407,0.956913,0.904672,0.951888,0.953913,0.952844,0.957846,0.950459,0.954872,0.951185,0.952252,0.952008,0.906746,0.912819,0.921308,0.923139,0.924761,0.929078,0.931030,0.853265,0.931169,0.925371,0.930182,0.933305,0.941245,0.947799,0.951267,0.953467,0.951838,0.951324,0.927724,0.958364,0.958734,0.958501,0.958698,0.958378,0.958648,0.958294,0.957872,0.958073,0.930929,0.935734,0.943258,0.946954,0.948866,0.950095,0.953485,0.877664,0.957602,0.958621,0.958028,0.958148,0.957594,0.958493,0.959406,0.959265,0.958920,0.959531,0.937842,0.959030,0.958892,0.958914,0.959530,0.959644,0.959954,0.959145,0.959443,0.959970,0.940073,0.943801,0.948649,0.952572,0.952191,0.956084,0.954509,0.887951,0.956022,0.959902,0.959538,0.958192,0.959595,0.959544,0.958734,0.959334,0.958837,0.959989,0.941203,0.960517,0.959707,0.960135,0.959004,0.958807,0.959294,0.959222,0.956684,0.956139,0.945915,0.950183,0.951170,0.953496,0.956159,0.953707,0.952142,0.894292,0.956620,0.958414,0.959290,0.957930,0.959735,0.964213,0.961270,0.963696,0.967220,1.000000,0.940994,0.957331,0.959645,0.954270,0.956891,0.952291,0.957634,0.955072,0.954330,0.954355,0.952131,0.953656,0.954236,0.951543,0.955800,0.954124,0.956226,0.898739,0.956948,0.958648,0.958221,0.957111,0.959171,0.962458,0.961320,0.962757,0.965965,0.967190
allando_v_sin_a8_f7_v10,0.921407,0.939749,0.939348,0.938948,0.938798,0.938628,0.938336,0.938173,0.937999,0.938087,0.927524,0.934376,0.935810,0.938300,0.941458,0.945594,0.949278,0.887236,0.945952,0.949643,0.946985,0.944176,0.945588,0.946769,0.942258,0.940065,0.940763,0.940154,0.923838,0.939902,0.938857,0.936747,0.936638,0.936256,0.935603,0.935893,0.935799,0.936098,0.935275,0.939730,0.943129,0.944282,0.947641,0.950519,0.952086,0.887479,0.948843,0.951589,0.950997,0.947897,0.947478,0.948808,0.940759,0.948413,0.942347,0.941065,0.933149,0.948248,0.949706,0.945433,0.945931,0.942245,0.940520,0.940199,0.940111,0.940293,0.942752,0.943813,0.946268,0.946583,0.951459,0.952096,0.954529,0.899595,0.948044,0.953287,0.952575,0.941211,0.949430,0.950844,0.951551,0.944429,0.947251,0.948694,0.940797,0.947242,0.946214,0.948950,0.949311,0.945750,0.945447,0.943942,0.945250,0.943736,0.944472,0.944825,0.949678,0.951122,0.952229,0.952026,0.951266,0.906135,0.952068,0.950846,0.952077,0.942532,0.945961,0.952736,0.945867,0.947597,0.948673,0.949847,0.951002,0.945351,0.945394,0.944532,0.944236,0.943747,0.943775,0.943665,0.943143,0.943368,0.951881,0.951071,0.950300,0.948379,0.947562,0.947169,0.948092,0.915082,0.948842,0.947537,0.945487,0.944897,0.943902,0.944995,0.946226,0.946576,0.946328,0.946790,0.958167,0.945760,0.945604,0.945105,0.944983,0.945241,0.944919,0.944576,0.944527,0.944520,0.958137,0.954033,0.954290,0.953616,0.950408,0.951243,0.950080,0.927691,0.950594,0.951529,0.948997,0.947389,0.947133,0.946347,0.945923,0.946089,0.946228,0.945925,0.965714,0.936686,0.937677,0.938656,0.936667,0.936194,0.938065,0.937476,0.935988,0.934449,0.963475,0.959439,0.956571,0.956493,0.956344,0.953232,0.950743,0.932863,0.952636,0.952887,0.950803,0.949772,0.952691,0.952598,0.943769,0.945451,0.942994,0.940994,1.000000,0.936404,0.941705,0.935390,0.938465,0.934193,0.937438,0.937002,0.933656,0.933271,0.961311,0.961376,0.958683,0.953435,0.954298,0.951978,0.953848,0.936383,0.953597,0.953454,0.951144,0.950462,0.954905,0.952527,0.946586,0.948155,0.946201,0.943395
allando_v_sin_a8_f7_v100,0.876406,0.944654,0.943872,0.943980,0.944661,0.944836,0.944934,0.944949,0.944988,0.945078,0.885947,0.893977,0.900204,0.905023,0.913073,0.918530,0.923264,0.836428,0.921490,0.922103,0.925632,0.933296,0.940341,0.947502,0.945320,0.943288,0.945722,0.945177,0.875369,0.945483,0.941100,0.937403,0.937389,0.937100,0.936442,0.936697,0.936876,0.937464,0.891847,0.900679,0.908437,0.912436,0.919855,0.924401,0.926027,0.836871,0.924563,0.927172,0.929029,0.936455,0.944397,0.950828,0.943742,0.955380,0.946550,0.945285,0.886084,0.956608,0.956928,0.951218,0.953514,0.949591,0.947001,0.946833,0.947024,0.947297,0.902717,0.906627,0.912133,0.915197,0.925002,0.924013,0.929494,0.846902,0.923602,0.925141,0.929067,0.928498,0.942723,0.945277,0.948647,0.950617,0.964502,0.965375,0.897559,0.951623,0.953652,0.948532,0.949577,0.947419,0.948953,0.947964,0.948973,0.948196,0.907059,0.909668,0.918806,0.920521,0.923269,0.926430,0.927749,0.851889,0.929742,0.920370,0.926721,0.928897,0.940019,0.940733,0.938804,0.951502,0.962324,0.960859,0.920712,0.955084,0.955124,0.954853,0.955131,0.954859,0.954784,0.954435,0.954383,0.954487,0.928829,0.931980,0.939209,0.944511,0.945268,0.949107,0.952327,0.874115,0.954474,0.955670,0.954528,0.954421,0.954080,0.954786,0.955692,0.955957,0.955473,0.955891,0.931620,0.954567,0.954435,0.954311,0.954991,0.955099,0.955615,0.954578,0.954843,0.955349,0.937148,0.939628,0.944561,0.947513,0.947122,0.952365,0.950768,0.884618,0.951013,0.956546,0.955280,0.953687,0.955120,0.954944,0.954010,0.955027,0.954512,0.955527,0.937054,0.967817,0.969444,0.965505,0.958591,0.958072,0.955679,0.953897,0.953364,0.952293,0.943050,0.946215,0.946423,0.950100,0.951238,0.948948,0.949113,0.891778,0.952498,0.955425,0.954853,0.953372,0.955468,0.958367,0.955125,0.958297,0.955980,0.957331,0.936404,1.000000,0.970724,0.955140,0.955258,0.949607,0.954116,0.953856,0.950759,0.955270,0.951699,0.949462,0.950387,0.949284,0.952157,0.949836,0.954101,0.895942,0.953965,0.957614,0.954506,0.953755,0.955417,0.956335,0.957649,0.960134,0.957366,0.960378
allando_v_sin_a8_f7_v105,0.879423,0.948805,0.948014,0.948249,0.948767,0.948939,0.949027,0.949063,0.949088,0.949224,0.891482,0.900761,0.904659,0.908079,0.915770,0.921796,0.927472,0.838563,0.926351,0.929925,0.934913,0.938081,0.943294,0.950720,0.949142,0.947348,0.949490,0.949115,0.878951,0.949092,0.945029,0.941355,0.941334,0.941081,0.940344,0.940760,0.940941,0.941629,0.897761,0.906538,0.912084,0.915240,0.922563,0.927391,0.930921,0.838952,0.929364,0.934075,0.938259,0.941654,0.946912,0.952360,0.945607,0.958368,0.950015,0.949057,0.890203,0.960745,0.961210,0.955603,0.957799,0.953446,0.950843,0.950688,0.950982,0.951303,0.907759,0.910752,0.915499,0.917965,0.926972,0.928260,0.933024,0.848947,0.929460,0.932648,0.938424,0.932730,0.945677,0.948290,0.951676,0.951637,0.963836,0.965050,0.901116,0.956334,0.957320,0.952779,0.953609,0.951951,0.953323,0.952305,0.953346,0.953373,0.910900,0.913407,0.922058,0.923451,0.927042,0.930231,0.931427,0.854795,0.936314,0.929119,0.936126,0.931912,0.942348,0.945024,0.942184,0.952104,0.961409,0.961239,0.922684,0.958587,0.958754,0.958544,0.958760,0.958510,0.958537,0.958249,0.958048,0.958153,0.931721,0.935221,0.942325,0.947090,0.948197,0.951115,0.954780,0.876193,0.957676,0.958448,0.958188,0.958616,0.957830,0.958519,0.959284,0.959440,0.958963,0.959528,0.933650,0.958061,0.957948,0.957850,0.958469,0.958819,0.959113,0.958130,0.958488,0.959088,0.939769,0.942915,0.947819,0.950594,0.950746,0.954503,0.953278,0.886857,0.955666,0.959659,0.958809,0.957344,0.958875,0.958707,0.957776,0.958696,0.957939,0.959266,0.939936,0.966642,0.970146,0.967422,0.962396,0.962066,0.959843,0.957954,0.957081,0.956692,0.946387,0.949334,0.950409,0.953198,0.954376,0.952738,0.951893,0.893861,0.955867,0.958379,0.958314,0.956924,0.960518,0.963488,0.958183,0.961582,0.958011,0.959645,0.941705,0.970724,1.000000,0.959250,0.961421,0.955095,0.957853,0.957724,0.954889,0.958075,0.952127,0.952516,0.953852,0.952418,0.954639,0.953309,0.956931,0.898480,0.956768,0.960067,0.958132,0.956865,0.960303,0.961227,0.959897,0.962263,0.959311,0.962089
allando_v_sin_a8_f7_v110,0.874841,0.947610,0.946856,0.946616,0.947382,0.947550,0.947511,0.947506,0.947522,0.947651,0.888280,0.896048,0.901915,0.907297,0.913276,0.920424,0.923984,0.835505,0.924094,0.925620,0.926655,0.935928,0.938880,0.947277,0.947031,0.945568,0.947703,0.947376,0.873320,0.947353,0.943942,0.940445,0.940250,0.939905,0.939207,0.939548,0.939794,0.940489,0.893243,0.902274,0.910193,0.914306,0.920518,0.925077,0.926625,0.836163,0.927097,0.927808,0.930227,0.940270,0.940366,0.944956,0.942038,0.952823,0.947352,0.947176,0.883693,0.967947,0.966142,0.958114,0.957805,0.952997,0.950238,0.949717,0.950326,0.950359,0.903914,0.907803,0.913437,0.917563,0.923612,0.926189,0.929638,0.845197,0.928416,0.927997,0.930092,0.932136,0.939229,0.947544,0.945767,0.943826,0.950768,0.954569,0.895108,0.963977,0.963198,0.954995,0.953678,0.951008,0.953790,0.952853,0.953266,0.953106,0.908620,0.910820,0.922571,0.921440,0.923979,0.928863,0.928611,0.849950,0.929759,0.923393,0.927539,0.929558,0.934947,0.943741,0.936941,0.946499,0.948365,0.949608,0.919163,0.956380,0.956710,0.956993,0.957155,0.956974,0.957222,0.956746,0.956341,0.956363,0.929228,0.931292,0.940327,0.944010,0.945589,0.949298,0.952463,0.874795,0.954562,0.955633,0.955057,0.956010,0.954434,0.955539,0.956409,0.956373,0.956010,0.956788,0.929576,0.956657,0.956703,0.956499,0.957138,0.957345,0.957734,0.956731,0.957165,0.957670,0.937085,0.939398,0.946444,0.948715,0.948699,0.951551,0.951342,0.884593,0.952363,0.957681,0.955993,0.953780,0.956647,0.956749,0.955789,0.956621,0.956217,0.957086,0.935785,0.955931,0.958089,0.965288,0.967741,0.968821,0.963870,0.960543,0.957724,0.956704,0.945323,0.946689,0.947324,0.951046,0.952209,0.950252,0.952063,0.891467,0.953341,0.956012,0.955453,0.952391,0.956815,0.958302,0.956557,0.958235,0.955400,0.954270,0.935390,0.955140,0.959250,1.000000,0.969300,0.963015,0.957867,0.964344,0.955394,0.958377,0.943266,0.950700,0.950034,0.947968,0.952682,0.950993,0.956838,0.895427,0.953900,0.955454,0.954791,0.951829,0.955740,0.955637,0.956629,0.957615,0.955227,0.956819
allando_v_sin_a8_f7_v115,0.874607,0.949479,0.948839,0.948757,0.949456,0.949640,0.949606,0.949643,0.949654,0.949810,0.888852,0.897914,0.902648,0.906958,0.912977,0.920441,0.926954,0.836363,0.927176,0.929467,0.930918,0.936723,0.939996,0.948218,0.948700,0.947416,0.949430,0.949202,0.873500,0.949008,0.945743,0.942287,0.942129,0.941861,0.941108,0.941539,0.941800,0.942555,0.894304,0.903970,0.910278,0.913888,0.919961,0.925040,0.930176,0.836854,0.930011,0.931538,0.934467,0.941259,0.942083,0.945390,0.942211,0.954674,0.949176,0.948983,0.884099,0.966748,0.966313,0.959030,0.959605,0.954577,0.951944,0.951559,0.952187,0.952220,0.905160,0.908346,0.913352,0.916996,0.922768,0.926251,0.931876,0.845123,0.930992,0.931534,0.934306,0.932071,0.940963,0.947185,0.947061,0.944675,0.950979,0.954328,0.895900,0.962078,0.962410,0.955412,0.955402,0.953117,0.955667,0.954632,0.954827,0.954955,0.907889,0.910997,0.922293,0.921696,0.924074,0.928458,0.931098,0.850617,0.932849,0.927546,0.931602,0.929168,0.937051,0.944180,0.940602,0.946330,0.948138,0.950175,0.919369,0.958106,0.958419,0.958743,0.958866,0.958735,0.959103,0.958652,0.958180,0.958268,0.929757,0.932612,0.941482,0.945108,0.946619,0.948904,0.952625,0.875278,0.955975,0.957589,0.957826,0.958996,0.957633,0.958282,0.958864,0.958523,0.957919,0.958630,0.929911,0.958820,0.958887,0.958720,0.959428,0.959777,0.959972,0.959027,0.959558,0.960222,0.937555,0.940995,0.947556,0.949949,0.950389,0.952365,0.951443,0.884653,0.954238,0.959478,0.958608,0.957172,0.959423,0.959420,0.958400,0.959288,0.958370,0.959528,0.936434,0.957096,0.959562,0.965171,0.968339,0.969149,0.965131,0.962516,0.959804,0.959619,0.945660,0.947800,0.948943,0.952175,0.953596,0.951894,0.951467,0.891402,0.955321,0.957867,0.958085,0.956565,0.960113,0.961622,0.957784,0.959892,0.956996,0.956891,0.938465,0.955258,0.961421,0.969300,1.000000,0.963545,0.962441,0.964739,0.958901,0.960445,0.944049,0.951490,0.951540,0.949635,0.953891,0.953027,0.957073,0.895931,0.955293,0.957337,0.957413,0.955855,0.959152,0.959048,0.957666,0.958904,0.957245,0.958364
allando_v_sin_a8_f7_v120,0.870550,0.945560,0.945086,0.945153,0.945857,0.946053,0.946021,0.946046,0.946077,0.946246,0.886185,0.895131,0.899730,0.903877,0.909115,0.915560,0.921061,0.832826,0.922045,0.924746,0.926869,0.932552,0.935456,0.944056,0.944753,0.943677,0.945682,0.945385,0.869225,0.945097,0.942105,0.938747,0.938612,0.938315,0.937586,0.938042,0.938379,0.939208,0.891476,0.901291,0.907730,0.910983,0.915886,0.920480,0.923939,0.833395,0.925070,0.926737,0.930355,0.936891,0.937098,0.941386,0.937564,0.949386,0.945069,0.945222,0.879793,0.960212,0.960769,0.957993,0.955946,0.951043,0.948434,0.948000,0.948789,0.948681,0.902263,0.906174,0.911155,0.914137,0.918983,0.921998,0.926386,0.842016,0.924923,0.927260,0.930073,0.928435,0.936331,0.943446,0.941905,0.940256,0.944773,0.948632,0.891265,0.955690,0.956839,0.953509,0.952369,0.950736,0.953579,0.952514,0.953611,0.953362,0.905786,0.909262,0.919570,0.919327,0.919941,0.924064,0.924860,0.847539,0.925451,0.923317,0.927624,0.926289,0.931998,0.940587,0.933296,0.940718,0.942394,0.945006,0.916823,0.954324,0.954756,0.955103,0.955266,0.955173,0.955605,0.955146,0.954756,0.954827,0.928356,0.930823,0.939325,0.942731,0.944211,0.945893,0.949218,0.873846,0.951950,0.953117,0.952990,0.954273,0.952866,0.953715,0.954416,0.954284,0.953969,0.954764,0.926822,0.955496,0.955487,0.955385,0.956059,0.956353,0.956591,0.955761,0.956163,0.956746,0.935194,0.938556,0.945154,0.947834,0.947855,0.949551,0.948239,0.883082,0.949932,0.955108,0.953770,0.952607,0.955444,0.955500,0.954762,0.955479,0.954875,0.955885,0.933039,0.952180,0.954079,0.959858,0.962139,0.964338,0.962592,0.960763,0.957882,0.957327,0.942008,0.945498,0.946535,0.949651,0.951368,0.949646,0.948805,0.889317,0.950838,0.953436,0.952884,0.951661,0.956175,0.957730,0.955302,0.957365,0.953112,0.952291,0.934193,0.949607,0.955095,0.963015,0.963545,1.000000,0.958241,0.962043,0.956110,0.958497,0.939662,0.948193,0.948725,0.946771,0.951290,0.950110,0.953526,0.893743,0.951213,0.952623,0.951811,0.950643,0.954871,0.954554,0.954598,0.956286,0.952921,0.953874
allando_v_sin_a8_f7_v125,0.873706,0.950291,0.950001,0.950186,0.950889,0.950960,0.950928,0.951012,0.951041,0.951173,0.889589,0.898488,0.903293,0.906752,0.914051,0.921461,0.931260,0.841936,0.930881,0.925819,0.926435,0.932243,0.940242,0.946619,0.949358,0.948623,0.950388,0.950166,0.872157,0.949593,0.946951,0.943936,0.943877,0.943638,0.942826,0.943251,0.943521,0.944359,0.894382,0.906291,0.911007,0.913210,0.920100,0.926101,0.934333,0.842172,0.933042,0.927963,0.930691,0.934522,0.943763,0.943673,0.938965,0.953018,0.950028,0.950058,0.881018,0.957747,0.959770,0.960166,0.961091,0.955609,0.953156,0.953143,0.953809,0.953703,0.907321,0.911967,0.913435,0.915838,0.922915,0.926971,0.935985,0.849276,0.931762,0.928115,0.930975,0.926633,0.942272,0.942993,0.946118,0.942220,0.948489,0.950551,0.894941,0.952703,0.953594,0.956478,0.958214,0.957126,0.958995,0.957728,0.957101,0.958952,0.908964,0.913943,0.921388,0.922352,0.924707,0.928781,0.934698,0.854093,0.932108,0.923510,0.927993,0.927371,0.937670,0.940047,0.944947,0.941173,0.946123,0.948336,0.920057,0.959220,0.959462,0.959788,0.959854,0.959742,0.960403,0.960082,0.959764,0.959874,0.933535,0.936524,0.942705,0.946340,0.946429,0.948145,0.953147,0.878730,0.957124,0.959879,0.960451,0.959855,0.959741,0.960274,0.960771,0.960159,0.959215,0.959695,0.930197,0.960924,0.961099,0.960922,0.961749,0.961908,0.962157,0.961365,0.961882,0.962382,0.940327,0.945137,0.949076,0.951273,0.951032,0.952829,0.952030,0.886636,0.955084,0.961000,0.961499,0.959511,0.961379,0.961450,0.960504,0.961664,0.960494,0.961343,0.935707,0.956841,0.958150,0.960859,0.963420,0.963130,0.965524,0.965676,0.963809,0.963968,0.945138,0.950765,0.951651,0.953870,0.955332,0.952517,0.951505,0.893631,0.958352,0.960111,0.961263,0.959381,0.959394,0.960659,0.958005,0.959951,0.957099,0.957634,0.937438,0.954116,0.957853,0.957867,0.962441,0.958241,1.000000,0.964928,0.966838,0.964558,0.943449,0.952048,0.953959,0.953236,0.954813,0.953863,0.955309,0.898902,0.957347,0.959584,0.960142,0.958196,0.958614,0.957544,0.957250,0.959184,0.957612,0.956442
allando_v_sin_a8_f7_v130,0.873356,0.949834,0.949474,0.949564,0.950351,0.950553,0.950464,0.950465,0.950499,0.950651,0.889760,0.898412,0.901958,0.906876,0.913626,0.919506,0.925114,0.837863,0.924779,0.925676,0.927077,0.933898,0.937579,0.946416,0.948949,0.948019,0.950155,0.949749,0.871546,0.949421,0.946589,0.943383,0.943315,0.942998,0.942203,0.942651,0.942970,0.943878,0.894925,0.905178,0.910388,0.914028,0.920433,0.924719,0.927808,0.838352,0.927666,0.927312,0.930970,0.938184,0.939470,0.944013,0.939469,0.951874,0.949239,0.949641,0.881172,0.961993,0.962446,0.961078,0.960241,0.955770,0.953153,0.952776,0.953640,0.953397,0.906306,0.911142,0.914018,0.916902,0.923823,0.925761,0.930833,0.846144,0.927069,0.927491,0.930899,0.928603,0.938568,0.944840,0.944452,0.941815,0.948286,0.951781,0.893141,0.957053,0.957770,0.957034,0.957877,0.956954,0.959350,0.957099,0.957621,0.958883,0.909832,0.914630,0.923062,0.922197,0.924489,0.927933,0.928854,0.850798,0.927611,0.922987,0.928423,0.927131,0.934454,0.941559,0.935624,0.942777,0.946044,0.948305,0.920630,0.958061,0.958352,0.958760,0.958830,0.958739,0.959309,0.958876,0.958542,0.958576,0.934999,0.936626,0.943055,0.945668,0.947046,0.949723,0.953371,0.879587,0.955619,0.957006,0.956092,0.956869,0.955908,0.957062,0.957955,0.957930,0.957554,0.958314,0.929939,0.959710,0.959733,0.959643,0.960271,0.960491,0.960851,0.959981,0.960339,0.960761,0.941805,0.944629,0.950252,0.951462,0.950244,0.953173,0.952646,0.888270,0.953263,0.959088,0.957136,0.955701,0.959250,0.959332,0.958772,0.959689,0.959144,0.959886,0.936310,0.956183,0.958018,0.963298,0.964855,0.966477,0.966579,0.965951,0.964338,0.963992,0.946574,0.950912,0.952266,0.954972,0.955138,0.952367,0.952918,0.894626,0.955224,0.957868,0.956879,0.955063,0.959136,0.960476,0.957489,0.959502,0.956152,0.955072,0.937002,0.953856,0.957724,0.964344,0.964739,0.962043,0.964928,1.000000,0.964313,0.966477,0.943629,0.952983,0.953970,0.952960,0.954488,0.952324,0.957127,0.898733,0.955444,0.956963,0.955433,0.954003,0.957761,0.957026,0.956844,0.958463,0.956127,0.956247
allando_v_sin_a8_f7_v135,0.869662,0.947243,0.947187,0.947167,0.948356,0.948381,0.948144,0.948177,0.948173,0.948301,0.887554,0.896770,0.899105,0.903065,0.911190,0.916878,0.926978,0.835575,0.924605,0.923186,0.926268,0.929264,0.936034,0.943919,0.947497,0.945668,0.947979,0.947213,0.867929,0.946482,0.943751,0.940595,0.940645,0.940383,0.939586,0.940000,0.940232,0.941246,0.893157,0.904713,0.907561,0.910189,0.917839,0.921791,0.930185,0.835923,0.927252,0.923951,0.930327,0.932288,0.939131,0.940426,0.935561,0.949843,0.947342,0.947065,0.877440,0.955304,0.957150,0.958706,0.957675,0.953498,0.951134,0.951010,0.952088,0.951633,0.905781,0.910804,0.911056,0.912801,0.921048,0.922794,0.932356,0.843146,0.925641,0.924193,0.930567,0.923515,0.937561,0.939904,0.942924,0.940100,0.945607,0.947853,0.891020,0.950292,0.950673,0.952905,0.955655,0.962368,0.964512,0.958208,0.956814,0.959387,0.908396,0.914575,0.919817,0.918155,0.922482,0.924811,0.931169,0.847958,0.926467,0.919358,0.927677,0.924356,0.932674,0.936587,0.938659,0.938073,0.943259,0.946260,0.916970,0.955888,0.956133,0.956496,0.956458,0.956415,0.957299,0.956728,0.956252,0.956319,0.936943,0.935342,0.939452,0.942037,0.942452,0.944781,0.950861,0.875528,0.954048,0.956236,0.955826,0.955633,0.955537,0.956113,0.956654,0.956177,0.955455,0.956103,0.926449,0.957351,0.957584,0.957313,0.958178,0.958279,0.958556,0.957847,0.958199,0.958754,0.942364,0.943934,0.947116,0.948684,0.946980,0.949773,0.949970,0.883439,0.951391,0.957207,0.957096,0.954601,0.957871,0.957984,0.957054,0.958078,0.957236,0.957738,0.932043,0.954457,0.955659,0.958613,0.960381,0.961134,0.963186,0.963720,0.965603,0.966804,0.941722,0.949539,0.950902,0.952324,0.952996,0.948918,0.948931,0.889911,0.954322,0.956297,0.956641,0.954246,0.956670,0.958260,0.955496,0.957365,0.955235,0.954330,0.933656,0.950759,0.954889,0.955394,0.958901,0.956110,0.966838,0.964313,1.000000,0.970350,0.940125,0.948831,0.952335,0.951651,0.950963,0.949283,0.952342,0.894826,0.954023,0.955498,0.955373,0.952883,0.955237,0.955006,0.954596,0.956571,0.956639,0.953653
allando_v_sin_a8_f7_v140,0.868192,0.947701,0.947598,0.947612,0.948810,0.948920,0.948699,0.948696,0.948720,0.948881,0.886724,0.895860,0.898473,0.902409,0.910634,0.915386,0.923979,0.833896,0.921850,0.922576,0.925947,0.929943,0.935085,0.944385,0.948012,0.946135,0.948634,0.947814,0.866118,0.947319,0.944319,0.940975,0.941020,0.940726,0.939960,0.940414,0.940713,0.941805,0.892331,0.903031,0.907017,0.909927,0.917470,0.920664,0.926952,0.834356,0.924896,0.923674,0.929715,0.933962,0.937919,0.942083,0.936045,0.950192,0.947744,0.947672,0.875984,0.957468,0.958724,0.959432,0.957998,0.954250,0.951851,0.951615,0.952700,0.952275,0.904309,0.909145,0.911098,0.912601,0.921205,0.921430,0.929808,0.841294,0.923338,0.923244,0.929663,0.924037,0.936366,0.940818,0.941946,0.941326,0.948744,0.951084,0.888488,0.951899,0.953158,0.953301,0.954802,0.961823,0.963871,0.958362,0.957475,0.958974,0.907536,0.913745,0.920261,0.918169,0.921503,0.923670,0.928411,0.845882,0.924717,0.918773,0.926991,0.923817,0.931983,0.936938,0.933826,0.940230,0.945629,0.948721,0.916397,0.956547,0.956778,0.957152,0.957254,0.957245,0.957882,0.957323,0.956961,0.957020,0.936556,0.935297,0.940485,0.943230,0.944059,0.946519,0.951743,0.875034,0.954249,0.956105,0.955142,0.955521,0.955196,0.955984,0.956629,0.956438,0.955946,0.956713,0.925983,0.957967,0.958092,0.957767,0.958609,0.958824,0.959288,0.958395,0.958750,0.959188,0.942153,0.943426,0.948302,0.949544,0.947990,0.951043,0.950623,0.882801,0.950914,0.957332,0.956267,0.954320,0.958088,0.958219,0.957410,0.958354,0.957777,0.958206,0.932133,0.957502,0.959021,0.961751,0.962008,0.963669,0.964464,0.964295,0.966165,0.966899,0.942017,0.949519,0.950910,0.953630,0.953697,0.949960,0.949739,0.889176,0.953264,0.956178,0.955520,0.953782,0.957509,0.959144,0.956427,0.958434,0.955400,0.954355,0.933271,0.955270,0.958075,0.958377,0.960445,0.958497,0.964558,0.966477,0.970350,1.000000,0.941259,0.949210,0.952448,0.952275,0.952326,0.950164,0.953826,0.893642,0.953711,0.955673,0.954049,0.952662,0.955762,0.955415,0.955736,0.957622,0.956574,0.955012
allando_v_sin_a8_f7_v15,0.912256,0.943101,0.942474,0.941930,0.942252,0.942156,0.941893,0.941765,0.941632,0.941656,0.914559,0.921744,0.924948,0.930835,0.933620,0.938786,0.941967,0.871715,0.938869,0.939018,0.939928,0.943200,0.948055,0.951601,0.945152,0.942588,0.944371,0.943644,0.912771,0.943275,0.940782,0.937919,0.937777,0.937314,0.936557,0.936757,0.936725,0.937019,0.921027,0.928237,0.933007,0.937433,0.939817,0.943535,0.944228,0.872201,0.941891,0.942494,0.943738,0.946892,0.950460,0.954148,0.948535,0.956383,0.946213,0.943952,0.922897,0.954578,0.954862,0.949001,0.950216,0.946009,0.943675,0.943307,0.943370,0.943301,0.930173,0.933844,0.936147,0.939625,0.944638,0.943383,0.947199,0.884818,0.940240,0.943883,0.944856,0.939749,0.950941,0.954234,0.957703,0.953592,0.956833,0.958776,0.932467,0.952078,0.952420,0.951597,0.954186,0.948389,0.949966,0.947283,0.948643,0.947106,0.933677,0.935368,0.940925,0.942035,0.944355,0.945874,0.944871,0.890348,0.945303,0.937977,0.942877,0.941279,0.947231,0.953726,0.951038,0.956507,0.957796,0.957242,0.947781,0.952296,0.952269,0.951391,0.951357,0.950871,0.950721,0.950424,0.950020,0.950206,0.948773,0.949558,0.952299,0.952747,0.952480,0.954216,0.955040,0.906783,0.955877,0.954861,0.952408,0.951353,0.950572,0.951647,0.952904,0.953250,0.953134,0.953550,0.956196,0.951635,0.951364,0.951027,0.951042,0.950984,0.951134,0.950562,0.950459,0.950486,0.956788,0.954543,0.956496,0.957888,0.954869,0.958414,0.956523,0.918812,0.954892,0.957531,0.954812,0.952549,0.952664,0.952054,0.951390,0.951699,0.952053,0.951798,0.961204,0.950353,0.950351,0.949760,0.945762,0.945047,0.945239,0.944560,0.943242,0.941438,0.962328,0.960899,0.958644,0.959032,0.959325,0.955222,0.954178,0.924881,0.955805,0.956745,0.955022,0.952893,0.954831,0.955860,0.950450,0.953028,0.953590,0.952131,0.961311,0.951699,0.952127,0.943266,0.944049,0.939662,0.943449,0.943629,0.940125,0.941259,1.000000,0.964951,0.962412,0.957098,0.958156,0.954897,0.958545,0.928663,0.957541,0.958099,0.955001,0.953599,0.956467,0.955698,0.953158,0.955308,0.955071,0.954238
allando_v_sin_a8_f7_v20,0.904157,0.948146,0.947580,0.947085,0.947427,0.947343,0.947072,0.946925,0.946791,0.946826,0.913483,0.920896,0.922744,0.927914,0.932731,0.938242,0.943290,0.868153,0.942017,0.941754,0.941970,0.945772,0.949939,0.954575,0.950003,0.947677,0.949313,0.948581,0.904129,0.947859,0.945674,0.942721,0.942513,0.941993,0.941124,0.941439,0.941489,0.941970,0.919784,0.927696,0.931262,0.934776,0.939316,0.943339,0.945946,0.868752,0.945238,0.944191,0.946009,0.949451,0.951921,0.954423,0.947639,0.957172,0.949959,0.948631,0.914165,0.959765,0.960462,0.956804,0.956766,0.951824,0.949278,0.948808,0.949138,0.948897,0.929505,0.933367,0.934491,0.937298,0.943298,0.944012,0.948504,0.880504,0.943436,0.946058,0.947170,0.942216,0.952532,0.956179,0.956336,0.950883,0.954713,0.957671,0.924536,0.956895,0.956427,0.957982,0.958964,0.955108,0.956494,0.954014,0.955000,0.954323,0.932798,0.935469,0.940653,0.942060,0.944472,0.947166,0.946993,0.886064,0.945786,0.941582,0.945170,0.943626,0.947857,0.955555,0.949659,0.953125,0.954799,0.955849,0.944575,0.957852,0.957883,0.957248,0.957218,0.956802,0.956804,0.956458,0.956060,0.956194,0.950832,0.952489,0.955464,0.955311,0.955560,0.957691,0.959762,0.905279,0.960627,0.960051,0.958306,0.957280,0.956396,0.957506,0.958540,0.958569,0.958349,0.958952,0.954333,0.957835,0.957590,0.957169,0.957268,0.957384,0.957573,0.956786,0.956839,0.956859,0.959061,0.958338,0.960904,0.961733,0.959355,0.961809,0.960975,0.916924,0.959923,0.963016,0.960385,0.958425,0.958904,0.958425,0.957570,0.957954,0.958093,0.957865,0.960827,0.950915,0.951653,0.953987,0.952633,0.952513,0.953942,0.953488,0.951852,0.950091,0.964935,0.965108,0.963728,0.964196,0.963791,0.960084,0.959288,0.923227,0.960721,0.961577,0.959962,0.957539,0.960300,0.960803,0.956609,0.958578,0.956036,0.953656,0.961376,0.949462,0.952516,0.950700,0.951490,0.948193,0.952048,0.952983,0.948831,0.949210,0.964951,1.000000,0.967740,0.963310,0.963202,0.959757,0.963407,0.927611,0.962240,0.962197,0.959795,0.957810,0.961263,0.959364,0.957712,0.959370,0.956933,0.954921
allando_v_sin_a8_f7_v25,0.899472,0.949290,0.948656,0.948237,0.948571,0.948555,0.948389,0.948230,0.948035,0.948009,0.914507,0.921351,0.920655,0.925758,0.931711,0.936653,0.942453,0.866074,0.940803,0.940724,0.941264,0.943895,0.948656,0.953817,0.950417,0.948784,0.949914,0.949783,0.899195,0.948829,0.946607,0.943455,0.943206,0.942622,0.941603,0.941990,0.942041,0.942671,0.921055,0.927921,0.928988,0.932548,0.938152,0.941771,0.945256,0.866622,0.943972,0.942732,0.945284,0.947586,0.950734,0.953300,0.946226,0.956631,0.950631,0.949769,0.909648,0.958138,0.959455,0.957394,0.957099,0.952687,0.950162,0.949844,0.950355,0.950030,0.930862,0.933684,0.932485,0.935123,0.942145,0.942691,0.948122,0.877564,0.941959,0.944220,0.946259,0.939785,0.951024,0.954030,0.954964,0.949493,0.953842,0.956460,0.920103,0.955156,0.954410,0.956841,0.957982,0.957022,0.957643,0.957686,0.958307,0.958660,0.933863,0.936297,0.939134,0.940274,0.943412,0.945602,0.946204,0.883218,0.944327,0.940022,0.944320,0.941710,0.946317,0.953191,0.947503,0.950852,0.953664,0.954885,0.941143,0.958948,0.958976,0.958482,0.958653,0.958311,0.958252,0.957956,0.957626,0.957748,0.951414,0.953907,0.955163,0.954932,0.954996,0.957234,0.960068,0.902803,0.961452,0.961196,0.959561,0.958654,0.957959,0.958991,0.959831,0.959770,0.959521,0.960120,0.950772,0.959431,0.959149,0.958653,0.958675,0.958826,0.959109,0.958264,0.958318,0.958392,0.957649,0.959868,0.961457,0.961459,0.959252,0.962069,0.961600,0.913567,0.960708,0.963903,0.961694,0.959500,0.960148,0.959758,0.959040,0.958988,0.959337,0.959278,0.957656,0.952352,0.953281,0.954794,0.953272,0.953224,0.955347,0.955046,0.954104,0.952644,0.962231,0.967579,0.965495,0.965636,0.964517,0.960649,0.959916,0.919520,0.961808,0.962762,0.961478,0.958737,0.961981,0.962214,0.957764,0.959480,0.956296,0.954236,0.958683,0.950387,0.953852,0.950034,0.951540,0.948725,0.953959,0.953970,0.952335,0.952448,0.962412,0.967740,1.000000,0.965530,0.963390,0.960307,0.963917,0.924043,0.963348,0.963250,0.961308,0.958848,0.962701,0.960474,0.958640,0.960153,0.957754,0.955248
allando_v_sin_a8_f7_v30,0.893072,0.947316,0.946688,0.946840,0.946693,0.946793,0.946750,0.946744,0.946701,0.946891,0.907709,0.920621,0.917373,0.921696,0.928603,0.933380,0.940011,0.860174,0.938390,0.937003,0.938151,0.940654,0.945406,0.950488,0.948260,0.946996,0.948009,0.947724,0.893307,0.946799,0.944481,0.941537,0.941372,0.940940,0.940114,0.940590,0.940766,0.941679,0.914225,0.927662,0.925475,0.928648,0.935404,0.939080,0.942981,0.860804,0.941706,0.938697,0.942000,0.944126,0.947762,0.950088,0.941629,0.954372,0.948129,0.947667,0.903122,0.955767,0.956928,0.955814,0.955268,0.951318,0.948459,0.948819,0.949074,0.949262,0.924501,0.933785,0.929108,0.931335,0.939267,0.940019,0.945414,0.871830,0.939655,0.939973,0.942958,0.936351,0.947873,0.950589,0.950298,0.945656,0.951307,0.954204,0.913721,0.951698,0.951404,0.954128,0.955181,0.954610,0.956095,0.954185,0.954665,0.956335,0.927151,0.936932,0.936435,0.937068,0.940365,0.942813,0.944060,0.876933,0.941363,0.936274,0.941108,0.938519,0.943256,0.949260,0.942727,0.946660,0.950588,0.952296,0.934832,0.956814,0.956847,0.956524,0.957635,0.957344,0.956487,0.956758,0.957635,0.957266,0.945928,0.956147,0.952430,0.951622,0.951760,0.954274,0.957478,0.896600,0.958784,0.958870,0.957335,0.956685,0.956269,0.957373,0.958205,0.958191,0.957952,0.958712,0.944732,0.957368,0.957004,0.956888,0.957100,0.957942,0.958669,0.956920,0.957414,0.957075,0.952800,0.960578,0.959610,0.958175,0.955845,0.958961,0.958725,0.907575,0.958388,0.961947,0.959546,0.957580,0.958035,0.957521,0.956752,0.956935,0.957072,0.957291,0.952097,0.950970,0.952175,0.953542,0.951729,0.951858,0.954173,0.954212,0.953313,0.952068,0.957321,0.961764,0.964230,0.964493,0.961692,0.957814,0.957405,0.914091,0.959854,0.961025,0.959253,0.956664,0.959753,0.960200,0.955551,0.957236,0.953335,0.951543,0.953435,0.949284,0.952418,0.947968,0.949635,0.946771,0.953236,0.952960,0.951651,0.952275,0.957098,0.963310,0.965530,1.000000,0.961037,0.957628,0.961394,0.918750,0.961367,0.961496,0.959030,0.956708,0.960130,0.957827,0.956372,0.957964,0.955050,0.953247
allando_v_sin_a8_f7_v35,0.895301,0.949958,0.949388,0.949306,0.949547,0.949462,0.949286,0.949302,0.949285,0.949398,0.907132,0.916543,0.927718,0.933008,0.933952,0.937440,0.942277,0.860105,0.942306,0.940650,0.939313,0.943273,0.946886,0.952703,0.951438,0.949489,0.950741,0.950284,0.895428,0.949727,0.947775,0.944976,0.944794,0.944403,0.943689,0.944053,0.944171,0.944652,0.913536,0.923816,0.936527,0.940248,0.940131,0.942579,0.945246,0.860476,0.945959,0.943892,0.943802,0.947193,0.949555,0.952865,0.946968,0.956323,0.951247,0.950515,0.905387,0.958671,0.958997,0.955336,0.957127,0.953150,0.951127,0.950817,0.951201,0.951170,0.924543,0.930725,0.940612,0.943609,0.944360,0.943677,0.948554,0.872497,0.944172,0.945388,0.944544,0.940101,0.949802,0.954659,0.954088,0.949909,0.954827,0.956815,0.916847,0.955281,0.955619,0.959167,0.957594,0.954763,0.955591,0.955262,0.954919,0.953454,0.929034,0.933714,0.946641,0.948110,0.945206,0.946508,0.946527,0.877873,0.945311,0.941252,0.942672,0.941411,0.945296,0.953498,0.947895,0.950757,0.952980,0.954452,0.935615,0.961614,0.961904,0.961587,0.962125,0.961807,0.961560,0.961270,0.960891,0.961196,0.944338,0.947957,0.959326,0.962261,0.961945,0.961036,0.962000,0.896482,0.962887,0.962577,0.961587,0.960916,0.960151,0.961173,0.961860,0.961802,0.962026,0.962878,0.946315,0.961474,0.960973,0.960554,0.961162,0.961466,0.962115,0.960983,0.961161,0.960799,0.951204,0.954014,0.961823,0.966408,0.966977,0.966864,0.963051,0.907738,0.961890,0.965301,0.963883,0.962095,0.962592,0.961985,0.960646,0.960880,0.961454,0.960767,0.953005,0.952501,0.953352,0.954889,0.954322,0.954430,0.956750,0.955282,0.953578,0.951903,0.957848,0.960249,0.960228,0.965175,0.969139,0.967909,0.963315,0.914163,0.963657,0.964603,0.963358,0.961312,0.964322,0.962745,0.959650,0.961344,0.957868,0.955800,0.954298,0.952157,0.954639,0.952682,0.953891,0.951290,0.954813,0.954488,0.950963,0.952326,0.958156,0.963202,0.963390,0.961037,1.000000,0.969377,0.968252,0.918967,0.965489,0.965563,0.963375,0.961632,0.964982,0.960832,0.960387,0.961988,0.959003,0.957395
allando_v_sin_a8_f7_v40,0.891974,0.948281,0.947712,0.947634,0.947867,0.947753,0.947583,0.947622,0.947600,0.947715,0.905150,0.913840,0.926777,0.932371,0.933202,0.937312,0.941461,0.857893,0.942387,0.940649,0.938971,0.941593,0.945048,0.950650,0.949755,0.947873,0.948903,0.948592,0.892539,0.947941,0.946173,0.943373,0.943204,0.942823,0.942121,0.942528,0.942626,0.943020,0.911769,0.920926,0.935178,0.939598,0.939511,0.942563,0.944686,0.858236,0.946038,0.944130,0.943443,0.945645,0.947932,0.950609,0.945497,0.954469,0.949515,0.948803,0.902742,0.956637,0.957264,0.952777,0.955151,0.951191,0.949344,0.949038,0.949392,0.949416,0.923143,0.927543,0.939050,0.943139,0.943595,0.943862,0.947760,0.870503,0.944654,0.945456,0.944156,0.938391,0.948040,0.952403,0.952105,0.947709,0.952706,0.954350,0.914571,0.953705,0.953712,0.957177,0.954991,0.952913,0.953191,0.953400,0.953371,0.951118,0.927205,0.930099,0.944502,0.947727,0.944823,0.946498,0.945745,0.876009,0.945802,0.941696,0.942337,0.939182,0.943946,0.951350,0.946787,0.948610,0.950894,0.952538,0.932089,0.960753,0.961056,0.960816,0.961222,0.960919,0.960861,0.960552,0.960052,0.960367,0.940995,0.944060,0.956461,0.961661,0.961449,0.960031,0.961090,0.894358,0.962299,0.961704,0.961129,0.960709,0.959831,0.960583,0.961109,0.960937,0.961101,0.961981,0.942643,0.960226,0.959720,0.959259,0.959952,0.960325,0.960944,0.959857,0.960049,0.959691,0.947287,0.950399,0.958744,0.964031,0.966844,0.965636,0.961804,0.905671,0.961705,0.964082,0.963175,0.961852,0.961805,0.961092,0.959491,0.959648,0.960284,0.959487,0.949722,0.950105,0.951181,0.952645,0.952553,0.952465,0.954508,0.952730,0.951161,0.949751,0.954574,0.957312,0.956683,0.961903,0.967013,0.967564,0.962607,0.912142,0.963248,0.963534,0.962734,0.961380,0.963512,0.961494,0.957656,0.959352,0.955270,0.954124,0.951978,0.949836,0.953309,0.950993,0.953027,0.950110,0.953863,0.952324,0.949283,0.950164,0.954897,0.959757,0.960307,0.957628,0.969377,1.000000,0.967372,0.917213,0.964803,0.964663,0.963060,0.961773,0.964391,0.959796,0.958474,0.960149,0.956873,0.955809
allando_v_sin_a8_f7_v45,0.892726,0.950465,0.949836,0.949631,0.949932,0.949868,0.949706,0.949702,0.949681,0.949806,0.904903,0.914025,0.923059,0.930818,0.935962,0.940274,0.942307,0.857783,0.942329,0.941929,0.940343,0.944477,0.947754,0.953454,0.951932,0.949937,0.951257,0.950796,0.893079,0.950194,0.948102,0.945024,0.944872,0.944445,0.943700,0.944132,0.944238,0.944759,0.911685,0.921143,0.932178,0.938164,0.942891,0.945791,0.945483,0.858205,0.945976,0.945136,0.944629,0.948996,0.950193,0.953534,0.947822,0.956989,0.951656,0.950923,0.903308,0.961349,0.961454,0.955927,0.957705,0.953823,0.951715,0.951364,0.951753,0.951724,0.922865,0.928394,0.936467,0.941393,0.947085,0.946958,0.949019,0.870972,0.945130,0.946429,0.945541,0.940994,0.950169,0.955321,0.954685,0.950270,0.955409,0.957918,0.915231,0.958712,0.957926,0.958260,0.957100,0.954796,0.955966,0.954767,0.955337,0.954293,0.927890,0.931269,0.943166,0.945698,0.948010,0.949772,0.946795,0.876077,0.946744,0.942289,0.943811,0.941262,0.945837,0.953879,0.947282,0.952384,0.954678,0.955952,0.934755,0.963594,0.963837,0.963638,0.963978,0.963687,0.963639,0.963460,0.962914,0.963084,0.943478,0.947499,0.956888,0.959955,0.960956,0.963698,0.965691,0.896467,0.966305,0.965210,0.963576,0.963406,0.962232,0.963215,0.963930,0.963848,0.963886,0.964741,0.944981,0.962807,0.962394,0.962025,0.962516,0.962951,0.963608,0.962505,0.962640,0.962294,0.950592,0.953977,0.961670,0.964082,0.964844,0.967320,0.966535,0.908236,0.965759,0.967974,0.965342,0.963514,0.964254,0.963655,0.962028,0.962211,0.962869,0.962218,0.952608,0.954164,0.955285,0.957767,0.957185,0.957131,0.957439,0.955678,0.954453,0.952792,0.957945,0.960487,0.960577,0.965017,0.967326,0.966689,0.967246,0.914889,0.967042,0.967253,0.965298,0.962767,0.965805,0.963819,0.959615,0.961791,0.957922,0.956226,0.953848,0.954101,0.956931,0.956838,0.957073,0.953526,0.955309,0.957127,0.952342,0.953826,0.958545,0.963407,0.963917,0.961394,0.968252,0.967372,1.000000,0.919464,0.968719,0.968283,0.965549,0.963248,0.966579,0.962054,0.960758,0.962671,0.959534,0.958486
allando_v_sin_a8_f7_v5,0.909568,0.905589,0.905592,0.904458,0.904136,0.903790,0.903392,0.903212,0.903043,0.903090,0.911950,0.916599,0.919836,0.921756,0.920814,0.924256,0.924941,0.910926,0.921804,0.917904,0.916809,0.916810,0.918304,0.915490,0.909256,0.907039,0.907090,0.906215,0.910893,0.906298,0.907692,0.907495,0.907269,0.906700,0.906040,0.906226,0.906065,0.905776,0.918108,0.923544,0.927334,0.925747,0.925822,0.929491,0.926574,0.911226,0.924143,0.919820,0.920129,0.918128,0.919312,0.918726,0.907205,0.911544,0.908746,0.907349,0.918544,0.912406,0.913810,0.909439,0.909448,0.907251,0.906693,0.906284,0.905399,0.905564,0.926765,0.928532,0.928485,0.926194,0.929120,0.930194,0.929078,0.920490,0.922422,0.922192,0.922652,0.914801,0.920722,0.920611,0.918650,0.909714,0.912922,0.913923,0.927002,0.913286,0.911218,0.916029,0.915239,0.911900,0.910571,0.909799,0.912495,0.909971,0.928990,0.926774,0.928652,0.930588,0.929202,0.930127,0.924434,0.926474,0.924749,0.918863,0.922538,0.917649,0.916674,0.922757,0.915856,0.915645,0.916209,0.917006,0.928833,0.907951,0.908037,0.907512,0.907271,0.906778,0.906641,0.906599,0.906342,0.906459,0.926274,0.920434,0.918819,0.916912,0.915519,0.915038,0.913827,0.938455,0.913003,0.911207,0.909363,0.906984,0.905793,0.907097,0.908554,0.909133,0.908763,0.908936,0.931884,0.907827,0.907827,0.907385,0.906711,0.906902,0.906504,0.906819,0.906685,0.905602,0.927728,0.920820,0.920042,0.919774,0.915864,0.917301,0.915117,0.951355,0.914079,0.915000,0.911747,0.910218,0.908123,0.907306,0.907421,0.907154,0.908638,0.906641,0.936093,0.894176,0.894540,0.896579,0.894713,0.894268,0.896838,0.896703,0.895201,0.893073,0.931728,0.926227,0.921405,0.920805,0.921707,0.918779,0.916910,0.953815,0.917000,0.916277,0.912998,0.910937,0.911776,0.909163,0.903258,0.904868,0.900323,0.898739,0.936383,0.895942,0.898480,0.895427,0.895931,0.893743,0.898902,0.898733,0.894826,0.893642,0.928663,0.927611,0.924043,0.918750,0.918967,0.917213,0.919464,1.000000,0.918233,0.916903,0.914113,0.911953,0.915256,0.910468,0.907021,0.909231,0.903915,0.902146
allando_v_sin_a8_f7_v50,0.892362,0.950229,0.949668,0.949495,0.949790,0.949647,0.949482,0.949478,0.949440,0.949555,0.903911,0.913370,0.920766,0.928683,0.936623,0.942186,0.944870,0.857868,0.944566,0.942572,0.940815,0.943838,0.948757,0.953683,0.951846,0.949820,0.951053,0.950574,0.892796,0.949859,0.947778,0.944680,0.944569,0.944163,0.943376,0.943825,0.943904,0.944444,0.910634,0.920911,0.929988,0.935898,0.943609,0.947599,0.948165,0.858220,0.947961,0.945866,0.945027,0.947361,0.951454,0.953550,0.947486,0.957434,0.951739,0.950814,0.902376,0.959112,0.960210,0.955764,0.957693,0.953619,0.951453,0.951283,0.951635,0.951679,0.922230,0.928301,0.934186,0.939222,0.947602,0.948810,0.951387,0.870644,0.946910,0.947079,0.946076,0.940486,0.951299,0.954096,0.955546,0.950774,0.954802,0.957089,0.914877,0.956739,0.955300,0.957165,0.957430,0.955240,0.956624,0.954758,0.954817,0.954979,0.926904,0.931013,0.940356,0.943768,0.948733,0.951163,0.949634,0.875615,0.948558,0.942933,0.944365,0.942042,0.946857,0.952802,0.949230,0.951240,0.954889,0.955673,0.934341,0.963493,0.963751,0.963446,0.963634,0.963292,0.963425,0.963333,0.962801,0.962941,0.942850,0.947636,0.954552,0.957101,0.957962,0.961674,0.965704,0.894970,0.967127,0.966214,0.964705,0.964002,0.963188,0.964009,0.964652,0.964372,0.964027,0.964772,0.944623,0.962563,0.962319,0.961879,0.962406,0.962859,0.963420,0.962355,0.962567,0.962291,0.950184,0.953965,0.960397,0.961640,0.961915,0.965071,0.966361,0.906626,0.966902,0.968586,0.966702,0.964186,0.964484,0.963968,0.962136,0.962501,0.962777,0.962314,0.951945,0.954536,0.955197,0.956689,0.955972,0.955236,0.956751,0.955701,0.954754,0.953215,0.956643,0.959973,0.959934,0.964041,0.965493,0.964271,0.966472,0.913472,0.968739,0.968335,0.967187,0.963745,0.965313,0.963933,0.959634,0.962083,0.958373,0.956948,0.953597,0.953965,0.956768,0.953900,0.955293,0.951213,0.957347,0.955444,0.954023,0.953711,0.957541,0.962240,0.963348,0.961367,0.965489,0.964803,0.968719,0.918233,1.000000,0.969625,0.967657,0.964258,0.966294,0.962559,0.960985,0.963303,0.960275,0.958593
allando_v_sin_a8_f7_v55,0.892197,0.951294,0.950705,0.950574,0.950928,0.950826,0.950672,0.950664,0.950626,0.950732,0.903645,0.913280,0.920476,0.927508,0.935330,0.941592,0.945265,0.857233,0.944906,0.942638,0.941079,0.944478,0.949413,0.954558,0.952775,0.950768,0.952138,0.951632,0.892625,0.950951,0.948589,0.945395,0.945291,0.944919,0.944143,0.944549,0.944621,0.945181,0.910403,0.920776,0.929310,0.934564,0.942183,0.946724,0.948591,0.857533,0.948140,0.946213,0.945181,0.948098,0.952289,0.955112,0.948382,0.958893,0.952781,0.951783,0.902425,0.960545,0.961406,0.956797,0.958970,0.954723,0.952494,0.952339,0.952621,0.952745,0.921883,0.927710,0.933302,0.937886,0.946413,0.947710,0.951503,0.869573,0.947338,0.946877,0.946185,0.940651,0.951972,0.954478,0.956510,0.952807,0.957590,0.959638,0.914762,0.957758,0.957104,0.957872,0.958486,0.955919,0.957218,0.955652,0.955530,0.955719,0.926146,0.930109,0.939646,0.942598,0.947237,0.949939,0.949931,0.874703,0.949774,0.942748,0.944345,0.941766,0.948053,0.953002,0.950463,0.953589,0.957432,0.958270,0.933939,0.964311,0.964450,0.964166,0.964414,0.964098,0.964082,0.963975,0.963571,0.963745,0.942490,0.947168,0.954508,0.957182,0.957737,0.961285,0.965168,0.893396,0.967365,0.967352,0.966001,0.965233,0.964509,0.965232,0.965850,0.965539,0.964992,0.965586,0.944420,0.963252,0.963097,0.962632,0.963185,0.963630,0.964130,0.963015,0.963310,0.963187,0.950109,0.953672,0.960483,0.961393,0.961702,0.964942,0.965613,0.904814,0.966762,0.970001,0.967746,0.965469,0.965353,0.964817,0.962990,0.963520,0.963495,0.963252,0.951552,0.957570,0.958432,0.959334,0.958181,0.957333,0.958271,0.957174,0.956074,0.954735,0.956543,0.959583,0.959640,0.964343,0.965303,0.963878,0.965402,0.912022,0.968555,0.969773,0.968404,0.965225,0.966147,0.965015,0.960308,0.962677,0.959413,0.958648,0.953454,0.957614,0.960067,0.955454,0.957337,0.952623,0.959584,0.956963,0.955498,0.955673,0.958099,0.962197,0.963250,0.961496,0.965563,0.964663,0.968283,0.916903,0.969625,1.000000,0.968729,0.965745,0.967128,0.963751,0.961857,0.963966,0.961136,0.960225
allando_v_sin_a8_f7_v60,0.889228,0.950664,0.950051,0.949871,0.950295,0.950146,0.949978,0.950000,0.949933,0.950024,0.900917,0.910791,0.917866,0.924421,0.931692,0.938975,0.944779,0.855487,0.944811,0.941246,0.939895,0.943264,0.948561,0.952987,0.951878,0.949978,0.951228,0.950930,0.889565,0.950030,0.947774,0.944640,0.944491,0.944121,0.943297,0.943739,0.943772,0.944321,0.907549,0.918466,0.926644,0.931256,0.938627,0.943793,0.948341,0.855732,0.947913,0.944709,0.944231,0.946512,0.951286,0.952048,0.948418,0.957736,0.951868,0.951015,0.899532,0.959119,0.960265,0.955484,0.958229,0.953740,0.951612,0.951503,0.951797,0.951967,0.919661,0.925295,0.930146,0.934686,0.942351,0.945220,0.951017,0.866946,0.947739,0.945658,0.945187,0.939803,0.950668,0.952808,0.956361,0.950112,0.954877,0.956340,0.912534,0.957354,0.955086,0.956303,0.957275,0.954910,0.956078,0.954816,0.954032,0.955134,0.923722,0.927241,0.936492,0.939361,0.943932,0.947388,0.949894,0.872108,0.949736,0.941570,0.943230,0.940884,0.946826,0.951360,0.950944,0.950727,0.955241,0.955099,0.931430,0.963198,0.963373,0.963168,0.963310,0.963007,0.963158,0.963044,0.962540,0.962713,0.939689,0.944211,0.951765,0.954968,0.955099,0.958076,0.962626,0.890589,0.965550,0.966246,0.966403,0.965434,0.964668,0.965010,0.965344,0.964685,0.963908,0.964377,0.941769,0.962267,0.962210,0.961703,0.962333,0.962754,0.963117,0.962072,0.962506,0.962533,0.947120,0.951039,0.957335,0.959044,0.959819,0.962002,0.962884,0.901619,0.965167,0.968008,0.968249,0.965470,0.964709,0.964282,0.962337,0.962908,0.962482,0.962406,0.948744,0.955466,0.956393,0.957547,0.957818,0.956456,0.957661,0.956499,0.955127,0.954031,0.953840,0.957498,0.957094,0.961333,0.963194,0.961669,0.962621,0.908775,0.967065,0.967658,0.969489,0.965028,0.965157,0.964229,0.959730,0.961512,0.958806,0.958221,0.951144,0.954506,0.958132,0.954791,0.957413,0.951811,0.960142,0.955433,0.955373,0.954049,0.955001,0.959795,0.961308,0.959030,0.963375,0.963060,0.965549,0.914113,0.967657,0.968729,1.000000,0.965262,0.966102,0.963032,0.960882,0.962400,0.960593,0.959099
allando_v_sin_a8_f7_v65,0.886699,0.949155,0.948669,0.948673,0.949071,0.949039,0.948882,0.948880,0.948851,0.948960,0.898440,0.908341,0.915189,0.921395,0.927045,0.934077,0.940499,0.852714,0.941034,0.940349,0.938722,0.940830,0.945312,0.950931,0.950283,0.948448,0.949872,0.949450,0.887232,0.948617,0.946342,0.943167,0.943056,0.942779,0.942070,0.942481,0.942586,0.943124,0.905248,0.915441,0.923106,0.928436,0.933640,0.939060,0.943972,0.852946,0.944391,0.944104,0.942839,0.945113,0.948302,0.950466,0.946029,0.956319,0.950425,0.949565,0.897293,0.956530,0.958459,0.953544,0.956331,0.952235,0.950226,0.950029,0.950341,0.950418,0.916764,0.921310,0.927116,0.931816,0.937666,0.940042,0.946196,0.863978,0.944036,0.944784,0.943261,0.937057,0.948072,0.950395,0.952650,0.949872,0.953280,0.955380,0.909822,0.952699,0.953809,0.954166,0.955594,0.952450,0.954120,0.952809,0.952622,0.951707,0.919424,0.923751,0.933647,0.936136,0.939049,0.942015,0.945093,0.869680,0.946680,0.940816,0.941268,0.937621,0.946741,0.949155,0.947785,0.949778,0.951677,0.953583,0.929566,0.960817,0.960950,0.960803,0.960994,0.960723,0.960891,0.960670,0.960256,0.960495,0.937340,0.941714,0.949689,0.953101,0.953728,0.955294,0.959074,0.888770,0.962467,0.963359,0.963526,0.964101,0.963570,0.963177,0.963265,0.962475,0.961651,0.961979,0.939874,0.960720,0.960547,0.960205,0.960842,0.961376,0.961573,0.960566,0.960999,0.961266,0.944915,0.949041,0.955508,0.957262,0.958076,0.960453,0.959493,0.899793,0.961906,0.965241,0.964891,0.965805,0.963848,0.963021,0.961121,0.961648,0.960937,0.961057,0.946975,0.954632,0.955163,0.956231,0.955612,0.955014,0.955873,0.955107,0.953715,0.952781,0.951825,0.955112,0.955261,0.959591,0.961321,0.959899,0.958962,0.906724,0.963667,0.964801,0.965184,0.967662,0.964674,0.964353,0.958141,0.960175,0.957625,0.957111,0.950462,0.953755,0.956865,0.951829,0.955855,0.950643,0.958196,0.954003,0.952883,0.952662,0.953599,0.957810,0.958848,0.956708,0.961632,0.961773,0.963248,0.911953,0.964258,0.965745,0.965262,1.000000,0.965525,0.963713,0.959534,0.960984,0.959264,0.958137
allando_v_sin_a8_f7_v70,0.889255,0.952131,0.951602,0.951570,0.951952,0.951955,0.951835,0.951806,0.951754,0.951875,0.903414,0.912554,0.918371,0.924076,0.929630,0.934852,0.940596,0.852884,0.941488,0.945993,0.946863,0.947167,0.949265,0.954616,0.953239,0.951462,0.952876,0.952482,0.889865,0.951479,0.949242,0.945986,0.945839,0.945508,0.944733,0.945261,0.945400,0.946011,0.910765,0.918806,0.926471,0.931325,0.936390,0.940394,0.944279,0.853199,0.945106,0.949455,0.950801,0.951696,0.951774,0.954091,0.949130,0.959026,0.953031,0.952447,0.900715,0.960353,0.962043,0.957468,0.959449,0.955248,0.953139,0.952818,0.953284,0.953342,0.921109,0.924013,0.930699,0.934445,0.939909,0.942286,0.946822,0.864758,0.944126,0.950544,0.951189,0.943483,0.951772,0.954578,0.955879,0.951043,0.956063,0.957688,0.912294,0.956910,0.956765,0.958645,0.958492,0.957174,0.957582,0.957449,0.957992,0.956354,0.923914,0.926863,0.936820,0.939483,0.941759,0.944383,0.945160,0.871112,0.946888,0.947767,0.949644,0.943263,0.948066,0.953892,0.947968,0.951542,0.954325,0.955946,0.932954,0.963487,0.963684,0.963591,0.963780,0.963544,0.963693,0.963447,0.963015,0.963225,0.941562,0.945261,0.953301,0.955897,0.957339,0.958482,0.962003,0.892767,0.964641,0.964943,0.965079,0.965458,0.964422,0.964725,0.964961,0.964511,0.964060,0.964637,0.943118,0.963476,0.963311,0.962890,0.963399,0.964104,0.964199,0.963220,0.963582,0.963829,0.948087,0.951829,0.958692,0.961084,0.961466,0.963419,0.962718,0.904215,0.964441,0.967139,0.966026,0.965726,0.965541,0.965101,0.963732,0.963930,0.963557,0.963893,0.950890,0.956430,0.957874,0.959217,0.958365,0.958385,0.959741,0.958772,0.957328,0.956469,0.955069,0.959138,0.958928,0.962662,0.964928,0.964003,0.962260,0.910377,0.965064,0.966374,0.965819,0.965395,0.970451,0.969074,0.962415,0.963698,0.959980,0.959171,0.954905,0.955417,0.960303,0.955740,0.959152,0.954871,0.958614,0.957761,0.955237,0.955762,0.956467,0.961263,0.962701,0.960130,0.964982,0.964391,0.966579,0.915256,0.966294,0.967128,0.966102,0.965525,1.000000,0.968002,0.963726,0.964409,0.961817,0.961059
allando_v_sin_a8_f7_v75,0.888395,0.952083,0.951537,0.951737,0.952109,0.952148,0.952027,0.952003,0.951950,0.952068,0.898353,0.909390,0.910574,0.918559,0.921379,0.929751,0.935061,0.847805,0.935067,0.941384,0.945265,0.945804,0.948506,0.955119,0.952646,0.951042,0.952758,0.952319,0.888278,0.951376,0.948659,0.945209,0.945092,0.944821,0.944047,0.944554,0.944713,0.945368,0.904949,0.915585,0.918424,0.926089,0.928749,0.934881,0.938262,0.848286,0.938574,0.945320,0.948711,0.950989,0.950613,0.953959,0.950607,0.961269,0.953358,0.952316,0.899339,0.959252,0.961459,0.956816,0.959060,0.955108,0.952803,0.952610,0.953155,0.953200,0.914736,0.920011,0.922404,0.929847,0.933393,0.936474,0.940817,0.858875,0.937976,0.947043,0.948938,0.942361,0.950631,0.954032,0.957809,0.953915,0.955393,0.958847,0.910339,0.955408,0.956302,0.956838,0.960841,0.954927,0.958674,0.955617,0.956886,0.955814,0.917438,0.923068,0.929349,0.931846,0.934778,0.938468,0.939313,0.865385,0.941816,0.942391,0.946800,0.941920,0.946948,0.953186,0.949508,0.953330,0.954391,0.954558,0.932831,0.961403,0.961650,0.961435,0.961593,0.961306,0.961481,0.961264,0.960853,0.961129,0.938470,0.942668,0.948562,0.951248,0.953727,0.954697,0.958105,0.888579,0.961633,0.961951,0.961923,0.962655,0.961677,0.962237,0.962802,0.962573,0.962154,0.962684,0.942951,0.961861,0.961730,0.961628,0.961977,0.962560,0.962596,0.961740,0.962078,0.962601,0.946370,0.949662,0.954572,0.957122,0.957085,0.960174,0.959035,0.900235,0.961488,0.963832,0.963043,0.963254,0.963293,0.962956,0.962090,0.962313,0.961800,0.962958,0.949222,0.958224,0.958824,0.960011,0.958594,0.958675,0.959832,0.959802,0.957723,0.957145,0.952564,0.956672,0.957180,0.959694,0.960946,0.959377,0.958171,0.906042,0.961525,0.963032,0.963156,0.963773,0.967443,0.972022,0.963054,0.964679,0.963948,0.962458,0.952527,0.956335,0.961227,0.955637,0.959048,0.954554,0.957544,0.957026,0.955006,0.955415,0.955698,0.959364,0.960474,0.957827,0.960832,0.959796,0.962054,0.910468,0.962559,0.963751,0.963032,0.963713,0.968002,1.000000,0.964650,0.965264,0.964872,0.964025
allando_v_sin_a8_f7_v80,0.884530,0.951895,0.951269,0.951144,0.951678,0.951693,0.951562,0.951488,0.951463,0.951484,0.896701,0.901201,0.908271,0.914134,0.920312,0.927933,0.932331,0.842559,0.937276,0.934555,0.937099,0.948321,0.953975,0.958203,0.953810,0.951622,0.953186,0.952387,0.883623,0.951428,0.948464,0.944964,0.944790,0.944418,0.943575,0.943972,0.944310,0.944873,0.901400,0.908663,0.917340,0.921959,0.927401,0.934492,0.935076,0.843203,0.941327,0.938248,0.940437,0.950163,0.956153,0.957770,0.948352,0.959939,0.952886,0.952351,0.892873,0.959314,0.962844,0.957072,0.958420,0.954802,0.952457,0.952238,0.952796,0.952870,0.912115,0.915015,0.921939,0.926102,0.931537,0.936378,0.938504,0.854053,0.938460,0.940265,0.940495,0.948239,0.956522,0.958742,0.954047,0.950182,0.955984,0.958551,0.904598,0.955145,0.955376,0.958362,0.956509,0.954414,0.956342,0.956117,0.958348,0.954876,0.916404,0.919065,0.928693,0.934596,0.931996,0.938563,0.937477,0.859874,0.936721,0.936584,0.938816,0.951348,0.952337,0.956239,0.945408,0.950303,0.953827,0.953532,0.932752,0.960479,0.960800,0.960564,0.960676,0.960366,0.960665,0.960148,0.959947,0.959998,0.937280,0.941453,0.947958,0.950478,0.952496,0.953127,0.957220,0.884204,0.959760,0.960871,0.960982,0.960711,0.960214,0.960957,0.961708,0.961424,0.960791,0.961558,0.944762,0.961012,0.960896,0.960517,0.961112,0.961388,0.961525,0.960674,0.961023,0.961494,0.944371,0.947651,0.953443,0.956373,0.955571,0.958444,0.957769,0.897052,0.958716,0.962417,0.961907,0.961717,0.961719,0.961807,0.960893,0.961164,0.960825,0.961807,0.950706,0.958451,0.959352,0.960275,0.958827,0.959124,0.960628,0.960426,0.957931,0.956792,0.950398,0.955639,0.954717,0.958186,0.960853,0.959928,0.957313,0.902151,0.959773,0.961404,0.961364,0.959768,0.963744,0.967107,0.972213,0.970542,0.963044,0.961320,0.946586,0.957649,0.959897,0.956629,0.957666,0.954598,0.957250,0.956844,0.954596,0.955736,0.953158,0.957712,0.958640,0.956372,0.960387,0.958474,0.960758,0.907021,0.960985,0.961857,0.960882,0.959534,0.963726,0.964650,1.000000,0.970433,0.963326,0.964821
allando_v_sin_a8_f7_v85,0.885953,0.953150,0.952612,0.952587,0.953107,0.953106,0.952978,0.952917,0.952904,0.952957,0.896774,0.902725,0.909993,0.915768,0.921479,0.929295,0.932648,0.845076,0.937104,0.934087,0.938672,0.946388,0.952891,0.958773,0.954702,0.952640,0.954335,0.953544,0.884913,0.952912,0.949924,0.946502,0.946386,0.946037,0.945170,0.945587,0.945919,0.946488,0.901672,0.910100,0.919018,0.923428,0.928452,0.935715,0.935370,0.845706,0.940754,0.938058,0.942215,0.948654,0.955567,0.957959,0.949026,0.961127,0.954393,0.953686,0.894194,0.960075,0.963519,0.957832,0.959751,0.956321,0.954057,0.953885,0.954446,0.954514,0.912543,0.916390,0.923429,0.927355,0.932784,0.937457,0.938857,0.856566,0.938457,0.939827,0.942423,0.945255,0.955801,0.957884,0.955198,0.953610,0.956549,0.960216,0.906053,0.955808,0.956454,0.958018,0.957747,0.955308,0.957553,0.956110,0.958269,0.955581,0.916848,0.919928,0.929657,0.935307,0.933164,0.939391,0.937337,0.862280,0.937698,0.935734,0.940535,0.947488,0.951380,0.955451,0.946770,0.951729,0.955303,0.956602,0.933534,0.962240,0.962639,0.962378,0.962456,0.962120,0.962464,0.962007,0.961764,0.961823,0.938839,0.942794,0.949326,0.952527,0.954263,0.955225,0.959263,0.886375,0.961858,0.962294,0.962216,0.962242,0.961429,0.962347,0.963169,0.963013,0.962512,0.963275,0.945266,0.962969,0.962793,0.962487,0.963081,0.963307,0.963600,0.962714,0.963058,0.963364,0.946519,0.949282,0.954965,0.958067,0.957346,0.960405,0.959402,0.898768,0.960543,0.964286,0.963679,0.962781,0.963423,0.963500,0.962567,0.962989,0.962750,0.963574,0.951053,0.960528,0.961202,0.962203,0.960506,0.960574,0.961489,0.961535,0.959663,0.958393,0.952423,0.956937,0.956332,0.959801,0.962310,0.961097,0.959161,0.904336,0.961799,0.963287,0.962932,0.961224,0.964358,0.967760,0.969713,0.972852,0.963701,0.962757,0.948155,0.960134,0.962263,0.957615,0.958904,0.956286,0.959184,0.958463,0.956571,0.957622,0.955308,0.959370,0.960153,0.957964,0.961988,0.960149,0.962671,0.909231,0.963303,0.963966,0.962400,0.960984,0.964409,0.965264,0.970433,1.000000,0.963618,0.965767
allando_v_sin_a8_f7_v90,0.888744,0.950336,0.949767,0.949849,0.950500,0.950511,0.950366,0.950431,0.950401,0.950469,0.892852,0.903786,0.907177,0.916446,0.918700,0.926490,0.935145,0.843645,0.929817,0.933327,0.933968,0.938515,0.944481,0.952324,0.950150,0.948583,0.950825,0.950495,0.887512,0.949784,0.946675,0.943255,0.943167,0.942869,0.942184,0.942460,0.942547,0.943243,0.898885,0.910864,0.915652,0.924362,0.926185,0.930865,0.938086,0.844190,0.933530,0.936132,0.937771,0.943205,0.947286,0.951315,0.951999,0.962073,0.952414,0.950730,0.898366,0.959171,0.959113,0.956802,0.957742,0.953926,0.951431,0.951417,0.952016,0.951920,0.909684,0.916537,0.919970,0.928139,0.931442,0.931330,0.941153,0.854105,0.931948,0.937730,0.937842,0.935442,0.946614,0.952196,0.958667,0.955419,0.954919,0.957489,0.910479,0.953433,0.955156,0.954683,0.959697,0.953938,0.958344,0.954095,0.953767,0.955098,0.913358,0.922114,0.928635,0.928321,0.932014,0.933546,0.940388,0.860303,0.935177,0.930349,0.934722,0.936945,0.942774,0.950054,0.951790,0.954876,0.952871,0.952812,0.931867,0.959504,0.959813,0.959559,0.959795,0.959504,0.959709,0.959413,0.958879,0.959093,0.936865,0.940299,0.946984,0.949440,0.951313,0.952780,0.956132,0.882607,0.959400,0.961058,0.959735,0.959320,0.959396,0.959895,0.960696,0.960564,0.960237,0.960808,0.941727,0.960066,0.959953,0.959868,0.960476,0.960535,0.960779,0.960095,0.960233,0.960736,0.945534,0.948160,0.952221,0.955965,0.954710,0.958892,0.957797,0.893339,0.958180,0.961779,0.961343,0.959291,0.960810,0.960657,0.959842,0.960278,0.959849,0.960770,0.945348,0.960907,0.959323,0.959605,0.958529,0.958623,0.959769,0.959751,0.958427,0.957463,0.949978,0.954170,0.955150,0.957058,0.959643,0.956351,0.955534,0.899744,0.959354,0.961093,0.961352,0.959617,0.962362,0.965600,0.962330,0.963325,0.970562,0.965965,0.946201,0.957366,0.959311,0.955227,0.957245,0.952921,0.957612,0.956127,0.956639,0.956574,0.955071,0.956933,0.957754,0.955050,0.959003,0.956873,0.959534,0.903915,0.960275,0.961136,0.960593,0.959264,0.961817,0.964872,0.963326,0.963618,1.000000,0.966510
allando_v_sin_a8_f7_v95,0.890392,0.950005,0.949502,0.949419,0.950083,0.950131,0.949972,0.950003,0.949998,0.950062,0.892567,0.900623,0.906130,0.915105,0.917077,0.926456,0.929521,0.842364,0.931098,0.930779,0.933716,0.940654,0.946755,0.953985,0.950631,0.948574,0.950786,0.950202,0.888817,0.949670,0.946197,0.942676,0.942555,0.942328,0.941588,0.941900,0.942135,0.942654,0.897347,0.907513,0.914318,0.922673,0.924131,0.931434,0.931962,0.842952,0.934663,0.935195,0.937097,0.944709,0.949235,0.953526,0.952511,0.964633,0.952381,0.950290,0.898055,0.959455,0.961448,0.955195,0.957339,0.953525,0.950967,0.950832,0.951290,0.951366,0.908098,0.913287,0.918486,0.926682,0.928977,0.932071,0.935244,0.852504,0.933089,0.936865,0.936907,0.938662,0.949135,0.954134,0.958931,0.956475,0.956173,0.960138,0.909374,0.954562,0.956590,0.954981,0.958819,0.951742,0.956041,0.952639,0.954558,0.952831,0.912084,0.916795,0.926032,0.929031,0.928671,0.934094,0.933807,0.858091,0.934316,0.929822,0.933996,0.939505,0.945253,0.951733,0.950137,0.956568,0.955153,0.954112,0.930700,0.958574,0.958989,0.958744,0.958913,0.958590,0.958879,0.958377,0.958034,0.958119,0.933262,0.937718,0.944678,0.948203,0.950490,0.951594,0.954665,0.880638,0.958473,0.959179,0.958318,0.958562,0.957708,0.958630,0.959587,0.959471,0.959043,0.959839,0.941023,0.958551,0.958374,0.958362,0.958930,0.959122,0.959431,0.958601,0.958893,0.959363,0.941891,0.944969,0.950090,0.953656,0.953172,0.957439,0.955717,0.891941,0.957056,0.960613,0.959603,0.958779,0.959405,0.959237,0.958330,0.958782,0.958377,0.959419,0.944705,0.961322,0.960727,0.961189,0.959146,0.959534,0.959428,0.959234,0.956337,0.955511,0.947964,0.951574,0.952143,0.955019,0.957633,0.955940,0.954144,0.897882,0.957554,0.959583,0.959739,0.958319,0.961105,0.965505,0.963655,0.965618,0.967021,0.967190,0.943395,0.960378,0.962089,0.956819,0.958364,0.953874,0.956442,0.956247,0.953653,0.955012,0.954238,0.954921,0.955248,0.953247,0.957395,0.955809,0.958486,0.902146,0.958593,0.960225,0.959099,0.958137,0.961059,0.964025,0.964821,0.965767,0.966510,1.000000
